smiles,y
COc1ccc(NC(=O)c2ccc(-c3ccc(-c4noc(C)n4)cc3C)cc2)cc1N1CCN(C)CC1,7.130768280269024
Nc1cccc(-c2ccc(CCN3CCN(c4cccc5cccnc45)CC3)cc2)n1,8.522878745280337
COc1ccc(NS(=O)(=O)c2sc3ccc(Cl)cc3c2C)cc1N1CCN(C)CC1,6.299997602857746
CN1CCc2cccc3c2[C@H]1Cc1cccc(-c2ccccc2)c1-3,8.744727494896694
CCCN1C[C@H](CSC)C[C@@H]2c3cccc4[nH]cc(c34)C[C@H]21,8.537602002101044
CC(C)C[C@H]1C(=O)N2CCC[C@H]2[C@]2(O)O[C@](NC(=O)[C@@H]3C=C4c5cccc6[nH]c(Br)c(c56)C[C@H]4N(C)C3)(C(C)C)C(=O)N12,7.619788758288394
CN(C)[C@@H]1Cc2cccc3nc(O)n(c23)C1,7.036212172654444
O=C1CC2(CCCC2)CC(=O)N1CCCCN1CCN(c2ncccn2)CC1,7.727378757066745
COc1cccc(OC)c1O[C@@H]1CCC(NCC2COc3ccccc3O2)C1O,7.376750709602099
COc1ccccc1O[C@@H]1CCC(NCC2COc3ccccc3O2)C1O,7.589475827413811
CN(C)CCCN1c2ccccc2Sc2ccc(Cl)cc21,6.171984935776023
COc1ccc2occ3c2c1[C@H](CN)CC3,6.0655015487564325
COc1ccc(NS(=O)(=O)c2sc3ccc(Cl)cc3c2C)cc1N1CCN2CCCCC2C1,6.199998172182031
COc1cc(Br)c2c3c1C[C@H](N)C[C@@H]3CO2,6.017728766960431
COc1cc(Br)c2occ3c2c1[C@H](CN)CC3,6.978810700930062
CCN(CC)C(=O)[C@@H]1C=C2c3cccc4[nH]cc(c34)C[C@H]2N(C)C1,8.958607314841775
CCCCCCCCCOc1ccc2[nH]cc(CCN)c2c1,6.501689446210399
NCCc1c[nH]c2ccc(O)cc12,8.60115099293676
CS(=O)(=O)Oc1ccc2c(c1)CN(CC[C@H]1CC[C@H](NC(=O)/C=C/c3ccc(F)cc3)CC1)C2,5.499999678657065
Oc1nc2cccc3c2n1CC(N(CC1CC1)CC1CC1)C3,7.022276394711152
CCCN(CCC)C1Cc2cccc3c2N(C1)C(=O)CC3,8.619788758288394
CCCN(CCC)C1Cc2cccc3c2N(C1)C(=O)C3=O,6.16304326294045
CCCN(CCC)C1Cc2cccc3c2N(C1)C(=O)CN3,7.309803919971486
CCCN(CCC)C1Cc2cccc3nc(SC)n(c23)C1,6.761953896871205
CCCN(CCC)C1Cc2cccc3ncn(c23)C1,6.082494490447453
CN1CCN(c2nc3ccccc3c(Cl)c2Sc2ccccc2)CC1,5.698970004336019
Cc1nc(Cl)c(Sc2ccc(Cl)cc2)c(NC2CCN(Cc3ccccc3)CC2)n1,6.795880017344075
CNc1nc(Cl)c(Sc2ccccc2)c(N2CCN(C)CC2)n1,6.337242168318426
C=CCN1C[C@H]2c3c(cccc3OC)CC[C@H]21,8.229147988357855
C[C@H]1C[C@H](c2cc3ccccc3s2)CCN1C[C@H](O)COc1cccc2[nH]ccc12,8.510041520575164
Cc1cc(C)c2cc([C@@H]3CCN(C[C@H](O)COc4cccc5[nH]ccc45)[C@@H](C)C3)sc2c1,7.022733787572707
COc1cc2nc(N(C)CCCCCCN(C)C(=O)c3cccc(CN(C)C)c3)nc(N)c2cc1OC,6.130000141365475
C=CCN1C[C@H]2c3c(O)cccc3CC[C@H]21,9.522878745280336
CCCN(CCC)[C@@H]1Cc2cccc3c2N(CC(=O)N3)C1,6.517126416391246
Oc1cccc2c1C[C@H]1CCN(CC3CC3)[C@@H]1C2,7.161150909262744
C[C@H]1C[C@H](c2cc3ccc(Cl)cc3s2)CCN1C[C@H](O)COc1cccc2[nH]ccc12,7.738618162714253
COc1ccc2cc([C@@H]3CCN(C[C@H](O)COc4cccc5[nH]ccc45)[C@@H](C)C3)sc2c1,7.838931614528826
C[C@H]1C[C@H](c2cc3c(C(F)(F)F)cccc3s2)CCN1C[C@H](O)COc1cccc2[nH]ccc12,7.615646585862493
CN(C)CCc1c[nH]c2ccc(CS(=O)(=O)N(C)Cc3ccc(CN(C)S(=O)(=O)Cc4ccc5[nH]cc(CCN(C)C)c5c4)cc3)cc12,7.752026733638194
C[C@H]1C[C@H](c2cc3cc(Cl)ccc3s2)CCN1C[C@H](O)COc1cccc2[nH]ccc12,8.078833949362261
CCCN(CCC)[C@@H]1Cc2cccc3nc(O)n(c23)C1,7.605548319173784
Cc1cccc2sc([C@@H]3CCN(C[C@H](O)COc4cccc5[nH]ccc45)[C@@H](C)C3)cc12,8.164309428507574
CCCN[C@@H]1CCc2c(OC)cccc2[C@@H]1C,6.3872161432802645
CCN(CC)C(=O)N[C@@H]1C[C@@H]2c3cccc4c3C(=CC4)C[C@H]2N(C)C1,8.267606240177031
C[C@H]1C[C@H](c2cc3cccc(F)c3s2)CCN1C[C@H](O)COc1cccc2[nH]ccc12,7.8830603534492445
COc1ccc2sc([C@@H]3CCN(C[C@H](O)COc4cccc5[nH]ccc45)[C@@H](C)C3)cc2c1OC,8.943095148663527
COc1cccc2sc([C@H]3C[C@@H]4CC[C@H](C3)N4C[C@H](O)COc3cccc4[nH]ccc34)cc12,7.804100347590766
CN1C[C@@H](NC(=O)C(C)(C)C)CC2c3cccc4[nH]c(Cl)c(c34)C[C@H]21,8.537602002101044
CCCN1C[C@H]2c3c(cccc3OC)CC[C@H]21,8.318758762624412
COc1cccc(N2CCN(C(=O)COc3ccc4[nH]cc(CCN)c4c3)CC2)c1,8.008773924307505
COc1ccc2[nH]c(-c3ccccc3)c(CCN(C)C)c2c1,5.832682665251824
NCCc1c[nH]c2ccc(OCCCC(=O)N3CCN(c4ccc([N+](=O)[O-])cc4)CC3)cc12,7.82102305270683
CS(=O)(=O)NCc1ccc(N2CCN(C(=O)COc3ccc4[nH]cc(CCN)c4c3)CC2)cc1,7.022276394711152
CCOc1cccc2c1O[C@@H](CN1[C@H]3CC[C@@H]1C[C@@](O)(c1ccc4ccccc4c1)C3)CO2,8.231361898752386
CCOc1cccc2c1O[C@@H](CN1[C@H]3CC[C@@H]1C[C@@](O)(c1ccccc1)C3)CO2,8.515700160653214
COc1cccc2c1O[C@@H](CN1[C@H]3CC[C@@H]1C[C@@](O)(c1cccc(C(F)(F)F)c1)C3)CO2,9.481486060122112
OC(CNCCCCCCN1CC[C@H](c2ccc(F)cc2)[C@@H](COc2ccc3c(c2)OCO3)C1)COc1cccc2[nH]ccc12,8.173925197299173
NCCc1c[nH]c2ccc(OCC(=O)N3CCN(c4ccccc4CN)CC3)cc12,7.866461091629782
NCCc1c[nH]c2ccc(OCCCCCC(=O)N3CCN(c4ccc(N)cc4)CC3)cc12,7.370590400897281
OC(CNCCC(Oc1ccc(C(F)(F)F)cc1)c1ccccc1)COc1ccccc1C1CCCC1,7.438898616350944
CCOc1cccc2c1O[C@@H](CN1[C@H]3CC[C@@H]1C[C@@](O)(c1cccc(C(F)(F)F)c1)C3)CO2,8.534617148551582
NCCc1c[nH]c2ccc(OCC(=O)N3CCN(c4ccc(NC(=O)c5ccccc5)cc4)CC3)cc12,7.214670164989233
CC(C)NC[C@H](O)COc1cccc2[nH]ccc12,6.958607314841775
CCCN(CCC)CCc1c[nH]c2ccc(OS(=O)(=O)C(F)(F)F)cc12,7.638272163982407
NCCc1c[nH]c2ccc(OCC(=O)N3CCN(c4ccc(N)cc4)CC3)cc12,6.216811308924743
CN(C)CCc1c[nH]c2ccc(OS(=O)(=O)C(F)(F)F)cc12,7.397940008672037
CS(=O)(=O)NCc1ccccc1N1CCN(C(=O)COc2ccc3[nH]cc(CCN)c3c2)CC1,8.292429823902063
COc1cccc2c1O[C@@H](CN1C3C=C(c4cccc5ccccc45)CC1CC3)CO2,6.447331783887806
COc1cccc2c1O[C@@H](CN1C3C=C(c4cccc5cccnc45)CC1CC3)CO2,6.512720183556931
CCN(CC)CCc1c[nH]c2ccc(OS(=O)(=O)C(F)(F)F)cc12,7.568636235841013
NCCc1c[nH]c2ccc(OCCCCC(=O)N3CCN(c4ccc([N+](=O)[O-])cc4)CC3)cc12,7.798602875679548
COc1cccc2c1O[C@@H](CN1[C@H]3CC[C@@H]1C[C@@](O)(c1ccccn1)C3)CO2,7.337242168318426
CCOc1cccc2c1O[C@@H](CN1[C@H]3CC[C@@H]1C[C@@](O)(c1ccccn1)C3)CO2,7.210419287835575
OC(CNCCCCCCNCCC(Oc1ccc(C(F)(F)F)cc1)c1ccccc1)COc1cccc2ccccc12,6.407823242604133
CS(=O)(=O)Nc1ccc(N2CCN(C(=O)CCCCCOc3ccc4[nH]cc(CCN)c4c3)CC2)cc1,7.991399828238082
N#Cc1ccccc1N1CCN(C(=O)COc2ccc3[nH]cc(CCN)c3c2)CC1,7.823908740944319
O=C(NCCN1CCN(c2cccc3c2OCC(CO)O3)CC1)c1ccc(F)cc1,8.537602002101044
NCCc1c[nH]c2ccc(OCC(=O)N3CCN(c4ccccc4[N+](=O)[O-])CC3)cc12,8.2839966563652
O=C(N[C@@H](Cc1ccccc1)CN1CCN(c2nsnc2Cl)CC1)C1CCCCC1,9.096910013008056
COc1nsnc1N1CCN(C[C@@H](Cc2ccccc2)N(C)C(=O)c2ccccc2)CC1,8.00436480540245
CCCN1CC[C@H]2c3c(ccc4ccoc34)CC[C@H]21,8.4089353929735
CCCN(CCC)C1CCc2c(ccc3ccoc23)C1,6.6777807052660805
CCCN(CCC)C1CCc2c(O)cccc2C1,6.46344155742847
CCCN(CCC)C1CCc2ccc3occc3c2C1,8.10790539730952
CCCN(CCC)C1CCc2ccc3ccoc3c2C1,8.214670164989233
COc1nsnc1N1CCN(C[C@@H](Cc2ccccc2)N(C)C(=O)C2CCCCC2)CC1,8.823908740944319
CCCN(CCC)C1CCc2ccc(O)cc2C1,7.327902142064283
COc1ccccc1N1CCN(CCCCNC(=O)c2ccc3ccccc3c2)CC1,7.091514981121351
COc1ccccc1N1CCN(CCCCNC(=O)c2cccn3nccc23)CC1,7.958607314841775
COc1ccccc1N1CCN(CCCCNC(=O)c2ccn3nccc3c2)CC1,7.823908740944319
COc1ccccc1N1CCN(CCCCNC(=O)c2cc3ccccc3s2)CC1,7.387216143280264
COc1ccccc1N1CCN(CCCCNC(=O)c2cccc3ccnn23)CC1,7.657577319177793
COc1ccccc1N1CCN(CCCCNC(=O)c2cc3ccccn3n2)CC1,7.619788758288394
NCCc1c[nH]c2ccc(OCCNC(=O)COc3ccc4[nH]cc(CCN)c4c3)cc12,8.657577319177793
CCCN(CCC)[C@H]1CCc2c(F)ccc(O)c2C1,7.060480747381382
O=C1c2ccccc2CCCN1CCN1CCC(n2c(O)nc3cc(F)ccc32)CC1,6.32000008377078
NCCc1c[nH]c2ccc(OCCCCCCOc3ccc4[nH]cc(CCN)c4c3)cc12,8.744727494896694
CN1CCc2ccc3c4c2[C@H]1Cc1cccc(c1-4)C3,7.39040559077478
CN1CCc2cccc3c2[C@H]1Cc1ccccc1-3,7.096910013008056
Cc1cccc2c1-c1cccc3c1[C@@H](C2)N(C)CC3,7.841637507904751
NCCc1c[nH]c2ccc(OCc3ccccc3COc3ccc4[nH]cc(CCN)c4c3)cc12,8.366531544420413
NCCc1c[nH]c2ccc(OCC(=O)N3CCN(C(=O)COc4ccc5[nH]cc(CCN)c5c4)CC3)cc12,7.698970004336019
NCCc1c[nH]c2ccc(OCCNC(=O)NCCOc3ccc4[nH]cc(CCN)c4c3)cc12,8.657577319177793
NCCc1c[nH]c2ccc(OCCN3CCN(CCOc4ccc5[nH]cc(CCN)c5c4)CC3)cc12,8.022276394711152
NCCc1c[nH]c2ccc(OCC(=O)Nc3ccc(N4CCN(C(=O)COc5ccc6[nH]cc(CCN)c6c5)CC4)cc3)cc12,8.008773924307505
CCN(CC)CCc1c[nH]c2ccccc12,7.327902142064283
[N-]=[N+]=Nc1ccc(CCN2CCN(c3cccc(C(F)(F)F)c3)CC2)cc1I,7.723538195826756
CN(C)CCc1c[nH]c2cc(F)cc(O)c12,6.943095148663527
Nc1cccc(CCN2CCN(c3cccc(C(F)(F)F)c3)CC2)c1,8.346787486224656
CCN(CC)CCc1c[nH]c2cccc(O)c12,7.309803919971486
N#Cc1cc(CN2CCN(c3ccccc3)CC2)c[nH]1,6.292429823902063
CCc1ccc2[nH]cc(CCN(C)C)c2c1,7.823908740944319
CCCCCOc1ccc2[nH]cc(CCN)c2c1,7.376750709602099
CCCCCCCCCOc1ccc2[nH]cc(CCN(C)C)c2c1,6.2403321553103694
C#Cc1c[nH]c(CN2CCN(c3ccccc3)CC2)c1,6.568636235841013
CCCOc1ccc2[nH]cc(CCN)c2c1,7.055517327849832
COc1ccc2[nH]cc(CCN)c2c1,8.494850021680094
CC(C)(C)CCCCCCCOc1ccc2[nH]cc(CCN)c2c1,7.200659450546418
CC(C)(C)CCCCCCOc1ccc2[nH]cc(CCN)c2c1,6.036212172654444
O=C1Nc2cccc3c2C1(CCCCN1CCc2sccc2C1)CCC3,6.290001171974812
NCCc1c[nH]c2ccc(OCCCCC3CCCCC3)cc12,6.096910013008056
CCCCCCCCCCc1ccc2[nH]cc(CCN)c2c1,5.638272163982407
CC(=O)c1ccc2[nH]cc(CCN)c2c1,8.886056647693163
CN(CCN1C(=O)CC2(CCCC2)CC1=O)CCN(C)c1cc(Cl)ccc1Cl,6.363813104801276
COc1ccc2[nH]cc(CC(C)N)c2c1,8.337242168318426
O=C1CC2(CCCC2)CC(=O)N1CCN1CCN(c2ccccc2Br)CC1,8.88941028970075
COc1ccccc1N1CCN(CCN2C=CC3(CCCC3)CC2=O)CC1,8.415668775632469
O=C1CC2(CCCC2)CC(=O)N1CCN1CCC(c2ccccc2)CC1,7.586700235918748
O=C1CC2(CCCC2)CCN1CCN1CCN(c2ccccc2Cl)CC1,8.97469413473523
CC(C)C[C@H]1C(=O)N[C@@H](Cc2ccccc2)[C@]2(O)O[C@@](C)(NC(=O)[C@@H]3C=C4c5cccc6[nH]cc(c56)C[C@H]4N(C)C3)C(=O)N12,10.199970640755865
COc1ccccc1N1CCC(CNCC2COc3ccc(Cl)cc3O2)CC1,8.443697499232712
Cc1ccccc1N1CCN(CCN2C(=O)CC3(CCCC3)CC2=O)CC1,7.596022036330645
O=C1CC2(CCCC2)CC(=O)N1CCN1CCN(c2ccccc2C(F)(F)F)CC1,7.5805399272139296
COc1ccccc1OCCNCCN1C(=O)CC2(CCCC2)CC1=O,6.279344643448275
CN(C)CCOC1=Cc2ccccc2Sc2ccc(Cl)cc21,6.481486060122113
O=C1CC2(CCCC2)CC(=O)N1CCN1CCN(c2ccccc2[N+](=O)[O-])CC1,7.948076083953893
O=C1CC2(CCCC2)CCN1CCN1CCN(c2cc(Cl)ccc2Cl)CC1,7.758702612890007
O=C1CC2(CCCC2)CC(=O)N1CCN1CCN(c2ccccc2Cl)CC1,8.372634143407268
O=C1CC2(CCCC2)CC(=O)N1CCN1CCN(c2cc(Br)ccc2Br)CC1,7.206069993227316
O=C1CC2(CCCC2)CC(=O)N1CCCCN1CCN(c2cc(Cl)ccc2Cl)CC1,7.582528306796707
CN(CCCOc1cc(Cl)ccc1Cl)CCN1C(=O)CC2(CCCC2)CC1=O,6.34524606674707
CCOc1ccccc1OCCN[C@H](C)Cc1ccc(OC)c(S(N)(=O)=O)c1,9.102372908709558
O=C1CC2(C=CN1CCN1CCN(c3ccccc3Cl)CC1)CCCC2,8.027797161620935
CC(CN1CCN(c2cc(Cl)ccc2Cl)CC1)N1C(=O)CC2(CCCC2)CC1=O,6.684113584291513
CN(CCOc1ccccc1Cl)CCN1C(=O)CC2(CCCC2)CC1=O,6.90204892900585
Cc1cccc(S(=O)(=O)N2CCC[C@@H]2CCN2CCC(C)CC2)c1,6.0
O=C1CC2(CCCC2)CC(=O)N1CCN1CCN(c2ccc(Cl)cc2)CC1,6.222558677202283
O=C1CC2(CCCC2)CC(=O)N1CCCN1CCN(c2cc(Cl)ccc2Cl)CC1,6.396953110896759
CCC1(C)CC(=O)N(CCN2CCN(c3cc(Cl)ccc3Cl)CC2)C(=O)C1,6.982549270489464
O=C1CC2(C=CN1CCN1CCN(c3cc(Cl)ccc3Cl)CC1)CCCC2,7.036873558918096
COc1ccc(N2CCN(CCN3C(=O)CC4(CCCC4)CC3=O)CC2)cc1,7.262886905694039
Cc1ccc(C)c(N2CCN(CCN3C(=O)CC4(CCCC4)CC3=O)CC2)c1,6.559972990303383
CC1CCN(CC[C@H]2CCCCN2S(=O)(=O)c2cccc3ccccc23)CC1,5.800000874803203
O=C1CC2(CCCC2)CC(=O)N1CCN1CCN(c2cccc(C(F)(F)F)c2)CC1,8.08512818245995
O=C1CC2(CCCC2)CC(=O)N1CCN1CCN(c2ccccc2O)CC1,8.866461091629782
O=C1CC2(CCCC2)CC(=O)N1CCN1CCN(c2cccc(Cl)c2)CC1,8.962573502059376
O=C1CC2(CCCC2)CC(=O)N1CCN1CCN(c2cccc(Cl)c2Cl)CC1,8.47237009912866
O=C1CC2(CCCC2)CC(=O)N1CCN1CCC(c2ccccc2Cl)CC1,8.279840696594043
O=C1CC2(CCCC2)CC(=O)N1CCN1CCN(c2cc(C(F)(F)F)ccc2F)CC1,6.795066477645855
CC(C)Oc1ccccc1N1CCN(C[C@@H](O)CNC(=O)c2ccc3c(c2)C(=O)N(c2ccc(N(C)C)cc2)C3=O)CC1,7.823908740944319
CC(N)Cc1c[nH]c2ccc(O)cc12,7.920818753952375
CC(C)Oc1ccccc1N1CCN(CCN2C(=O)CC3(CCCC3)CC2=O)CC1,9.267606240177033
COc1cccc(N2CCN(CCN3C(=O)CC4(CCCC4)CC3=O)CC2)c1,7.871600731282194
CCOC(=O)c1ccccc1N1CCN(CCN2C(=O)CC3(CCCC3)CC2=O)CC1,8.39040559077478
Cc1ccc(Cl)c(N2CCN(CCN3C(=O)CC4(CCCC4)CC3=O)CC2)c1,7.157702865671935
O=C1CC2(CCCCC2)CC(=O)N1CCN1CCN(c2ccccc2Cl)CC1,7.699621935129297
O=C1CC2(CCCC2)CC(=O)N1CCN1CCN(c2ccccc2)CC1,7.447210149807218
N#Cc1ccc(Cl)cc1N1CCN(CCN2C(=O)CC3(CCCC3)CC2=O)CC1,7.528121800692709
COc1ccccc1OCCN(C)CCN1C(=O)CC2(CCCC2)CC1=O,6.586130493490904
N#Cc1ccccc1N1CCN(CCN2C(=O)CC3(CCCC3)CC2=O)CC1,8.270025714300445
O=C1CC2(CCCC2)CC(=O)N1CCN1CCN(c2cc(I)ccc2Cl)CC1,6.094976285310622
O=C1CC2(CCCCC2)CC(=O)N1CCN1CCN(c2cc(Cl)ccc2Cl)CC1,6.893333238030084
Clc1ccccc1N1CCN(CCN2CCC3(CCCC3)CC2)CC1,7.068542129310995
CN(C)CCSc1nc2ccccc2s1,6.080921907623926
CN(C)CCSc1cccc(C2CCCCC2)n1,8.060480747381382
CN(C)CCSC(C)(C)C,7.769551078621726
COc1cc(OC)c2cc([C@@H]3CCN(C[C@H](O)COc4cccc5[nH]c(C)cc45)[C@@H](C)C3)sc2c1,7.635449004646028
CNCCc1c[nH]c2ccc(C(C)(C)C)cc12,8.214670164989233
CN(C)CCSc1nc(C(C)(C)C)cs1,5.657577319177793
CN(C)CCSc1nc(-c2ccncc2)cs1,7.045757490560675
CN(C)CCSc1cccc(Br)n1,7.431798275933005
COc1ccc2cc([C@@H]3CCN(C[C@H](O)COc4cccc5[nH]c(C)cc45)[C@@H](C)C3)sc2c1,7.870310107800699
Cc1cc2c(OC[C@@H](O)CN3CC[C@@H](c4cc5cc(Cl)ccc5s4)C[C@@H]3C)cccc2[nH]1,7.805485658117533
Cc1cc2c(OC[C@@H](O)CN3CC[C@@H](c4cc5c(C)cccc5s4)C[C@@H]3C)cccc2[nH]1,7.977984260182279
Cc1cc2c(OC[C@@H](O)CN3CC[C@@H](c4cc5c(F)cccc5s4)C[C@@H]3C)cccc2[nH]1,9.1249387366083
CN(C)CCSc1cccc(C2(O)CCCCC2)n1,7.387216143280264
Cc1cc2c(OC[C@@H](O)CN3CC[C@@H](c4cc5ccccc5s4)C[C@@H]3C)cccc2[nH]1,8.148130399270233
COc1ccccc1N1CCN(Cc2c[nH]c3ncccc23)CC1,6.391902053674721
Fc1ccccc1N1CCN(Cc2c[nH]c3ncccc23)CC1,6.0040578370074495
Fc1ccc2[nH]c(CN3CCN(c4ccccn4)CC3)cc2c1,6.698970004336019
C=Cc1ccc(N2CCN(Cc3c[nH]c4ncccc34)CC2)cc1,5.401461172523412
COc1ccc2c(c1)C(CN1CCC3(CC1)C(=O)NCN3c1ccccc1)CCO2,6.607303046740334
COc1cccc2c1C(CN1CCC3(CC1)C(=O)NCN3c1ccccc1)CCO2,7.920818753952375
Cc1cc2c(OC[C@@H](O)CN3CC[C@@H](c4cccc5occc45)C[C@@H]3C)cccc2[nH]1,8.910094888560602
Oc1nc2cccc(N3CCN(Cc4cccc(-c5ccsc5)c4)CC3)c2o1,7.769551078621726
Oc1nc2cccc(N3CCN(Cc4ccc(O)c(-c5ccccc5)c4)CC3)c2o1,8.119186407719209
Oc1nc2cccc(N3CCN(Cc4cncc(-c5ccccc5)c4)CC3)c2o1,8.10790539730952
Oc1cccc2cc(C3CCN(C[C@H](O)COc4cccc5[nH]ccc45)CC3)sc12,8.147520006363143
Cc1cccc(-c2cccc(CN3CCN(c4cccc5nc(O)oc45)CC3)c2)c1,7.455931955649724
COc1ccc2c(c1)OCCC2CN1CCC2(CC1)C(=O)NCN2c1ccccc1,6.213958789757446
Oc1nc2cccc(N3CCN(Cc4cc(-c5ccc(F)cc5)ccn4)CC3)c2o1,7.795880017344075
COc1cccc2ccc([C@@H]3CCN(C[C@H](O)COc4cccc5[nH]c(C)cc45)[C@@H](C)C3)cc12,7.962175249411658
Cc1cc2c(OC[C@H](O)CN3CC[C@@H](c4cccc5sccc45)C[C@@H]3C)cccc2[nH]1,8.739928612014925
Cc1c(C2CCN(C[C@H](O)COc3cccc4[nH]ccc34)CC2)sc2ccccc12,8.202040356262804
COc1cccc2cc(C3CCN(C[C@H](O)COc4cccc5[nH]ccc45)CC3)sc12,8.212539525481585
Oc1ccc2cc(C3CCN(C[C@H](O)COc4cccc5[nH]ccc45)CC3)sc2c1,8.510041520575164
Oc1nc2cccc(N3CCN(Cc4cccc(-c5cccc(Cl)c5)c4)CC3)c2o1,7.376750709602099
Cn1c(=O)oc2c(N3CCN(Cc4cccc(-c5ccccc5)c4)CC3)cccc21,6.886056647693163
N#Cc1cccc(-c2cccc(CN3CCN(c4cccc5nc(O)oc45)CC3)c2)c1,7.638272163982407
COc1ccc2c(c1)OCCC2CNCCCc1ccccc1,7.552841968657781
Cc1c(-c2ccccc2)oc2c(C(=O)NCCCN3CCN(c4ccccc4OCc4no[n+]([O-])c4C(N)=O)CC3)cccc2c1=O,8.920818753952375
Cc1cc2c(OC[C@@H](O)CN3CC[C@@H](c4ccc5c(C)csc5c4)C[C@@H]3C)cccc2[nH]1,8.106793246940152
O[C@H](COc1cccc2[nH]ccc12)CN1CCC(c2cc3c(F)cccc3s2)CC1,8.168130225719498
Cc1cc2c(OC[C@@H](O)CN3CCC(c4cc5c(C)cccc5s4)CC3)cccc2[nH]1,7.982966660701219
COc1ccccc1N1CCN(CCNC(=O)c2ccc(F)cc2)CC1,9.0
Cc1cc2c(OC[C@H](O)CN3CC[C@@H](c4ccc5sccc5c4)C[C@@H]3C)cccc2[nH]1,8.844663962534938
COc1ccc2c(c1)C(CNCCCc1ccccc1)CCO2,7.031517051446065
COc1cccc2sc(C3CCN(C[C@H](O)COc4cccc5[nH]ccc45)CC3)cc12,8.723538195826755
Cc1c(C2CCN(C[C@H](O)COc3cccc4[nH]ccc34)CC2)sc2ccc(F)cc12,8.286509456906057
COc1cccc(-c2cccc(CN3CCN(c4cccc5nc(O)oc45)CC3)c2)c1,7.67778070526608
Cc1cc2c(OC[C@@H](O)CN3CC[C@@H](c4ccc5ccccc5c4)C[C@@H]3C)cccc2[nH]1,8.291579099865288
O=C(NCCN1CCN(c2cccc3nc(O)oc23)CC1)c1ccc(F)cc1,8.102372908709558
O=c1[nH]c2cccc(N3CCN(Cc4cccc(-c5ccccc5)c4)CC3)c2o1,8.031517051446064
COc1ccc2cc(C3CCN(C[C@H](O)COc4cccc5[nH]ccc45)CC3)sc2c1,8.504455662453552
Oc1nc2cccc(N3CCN(Cc4cccc(-c5ccc(F)cc5)n4)CC3)c2o1,6.698970004336019
O[C@H](COc1cccc2[nH]ccc12)CN1CCC(c2cc3cc(F)ccc3s2)CC1,7.531652669587842
Cc1cc2c(OC[C@@H](O)CN3CC[C@@H](c4cccc5ccsc45)C[C@@H]3C)cccc2[nH]1,9.040958607678906
Cc1cc2c(OC[C@H](O)CN3CC[C@@H](c4ccc5occc5c4)C[C@@H]3C)cccc2[nH]1,8.856985199745905
O[C@H](COc1cccc2[nH]ccc12)CN1CCC(c2cc3cc(Cl)ccc3s2)CC1,8.14206473528057
Cc1cc2c(OC[C@@H](O)CN3CCC(c4cc5c(F)cccc5s4)CC3)cccc2[nH]1,7.849243560139691
c1ccc(-c2cccc(CN3CCN(c4cccc5c4CCCN5)CC3)c2)cc1,7.070581074285707
Oc1nc2cccc(N3CCN(Cc4cccc(-c5ccc(F)cc5)c4)CC3)c2o1,7.853871964321762
COc1ccccc1N1CCN(CCCNC(=O)c2cccc3c(=O)c(C)c(-c4ccccc4)oc23)CC1,8.229147988357855
O[C@H](COc1cccc2[nH]ccc12)CN1CCC(c2cc3ccc(F)cc3s2)CC1,8.031050319018657
Cc1cc2c(OC[C@@H](O)CN3CCC(c4cc5ccc(F)cc5s4)CC3)cccc2[nH]1,7.813891620186794
Oc1nc2cccc(N3CCN(Cc4cc(-c5ccccc5)ccc4F)CC3)c2o1,7.387216143280264
Fc1ccc(-c2ccc(CN3CCN(c4cccc5ccoc45)CC3)[nH]2)cc1,8.823908740944319
Cc1cc2c(OC[C@@H](O)CN3CC[C@@H](c4ccc5scc(C)c5c4)C[C@@H]3C)cccc2[nH]1,8.505845405981557
c1ccc(-c2cccc(CN3CCN(c4cccc5c4OCO5)CC3)c2)cc1,7.823908740944319
N#Cc1ccccc1-c1cccc(CN2CCN(c3cccc4nc(O)oc34)CC2)c1,7.494850021680094
Cc1c(-c2ccccc2)oc2c(C(=O)NCCCN3CCN(c4ccccc4OCCCO[N+](=O)[O-])CC3)cccc2c1=O,8.142667503568731
Cc1nn2c(C#N)cccc2c1CN1CCN(c2ccc(Cl)cc2)CC1,5.346787486224656
CCCCC/N=C(/N)N/N=C/c1c[nH]c2ccc(O)nc12,5.380000399499541
Cc1c(S(=O)(=O)Nc2ccc3nccc(N4CCN(C)CC4)c3c2)sc2ccc(Cl)cc12,6.0999990348465305
O=S(=O)(Nc1ccc2nccc(N3CCNCC3)c2c1)c1ccc(-c2ccccc2)cc1,6.199998172182031
COC(=O)c1cc2c3c(ccc2[nH]1)OCC(CN1CCC(n2c(O)nc4ccccc42)CC1)O3,9.221848749616356
Cc1cc(N2CCNCC2)c2cc(NS(=O)(=O)c3sc4ccc(Cl)cc4c3C)ccc2n1,6.0999990348465305
N#Cc1cccc2c(CN3CCN(c4ccc(Cl)cc4)CC3)cnn12,5.657577319177793
N#Cc1cc2c3c(ccc2[nH]1)OCC(CN1CCC2(CC1)C(=O)NCN2c1ccccc1)O3,9.30102999566398
Cc1c(S(=O)(=O)Nc2ccc3nccc(N4CCNCC4)c3c2)sc2ccc(Cl)cc12,6.0
Cc1sc2ccc(Cl)cc2c1S(=O)(=O)Nc1ccc2nccc(N3CCNCC3)c2c1,6.599997654072044
O=C(OCc1ccccc1)c1cc2c3c(ccc2[nH]1)OCC(CN1CCC2(CC1)C(=O)NCN2c1ccccc1)O3,9.0
Cc1c(S(=O)(=O)Nc2ccc3nccc(N4CCN[C@@H](C)C4)c3c2)sc2ccc(Cl)cc12,6.0
O=C(NCCCc1ccccc1)c1cc2c3c(ccc2[nH]1)OCC(CNCCCc1ccccc1)O3,8.795880017344075
COC(=O)c1cc2c3c(ccc2[nH]1)OCC(CN1CCC2(CC1)C(=O)NCN2c1ccccc1)O3,9.045757490560677
CCOC(=O)C1CCN(CC2COc3ccc4[nH]c(C(=O)OC)cc4c3O2)CC1,8.920818753952375
O=C(O)c1cc2c3c(ccc2[nH]1)OCC(CN1CCC2(CC1)C(=O)NCN2c1ccccc1)O3,7.749579997691106
COC(=O)c1cc2c3c(ccc2[nH]1)OCC(CN1CCC(Nc2ccccc2)(C(N)=O)CC1)O3,7.657577319177793
c1ccc(-c2nc(CN3CCN(c4ncccn4)CC3)c[nH]2)cc1,6.743522793758324
COc1ccc(C(=O)Nc2ccc(-c3ccncc3)cc2)cc1/C=C\CN(C)C,6.198596289982645
CN(C)CCCc1cc(C(=O)Nc2ccc(-c3ccncc3)cc2)ccc1O,6.074687908500351
CNC(=O)c1ccc2c(c1)CCO[C@H]2CCN1CCN(c2ccc(OC)cc2)CC1,5.961777361631282
CCCN[C@H]1[C@@H](CCC)c2c(O)cccc2C[C@H]1CCC,7.958607314841775
C=CCN[C@H]1Cc2c(cccc2OC)C[C@@H]1CC=C,6.492144128304169
CCCN[C@H]1[C@@H](CCC)c2c(cccc2OC)C[C@H]1CCC,8.119186407719209
C=CCN[C@@H]1CCc2cccc(OC)c2[C@@H]1CO,8.698970004336019
C=CCN[C@@H]1CCc2cccc(O)c2[C@@H]1CC=C,9.0
C=CC[C@H]1c2c(O)cccc2CC[C@H]1NCCC,9.30102999566398
CCCN[C@@H]1CCc2cccc(O)c2[C@@H]1CCC,8.537602002101044
C=CC[C@H]1c2c(cccc2OC)CC[C@H]1N(CCC)CCC,8.200659450546418
C=CCN[C@@H]1CCc2cccc(OC)c2[C@@H]1C(=O)OC,7.091514981121351
COc1ccc(N2CCN(CCC3OCCc4ccccc43)CC2)cc1,6.046240308266771
CCCN[C@@H]1CCc2cccc(OC)c2[C@@H]1CO,8.267606240177031
CCCN(C)[C@@H]1CCc2cccc(OC)c2[C@@H]1CO,8.301029995663981
CN(C)CCc1cccc2c1ccn2S(=O)(=O)c1ccccc1,6.769551078621726
Fc1ccc2[nH]cc(C3=CCN(CCOc4cccc5c4OCCO5)CC3)c2c1,7.079354998593212
CN1CCN(c2cccc3ccc(OCCOc4ccc5[nH]cc(CCN)c5c4)cc23)CC1,9.017728766960431
C1=C(c2c[nH]c3ncccc23)CCN(CCOc2cccc3[nH]ccc23)C1,7.962573502059376
Fc1ccc2c(C3=CCN(CCOc4cccc5c4OCCO5)CC3)c[nH]c2c1,7.077793722560983
C1=C(c2c[nH]c3ccccc23)CCN(CCOc2cccc3c2OCCO3)C1,7.106238237942057
CN1CCN(c2cccc3ccc(OCC(=O)Nc4ccc(NC(=O)COc5ccc6[nH]cc(CCN)c6c5)cc4)cc23)CC1,8.236572006437063
NCCc1cccc2c1ccn2S(=O)(=O)c1ccccc1,6.853871964321762
CCOC(=O)c1[nH]c2ccccc2c1CCN(C)C,5.7447274948966935
Fc1ccc2c(C3CCN(CCOc4cccc5c4OCCO5)CC3)c[nH]c2c1,7.707743928643524
CNC(=O)C1=C(C)NC(C)=C(C(=O)NCCCN2CCC(C(=O)OC)(c3ccccc3)CC2)C1c1ccc([N+](=O)[O-])cc1,6.369572124974976
CN(C)CCc1cn(S(=O)(=O)c2ccccc2)c2ccccc12,6.2839966563652006
CN1CCN(c2cccc3ccc(OCCOc4ccc5cccc(N6CCN(C)CC6)c5c4)cc23)CC1,7.853871964321762
CCCN(CCC)C1CCc2cccc(OCCCCCCOc3cccc4c3CC(N(CCC)CCC)CC4)c2C1,8.167491087293763
COc1cccc2c(CCCN3CCN(c4ccccn4)CC3)cccc12,8.772113295386326
COc1cccc(C(=O)Nc2ccc3[nH]cc(C4CCN(C)CC4)c3n2)c1,7.008773924307505
CN1CCC(c2c[nH]c3ccc(NC(=O)c4ccsc4)nc23)CC1,6.3979400086720375
CN1CCC(c2c[nH]c3ccc(NC(=O)c4ccc(Cl)cc4Cl)nc23)CC1,8.292429823902063
O[C@@H]1c2cc(F)ccc2C[C@H]1N1CCN(c2cccc3c2OCCO3)CC1,8.880084589742008
CC(=O)Nc1ncc2[nH]cc(C3CCN(C)CC3)c2n1,6.107905397309519
COc1ccccc1C(=O)Nc1ccc2[nH]cc(C3CCN(C)CC3)c2n1,7.698970004336019
Cc1ccc2c(c1)[C@@H](O)[C@H](N1CCC(c3cccc4c3OCCO4)CC1)C2,9.260032303240491
Cc1ccccc1C(=O)Nc1ccc2[nH]cc(C3CCN(C)CC3)c2n1,6.97469413473523
O[C@@H]1c2ccc(F)cc2C[C@H]1N1CCC(c2cc(F)cc3c2OCCC3)CC1,8.309981219211304
CN1CCC(c2c[nH]c3ccc(NC(=O)c4cccc(C#N)c4)nc23)CC1,7.0
OCC1COc2c(cc(Cl)cc2N2CCN([C@@H]3Cc4cc(F)ccc4[C@H]3O)CC2)O1,7.980053318321158
O[C@@H]1c2cc(F)c(F)cc2C[C@H]1N1CCC(c2cccc3c2OCCO3)CC1,8.659952682338607
CN1CCC(c2c[nH]c3ccc(NC(=O)c4ccc([N+](=O)[O-])cc4)nc23)CC1,7.42021640338319
COc1cccc2c(CCCNCCOc3ccccn3)cccc12,9.065501548756432
O[C@@H]1c2cc3c(cc2C[C@H]1N1CCC(c2cccc4c2OCCO4)CC1)OCO3,9.280006173632396
CN1CCC(c2c[nH]c3ccc(NC(=O)C4CCCC4)nc23)CC1,5.698970004336019
O[C@@H]1c2ccc(F)cc2C[C@H]1N1CCN(c2cc(Cl)cc3c2OCCO3)CC1,8.880084589742008
c1ccc2c(c1)CC(N1CCN(c3cccc4c3OCCO4)CC1)C2,9.100015437450608
CC(=O)Nc1ccc2[nH]cc(C3CCN(C)CC3)c2c1,7.167491087293763
Cc1ccc(C(=O)Nc2ccc3[nH]cc(C4CCN(C)CC4)c3n2)cc1,7.522878745280337
O=[N+]([O-])c1ccc2c(c1)[C@@H](O)[C@H](N1CCC(c3cccc4c3OCCO4)CC1)C2,9.54000474395261
COc1ccc2c(c1)[C@@H](O)[C@H](N1CCC(c3cccc4c3OCCO4)CC1)C2,8.96018944585165
CC(=O)Nc1ccc2[nH]cc(C3CCN(C)CC3)c2n1,6.2076083105017466
O[C@@H]1c2ccc(F)cc2C[C@H]1N1CC=C(c2cccc3c2OCCO3)CC1,9.070019409484486
O[C@@H]1c2ccccc2C[C@H]1N1CCC(c2cccc3c2OCCO3)CC1,9.15002808767115
N=C(N)N/N=C/c1c[nH]c2ccc(O)cc12,7.200659450546418
CN1CCC(c2c[nH]c3ccc(NC(=O)c4ccc(C#N)cc4)nc23)CC1,7.508638306165727
CN1CCC(c2c[nH]c3ccc(NC(=O)c4ccc(F)cc4)cc23)CC1,7.657577319177793
CN1CCC(c2c[nH]c3ccc(NC(=O)c4ccccc4[N+](=O)[O-])nc23)CC1,7.1938200260161125
CN1CCC(c2c[nH]c3ccc(NC(=O)c4ccoc4)nc23)CC1,6.075720713938118
CN1CCC(c2c[nH]c3ccc(NC(=O)c4ccccn4)nc23)CC1,7.387216143280264
CN1CCC(c2c[nH]c3ccc(NC(=O)c4cccs4)nc23)CC1,6.455931955649724
CCC(=O)Nc1ccc2[nH]cc(C3CCN(C)CC3)c2n1,6.0
O[C@@H]1c2ccc(F)cc2C[C@H]1N1CCC(c2cccc3c2OCCC3)CC1,9.51999305704285
O[C@@H]1c2cc(F)c(F)cc2C[C@H]1N1CCN(c2cccc3c2OCCO3)CC1,8.669992299127241
Cc1ccc2c(c1)C[C@@H](N1CCC(c3cccc4c3OCCO4)CC1)[C@@H]2O,8.929962133392245
CN1CCC(c2c[nH]c3ccc(NC(=O)C4CCCCC4)nc23)CC1,6.180456064458132
COc1ccc(S(=O)(=O)N2CCc3ccc(I)cc32)cc1N1CCNCC1,6.299997602857746
CN1CCc2ccc3c(=O)[nH]c4cccc5c4c3c2[C@H]1C5,6.749579997691106
CCc1cccc(OC[C@@H](O)CN2CCC3(CC2)OCc2c3ccc3ccccc23)c1,8.769551078621726
OC(COCc1ccccc1)CN1CCC2(CC1)OCc1c2ccc2ccccc12,8.657577319177793
COc1ccccc1N1CCN(CCCNc2cc(-c3ccccc3)nn(C)c2=O)CC1,6.8971548357545815
O=C1c2ccccc2C(=O)N1CCCCN1CCn2c(cc3ccccc32)C1,7.130768280269024
CCC(=O)c1c(-c2ccccc2)nn(C)c(=O)c1NCCN1CCN(c2ccccc2OC)CC1,6.391473966422806
COc1ccc(Cl)cc1N1CCN(CCCNc2c(C(C)=O)c(-c3ccccc3)nn(C)c2=O)CC1,6.0
O=C(c1cccc(CN2CCN3c4ccccc4OCC3C2)c1)N1CCc2ccccc21,8.187086643357144
COc1cccc2c1C1CCN(CCCN3C(=O)c4ccccc4S3(=O)=O)C[C@H]1C2,9.050609993355089
COc1ccccc1N1CCN(CCNc2cc(C)nn(C)c2=O)CC1,7.493494967595128
COc1ccc(Cl)cc1N1CCN(CCCCNc2c(C(C)=O)c(C)nn(C)c2=O)CC1,8.856985199745905
COc1ccc(Cl)cc1N1CCN(CCNc2cc(-c3ccccc3)nn(C)c2=O)CC1,6.492009275180308
OC(COc1cc(F)cc2c1OCCC2)CN1CCC2(CC1)OCc1c2ccc2ccccc12,8.259637310505756
O=C(c1cccc(CN2CCc3c([nH]c4ccccc34)C2)c1)N1CCCCC1,7.886056647693163
CN1CCN(c2cccc3ccc(OCC(=O)N4CCN(c5ccccc5C#N)CC4)cc23)CC1,7.910094888560602
O[C@H](COc1ccccc1)CN1CCC2(CC1)OCc1c2ccc2ccccc12,8.958607314841775
COc1ccccc1N1CCN(CCNc2c(C(=O)C(C)C)c(-c3ccccc3)nn(C)c2=O)CC1,7.991399828238082
CC(C)Oc1ccccc1N1CCN(Cc2cccc(C(=O)N3CCCCC3)c2)CC1,8.769551078621726
OC(CCc1ccccc1)CN1CCC2(CC1)OCc1c2ccc2ccccc12,8.080921907623926
COc1cccc(N2CCN(C(=O)COc3ccc4cccc(N5CCN(C)CC5)c4c3)CC2)c1OC,7.872895201635193
Cc1ccccc1N1CCN(C(=O)COc2ccc3cccc(N4CCN(C)CC4)c3c2)CC1,7.305394801066432
COc1ccccc1N1CCN(CCNc2c(C(C)=O)c(C)nn(C)c2=O)CC1,7.886056647693163
O=C1CCc2c(F)ccc(OCC(O)CN3CCC4(CC3)OCc3c4ccc4ccccc34)c21,8.638272163982407
Cc1ccccc1CN1CCN(C(=O)COc2ccc3cccc(N4CCN(C)CC4)c3c2)CC1,7.643974142806877
COc1ccc(NC(=O)c2ccc(-c3ccc(C4=NC(C)ON4)cc3C)cc2)cc1N1CCN(C)CC1,7.144480844332199
CCCCCCN1CCc2c([nH]c3ccccc23)C1,7.102372908709558
CN1CCN(c2cccc3ccc(OCC(=O)N4CCN(c5cccc6ccccc56)CC4)cc23)CC1,6.943095148663527
Fc1ccc2[nH]cc(CCCNCCOc3ccccc3)c2c1,8.036212172654444
Fc1ccc2[nH]cc(CCCNCCOc3cccc4nccnc34)c2c1,8.008773924307505
COc1ccccc1OCCNCCCc1c[nH]c2ccccc12,8.698970004336019
Fc1cc(OCCNCCCc2c[nH]c3ccc(F)cc23)c2occc2c1,7.889410289700751
Fc1cc(OCCNCCCc2c[nH]c3ccc(F)cc23)c2c(c1)OCCO2,7.649751981665837
COc1ccccc1OCCNCCCc1c[nH]c2ccc(F)cc12,8.886056647693163
Fc1ccc2[nH]cc(CCCNCCOc3cccc4[nH]ccc34)c2c1,8.823908740944319
c1ccc2c(OCCNCCCc3c[nH]c4ccccc34)cccc2c1,7.774690718274137
Fc1ccc2[nH]cc(CCCNCCOc3cccc4c3OCC4)c2c1,8.795880017344075
c1ccc2c(CCCNCCOc3cccc4[nH]cnc34)c[nH]c2c1,9.060480747381382
CN1CCc2cccc3c2[C@H]1Cc1cccc(-c2c(O)cccc2O)c1-3,6.856985199745905
COc1ccc2[nH]cc(CCN(C)C)c2c1F,9.638272163982409
c1ccc2c(CCCCNCCOc3cccc4[nH]ccc34)c[nH]c2c1,8.3767507096021
c1ccc2c(CCCNCCOc3cccc4[nH]ccc34)c[nH]c2c1,8.602059991327963
Fc1ccc2[nH]cc(CCCNCCOc3cccc4ccoc34)c2c1,8.795880017344075
Fc1cc2c(c(OCCNCCc3c[nH]c4ccccc34)c1)OCCC2,8.070581074285707
Fc1ccc2[nH]cc(CCCNCCOc3cccc4c3CCCC4)c2c1,6.769551078621726
CN1CCC(CCN2CCC(c3cn(-c4ccc(F)cc4)c4ccc(-c5ncn(C)n5)cc34)CC2)C1=O,7.1938200260161125
Cn1cnc(-c2ccc3c(c2)c(C2CCN(CCC#N)CC2)cn3-c2ccc(F)cc2)n1,6.795880017344075
Cn1nnc(-c2ccc3c(c2)c(C2CCN(CCN4CCOC4=O)CC2)cn3-c2ccc(F)cc2)n1,7.309803919971486
Cn1cnc(-c2ccc3c(c2)c(C2CCN(CCN4CCNC4=O)CC2)cn3-c2ccc(F)cc2)n1,7.619788758288394
Cn1cnc(-c2ccc3c(c2)c(C2CCN(CCN4CCOC4=O)CC2)cn3-c2ccc(F)cc2)n1,7.602059991327962
Cn1nnnc1-c1ccc2c(c1)c(C1CCN(CCN3CCNC3=O)CC1)cn2-c1ccc(F)cc1,7.292429823902063
O=C1NCCN1CCN1CCC(c2cn(-c3ccc(F)cc3)c3ccc(-c4c[nH]nn4)cc23)CC1,7.346787486224656
Cn1ncc(-c2ccc3c(c2)c(C2CCN(CCN4CCNC4=O)CC2)cn3-c2ccc(F)cc2)n1,6.537602002101044
COc1cccc(OC)c1OCCNCC1Oc2ccccc2OC1c1ccc(C)cc1,7.929962133392243
O=C1OCCN1CCN1CCC(c2cn(-c3ccc(F)cc3)c3ccc(-c4ncccn4)cc23)CC1,7.327902142064283
Cn1nccc1-c1ccc2c(c1)c(C1CCN(CCN3CCNC3=O)CC1)cn2-c1ccc(F)cc1,8.236572006437063
COc1cccc(OC)c1OCCNCC1CC(c2ccccc2)c2ccccc2C1=O,7.96018944585165
Cn1nnc(-c2ccc3c(c2)c(C2CCN(CCN4CCNC4=O)CC2)cn3-c2ccc(F)cc2)n1,6.886056647693163
N#CCCN1CCC(c2cn(-c3ccc(F)cc3)c3ccc(-c4ncccn4)cc23)CC1,7.173925197299173
COc1cccc(OC)c1OCCNCC1Cc2ccccc2C(c2ccccc2)C1,8.199970640755867
Cn1ccc(-c2ccc3c(c2)c(C2CCN(CCN4CCNC4=O)CC2)cn3-c2ccc(F)cc2)n1,7.481486060122112
O=C1NCCN1CCN1CCC(c2cn(-c3ccc(F)cc3)c3ccc(-c4ncccn4)cc23)CC1,7.920818753952375
CCn1cc(-c2ccc3c(c2)c(C2CCN(CCN4CCNC4=O)CC2)cn3-c2ccc(F)cc2)nn1,6.627087997029894
Cn1cnnc1-c1ccc2c(c1)c(C1CCN(CCN3CCNC3=O)CC1)cn2-c1ccc(F)cc1,7.397940008672037
Cn1ncnc1-c1ccc2c(c1)c(C1CCN(CCN3CCNC3=O)CC1)cn2-c1ccc(F)cc1,7.958607314841775
Cn1nncc1-c1ccc2c(c1)c(C1CCN(CCN3CCNC3=O)CC1)cn2-c1ccc(F)cc1,7.744727494896693
Cn1cnc(-c2ccc3c(c2)c(C2CCN(CCn4c(=O)[nH]c5ccccc5c4=O)CC2)cn3-c2ccc(F)cc2)n1,7.259637310505756
Cn1cc(-c2ccc3c(c2)c(C2CCN(CCN4CCNC4=O)CC2)cn3-c2ccc(F)cc2)nn1,7.5376020021010435
O=C1NCCN1CCN1CCC(c2cn(-c3ccc(F)cc3)c3ccc(-c4cccnc4)cc23)CC1,7.886056647693163
O=C1COc2cc(CN3CCN(c4ccc(Cl)cc4)CC3)ccc2N1,6.101274818410507
COc1cc2c(cc1OC)C1=NO[C@@H](CN3CCN(C/C(C)=C/c4ccccc4)CC3)[C@@H]1CO2,6.323306390375134
c1ccc(CC2CCN(CC3CCc4ccccc4O3)CC2)cc1,7.939302159646388
c1ccc(CC2CCN(CC3COc4ccccc4O3)CC2)cc1,7.752272167090277
O=C1CC(CN2CCC(Cc3ccccc3)CC2)Oc2ccccc21,6.527243550682788
O=C1c2ccccc2OCC1CN1CCC(Cc2ccccc2)CC1,6.585026652029182
O=c1c(CN2CCC(Cc3ccccc3)CC2)coc2ccccc12,6.920818753952375
COc1cccc2c1CC(CN1CCC(Cc3ccccc3)CC1)CC2,7.242603971206976
c1ccc(CN2CCN(CC3CCc4ccccc4C3)CC2)cc1,6.732828271596986
c1ccc(CN2CCN(CC3COc4ccccc4O3)CC2)cc1,7.159329438666591
O=C1c2ccccc2CCC1CN1CCN(Cc2ccccc2)CC1,6.351639989019068
c1ccc(CC2CCN(CC3CCc4ccccc4C3)CC2)cc1,6.764471553092451
Nc1ccc(S(=O)(=O)n2cc(C3=CCNCC3)c3ccccc32)cc1,5.777283528852417
COc1ccc2c(c1)c(C1=CCNCC1)cn2S(=O)(=O)c1ccc(N)cc1,7.013228265733755
Nc1ccc(S(=O)(=O)n2cc(C3CCNCC3)c3ccc(Cl)cc32)cc1,6.939302159646388
COc1ccccc1N1CCN(CC2=NS(=O)(=O)c3ccc(C)cc3N2)CC1,6.970007824622153
COc1ccccc1N1CCN(CC2=NS(=O)(=O)c3ccc(Cl)cc3N2)CC1,7.330032630091495
COc1ccccc1N1CCN(CC2Nc3cc(Cl)ccc3S(=O)(=O)N2)CC1,8.040005161671584
O=C1COc2ccc(OCCNCCCOc3cccc4[nH]ccc34)cc2N1,8.79997073344623
O=C1COc2ccc(OCC3CCN(CCOc4cccc5ncccc45)C3)cc2N1,8.899974269892137
O=C1COc2ccc(OCC3CCCN(CCOc4cccc5ncccc45)C3)cc2N1,8.79997073344623
O=C1COc2ccc(CN3CCN(CCOc4cccc5ncccc45)CC3)cc2N1,8.0
O=C1COc2ccc(CC3CCN(CCOc4cccc5ncccc45)CC3)cc2N1,8.899974269892137
O=C1COc2ccc(OC3CCN(CCOc4cccc5[nH]ccc45)CC3)cc2N1,8.400007822415901
N#Cc1cc2c(OCCN3CCC(Oc4ccc5c(c4)NC(=O)CO5)CC3)cccc2[nH]1,8.79997073344623
CC1(C)OC2C=CC=CC2=C1OCCN1CCC(Oc2ccc3c(c2)NC(=O)CO3)CC1,8.700057099977233
O=C1COc2ccc(OC3CCN(CCOc4cccc5ccccc45)CC3)cc2N1,8.599980364934842
O=C1COc2ccc(OC3CCN(CCOc4nccc5ccccc45)CC3)cc2N1,8.100015437450608
O=C1COc2ccc(OC3CCN(CCOc4cccc5cccnc45)CC3)cc2N1,8.199970640755867
COc1ccccc1N1CCN(CCCCNC(=O)c2cc3cc(I)ccc3o2)CC1,7.481486060122112
O=C(NCCCCN1CCN(c2cccc(Cl)c2Cl)CC1)c1ccc(I)s1,7.619788758288394
c1ccc2c(N3CCN(CCc4ccc5[nH]nnc5c4)CC3)cccc2c1,7.410050398674292
COc1ccccc1N1CCN(CCc2ccc3[nH]nnc3c2)CC1,7.100015437450609
Oc1nc2cc(CCN3CCN(c4cccc(C(F)(F)F)c4)CC3)ccc2[nH]1,7.059981844992337
C1=C(c2cc3ccccc3[nH]2)CC2CCC1N2CCOc1cccc2ncccc12,6.494850021680094
C1=C(c2c[nH]c3ccccc23)CC2CCC1N2CCOc1cccc2[nH]ccc12,6.953895212753961
C1=C(c2c[nH]c3ccccc23)CC2CCC1N2CCOc1cccc2c1OCCO2,7.068033885271827
O[C@H](COc1cccc2[nH]ccc12)CN1C2C=C(c3ccc(Cl)c(Cl)c3)CC1CC2,6.97061622231479
CN1CCC(c2n[nH]c3ccc(NC(=O)c4ccc(F)cc4)cc23)CC1,6.060480747381382
CN1CCC(c2noc3ccc(NC(=O)c4ccc(F)cc4)cc23)CC1,6.795880017344075
CN1CCC(n2ncc3ccc(NC(=O)c4ccc(F)cc4)cc32)CC1,6.508638306165727
CN1CCC(n2ccc3ccc(NC(=O)c4ccc(F)cc4)cc32)CC1,7.958607314841775
CN1CCC(N2CCc3ccc(NC(=O)c4ccc(F)cc4)cc32)CC1,7.920818753952375
CCCN(CCC)[C@H]1CCc2c(cccc2-c2c(OC)cccc2OC)C1,6.459670525209126
COc1cccc(OC)c1-c1cccc2c1CC[C@H](N(C)C)C2,5.847711655616943
O=C1CC2(CCCC2)CC(=O)N1CCN1CCN(c2ccc(F)cc2F)CC1,7.619788758288394
O=C1CC2(CCCC2)CC(=O)N1CCN1CCN(c2cc(F)c(F)cc2F)CC1,6.443697499232712
Cc1ccc2c(OCCN3CCN(Cc4ccc(O)c([N+](=O)[O-])c4)CC3)cccc2n1,6.0999990348465305
Cc1ccc2c(OCCN3CCN(Cc4ccc(F)c([N+](=O)[O-])c4)CC3)cccc2n1,6.299997602857746
Cc1ccc2c(OCCN3CCN(Cc4ccc(Cl)c([N+](=O)[O-])c4)CC3)cccc2n1,7.199970640755866
Cc1ccc2c(OCCN3CCN(Cc4ccc5[nH]ccc5c4)CC3)cccc2n1,6.0
Cc1ccc2c(OCCN3CCN(Cc4cccc5ncccc45)CC3)cccc2n1,6.399996913372259
Cc1ccc2c(OCCN3CCN(Cc4cccc5ncncc45)CC3)cccc2n1,6.399996913372259
Cc1ccc2c(OCCN3CCN(Cc4cccc5cc[nH]c45)CC3)cccc2n1,6.399996913372259
Cc1ccc2c(OCCN3CCN(Cc4cccc5[nH]cnc45)CC3)cccc2n1,6.799998134593398
CN1CCC[C@@H]1Cc1c[nH]c2ccc(NS(=O)(=O)c3cccc(Cl)c3)cc12,6.698970004336019
O=S(=O)(Nc1ccc2[nH]cc(C[C@H]3CCCN3)c2c1)c1ccccc1Cl,6.2580609222708015
O=S(=O)(Cc1ccccc1I)Nc1ccc2[nH]cc(C[C@H]3CCCN3)c2c1,6.6307841425898575
CN1CCN(c2cc3c(cc2Cl)CCN3C(=O)Nc2ccc(-c3ccncc3)c3ccccc23)CC1,8.155491759951747
COc1cc2c(cc1N1CCN(C)CC1)N(C(=O)c1ccc(-c3cccc(C)n3)c3ccccc13)CC2,7.899974269892137
COc1cc2c(cc1N1C[C@H](C)N(C)[C@H](C)C1)N(C(=O)c1ccc(-c3cccc(C)n3)c3ccccc13)CC2,6.299997602857746
CCCN1[C@@H](C)CN(c2cc3c(cc2OC)CCN3C(=O)c2ccc(-c3cccc(C)n3)c3ccccc23)C[C@H]1C,7.100015437450609
COc1cc2c(cc1N1CCN(C)CC1)N(C(=O)Nc1cccc(Cl)c1Cl)CC2,7.299988937677887
COc1cc2c(cc1N1CCN(C)CC1)N(C(=O)Cc1cccc([N+](=O)[O-])c1)CC2,6.799998134593398
COc1ccc(NC(=O)N2CCN(c3ccc(Cl)cc3)CC2)cc1N1CCN(C)CC1,7.279840696594043
COc1ccc(NC(=O)N2CCN(c3ccc(F)cc3)CC2)cc1N1CCN(C)CC1,5.966978555317089
COc1ccc(NC(=O)N2CCN(c3ccc(-c4ccccc4)cc3)CC2)cc1N1CCN(C)CC1,6.392544976785332
COc1ccc(NC(=O)N2CCN(c3ccc(C(F)(F)F)cc3)CC2)cc1N1CCN(C)CC1,6.417936637088292
COc1ccccc1N1CCC(C(=O)Nc2ccc(OC)c(N3CCN(C)CC3)c2)CC1,7.812479279163536
COc1ccccc1N1CCN(CCCCNC(=O)c2ccc(F)cc2)CC1,7.823908740944319
O=C(NCCCCN1CCN(c2cccc(Cl)c2Cl)CC1)c1ccc(F)cc1,7.221848749616356
COc1ccccc1N1CCN(CCCCNC(=O)c2ccc(F)nc2)CC1,7.657577319177793
COc1ccccc1N1CCN(CCCCNC(=O)c2cccc(F)n2)CC1,7.619788758288394
O=C(NCCCCN1CCN(c2cccc(Cl)c2Cl)CC1)c1cccc(F)n1,7.522878745280337
O=S(=O)(NCCCCN1CCN(c2cccc(Cl)c2Cl)CC1)c1ccc(F)cc1,6.920818753952375
CN1[C@H]2CC[C@@H]1C[C@H](OC(=O)c1c[nH]c3ccccc13)C2,8.275724130399212
CN1CCN(c2nccc3cc4c(cc23)N(C(=O)c2ccccc2C(F)(F)F)CC4)CC1,8.0
CN1CCN(c2nccc3cc4c(cc23)N(C(=O)c2ccccc2Cl)CC4)CC1,8.299988937677888
CN1CCN(c2nccc3cc4c(cc23)N(C(=O)c2ccc(C(F)(F)F)nc2)CC4)CC1,8.500038134403809
Cc1c(C(=O)N2CCc3cc4ccnc(N5CCN(C)CC5)c4cc32)cnn1-c1ccccc1,9.199970640755865
CCc1c(C(=O)N2CCc3cc4ccnc(N5CCN(C)CC5)c4cc32)cnn1-c1ccc(C#N)cc1,8.899974269892137
CCc1c(C(=O)N2CCc3cc4ccnc(N5CCNCC5)c4cc32)cnn1-c1ccc(C#N)cc1,8.899974269892137
CCc1c(C(=O)N2CCc3cc4ccnc(N5CCN(CC)CC5)c4cc32)cnn1-c1ccc(C#N)cc1,8.500038134403809
CCc1c(C(=O)N2CCc3cc4ccnc(N5CCN(C(C)C)CC5)c4cc32)cnn1-c1ccc(C#N)cc1,8.199970640755867
COc1ccc(NC(=O)N2CCN(c3ccccc3OC)CC2)cc1N1CCN(C)CC1,6.193141970481182
COc1ccc(NC(=O)N2CCN(c3ccccc3Cl)CC2)cc1N1CCN(C)CC1,6.474955192963154
COc1cccc(COc2ccccc2OCCNCCOc2c(OC)cccc2OC)c1,7.510041520575165
COc1ccccc1COc1ccccc1OCCNCCOc1c(OC)cccc1OC,7.630042392653947
COc1cccc(OC)c1OCCNCCOc1ccccc1OCc1ccccc1[N+](=O)[O-],7.619969752032169
COc1cccc(OC)c1OCCNCCOc1ccccc1OCc1ccc(C)cc1,7.64994590642097
COc1cccc(OC)c1OCCNCCOc1ccccc1OCc1cccc(C)c1,7.739928612014925
COc1cccc(OC)c1OCCNCCOc1ccccc1OCc1ccccc1C,7.950007143079858
COc1cccc(OC)c1OCCNCCOc1ccccc1OCc1ccc(Cl)cc1,7.809948582240794
COc1cccc(OC)c1OCCNCCOc1ccccc1OCc1cccc(Cl)c1,8.179995693191682
COc1cccc(OC)c1OCCNCCOc1ccccc1OCc1ccccc1Cl,8.320027305722581
CN1CCc2c(sc3ncn(CCN4CCN(c5nccc6ccccc56)CC4)c(=O)c23)C1,9.154901959985745
CN1CCc2c(sc3ncn(CCN4CCN(c5ncnc6ccccc56)CC4)c(=O)c23)C1,7.029653123769907
CN1CCc2c(sc3ncn(CCN4CCN(c5cccc6cccnc56)CC4)c(=O)c23)C1,9.69897000433602
CN1CCc2c(sc3ncn(CCN4CCN(c5cccc6ccncc56)CC4)c(=O)c23)C1,9.522878745280336
CN1CCc2c(sc3ncn(CCN4CCN(c5cccc6cnccc56)CC4)c(=O)c23)C1,9.045757490560677
CN1CCc2c(sc3ncn(CCN4CCN(c5cccc6ncccc56)CC4)c(=O)c23)C1,8.823908740944319
CN1CCc2c(sc3ncn(CCN4CCN(c5cncc6ccccc56)CC4)c(=O)c23)C1,8.327902142064282
CN1CCc2c(sc3ncn(CCN4CCN(c5cccc6ccsc56)CC4)c(=O)c23)C1,9.397940008672036
COc1ccc2ccccc2c1N1CCN(CCn2cnc3sc4c(c3c2=O)CCN(C)C4)CC1,7.928117992693875
COc1c(Cl)cc(Cl)cc1N1CCN(CCn2cnc3sc4c(c3c2=O)CCN(C)C4)CC1,7.58838029403677
COc1c(Cl)cccc1N1CCN(CCn2cnc3sc4c(c3c2=O)CCN(C)C4)CC1,8.602059991327963
COc1ccc(-c2ccccc2)cc1N1CCN(CCn2cnc3sc4c(c3c2=O)CCN(C)C4)CC1,6.367542707815276
COc1ccc(C(F)(F)F)cc1N1CCN(CCn2cnc3sc4c(c3c2=O)CCN(C)C4)CC1,6.983384452442823
COc1ccc(C)cc1N1CCN(CCn2cnc3sc4c(c3c2=O)CCN(C)C4)CC1,8.2518119729938
COc1ccc(OC)c(N2CCN(CCn3cnc4sc5c(c4c3=O)CCN(C)C5)CC2)c1,7.616184634019569
CN1CCc2c(sc3ncn(CCN4CCN(c5ccccc5OCC(C)(C)C)CC4)c(=O)c23)C1,8.602059991327963
CC(C)Oc1ccccc1N1CCN(CCn2cnc3sc4c(c3c2=O)CCN(C)C4)CC1,9.154901959985745
Cc1ccccc1N1CCN(CCn2cnc3sc4c(c3c2=O)CCN(C)C4)CC1,8.537602002101044
COc1ccccc1N1CCN(CCn2cnc3sc4c(c3c2=O)CCN(C)C4)CC1,9.154901959985745
COc1ccccc1N1CCN(CCn2c(=O)[nH]c3[nH]c(-c4ccccc4)cc3c2=O)CC1,6.912573542963715
COc1ccc(-c2cc3c(=O)n(CCN4CCN(c5ccccc5Cl)CC4)c(=O)[nH]c3[nH]2)cc1,5.97061622231479
COc1ccccc1N1CCN(CCn2c(=O)[nH]c3[nH]c(-c4ccc(C)cc4)cc3c2=O)CC1,6.4771125689168825
COc1ccccc1N1CCN(CCn2c(=O)[nH]c3[nH]c(-c4ccccc4Cl)cc3c2=O)CC1,7.718966632752273
COc1ccccc1-c1cc2c(=O)n(CCN3CCN(c4ccccc4Cl)CC3)c(=O)[nH]c2[nH]1,5.987162775294828
COc1ccccc1-c1cc2c(=O)n(CCN3CCN(c4ccccc4OC)CC3)c(=O)[nH]c2[nH]1,6.803271277376713
Cn1c(=O)cnn(CCCCN2CCN(c3cccc4ccc(O[11CH3])cc34)CC2)c1=O,8.866461091629782
CCCN1CC(CN2CC=C(c3c[nH]c4ccc(F)cc34)CC2)Oc2c(OC)cccc21,6.440332721611942
C1=C(c2c[nH]c3ccccc23)CCN(CC2CNc3ccccc3O2)C1,6.094312032288148
CCN1CC(CN2CC=C(c3c[nH]c4ccc(F)cc34)CC2)Oc2c(OC)cccc21,6.865026459994085
COc1cccc2c1OC(CN1CC=C(c3c[nH]c4ccc(F)cc34)CC1)CN2,6.810088790307194
c1ccc(N2CC(CNCCCc3c[nH]c4ccccc34)Oc3ccccc32)cc1,7.120502712750572
Fc1ccc2[nH]cc(CCNCC3CN(c4ccccc4)c4ccccc4O3)c2c1,8.146301788223825
c1ccc(CN2CC(CNCCCc3c[nH]c4ccccc34)Oc3ccccc32)cc1,7.118387127521651
c1ccc2c(c1)NCC(CNCCc1c[nH]c3ccccc13)O2,8.160521952625801
CC(C)CN1CC(CNCCc2c[nH]c3ccc(F)cc23)Oc2ccccc21,8.088842391260023
CN1CC(CNCCc2c[nH]c3ccc(F)cc23)Oc2cc(Cl)ccc21,7.123897678622206
CC(C)N1CC(CNCCCc2c[nH]c3ccccc23)Oc2ccccc21,7.043735497301724
CCCN1CC(CNCCc2c[nH]c3ccccc23)Oc2ccccc21,7.894149325614856
CC(C)N1CC(CNCCc2c[nH]c3ccc(F)cc23)Oc2ccccc21,8.55129368009492
CN1CC(CNCCc2c[nH]c3ccc(F)cc23)Oc2ccccc21,8.072629636960976
COc1ccc2c(c1)OC(CNCCc1c[nH]c3ccc(F)cc13)CN2,6.987162775294828
O=S(=O)(c1ccccc1)C1(CCCN2CCc3ccccc3C2)CCC1,7.455931955649724
CCOC(=O)[C@@H]1CCCN(CCCC(C)(C)S(=O)(=O)c2ccccc2)C1,5.619788758288394
O=S(=O)(c1ccccc1)C1(CCCN2CCC3CCCCC3C2)CCC1,6.6777807052660805
CC(=O)Nc1cccc(N2CCN(CCCCN(C)S(=O)(=O)CC(C)C)CC2)c1,8.013228265733755
CC(=O)Nc1cccc(N2CCN(CCCCN(C)S(=O)(=O)CC3CCCCC3)CC2)c1,8.886056647693163
CC(=O)Nc1cccc(N2CCN(CCCCNS(=O)(=O)C(C)C)CC2)c1,7.619788758288394
CC(=O)Nc1cccc(N2CCN(CCCCNS(=O)(=O)C3CCCCC3)CC2)c1,7.397940008672037
Cc1ccc(S(=O)(=O)NCCCCN2CCN(c3cccc(NC(=O)C(C)(C)C)c3)CC2)cc1,5.866461091629782
Cc1ccc(S(=O)(=O)NCCCCN2CCN(c3cccc(NC(=O)C4CC4)c3)CC2)cc1,7.657577319177793
CCCC(=O)Nc1cccc(N2CCN(CCCCNS(=O)(=O)c3ccc(C)cc3)CC2)c1,7.251811972993799
Cc1ccc(S(=O)(=O)NCCCCN2CCN(c3cccc(NS(=O)(=O)C(C)C)c3)CC2)cc1,7.327902142064283
COc1ccccc1N1CCN(CCCCNS(=O)(=O)c2ccc(C)cc2)CC1,9.0
O=C1CCC(=O)N1C[C@H]1CC[C@H]2CN(c3ncccn3)CCN2C1,7.036212172654444
O=C1c2ccccc2S(=O)(=O)N1CCCCN1CCN(c2ncccn2)CC1,8.221848749616356
COc1ccccc1N1CCN(CCCCNC(=O)c2cc3c4ccc(c3o2)CCc2ccc(cc2)CC4)CC1,6.721246399047171
O=C(NCCCCN1CCN(c2cccc(F)c2F)CC1)c1cc2ccc1CCc1ccc(cc1)CC2,6.537602002101044
COc1c(Cl)cccc1N1CCN(CCCCNC(=O)c2cc3ccc2CCc2ccc(cc2)CC3)CC1,7.657577319177793
COc1ccccc1N1CCN(Cc2cnn(-c3ccccc3)c2)CC1,8.167491087293763
O=C(CCCN1C2CCC1CC(O)(c1ccc(Cl)cc1)C2)c1ccc(F)cc1,7.557520230935552
NC(=O)c1ccc(F)c2c1CC(N(CCCCc1c[nH]c3ccc(F)cc13)C1CCC1)CO2,8.318758762624412
NC(=O)c1ccc(F)c2c1CC(N(CCCCc1c[nH]c3ccc(F)cc13)CC1CC1)CO2,8.67778070526608
CCCN(CCCCc1c[nH]c2ccc(F)cc12)C1COc2c(F)ccc(C(N)=O)c2C1,8.356547323513812
CCCN(CCc1c[nH]c2ccc(F)cc12)C1COc2c(F)ccc(C(N)=O)c2C1,7.75448733218585
CCN(CCc1c[nH]c2ccc(F)cc12)C1COc2c(F)ccc(C(N)=O)c2C1,7.478861916295964
CN(CCCc1c[nH]c2ccc(F)cc12)[C@H]1COc2c(F)ccc(C(N)=O)c2C1,6.575118363368933
NC(=O)c1ccc(F)c2c1C[C@@H](NCCCc1c[nH]c3ccc(F)cc13)CO2,7.3448615651886175
COc1cccc2c1CC(N(CCCc1c[nH]c3ccc(F)cc13)CC1CC1)CO2,8.774690718274137
CCCN(CCCc1c[nH]c2ccc(F)cc12)C1COc2cccc(OC)c2C1,7.801342913045577
CCN(CCCc1c[nH]c2ccc(F)cc12)C1COc2cccc(OC)c2C1,8.638272163982407
COc1cccc2c1CC(N(C)CCCc1c[nH]c3ccc(F)cc13)CO2,7.397940008672037
Clc1ccc(N2CCN(Cc3cnn4ccccc34)CC2)cc1,5.853871964321762
Clc1ccc(N2CCN(Cc3cn4nc(Cl)ccc4n3)CC2)cc1,6.4089353929735005
Clc1ccc2nc(CN3CCN(c4ccc(Cl)c(Cl)c4)CC3)cn2n1,6.443697499232712
Clc1ccc(N2CCN(Cc3cn4ccccc4n3)CC2)cc1,5.769551078621726
COc1ccccc1N1CCN(Cc2cn3ccccc3n2)CC1,5.657577319177793
Clc1ccc(N2CCN(Cc3cn4ccccc4n3)CC2)cc1Cl,5.638272163982407
Fc1ccc(N2CCN(Cc3cn4ccccc4n3)CC2)cc1,5.443697499232712
COc1ccccc1N1CCN(CCCCNC(=O)[C@H](CC(N)=O)NC(=O)CC2CC3CCC2C3)CC1,7.958607314841775
COc1ccccc1N1CCN(CCCCNC(=O)[C@@H]2CCCN2C(=O)C2CCCCC2)CC1,7.568636235841013
COc1ccccc1N1CCN(CCCCNC(=O)[C@@H]2CCC(=O)N2C(=O)CC2CC3CCC2C3)CC1,7.920818753952375
COc1ccccc1N1CCN(CCCCNC(=O)[C@@H]2CCC(=O)N2C(=O)C2CCCCC2)CC1,7.769551078621726
COc1ccccc1N1CCN(CCCCN2C(=O)C[C@H](NC(=O)C3CCCC3)C2=O)CC1,7.397940008672037
COc1ccccc1N1CCN(CCCN2C(=O)C[C@H](NC(=O)C34CC5CC(CC(C5)C3)C4)C2=O)CC1,7.200659450546418
COc1ccccc1N1CCN(CCCN2C(=O)C[C@H](NC(=O)c3ccccc3)C2=O)CC1,6.585026652029182
COc1ccccc1N1CCN(CCCN2C(=O)C[C@H](NC(=O)C3CCCCC3)C2=O)CC1,6.638272163982407
COc1ccccc1N1CCN(CCCN2C(=O)C[C@H](NC(C)=O)C2=O)CC1,6.318758762624412
COc1ccccc1N1CCN(CCCN2C(=O)C[C@H](NC(=O)CC3CC4CCC3C4)C2=O)CC1,7.397940008672037
c1ccc(CCc2ccccc2OCc2ccccn2)cc1,5.301029995663981
C=C1/C(=C\C=C2/CCC[C@@]3(C)[C@H]2CC[C@@H]3[C@H](C)C[C@@H]2OC(=O)C(=C)[C@H]2CCCC)C[C@@H](O)[C@H](C)[C@@H]1O,5.301029995663981
COc1cccc(CCc2ccccc2OCc2ccccc2)c1,5.301029995663981
c1ccc(CCc2ccccc2OCc2ccccc2)cc1,5.301029995663981
COc1cccc(CCc2ccccc2OCc2cccnc2)c1,5.301029995663981
c1ccc(CCc2ccccc2OCc2cccnc2)cc1,5.301029995663981
COc1cccc(CCc2ccccc2OCc2ccccn2)c1,5.301029995663981
COc1ccccc1N1CCN(CCCCNC(=O)c2ccc(-c3cccc([18F])n3)cc2)CC1,7.795880017344075
COc1ccccc1N1CCN(CCCCNC(=O)c2ccc(-c3ccc([18F])nc3)cc2)CC1,7.67778070526608
O=C(CCCCCN1CCN(c2cccc[n+]2[O-])CC1)NC1CCCc2ccccc21,6.7121982700697735
O=C(CCCCCN1CCN(c2ccccc2F)CC1)NC1CCCc2ccccc21,7.534617148551582
CC(=O)Nc1ccccc1N1CCN(CCCCCC(=O)NC2CCCc3ccccc32)CC1,5.6020599913279625
Nc1ccccc1N1CCN(CCCCCC(=O)NC2CCCc3ccccc32)CC1,6.381951903287908
O=C(CCCCCN1CCN(c2ccccc2-c2ccccc2)CC1)NC1CCCc2ccccc21,7.215382707367125
CCCCc1ccccc1N1CCN(CCCCCC(=O)NC2CCCc3ccccc32)CC1,7.221848749616356
CCCc1ccccc1N1CCN(CCCCCC(=O)NC2CCCc3ccccc32)CC1,6.774690718274137
CCc1ccccc1N1CCN(CCCCCC(=O)NC2CCCc3ccccc32)CC1,7.101274818410507
O=C(NCCC(O)CN1CCN(c2cccc(Cl)c2Cl)CC1)c1ccc2c(c1)Cc1ccccc1-2,5.742321425130816
O=C(NCCC(O)CN1CCN(c2cccc(Cl)c2Cl)CC1)c1ccc(-c2ccccn2)cc1,7.464705879957229
COc1ccccc1N1CCN(C/C=C/CNC(=O)c2ccc3c(c2)Cc2ccccc2-3)CC1,7.1438755557577
O=C(NC/C=C/CN1CCN(c2cccc(Cl)c2Cl)CC1)c1ccc(-c2cccc[n+]2[O-])cc1,7.217527375833714
Cc1cccnc1-c1ccc(C(=O)NC/C=C/CN2CCN(c3cccc(Cl)c3Cl)CC2)cc1,7.036212172654444
Cc1cccc(-c2ccc(C(=O)NC/C=C/CN3CCN(c4cccc(Cl)c4Cl)CC3)cc2)n1,6.510041520575165
COc1ccccc1N1CCN(CCCCNC(=O)c2ccc(-c3ccccn3)cc2)CC1,8.173277479831007
CC(=O)OC(CCNC(=O)c1ccc(-c2ccccn2)cc1)CN1CCN(c2cccc(Cl)c2Cl)CC1,6.931814138253839
O=C1c2ccccc2C(=O)N1CCCCN1CC=C(c2c[nH]c3ccc(F)cc23)CC1,8.599980364934842
O=C1CCc2ccc(OCCCCN3CCN(c4cccc(Cl)c4Cl)CC3)cc2N1,8.010618956465088
C[C@H]1Oc2c(cccc2N2CCN(CCCc3c[nH]c4ccc(F)cc34)CC2)NC1=O,8.299988937677888
Fc1ccc(-c2cncc(CN3CCN(c4cccc5c4OCCO5)CC3)c2)cc1,9.100015437450608
N#Cc1ccc2c(N3CCN(CC[C@@H]4OCCc5cc(C(N)=O)ccc54)CC3)cccc2c1,7.795880017344075
CCCN(CCc1c[nH]c2ccc(F)cc12)C1COc2ccc3ncccc3c2C1,6.320753854586141
COC(CNC12CC3CC(CC(C3)C1)C2)COc1cccc2[nH]ccc12,7.494850021680094
c1cc(OCCCNC2CCCCC2)c2cc[nH]c2c1,7.105683937315561
OC(CNC1CCCCCC1)COc1cccc2[nH]ccc12,8.042871802323187
C[C@](O)(CNC12CC3CC(CC(C3)C1)C2)COc1cccc2[nH]ccc12,6.061480274823508
C[C@](O)(CNC1CCCCC1)COc1cccc2[nH]ccc12,5.838631997765025
O[C@@H](CNC1C2CC3CC(C2)CC1C3)COc1cccc2[nH]ccc12,7.75448733218585
OC(CNC12CC3CC(CC(C3)C1)C2)COc1ccc2[nH]ccc2c1,6.079354998593212
OC(CCOc1cccc2[nH]ccc12)CNC12CC3CC(CC(C3)C1)C2,6.258848401148215
CC(C)NCC(O)CCOc1cccc2[nH]ccc12,5.751536282448968
OC(CCNC12CC3CC(CC(C3)C1)C2)COc1cccc2[nH]ccc12,7.118615343229427
Cc1ccc2c(OCCN3CCC(Cc4ccc5c(c4)NC(=O)CO5)CC3)c(F)ccc2n1,7.299988937677887
Cc1ccc2c(OCCN3CCC(Cc4ccc5c(c4)NC(=O)CO5)CC3)ccc(Cl)c2n1,7.400007822415902
Cc1ccc2c(OCCN3CCC(Cc4ccc5c(c4)NC(=O)CO5)CC3)ccc(F)c2n1,7.700057099977233
Cc1ccc2c(OCCN3CCC(Cc4ccc5c(c4F)NC(=O)CO5)CC3)cccc2n1,8.599980364934842
Cc1ccc2c(OCCN3CCC(Cc4cc(F)c5c(c4)NC(=O)CO5)CC3)cc(Cl)cc2n1,8.0
Cc1ccc2c(OCCN3CCC(Cc4cc5c(cc4F)OCC(=O)N5)CC3)cc(F)cc2n1,9.4000078224159
Cc1ccc2c(OCCN3CCC(Cc4ccc5c(c4F)NC(=O)CO5)CC3)cc(F)cc2n1,8.79997073344623
Cc1ccc2c(OCCN3CCC(Cc4cc(F)c5c(c4)NC(=O)CO5)CC3)cccc2n1,8.299988937677888
Cc1ccc2c(OCCN3CCC(Cc4cc5c(cc4F)OCC(=O)N5)CC3)cccc2n1,9.299988937677888
Cc1ccc2c(OCCN3CCN(Cc4ccc5c(c4)N(Cc4ccccc4)C(=O)CO5)CC3)cccc2n1,8.400007822415901
Cc1ccc2c(OCCN3CCN(Cc4ccc5c(c4)N(CC(C)C)C(=O)CO5)CC3)cccc2n1,8.700057099977233
CCCCN1C(=O)COc2ccc(CN3CCN(CCOc4cccc5nc(C)ccc45)CC3)cc21,8.899974269892137
Cc1ccc2c(OCCN3CCC(Cc4ccc5c(c4)N(C(C)C)C(=O)CO5)CC3)cccc2n1,8.54951994539394
CCN1C(=O)COc2ccc(CC3CCN(CCOc4cccc5nc(C)ccc45)CC3)cc21,8.76786825870338
Cc1ccc2c(OCCN3CCC(Cc4ccc5c(c4)N(C)C(=O)CO5)CC3)cccc2n1,8.474430467501477
CCN1C(=O)COc2ccc(CN3CCN(CCOc4cccc5nc(C)ccc45)CC3)c(F)c21,8.599980364934842
Cc1ccc2c(OCCN3CCN(Cc4ccc5c(c4F)N(C)C(=O)CO5)CC3)cccc2n1,8.500038134403809
O=C(NC1CCc2cc(CCN3CCN(c4nsc5ccccc45)CC3)ccc21)c1cccnc1,8.113509274827518
O=C(NC1CCc2cc(CCN3CCN(c4nsc5ccccc45)CC3)ccc21)c1ccc(F)cc1,8.10790539730952
O=C(NC1CCc2cc(CCN3CCN(c4nsc5ccccc45)CC3)ccc21)C1CC1,8.698970004336019
CCC(=O)NC1CCc2cc(CCN3CCN(c4nsc5ccccc45)CC3)ccc21,8.698970004336019
CC(=O)NC1CCc2cc(CCN3CCN(c4nsc5ccccc45)CC3)ccc21,8.958607314841775
O=C(NC1CCc2cc(CCN3CCN(c4nsc5ccccc45)CC3)ccc21)C(F)(F)F,9.0
O=C(NC1CCc2ccc(CCN3CCN(c4nsc5ccccc45)CC3)cc21)c1ccno1,8.187086643357144
O=C(NC1CCc2ccc(CCN3CCN(c4nsc5ccccc45)CC3)cc21)c1ccco1,8.102372908709558
O=C(CCc1ccccc1)NC1CCc2ccc(CCN3CCN(c4nsc5ccccc45)CC3)cc21,7.429457060118103
O=C(Cc1ccccc1)NC1CCc2ccc(CCN3CCN(c4nsc5ccccc45)CC3)cc21,7.679853713888946
O=C(NC1CCc2ccc(CCN3CCN(c4nsc5ccccc45)CC3)cc21)c1cccnc1,8.346787486224656
O=C(NC1CCc2ccc(CCN3CCN(c4nsc5ccccc45)CC3)cc21)c1ccc(F)cc1,7.175874166083451
O=C(NC1CCc2ccc(CCN3CCN(c4nsc5ccccc45)CC3)cc21)c1ccc(Cl)cc1,7.251811972993799
Cc1ccc(C(=O)NC2CCc3ccc(CCN4CCN(c5nsc6ccccc56)CC4)cc32)cc1,7.55129368009492
CC(C)C(=O)NC1CCc2ccc(CCN3CCN(c4nsc5ccccc45)CC3)cc21,7.920818753952375
O=C(NC1CCc2ccc(CCN3CCN(c4nsc5ccccc45)CC3)cc21)C1CC1,7.920818753952375
CCC(=O)NC1CCc2ccc(CCN3CCN(c4nsc5ccccc45)CC3)cc21,8.301029995663981
NC1CCc2ccc(CCN3CCN(c4nsc5ccccc45)CC3)cc21,8.698970004336019
O=C(NC1CCc2ccc(CCN3CCN(c4nsc5ccccc45)CC3)cc21)C(F)(F)F,8.309803919971486
NC1=Nc2ccc(Cl)c(Cl)c2CN1,5.966576244513051
CC1NC(N)=Nc2c(Cl)ccc(Cl)c21,7.040958607678906
COc1c(Cl)ccc2c1C(C)NC(N)=N2,6.4698003017969175
COc1cc(Cl)c(C)c2c1N=C(N)NC2C,6.978810700930062
CNC1=Nc2c(OC(C)C)cccc2C(C)N1,6.174573882232177
CC(C)Oc1cccc2c1N=C(N)NC2C,6.576754126063192
CNC1=Nc2ccc(Cl)c(Cl)c2C(C)N1,6.609064892896621
CC1NC(N)=Nc2ccc(Cl)c(Cl)c21,6.742321425130816
CCC1NC(N)=Nc2ccc(Cl)c(Cl)c21,6.116338564846382
CC1NC(NCC(F)F)=Nc2c(Cl)ccc(Cl)c21,7.060480747381382
CC(C)Oc1cccc2c1N=C(NCC(F)F)NC2C,6.619788758288394
COc1cccc2c1N=C(NCC(F)F)NC2C,7.275724130399211
COc1ccccc1N1CCN(CCNc2ccc3cc([N+](=O)[O-])ccc3n2)CC1,7.847711655616943
COc1ccccc1N1CCN(CCCCNc2ccc3cc(N)ccc3n2)CC1,9.42021640338319
COc1ccc2ccc(NCCCCN3CCN(c4ccccc4OC)CC3)nc2c1,8.337242168318426
COc1ccc2ccc(NCCCN3CCN(c4ccccc4OC)CC3)nc2c1,9.69897000433602
COc1ccc2ccc(NCCN3CCN(c4ccccc4OC)CC3)nc2c1,8.67778070526608
COc1ccc2nc(NCCCCN3CCN(c4ccccc4OC)CC3)ccc2c1,9.69897000433602
COc1ccc2nc(NCCCN3CCN(c4ccccc4OC)CC3)ccc2c1,7.657577319177793
COc1ccc2nc(NCCN3CCN(c4ccccc4OC)CC3)ccc2c1,7.552841968657781
COc1ccccc1N1CCN(CCCCCNc2ccc3ccccc3n2)CC1,10.522878745280336
COc1ccccc1N1CCN(CCCCNc2ccc3ccccc3n2)CC1,7.013228265733755
COc1ccccc1N1CCN(CCCNc2ccc3ccccc3n2)CC1,7.886056647693163
CC1(C)Cc2cccc(N3CCN(CCc4ccc5c(c4)NC(=O)CO5)CC3)c2O1,9.299988937677888
O=C1COc2ccc(CCN3CCN(c4nccc5ccccc45)CC3)cc2N1,7.0
O=C1COc2ccc(CCN3CCN(c4cccc5nc(-c6ccccc6)ccc45)CC3)cc2N1,9.199970640755865
Cc1ccc2c(N3CCN(CCc4ccc5c(c4)NC(=O)CO5)CC3)cc(Cl)cc2n1,9.500038134403807
Cc1ccc2c(N3CCN(CCc4ccc5c(c4)NC(=O)CO5)CC3)cc(F)cc2n1,8.599980364934842
Cc1ccc2c(N3CCN(CCc4ccc5c(c4)NC(=O)CO5)CC3)ccc(Cl)c2n1,8.400007822415901
Cc1ccc2c(N3C[C@H]4C[C@@H]3CN4CCc3ccc4c(c3)NC(=O)CO4)cccc2n1,6.900008766455316
Cc1ccc2c(N3CCN(CCc4ccc5c(c4)NC(=O)CO5)CC3C)cccc2n1,9.100015437450608
Cc1ccc2c(N3CCN(CCc4ccc5c(c4F)NC(=O)CO5)CC3)cccc2n1,9.599980364934842
Cc1ccc2c(N3CCN(CCc4cc(F)c5c(c4)NC(=O)CO5)CC3)cccc2n1,8.899974269892137
CCN1C(=O)COc2ccc(CCN3CCN(c4cccc5nc(C)ccc45)CC3)cc21,9.299988937677888
Cc1ccc2c(N3CCN(CCc4ccc5c(c4)N(C)C(=O)CO5)CC3)cccc2n1,10.100015437450608
Cc1ccc2c(N3CCN(CCc4ccc5c(c4)NC(=O)CO5)CC3)cccc2n1,9.754586046695175
COc1ccc2[nH]cc(CCN(C)C)c2c1,7.552841968657781
C[n+]1c2n(c(=O)c3ccccc31)CCc1c-2[nH]c2ccccc12,4.443697499232712
CNCC(O)c1ccc(O)cc1,4.200659450546418
CN(C)CCc1c[nH]c2ccccc12,6.3872161432802645
CC(=O)Nc1ccc(CN2CCN(CCOc3cccc4nc(C)ccc34)CC2)cc1,6.799998134593398
COc1cccc(CN2CCN(CCOc3cccc4nc(C)ccc34)CC2)c1,7.899974269892137
CC(=O)Nc1ccccc1CN1CCN(CCOc2cccc3nc(C)ccc23)CC1,5.899998417198648
COc1ccc(CC2CCN(CCOc3cccc4nc(C)ccc34)CC2)cc1NS(C)(=O)=O,6.900008766455316
Cc1ccc2c(OCCN3CCC(Cc4cccc(N(C)S(C)(=O)=O)c4)CC3)cccc2n1,7.899974269892137
Cc1ccc2c(OCCN3CCC(Cc4cccc(NS(C)(=O)=O)c4)CC3)cccc2n1,8.599980364934842
Cc1ccc2c(OCCN3CCC(Cc4cccc(NC(=O)CN(C)C)c4)CC3)cccc2n1,7.79997073344623
CCN(C(C)=O)c1cccc(CC2CCN(CCOc3cccc4nc(C)ccc34)CC2)c1,8.299988937677888
CC(=O)Nc1cccc(CC2CCN(CCOc3cccc4nc(C)ccc34)CC2)c1,7.599980364934842
OC1(c2ccc(Cl)cc2)CCN(Cc2c[nH]c3ccccc23)CC1,5.200659450546418
O[C@]1(c2ccc(Cl)cc2)C[C@@H]2CC[C@H](C1)N2Cc1csc2ccccc12,5.764471553092451
COc1cccc(OC)c1OCCNC[C@@H]1COC[C@@H](c2ccccc2)O1,6.3799993576999325
CC(C)c1ccccc1N1CCN(CCCCCC(=O)NCc2ccc(OS(C)(=O)=O)cc2)CC1,7.244125144327507
COc1ccccc1N1CCN(CCCCCC(=O)NCc2ccncc2)CC1,7.721246399047171
CC(C)c1ccccc1N1CCN(CCCCCC(=O)NCc2ccncc2)CC1,6.488116639021126
CSc1ccccc1N1CCN(CCCCCC(=O)NCc2ccncc2)CC1,8.086186147616283
COc1ccccc1N1CCN(CCCCCC(=O)NCc2ccccc2)CC1,7.886056647693163
CC(C)c1ccccc1N1CCN(CCCCCC(=O)NCc2ccccc2)CC1,6.856985199745905
O=C(CCCCCN1CCN(c2ccccc2-c2ccccc2)CC1)NCc1ccccc1,6.79317412396815
CSc1ccccc1N1CCN(CCCCCC(=O)NCc2ccccc2)CC1,7.920818753952375
CC(C)c1ccccc1N1CCN(CCCCCC(=O)N2CCc3ccccc3C2)CC1,8.431798275933005
O=C(CCCCCN1CCN(c2ccccc2-c2ccccc2)CC1)N1CCc2ccccc2C1,7.022276394711152
CSc1ccccc1N1CCN(CCCCCC(=O)N2CCc3ccccc3C2)CC1,8.6903698325741
COc1ccccc1N1CCN(CCCCCC(=O)N2Cc3ccccc3C2)CC1,8.494850021680094
CC(C)c1ccccc1N1CCN(CCCCCC(=O)N2Cc3ccccc3C2)CC1,7.657577319177793
O=C(CCCCCN1CCN(c2ccccc2-c2ccccc2)CC1)N1Cc2ccccc2C1,6.906578314837765
CSc1ccccc1N1CCN(CCCCCC(=O)N2Cc3ccccc3C2)CC1,8.97061622231479
CN1CCN(c2cc(-c3ccc(C#N)cc3)nc(N)n2)CC1,7.376750709602099
O=C1c2ccccc2CN1CCCCN1CCN(c2ccccc2)CC1,6.443697499232712
O=C1Cc2ccccc2N1CCCCN1CCN(c2ccccc2)CC1,6.906578314837765
O=C1Cc2ccccc2N1CCCCCN1CCN(c2cccc3ccccc23)CC1,7.795880017344075
O=C1Cc2ccccc2N1CCCCCN1CCN(c2cccc3[nH]cnc23)CC1,7.742321425130815
O=C1Cc2ccccc2N1CC#CCN1CCN(c2cccc3ccccc23)CC1,7.585026652029182
O=C1Cc2ccccc2N1Cc1ccc(CN2CCN(c3cccc4ccccc34)CC2)cc1,6.742321425130816
Cc1ccc2c(N3CCN(CCc4cccc5c4OCC(=O)N5)CC3)cccc2n1,9.599980364934842
Cc1ccc2c(N3CCN(CCc4cccc5c4OCC(=O)N5C)CC3)cccc2n1,9.79997073344623
Cc1ccc2c(N3CCN(CCc4ccc5c(c4)OCC(=O)N5)CC3)cccc2n1,9.599980364934842
CCN1C(=O)COc2c(CCN3CCN(c4cccc5nc(C)ccc45)CC3)cccc21,9.899974269892136
Cc1ccc2c(N3CCN(CCc4cccc5c4OCC(=O)N5C(C)C)CC3)cccc2n1,9.199970640755865
Cc1ccc2c(N3CCN(CCc4cccc5c4OCC(=O)N5C4CC4)CC3)cccc2n1,10.0
Cc1ccc2c(N3CCN(CCc4cccc5c4OCC(=O)N5C)CC3)cc(F)cc2n1,9.700057099977233
Cc1ccc2c(N3CCN(CCc4cccc5c4OCC(=O)N5C)[C@H](C)C3)cc(F)cc2n1,9.700057099977233
Cc1ccc2c(N3CCN(CCCc4cccc5c4OCC(=O)N5C)[C@H](C)C3)cccc2n1,8.700057099977233
Cc1ccc2c(N3CCN(CCCc4cccc5c4OCC(=O)N5C)CC3)cc(F)cc2n1,8.199970640755867
Cc1ccc2c(N3CCN(CCCc4cccc5c4OCC(=O)N5)CC3)cccc2n1,8.500038134403809
COc1c(OCCF)cccc1C(=O)C1CCN(CCc2ccc(C)cc2)CC1,5.725149679983336
COc1c(OCCF)cccc1C(=O)C1CCN(CCc2ccc([N+](=O)[O-])cc2)CC1,5.763714722551971
COc1ccc(CCN2CCC(C(=O)c3cccc(OCCF)c3OC)CC2)cc1,6.003926345514724
O=C(c1ccc(F)cc1)C1CCN(CCn2c(=S)[nH]c3ccccc3c2=O)CC1,5.804100347590766
O=C(NC/C=C/CN1CCN(c2cccc(Cl)c2Cl)CC1)c1cc2ccccc2[nH]1,6.714442690992226
O=C(NC/C=C/CN1CCN(c2cccc(Cl)c2Cl)CC1)c1cc2ccccc2o1,7.230622673923861
O=C(NCCC(O)CN1CCN(c2cccc(Cl)c2Cl)CC1)c1cc2ccccc2[nH]1,6.991399828238082
COc1ccccc1N1CCN(CC(O)CCNC(=O)c2cc3ccccc3[nH]2)CC1,6.87942606879415
Fc1ccc2[nH]cc([C@H]3CC[C@H](N4CCN(c5cccc6ccccc56)CC4)CC3)c2c1,7.370590400897281
CCCn1cc([C@H]2CC[C@@H](N3CCN(c4cccc5[nH]ccc45)CC3)CC2)c2cc(C#N)ccc21,6.086292086019517
O=C(N[C@H]1CCN(Cc2ccc(OC3CCNCC3)c(Br)c2)C1)c1ccc(Cl)c(Cl)c1,7.42021640338319
FC(F)(F)c1nc2c(N3CCN(CCOc4cccc5nc(C(F)(F)F)[nH]c45)CC3)cccc2[nH]1,7.721246399047171
FC(F)(F)c1nc2c(N3CCN(CCOc4cccc5[nH]c(=S)[nH]c45)CC3)cccc2[nH]1,8.55284196865778
Cc1ccc2c(OC(C)CN3CCC(Cc4ccc5c(c4)NC(=O)CO5)CC3)cccc2n1,6.399996913372259
Cc1ccc2c(OCC3CCN(CC(=O)c4ccc5c(c4)NC(=O)CO5)CC3)cccc2n1,6.299997602857746
Cc1ccc2c(OCCCN3CC(COc4ccc5c(c4)NC(=O)CO5)C3)cccc2n1,7.100015437450609
Cc1ccc2c(OCCN3CC(COc4ccc5c(c4)NC(=O)CO5)C3)cccc2n1,7.299988937677887
Cc1ccc2c(N3CCN(CCCCc4ccc5c(c4)NC(=O)CO5)CC3)cccc2n1,9.199970640755865
CCCN(CCCc1c[nH]c2ccc(F)cc12)[C@H]1COc2cccc(C(N)=O)c2C1,9.031517051446064
NC(=O)c1ccc(Cl)c2c1CC(N(CCCc1c[nH]c3ccc(F)cc13)C1CCC1)CO2,8.067779986122881
CCNC(=O)c1ccc(F)c2c1CC(N(CCCc1c[nH]c3ccc(F)cc13)C1CCC1)CO2,7.749579997691106
CCCNC(=O)c1ccc(F)c2c1CC(N(CCCc1c[nH]c3ccc(F)cc13)C1CCC1)CO2,6.707743928643524
CC(C)NC(=O)c1ccc(F)c2c1CC(N(CCCc1c[nH]c3ccc(F)cc13)C1CCC1)CO2,7.336299074610352
O=C(NC1CC1)c1ccc(F)c2c1CC(N(CCCc1c[nH]c3ccc(F)cc13)C1CCC1)CO2,7.716698771296451
O=C(NCC1CC1)c1ccc(F)c2c1CC(N(CCCc1c[nH]c3ccc(F)cc13)C1CCC1)CO2,6.794524963259109
COc1ccc2[nH]cc(CCCN(C3CCC3)C3COc4c(F)ccc(C(N)=O)c4C3)c2c1,8.924453038607469
NC(=O)c1ccc(F)c2c1CC(N(CCCc1c[nH]c3ccc(Cl)cc13)C1CCC1)CO2,8.400116927926312
NC(=O)c1ccc(F)c2c1CC(N(CCCCn1ccc3ccc(F)cc31)CC1CC1)CO2,8.488116639021126
NC(=O)c1ccc(F)c2c1CC(N(CCCCn1ccc3cc(F)ccc31)C1CCC1)CO2,7.96738123914928
NC(=O)c1ccc(F)c2c1CC(N(CCCCn1ccc3ccc(F)cc31)C1CCC1)CO2,7.891773343625071
NCCC(=O)Nc1cccc2c1cnn2S(=O)(=O)c1cccc2ccccc12,5.1938200260161125
O=C(Nc1ccc2cnn(S(=O)(=O)c3cccc4ccccc34)c2c1)C1CCNCC1,5.070581074285707
O=C(Nc1ccc2cnn(S(=O)(=O)c3cccc4ccccc34)c2c1)C1CCCNC1,5.251811972993799
CN1[C@H]2Cc3cc4c(cc3[C@@H]1Cc1cc3c(cc12)OCO3)OCO4,5.221848749616356
O=C(CCCN1C2CCC1CN(c1ccc(Cl)cc1)CC2)c1ccc(F)cc1,5.632271453913024
O=C(CCCN1CCCN(c2ccc(Cl)cc2)CC1)c1ccc(F)cc1,6.930331903088404
O=C(CCCN1CCN(c2ncccn2)CC1)c1ccc(F)cc1,7.515700160653214
O=C(CCCN1C2CCC1CC(O)(c1ccccc1)C2)c1ccc(F)cc1,7.424812155072339
O=C(CCCN1CCN(c2ccc(Cl)cc2)CC1)c1ccc(F)cc1,7.041436116778033
c1ccc2c(CCN3CCCC(c4ccnc(NC5CC5)n4)C3)c[nH]c2c1,7.123205023799299
c1ccc2c(CCN3CCCC(c4ccnc(NCC5CC5)n4)C3)c[nH]c2c1,7.671620396561262
CC(Nc1nccc(C2CCCN(CCc3c[nH]c4ccccc34)C2)n1)C1CC1,8.130768280269024
CC(C)(C)Nc1nccc(C2CCCN(CCc3c[nH]c4ccccc34)C2)n1,8.2839966563652
CCCNc1nccc(C2CCCN(CCc3c[nH]c4ccccc34)C2)n1,7.861697301833718
Clc1ccc2[nH]cc(CCN3CCCC(c4ccnc(NC5CC5)n4)C3)c2c1,7.982966660701219
Cc1[nH]c2ccc(Cl)cc2c1CCN1CCCC(c2ccnc(NC3CC3)n2)C1,7.575118363368933
Fc1cccc2c(CCN3CCCC(c4ccnc(NC5CC5)n4)C3)c[nH]c12,7.454692883534176
Fc1ccc2c(CCN3CCCC(c4ccnc(NC5CC5)n4)C3)c[nH]c2c1,7.1904402853647325
c1ccc2c(c1)OC[C@H](CCN1CCCC(c3ccnc(NC4CC4)n3)C1)O2,7.422508200162775
c1ccc2c(CCN3CCCC(c4ccnc(NC5CC5)n4)C3)csc2c1,7.414539270491499
c1ccc2c(c1)CC(CCN1CCCC(c3ccnc(NC4CC4)n3)C1)C2,7.371611069949688
CC(Cc1c[nH]c2ccccc12)N1CCCC(c2ccnc(NC3CC3)n2)C1,7.39577394691553
O=C(CN1CCCC(c2ccnc(NC3CC3)n2)C1)c1c[nH]c2ccccc12,5.465973893943865
c1cc(C2CCCN(CCc3cn[nH]c3)C2)nc(NC2CC2)n1,5.351639989019068
OCCCNc1nccc(C2CCCN(CCc3c[nH]c4ccccc34)C2)n1,6.756961951313706
COCCCNc1nccc(C2CCCN(CCc3c[nH]c4ccccc34)C2)n1,7.106238237942057
Cc1ccc2c(OCCN3CCC(Cc4cccc(N5C[C@H](C)N[C@H](C)C5)c4)CC3)cccc2n1,8.700057099977233
Cc1ccc2c(OCCN3CCC(Cc4cccc(N5CCN(C)CC5)c4)CC3)cccc2n1,9.0
Cc1ccc2c(OCCN3CCC(Cc4cccc(N5CCN(C)C(=O)C5)c4)CC3)cccc2n1,8.100015437450608
Cc1ccc2c(OCCN3CCC(Cc4cccc(N5CCCCC5)c4)CC3)cccc2n1,8.400007822415901
Cc1ccc2c(OCCN3CCC(Cc4cccc(N5C[C@H](C)O[C@H](C)C5)c4)CC3)cccc2n1,8.599980364934842
Cc1ccc2c(OCCN3CCC(Cc4cccc(N5CCCN(C)CC5)c4)CC3)cccc2n1,8.599980364934842
Cc1ccc2c(OCCN3CCC(Cc4cccc(N5CCCC5)c4)CC3)cccc2n1,8.0
Cc1ccc2c(OCCN3CCC(Cc4cccc(C5CCN(C)CC5)c4)CC3)cccc2n1,8.500038134403809
CC(=O)N1CCC(c2cccc(CC3CCN(CCOc4cccc5nc(C)ccc45)CC3)c2)CC1,7.899974269892137
Cc1ccc2c(OCCN3CCC(Cc4cccc(-c5cccnc5)c4)CC3)cccc2n1,8.299988937677888
Cc1ccc2c(OCCN3CCC(Cc4cccc(-c5ccccc5)c4)CC3)cccc2n1,7.199970640755866
Cc1ccc2c(OCCN3CCC(Cc4cccc(-c5ccoc5)c4)CC3)cccc2n1,7.50003813440381
Cc1ccc2c3c(ccc2n1)OC[C@H](CN1CCCN(c2ccc4cc(F)ccc4n2)CC1)O3,8.823908740944319
Cc1ccc2c3c(ccc2n1)OC[C@H](CN1CCCN(c2ccc4cc(C#N)ccc4n2)CC1)O3,8.698970004336019
Cc1ccc2c3c(ccc2n1)OC[C@H](CN1CCCN(c2ccc4ccccc4n2)CC1)O3,8.167491087293763
Cc1ccc2c3c(ccc2n1)OC[C@H](CN1CCN(c2ccc4cc(C#N)ccc4n2)C[C@H]1C)O3,8.55284196865778
Cc1ccc2c3c(ccc2n1)OC[C@H](CN1CCN(c2ccc4ccccc4n2)CC1)O3,7.325138859262188
Cc1ccc2c3c(ccc2n1)OC[C@H](CN1CCN(c2ccc4cc(C(N)=O)ccc4n2)CC1)O3,8.142667503568731
Cc1ccc2c3c(ccc2n1)OC[C@H](CN1CCN(c2ccc4cc(Br)ccc4n2)CC1)O3,7.764471553092451
Cc1ccc2c3c(ccc2n1)OC[C@H](CN1CCN(c2ccc4cc(Cl)ccc4n2)CC1)O3,6.669383332705562
Cc1ccc2c3c(ccc2n1)OC[C@H](CN1CCN(c2ccc4cc([N+](=O)[O-])ccc4n2)CC1)O3,7.698970004336019
Cc1ccccc1C1CN(CCCc2cn(CCCN3CCN(c4ncccn4)CC3)nn2)CCc2cc(O)c(O)cc21,6.097453220686009
Cc1ccccc1C1CN(CCCc2cn(CCCN3CCN(c4ccccc4O)CC3)nn2)CCc2cc(O)c(O)cc21,7.008773924307505
Cc1cccc(C2CN(CCCc3cn(CCCN4CCN(c5ncccn5)CC4)nn3)CCc3cc(O)c(O)cc32)c1,6.188424994129407
COc1ccccc1N1CCN(CCCn2cc(CN3CCc4cc(O)c(O)cc4C(c4cccc(C)c4)C3)nn2)CC1,6.34008379993015
COc1ccccc1N1CCN(CCCn2cc(CCCCN3CCc4cc(O)c(O)cc4C(c4cccc(C)c4)C3)nn2)CC1,6.876148359032914
COc1ccccc1N1CCN(CCCc2cn(CCCN3CCc4cc(O)c(O)cc4C(c4ccccc4C)C3)nn2)CC1,6.978810700930062
CCN(CC)CCCc1cn(CCCN2CCN(c3ccccc3OC)CC2)nn1,6.419075024324381
COc1ccccc1N1CCN(CCN2C(=O)c3cccc4c(N)ccc(c34)C2=O)CC1,7.356547323513812
COc1ccccc1N1CCN(CCCN2C(=O)c3cccc4c(N)ccc(c34)C2=O)CC1,6.935542010773082
COc1ccccc1N1CCN(CCCCN2C(=O)c3cccc4c(N)ccc(c34)C2=O)CC1,8.167491087293763
COc1ccccc1N1CCN(CCCCCN2C(=O)c3cccc4c(N)ccc(c34)C2=O)CC1,9.173925197299171
COc1ccccc1N1CCN(CCN2C(=O)c3ccc(N(C)C)cc3C2=O)CC1,7.823908740944319
COc1ccccc1N1CCN(CCCN2C(=O)c3ccc(N(C)C)cc3C2=O)CC1,9.327902142064282
COc1ccccc1N1CCN(CCCCCN2C(=O)c3ccc(N(C)C)cc3C2=O)CC1,8.10790539730952
COc1ccccc1N1CCN(CCCNS(=O)(=O)c2cccc3c(N(C)C)cccc23)CC1,7.5376020021010435
COc1ccccc1N1CCN(CCCCNS(=O)(=O)c2cccc3c(N(C)C)cccc23)CC1,6.82102305270683
O=c1c2ccccc2ncn1CCCN1CCN(c2cccc(Cl)c2)CC1,6.630005338391572
O=c1ccc(=O)n(-c2ccccc2)n1CCCCN1CCN(c2cccc(Cl)c2)CC1,7.299988937677887
COc1ccccc1N1CCN(CCCn2c(=O)ccc(=O)n2-c2ccccc2)CC1,7.270025714300444
COc1ccccc1N1CCN(CCCCn2c(=O)ccc(=O)n2-c2ccccc2)CC1,7.96018944585165
COc1ccccc1N1CCN(CCCn2cnc3ccccc3c2=O)CC1,7.0
COc1ccccc1N1CCN(CCCn2c(=O)c3ccccc3c(=O)n2-c2ccccc2)CC1,7.519993057042849
O=c1ccc(=O)n(-c2ccccc2)n1CCCN1CCN(c2cccc(Cl)c2)CC1,6.69000807121882
O=C1/C(=C/c2ccccc2N2CCNCC2)SCCN1c1ccc(F)cc1F,8.397940008672037
Fc1ccc(Oc2ccccc2N2CCNCC2)cc1,8.096910013008056
O=C1C(Cc2ccccc2N2CCNCC2)SCCN1c1ccc(Cl)c(Cl)c1,8.045757490560675
Fc1cccc(Oc2ccccc2N2CCNCC2)c1,8.045757490560675
Fc1cccc(Oc2ccccc2C2CCNCC2)c1,7.958607314841775
Fc1cccc(Oc2cccc(F)c2C2CCNCC2)c1,7.67778070526608
Fc1ccccc1COc1ccccc1N1CCNCC1,7.508638306165727
Fc1ccccc1COc1ccccc1C1CCNCC1,7.327902142064283
Cc1ccc(F)c(Oc2ccccc2C2CCNCC2)c1,7.244125144327507
c1ccc(Oc2ccccc2C2CCNCC2)cc1,7.200659450546418
Fc1cccc(OCc2ccccc2N2CCNCC2)c1F,6.995678626217358
Fc1ccc(Oc2ccccc2C2CCNCC2)cc1,6.931814138253839
c1ccc(COc2ccccc2C2CCNCC2)cc1,6.91721462968355
Fc1cccc(Oc2ccccc2)c1C1CCNCC1,6.892790030352131
c1ccc(Oc2ccccc2N2CCNCC2)cc1,6.892790030352131
Fc1ccc(Oc2cccc(F)c2C2CCNCC2)cc1,6.806875401645538
c1ccc(OCc2ccccc2N2CCNCC2)cc1,6.723538195826756
Fc1cccc(OCc2ccccc2)c1C1CCNCC1,6.438898616350944
c1ccc(N2CCNCC2)c(COc2ccccc2C2CC2)c1,6.33161408331
O=C1NCCc2cc(F)c3c(c21)CC(NCCCc1c[nH]c2ccc(F)cc12)CO3,8.221848749616356
CN(CCCc1c[nH]c2ccc(F)cc12)C1COc2ccc3c(c2C1)C(=O)NCC3,7.638272163982407
CCN(CCCc1c[nH]c2ccc(F)cc12)C1COc2ccc3c(c2C1)C(=O)NCC3,8.221848749616356
CCCN(CCCc1c[nH]c2ccc(F)cc12)C1COc2ccc3c(c2C1)C(=O)NCC3,7.886056647693163
CC(C)N(CCCc1c[nH]c2ccc(F)cc12)C1COc2ccc3c(c2C1)C(=O)NCC3,6.889410289700751
CC(C)CN(CCCc1c[nH]c2ccc(F)cc12)C1COc2ccc3c(c2C1)C(=O)NCC3,6.032920265855503
O=C1NCCc2ccc3c(c21)CC(N(CCCc1c[nH]c2ccc(F)cc12)CCC(F)(F)F)CO3,6.015022873584506
O=C1NCCc2ccc3c(c21)CC(N(CCCc1c[nH]c2ccc(F)cc12)C(=O)c1ccccc1)CO3,5.913640169325252
O=C1NCc2ccc3c(c21)CC(NCCCc1c[nH]c2ccc(F)cc12)CO3,7.619788758288394
CN(CCCc1c[nH]c2ccc(F)cc12)C1COc2ccc3c(c2C1)C(=O)NC3,7.657577319177793
CCN(CCCc1c[nH]c2ccc(F)cc12)C1COc2ccc3c(c2C1)C(=O)NC3,8.698970004336019
O=C1NCc2ccc3c(c21)CC(N(CCCc1c[nH]c2ccc(F)cc12)CC1CC1)CO3,8.246672333341388
O=C1NCc2ccc3c(c21)CC(N(CCCc1c[nH]c2ccc(F)cc12)C(=O)c1ccccc1)CO3,7.070581074285707
N#Cc1ccc2[nH]cc(CCCNC3COc4ccc5c(c4C3)C(=O)NC5)c2c1,7.443697499232712
C=CCc1ccc2c(c1O)-c1cc(OC)cc3c1[C@@H](C2)N(C)CC3,6.841637507904751
C=CCOc1cccc2c1-c1cc(OC)cc3c1[C@@H](C2)N(C)CC3,7.180456064458132
Cc1cc2ccc3c(c2o1)-c1cccc2c1[C@@H](C3)N(C)CC2,7.5376020021010435
C#CCOc1cccc2c1-c1cccc3c1[C@@H](C2)N(C)CC3,7.853871964321762
C=CCc1ccc2c(c1O)-c1cccc3c1[C@@H](C2)N(C)CC3,6.8696662315049934
CC#CCOc1cccc2c1-c1cccc3c1[C@@H](C2)N(CCC)CC3,6.903089986991944
C=CCc1ccc2c(c1O)-c1cccc3c1[C@@H](C2)N(CCC)CC3,6.100726812682396
CCCN1CCc2cccc3c2[C@H]1Cc1cccc(OCC=C(C)C)c1-3,6.826813731587726
C=C(C)COc1cccc2c1-c1cccc3c1[C@@H](C2)N(CCC)CC3,6.428291168191312
C=CCOc1cccc2c1-c1cccc3c1[C@@H](C2)N(CCC)CC3,6.554395796726403
COc1cc2c3c(c1)-c1c(O)cccc1C[C@H]3N(C)CC2,6.58838029403677
CN1CCc2cccc3c2[C@H]1Cc1cccc(O)c1-3,7.309803919971486
CC1Cc2ccc3c(c2O1)-c1cc(O)cc2c1[C@@H](C3)N(C)CC2,7.920818753952375
C=CC(C)c1ccc(O)c2c1C[C@@H]1c3c(cccc3-2)CCN1CCC,6.20342566678957
CCCN1CCc2cccc3c2[C@H]1Cc1ccc2c(c1-3)OC(C)C2,6.468521082957745
Fc1ccc2[nH]cc(C3=CCN(CCc4coc5ccccc45)CC3)c2c1,6.605548319173784
Fc1ccc2c(C3=CCN(CCc4coc5ccccc45)CC3)c[nH]c2c1,7.249491605148654
C1=C(c2c[nH]c3ccccc23)CCN(CCc2coc3ccccc23)C1,7.442492798094342
Fc1ccc2occ(CCN3CC=C(c4c[nH]c5ccccc45)CC3)c2c1,6.721246399047171
Fc1ccc2[nH]cc(C3=CCN(CCc4coc5ccc(F)cc45)CC3)c2c1,6.522878745280337
COc1ccc2c(CCN3CC=C(c4c[nH]c5ccccc45)CC3)coc2c1,7.249491605148654
COc1ccc2c(CCN3CC=C(c4c[nH]c5cc(F)ccc45)CC3)coc2c1,6.518557371497695
COc1cccc2c(CCN3CC=C(c4c[nH]c5ccccc45)CC3)coc12,8.072629636960976
COc1cccc2c(CCN3CC=C(c4c[nH]c5cc(F)ccc45)CC3)coc12,7.958607314841775
COc1cccc2c(CCN3CC=C(c4c[nH]c5ccc(F)cc45)CC3)coc12,7.995678626217358
COc1cccc2c(C(C)CN3CC=C(c4c[nH]c5ccccc45)CC3)coc12,7.534617148551582
Fc1ccccc1Oc1cccc(F)c1C1CCNCC1,8.337242168318426
Fc1ccccc1Oc1ncccc1C1CCNCC1,7.886056647693163
Clc1ccccc1Oc1ncccc1C1CCNCC1,7.795880017344075
Cc1ccccc1Oc1ncccc1C1CCNCC1,7.221848749616356
FC(F)(F)c1ccccc1Oc1ncccc1C1CCNCC1,7.1487416512809245
Clc1cccc(Oc2ncccc2C2CCNCC2)c1Cl,7.431798275933005
Fc1cccc(Oc2ncccc2C2CCNCC2)c1F,6.761953896871205
Cc1ccc(Oc2ncccc2C2CCNCC2)c(F)c1,8.259637310505756
Clc1ccc(Oc2ncccc2C2CCNCC2)c(Cl)c1,7.431798275933005
Fc1ccc(Oc2ncccc2C2CCNCC2)c(F)c1,7.5376020021010435
Cc1cccc(F)c1Oc1ncccc1C1CCNCC1,8.0
Fc1cccc(Cl)c1Oc1ncccc1N1CCNCC1,8.431798275933005
c1ccc(OCCNCC2COC(c3ccccc3)(c3ccccc3)O2)cc1,8.45001638884031
COc1ccccc1OCCNCC1COC(c2ccccc2)(c2ccccc2)O1,9.219970872662662
Cc1ccccc1OCCNCC1COC(c2ccccc2)(c2ccccc2)O1,8.079981083971084
COc1ccccc1CCCNCC1COC(c2ccccc2)(c2ccccc2)O1,8.100015437450608
COc1cccc(OCCNCC2COC(c3ccccc3)(c3ccccc3)O2)c1,8.580044251510243
CCOc1ccccc1OCCNCC1COC(c2ccccc2)(c2ccccc2)O1,9.049976093476673
CC(C)Oc1ccccc1OCCNCC1COC(c2ccccc2)(c2ccccc2)O1,8.770062314092065
c1ccc(-c2ccccc2OCCNCC2COC(c3ccccc3)(c3ccccc3)O2)cc1,8.659952682338607
c1ccc(-c2cccc(OCCNCC3COC(c4ccccc4)(c4ccccc4)O3)c2)cc1,7.540004743952609
COc1ccccc1OCCNCC1CSC(c2ccccc2)(c2ccccc2)S1,9.890084136976206
COc1ccc(OC(CCN2CCN(c3ccccc3OC)CC2)c2ccccc2)cc1,7.0499760934766735
COc1ccccc1N1CCN(CC/C(=N\O)c2ccccc2)CC1,7.759950227887352
O=C(CCN1CCN(c2ccc(Cl)cc2)CC1)c1ccccc1,6.0999990348465305
OC(CCN1CCN(c2ccc(Cl)cc2)CC1)c1ccccc1,6.0999990348465305
Clc1ccc(N2CCN(CCC(Oc3ccc4c(c3)OCO4)c3ccccc3)CC2)cc1,6.260000690598032
Cc1ccc(OC(CCN2CCN(c3ccc(Cl)cc3)CC2)c2ccccc2)cc1,5.8399999311187
COc1ccc(N2CCN(CCC(=O)c3ccccc3)CC2)cc1,5.300000202445418
COc1ccc(N2CCN(CCC(Oc3ccc(C(F)(F)F)cc3)c3ccccc3)CC2)cc1,5.300000202445418
O=C(CCN1CCN(c2ncccn2)CC1)c1ccccc1,6.919987152892072
FC(F)(F)c1ccc(OC(CCN2CCN(c3ncccn3)CC2)c2ccccc2)cc1,5.800000874803203
OC(CCN1CCN(c2ccccc2Cl)CC1)c1ccccc1,6.9399824574684
FC(F)(F)c1ccc(OC(CCN2CCN(c3ccccc3Cl)CC2)c2ccccc2)cc1,5.300000202445418
O=C(CCN1CCN(c2ccccn2)CC1)c1ccccc1,7.299988937677887
O=C(CCN1CCN(c2ccc([N+](=O)[O-])cc2)CC1)c1ccccc1,5.300000202445418
O=[N+]([O-])c1ccc(N2CCN(CCC(O)c3ccccc3)CC2)cc1,5.300000202445418
O=[N+]([O-])c1ccc(N2CCN(CCC(Oc3ccc(C(F)(F)F)cc3)c3ccccc3)CC2)cc1,5.300000202445418
COc1ccccc1N1CCN(CCC(O)c2ccc(-c3ccccc3)cc2)CC1,6.069998998990925
COc1ccc(C(=O)CCN2CCN(c3ccccc3OC)CC2)cc1,5.760000207113128
COc1ccccc1N1CCN(CCC(=O)c2ccc([N+](=O)[O-])cc2)CC1,7.299988937677887
COc1ccccc1N1CCN(CCC(O)c2ccc([N+](=O)[O-])cc2)CC1,8.0
COc1ccccc1N1CCN(CCC(O)c2ccsc2)CC1,7.299988937677887
COc1ccccc1N1CCN(CCC(Oc2ccc(C(F)(F)F)cc2)c2ccsc2)CC1,6.589999287456538
COc1ccccc1N1CCN(CCC(Oc2cccc3ccccc23)c2ccsc2)CC1,6.740000204918113
COc1ccccc1N1CCN(CC/C(=N\O)c2ccsc2)CC1,8.18996921359416
O=C(CCN1CCN(c2ccc(Cl)cc2)CC1)c1ccsc1,6.149997413907539
O=C(CCN1CCN(c2cccc3ccccc23)CC1)c1ccsc1,7.460046158343603
Cc1cc(C(O)CCN2CCN(c3ccccc3O)CC2)c(C)s1,7.044962012975702
O=C(CCN1CCN(c2ccccc2Cl)CC1)c1ccsc1,6.699991797446187
OC(CCN1CCN(c2ccc(Cl)cc2)CC1)c1ccsc1,5.559999795538785
COc1ccccc1N1CCN(CCC(Oc2cccc3ccccc23)c2cccs2)CC1,6.659992382003327
COc1ccccc1N1CCN(CCC(O)c2cccs2)CC1,7.720105019988362
OC(CCN1CCN(c2ccc(Cl)cc2)CC1)c1cccs1,5.300000202445418
COc1ccccc1N1CCN(CCC(=O)c2ccc([N+](=O)[O-])s2)CC1,6.470005326930858
COc1ccccc1N1CCN(CCC(=O)c2ccc3ccccc3c2)CC1,6.599997654072044
COc1ccccc1N1CCN(CCC(O)c2ccc3ccccc3c2)CC1,6.3799993576999325
O=C(CCN1CCN(c2ccc(Cl)cc2)CC1)c1ccc2ccccc2c1,5.300000202445418
OC(CCN1CCN(c2ccc(Cl)cc2)CC1)c1ccc2ccccc2c1,5.300000202445418
O=C(CCN1CCN(c2ccccc2O)CC1)c1ccc2ccccc2c1,6.0
COc1ccccc1N1CCN(CCC(O)c2csc3ccccc23)CC1,7.700057099977233
COc1cc(F)ccc1N1CCN(CCC(=O)c2csc3ccccc23)CC1,6.299997602857746
O=C(CCN1CCN(c2cccc3ccccc23)CC1)c1csc2ccccc12,7.0
OC(CCN1CCN(c2cccc3ccccc23)CC1)c1csc2ccccc12,7.179995693191682
OC(CCN1CCN(c2cccc3ncccc23)CC1)c1csc2ccccc12,7.430041181903406
OC(CCN1CCN(c2ccc3ncccc3c2)CC1)c1csc2ccccc12,6.260000690598032
OC(CCN1CCN(c2cccc3c2OCCCO3)CC1)c1csc2ccccc12,8.720105019988361
OC(CCN1CCN(c2cccc3cccnc23)CC1)c1csc2ccc(F)cc12,8.569924944448061
Cc1ccc2cccc(N3CCN(CCC(O)c4csc5ccc(F)cc45)CC3)c2n1,8.599980364934842
OC(CCN1CCN(c2cccc3c2OCCO3)CC1)c1csc2ccc(F)cc12,8.219970872662662
OC(CCN1CCN(c2cccc3c2OCCCO3)CC1)c1csc2ccc(F)cc12,8.51999305704285
COc1ccccc1N1CCN(CCC(=O)c2ccccc2)CC1,7.299988937677887
COc1ccc(N2CCN(CCC(O)c3ccccc3)CC2)cc1,5.300000202445418
FC(F)(F)c1ccc(OC(CCN2CCN(c3ccc(Cl)cc3)CC2)c2ccccc2)cc1,5.300000202445418
O=C(CCN1CCN(c2ccc(F)cc2)CC1)c1ccccc1,6.0999990348465305
OC(CCN1CCN(c2ccccn2)CC1)c1ccccc1,6.810004660035681
FC(F)(F)c1ccc(OC(CCN2CCN(c3ccccn3)CC2)c2ccccc2)cc1,5.800000874803203
OC(CCN1CCN(c2ccc3sccc3c2)CC1)c1csc2ccccc12,5.800000874803203
OC(CCN1CCN(c2cccc3cccnc23)CC1)c1csc2ccccc12,6.260000690598032
COc1cc(N2CCN(C3CCN(c4cccc5cccnc45)CC3)CC2)c2ncccc2c1,9.397940008672036
COc1cc(N2CCN(C3CCN(c4ccc(F)c5cc(F)cnc45)CC3)CC2)c2ncccc2c1,9.327902142064282
COc1cc(N2CCN(C3CCN(c4cccc5cc(C)cnc45)CC3)CC2)c2ncccc2c1,9.337242168318426
COc1cc(N2CCN(C3CCN(c4ccc(F)c5cccnc45)CC3)CC2)c2ncccc2c1,9.397940008672036
COc1cc(N2CCN(C3CCN(c4cc(Br)cc5cccnc45)CC3)CC2)c2ncccc2c1,9.214670164989233
COc1cc(N2CCN(C3CCN(c4cccc5c(C)ccnc45)CC3)CC2)c2ncccc2c1,9.214670164989233
COc1cc(N2CCN(C3CCN(c4cccc5cc(F)cnc45)CC3)CC2)c2ncccc2c1,9.102372908709558
COc1cc(N2CCN(C3CCN(c4ccc(F)c5c(OC)cc(C(F)(F)F)nc45)CC3)CC2)c2ncccc2c1,8.698970004336019
COc1cc(N2CCN(C3CCN(c4cccc5c(OC)cc(C(F)(F)F)nc45)CC3)CC2)c2ncccc2c1,8.67778070526608
COc1cc(N2CCN(C3CCN(c4cc(F)cc5cccnc45)CC3)CC2)c2ncccc2c1,8.468521082957745
COc1cc(N2CCN(C3CCN(c4ccc(F)c5c(C)cc(C)nc45)CC3)CC2)c2ncccc2c1,6.752026733638194
CCCCCCCC(O)CCc1ccc(O)c(OC)c1,5.020907099361674
CCCCCCC/C(O)=C/C(=O)/C=C/c1ccc(O)c(OC)c1,5.184422251675732
CCCCCC(=O)/C=C(O)/C=C/c1ccc(O)c(OC)c1,5.185086818724926
CCCCCCCCC/C=C/C(=O)CCc1ccc(O)c(OC)c1,5.2335871528876
CCCCCCC/C=C/C(=O)CCc1ccc(O)c(OC)c1,4.8843894883257
CCCCC/C=C/C(=O)CCc1ccc(O)c(OC)c1,4.744245213356956
COc1ccc(OC)c(C2CCN(Cc3cnn(-c4ccccc4F)c3C)C2)c1,6.987162775294828
CCOc1ccc(CN2CCN(Cc3cc4ccccc4o3)CC2)cc1,5.47638358094563
FCCCOc1ccc(CN2CCN(Cc3cc4ccccc4o3)CC2)cc1,5.481486060122113
FCCOc1cccc(CN2CCN(Cc3cc4ccccc4o3)CC2)c1,6.328827157284917
CCCOc1cccc(CN2CCN(Cc3cc4ccccc4o3)CC2)c1,6.111259039317107
CCOc1ccccc1CN1CCN(Cc2cc3ccccc3o2)CC1,6.329754146925876
CCCOc1ccccc1CN1CCN(Cc2cc3ccccc3o2)CC1,5.609418121449565
COc1ccccc1N1CCN(CCNC(=O)c2ccc3ccccc3c2)CC1,8.6345120151091
COc1ccccc1N1CCN(CCNS(=O)(=O)c2ccc3ccccc3c2)CC1,7.61261017366127
COc1ccccc1N1CCN(CCCNC(=O)c2ccc3ccccc3c2)CC1,7.749579997691106
COc1ccccc1N1CCN(CCCNS(=O)(=O)c2ccc3ccccc3c2)CC1,6.950781977329818
COc1ccccc1N1CCN(CCCCNS(=O)(=O)c2ccc3ccccc3c2)CC1,7.207608310501746
COc1ccccc1N1CCN(CCCCCNC(=O)c2ccc3ccccc3c2)CC1,7.267606240177032
COc1ccccc1N1CCN(CCCCCCNC(=O)c2ccc3ccccc3c2)CC1,6.991399828238082
CCCCC1CCN(CCCC(=O)c2ccccc2C)CC1,6.552841968657781
Cc1ccc2c(N3CCN(CCc4cccc5c4OCc4c(C(N)=O)ncn4-5)CC3)cccc2n1,9.66655272550325
Cc1ccc2c(N3CCN(CCc4cccc5c4OCc4nccn4-5)CC3)cccc2n1,9.899974269892136
Cc1cn2c(n1)COc1c(CCN3CCN(c4cccc5nc(C)ccc45)CC3)cccc1-2,9.700057099977233
Cc1ccc2c(N3CCN(CCc4cccc5c4OCc4nc(C)c(C)n4-5)CC3)cccc2n1,9.700057099977233
Cc1ccc2c(N3CCN(CCc4cccc5c4OCc4cncn4-5)CC3)cccc2n1,9.700057099977233
Cc1ccc2c(N3CCN(CCc4cccc5c4OCc4nnc(C)n4-5)CC3)cccc2n1,10.100015437450608
Cc1ccc2c(N3CCN(CCc4cccc5c4OCc4nnnn4-5)CC3)cccc2n1,9.299988937677888
CCOC(=O)c1ncn2c1COc1c(CCN3CCN(c4cccc5nc(C)ccc45)CC3)cccc1-2,9.199970640755865
CC(=O)c1ncn2c1COc1c(CCN3CCN(c4cccc5nc(C)ccc45)CC3)cccc1-2,9.500038134403807
Cc1ccc2c(N3CCN(CCc4cccc5c4OCc4c(C#N)ncn4-5)CC3)cccc2n1,9.0
Cc1ccc2c(N3CCN(CCc4cccc5c4OCc4c(C(=O)NC6CC6)ncn4-5)CC3)cccc2n1,9.899974269892136
Cc1ccc2c(N3CCN(CCc4cccc5c4OCc4c(C(=O)N6CCC6)ncn4-5)CC3)cccc2n1,9.79997073344623
Cc1ccc2c(N3CCN(CCc4cccc5c4OCc4c(C(=O)N6CCCC6)ncn4-5)CC3)cccc2n1,9.899974269892136
Cc1ccc2c(N3CCN(CCc4cccc5c4OCc4c(C(=O)N6CCCCC6)ncn4-5)CC3)cccc2n1,9.4000078224159
Cc1ccc2c(N3CCN(CCc4cccc5c4OCc4c(C(=O)N6CCOCC6)ncn4-5)CC3)cccc2n1,9.4000078224159
COc1cccc(OC)c1SCCNCCOc1ccccc1OCc1ccccc1,7.79997073344623
COc1cccc(OC)c1[S+](O)CCNCCOc1ccccc1OCc1ccccc1,8.500038134403809
CCOc1cccc(OCC)c1OCCNCCOc1ccccc1OCc1ccccc1,7.50003813440381
COc1cccc([N+](=O)[O-])c1OCCNCCOc1ccccc1OCc1ccccc1,7.79997073344623
COc1cccc(Cl)c1OCCNCCOc1ccccc1OCc1ccccc1,7.50003813440381
COc1cccc(C)c1OCCNCCOc1ccccc1OCc1ccccc1,8.400007822415901
Cc1cccc(C)c1OCCNCCOc1ccccc1OCc1ccccc1,7.79997073344623
Oc1cccc(O)c1OCCNCCOc1ccccc1OCc1ccccc1,7.899974269892137
O=C1NCc2ccc(OCCCN3CCN(c4cccc5cccc(F)c45)CC3)cc21,10.85078088734462
O=C1NCc2ccc(OCCCN3CCN(c4cccc5ccccc45)CC3)cc21,9.55579901113584
O=C1NCc2ccc(OCCCN3CCN(c4cccc5c4OCCC5)CC3)cc21,10.300162274132754
O=C1NCc2ccc(OCCCCN3CCN(c4cccc5cccc(F)c45)CC3)cc21,9.30042240860109
O=C1NCc2cc(F)c(OCCCCN3CCN(c4cccc5cccc(F)c45)CC3)cc21,9.928117992693874
c1ccc2c(N3CCN(CCCCOc4ccc5c(c4)CNC5)CC3)cccc2c1,9.6903698325741
Fc1ccc2cccc(N3CCN(CCCCOc4ccc5c(c4)CNC5)CC3)c2c1,9.614393726401689
O=C1NCc2ccc(OCCCN3CCN(c4cccc5c4CCCC5)CC3)cc21,9.570247719997592
O=C1NCc2ccc(OCCCCN3CCN(c4cccc5c4COCC5)CC3)cc21,9.554395796726402
O=C1NCc2ccc(OCCCN3CCN(c4cccc5cccc(F)c45)CC3)c(Cl)c21,9.505845405981557
O=C1NCc2cc(F)c(OCCCN3CCN(c4cccc5ccc(F)cc45)CC3)cc21,9.467245621007502
Cc1cc2c(cc1OCCCN1CCN(c3cccc4cc(F)ccc34)CC1)C(=O)NC2,9.286509456906057
Cc1c(OCCCN2CCN(c3cccc4ccccc34)CC2)ccc2c1C(=O)NC2,9.211124884224583
O=C1NCc2cc(F)c(OCCCCN3CCN(c4cccc5ccccc45)CC3)cc21,9.19586056766465
O=C1NCc2cc(F)c(OCCCN3CCN(c4cccc5ccccc45)CC3)cc21,9.173277479831007
O=C1NCc2ccc(OCCCN3CCN(c4cccc5ccccc45)CC3)c(Cl)c21,9.104577453960593
Cc1cc2c(cc1OCCCCN1CCN(c3cccc4ccccc34)CC1)C(=O)NC2,9.09528445472132
O=C1NCc2ccc(OCCCCN3CCN(c4cccc5ccc(F)cc45)CC3)cc21,9.076755981369724
Cc1c(OCCCN2CCN(c3cccc4cc(F)ccc34)CC2)ccc2c1C(=O)NC2,8.96657624451305
Cc1cc2c(cc1OCCCN1CCN(c3cccc4cccc(F)c34)CC1)C(=O)NC2,8.84163750790475
O=C1NCc2ccc(OCCCCN3CCN(c4cccc5c4CCO5)CC3)cc21,8.838631997765026
O=C1NCc2ccc(OCCCN3CCN(c4cccc5c4CCO5)CC3)cc21,8.835647144215564
O=C1NCc2ccc(OCCCN3CCN(c4cccc5cc(F)ccc45)CC3)cc21,8.812479279163536
O=C1NCc2cc(F)c(OCCCCN3CCN(c4cccc5ccc(F)cc45)CC3)cc21,8.752026733638193
O=C1NCc2ccc(OCCCCN3CCN(c4cccc5c4CCCC5)CC3)cc21,8.71669877129645
Cc1cc2c(cc1OCCCCN1CCN(c3cccc4cc(F)ccc34)CC1)C(=O)NC2,8.703334809738468
O=C1NCc2ccc(OCCCCN3CCN(c4cccc5c4CCOC5)CC3)cc21,8.701146923590294
Cc1c(OCCCN2CCN(c3cccc4cccc(F)c34)CC2)ccc2c1C(=O)NC2,8.671620396561263
O=C1NCc2cc(Cl)c(OCCCCN3CCN(c4cccc5ccccc45)CC3)cc21,8.630784142589857
Cc1c(OCCCCN2CCN(c3cccc4cccc(F)c34)CC2)ccc2c1C(=O)NC2,8.58335949266172
O=C1NCc2cc(F)c(OCCCCN3CCN(c4cccc5cc(F)ccc45)CC3)cc21,8.567030709125595
O=C1NCc2ccc(OCCCCN3CCN(c4cccc5ccccc45)CC3)c(F)c21,8.441291429466835
O=C1NCc2ccc(OCCCCN3CCN(c4cccc5cc(F)ccc45)CC3)c(F)c21,8.300162274132754
O=C1NCc2ccc(OCCCCN3CCN(c4cccc5c4COC5)CC3)cc21,8.162411561764488
O=C1NCc2ccc(OCCCCN3CCN(c4cccc5cc(F)ccc45)CC3)cc21,7.872895201635193
Cc1c(OCCCCN2CCN(c3cccc4cc(F)ccc34)CC2)ccc2c1C(=O)NC2,7.756961951313706
CCCCN1CCC(COC(=O)c2cc(Cl)c(NC)c3c2OCCO3)CC1,6.522878745280337
COc1cccc(CCN2CCN(c3ccccc3OC)CC2)c1,8.619788758288394
COc1ccccc1N1CCN(CCc2cccc(OCCCCCOc3cccc(CCN4CCN(c5ccccc5OC)CC4)c3)c2)CC1,8.769551078621726
CCCCCN1CCN(c2ccccc2OC)CC1,8.287350298372788
Cn1nc(S(=O)(=O)c2cccc3ccccc23)c2cc(N3CCNCC3)ccc21,5.749579997691106
Cc1ccc2c(N3CCN(CCc4cccc5c4CCC(=O)N5)CC3)cccc2n1,9.4000078224159
Cc1ccc2c(N3CCN(CCc4c(C)ccc5c4CCC(=O)N5C)CC3)cccc2n1,9.199970640755865
Cc1ccc2c(N3CCN(CCc4cccc5[nH]c(=O)ccc45)CC3)cccc2n1,9.199970640755865
Cc1ccc2c(N3CCN(CCc4c(F)ccc5c4ccc(=O)n5C)CC3)cccc2n1,9.4000078224159
Cc1ccc2c(N3CCN(CCc4c(Cl)ccc5c4ccc(=O)n5C)CC3)cccc2n1,8.400007822415901
Cc1ccc2c(N3CCN(CCc4c(C)ccc5c4ccc(=O)n5C)[C@@H](C)C3)cc(F)cc2n1,8.400007822415901
Cc1ccc2c(N3CCN(CCc4cccc5c4ccc(=O)n5C)C(C)(C)C3)cccc2n1,8.79997073344623
Cc1ccc2c(C3CCN(CCc4c(C)ccc5c4ccc(=O)n5C)CC3)cccc2n1,8.899974269892137
Cc1ccc2c(N3CCN(CCc4cccc(N5CCNC5=O)c4)CC3)cccc2n1,9.4000078224159
Cc1ccc2c(N3CCN(CCc4cccc(NC(=O)c5scnc5C)c4)CC3)cccc2n1,9.4000078224159
Cc1ccc2c(N3CCN(CCc4cccc(-n5cccn5)c4)CC3)cccc2n1,9.299988937677888
Cc1ccc2c(N3CCN(CCc4cccc(NC(=O)c5cnccn5)c4)CC3)cccc2n1,9.299988937677888
Cc1ccc2c(N3CCN(CCc4cccc(NC(=O)c5csc(C)n5)c4)CC3)cccc2n1,9.100015437450608
Cc1ccc2c(N3CCN(CCc4cccc(NS(C)(=O)=O)c4)CC3)cccc2n1,9.100015437450608
Cc1ccc2c(N3CCN(CCc4cccc(NC(=O)c5ccccc5F)c4)CC3)cccc2n1,9.0
Cc1ccc2c(N3CCN(CCc4cccc(NC(=O)c5ccccc5)c4)CC3)cccc2n1,9.0
CCC(=O)Nc1cccc(CCN2CCN(c3cccc4nc(C)ccc34)CC2)c1,8.700057099977233
Cc1ccc2c(N3CCN(CCc4cccc(NC(=O)Nc5ccc(F)cc5)c4)CC3)cccc2n1,8.599980364934842
Cc1ccc2c(N3CCN(CCc4cccc(N5C(=O)CCC5=O)c4)CC3)cccc2n1,8.500038134403809
COc1ccc(C(=O)Nc2cccc(CCN3CCN(c4cccc5nc(C)ccc45)CC3)c2)cc1,8.500038134403809
Cc1ccc2c(N3CCN(CCc4cccc(NC(=O)Nc5cccc(F)c5)c4)CC3)cccc2n1,8.400007822415901
Cc1ccc2c(N3CCN(CCc4cccc(NC(=O)Nc5ccccc5)c4)CC3)cccc2n1,8.400007822415901
CCCNC(=O)Nc1cccc(CCN2CCN(c3cccc4nc(C)ccc34)CC2)c1,8.299988937677888
Cc1ccc2c(N3CCN(CCc4cccc(NC(=O)C(C)(C)C)c4)CC3)cccc2n1,8.199970640755867
Cc1ccc2c(N3CCN(CCc4cccc(NC(=O)NC(C)(C)C)c4)CC3)cccc2n1,8.100015437450608
Cc1ccc2c(N3CCN(CCc4cccc(N)c4)CC3)cccc2n1,7.79997073344623
c1ccc(Oc2ccccc2OC2CNC2)cc1,7.244125144327507
Fc1ccccc1Oc1ccccc1OC1CNC1,7.657577319177793
Fc1ccccc1Oc1cccc(F)c1OC1CNC1,7.920818753952375
Fc1cccc(Cl)c1Oc1cccc(F)c1OC1CNC1,9.0
Fc1cccc(Oc2c(Cl)cccc2Cl)c1OC1CNC1,8.221848749616356
Fc1cccc(Oc2cccc(Cl)c2Cl)c1OC1CNC1,7.795880017344075
Fc1cccc(Cl)c1Oc1cccc(F)c1OC1CCNCC1,8.096910013008056
Cc1cccc(F)c1Oc1cccc(F)c1OC1CCNCC1,8.397940008672037
Fc1ccccc1Oc1cccc(F)c1OC1CCCNC1,7.045757490560675
Fc1ccccc1Oc1cccc(F)c1OC1CCNC1,8.096910013008056
CCCN1CCc2cccc3c2C1Cc1cccc(OCCCn2cc(CCN4CCN(c5ccccc5OC)CC4)nn2)c1-3,8.119758224104519
COc1ccccc1N1CCN(CC(F)CCNC(=O)c2ccc(-c3ccccn3)cc2)CC1,7.309803919971486
COc1ccccc1N1CCN(CC(F)CCNC(=O)c2cc3ccccc3o2)CC1,7.421360790031928
COc1ccc2oc(C(=O)NCCC(F)CN3CCN(c4cccc(Cl)c4Cl)CC3)cc2c1,6.300162274132754
COc1ccccc1N1CCN(CC(F)CCNC(=O)c2cc3ccccc3[nH]2)CC1,6.995678626217358
O=C(NCCC(F)CN1CCN(c2cccc(Cl)c2Cl)CC1)c1cc2ccccc2[nH]1,6.651695136951839
COc1ccccc1N1CCN(CC(F)CCNC(=O)c2cc3ccccc3s2)CC1,6.856985199745905
O=C(NCCC(F)CN1CCN(c2cccc(Cl)c2Cl)CC1)c1cc2ccccc2s1,5.669586226650809
O=C(N(CCN1CCN(c2ccccc2O)CC1)c1ccccn1)C12C3C4C1C1C2C3C41I,8.991399828238082
COc1ccccc1N1CCN(CCN(C(=O)C23CC4CC(CC(I)(C4)C2)C3)c2ccccn2)CC1,8.667561540084394
COc1ccccc1N1CCN(CCN(C(=O)C23CCC(I)(CC2)CC3)c2ccccn2)CC1,8.954677021213342
COc1ccccc1N1CCN(CCN(C(=O)C23CCC(I)(CC2)C3)c2ccccn2)CC1,9.060480747381382
O=C(N(CCN1CCN(c2ccccc2O)CC1)c1ccccn1)C12CCC(I)(CC1)CC2,8.709965388637482
O=C(N(CCN1CCN(c2ccccc2O)CC1)c1ccccn1)C12CCC(I)(CC1)C2,9.327902142064282
O=C1CCc2ccc(CCCCCN3CCN(c4cccc(Cl)c4Cl)CC3)nc2N1,7.943095148663527
O=C1CCc2ccc(OCCCCN3CCN(c4ccccc4Cl)CC3)nc2N1,8.337242168318426
O=C1CCc2ccc(OCCCCN3CCN(c4cccc(F)c4Cl)CC3)nc2N1,8.769551078621726
Cc1cccc(N2CCN(CCCCOc3ccc4c(n3)NC(=O)CC4)CC2)c1Cl,7.860120913598763
Cc1ccccc1N1CCN(CCCCOc2ccc3c(n2)NC(=O)CC3)CC1,8.4089353929735
Cc1cccc(N2CCN(CCCCOc3ccc4c(n3)NC(=O)CC4)CC2)c1C,8.070581074285707
Cc1c(Cl)cccc1N1CCN(CCCCOc2ccc3c(n2)NC(=O)CC3)CC1,8.075720713938118
O=C1CCc2ccc(OCCCCN3CCN(c4cccc(Cl)c4F)CC3)nc2N1,8.920818753952375
O=C1CCc2ccc(OCCCCN3CCN(c4cccc(C(F)(F)F)c4Cl)CC3)nc2N1,9.022276394711152
O=C1CCc2ccc(OCCCCN3CCN(c4cccc(Cl)c4C(F)(F)F)CC3)nc2N1,8.455931955649724
O=C1CCc2ccc(OCCCCN3CCN(c4cccc5c4CCC5)CC3)nc2N1,8.200659450546418
O=C1CCc2ccc(OCCCCN3CCN(c4cccc5c4CCCC5)CC3)nc2N1,7.552841968657781
O=C1CCc2ccc(OCCCCN3CCN(c4cccc5c4CCCO5)CC3)nc2N1,9.10790539730952
O=C1CCc2ccc(OCCCCN3CCN(c4cccc5c4OCCC5)CC3)nc2N1,8.958607314841775
O=C1CCc2ccc(OCCCCN3CCN(c4cccc5ccccc45)CC3)nc2N1,8.431798275933005
O=C1CCc2ccc(OCCCCN3CCN(c4c(F)ccc5ccccc45)CC3)nc2N1,9.075720713938118
O=C1CCc2ccc(OCCCCN3CCN(c4cc(F)cc5ccccc45)CC3)nc2N1,8.481486060122112
O=C1CCc2ccc(OCCCCN3CCN(c4cccc5cc(F)ccc45)CC3)nc2N1,8.920818753952375
O=C1CCc2ccc(OCCCCN3CCN(c4cccc5cccc(F)c45)CC3)nc2N1,9.113509274827518
O=C1C2CCCN2C(=O)N1CCCCN1CCN(c2cccc3ccccc23)CC1,8.619788758288394
COc1ccccc1N1CCN(CCCCN2C(=O)N3CCCC3(CCCCCCCNS(=O)(=O)c3cccc4c(N(C)C)cccc34)C2=O)CC1,7.823908740944319
CN(C)c1cccc2c(S(=O)(=O)NCCCCCCCC34CCCN3C(=O)N(CCCCN3CCN(c5cccc6ccccc56)CC3)C4=O)cccc12,8.301029995663981
COc1ccccc1N1CCN(CCCCN2C(=O)N3CCCC3(CCNCCCCCNS(=O)(=O)c3cccc4c(N(C)C)cccc34)C2=O)CC1,8.154901959985743
COc1ccccc1N1CCN(CCCCN2C(=O)N3CCCC3(CCCCNCCCCCNS(=O)(=O)c3cccc4c(N(C)C)cccc34)C2=O)CC1,8.045757490560675
CN(C)S(=O)(=O)c1ccc2c(N3CCN(CCCCN4C(=O)C5CCCN5C4=O)CC3)cccc2c1,7.008773924307505
Fc1ccc(N2CCN(CCC(Oc3ccc(C(F)(F)F)cc3)c3ccccc3)CC2)cc1,5.300000202445418
COc1cc(Cl)ccc1N1CCN(CCC(O)c2csc3ccccc23)CC1,6.439997673226633
COc1cc(F)ccc1N1CCN(CCC(O)c2csc3ccccc23)CC1,6.299997602857746
COc1ccc(N2CCN(CCC(O)c3ccc(-c4ccccc4)cc3)CC2)cc1,6.069998998990925
O=C(CCN[C@H]1CCN(c2ccc([N+](=O)[O-])cc2C(F)(F)F)C1)c1csc2ccccc12,7.299988937677887
N#Cc1ccc(N2CCCN(CCC(O)c3csc4ccccc34)CC2)cc1,5.499999678657065
CCCC(=O)Oc1cccc2c1-c1cccc3c1[C@@H](C2)N(CCC)CC3,7.924453038607469
CCCN1CCc2cccc3c2C1Cc1cccc(OC(=O)Nc2cccc4ccccc24)c1-3,6.906578314837765
CCCC(=O)Nc1cccc2c1-c1cccc3c1[C@@H](C2)N(CCC)CC3,6.42021640338319
Nc1nccc(-c2c[nH]c3cccc(O)c23)n1,6.164943898279883
CCN/C(=N\S(=O)(=O)c1cccc(Cl)c1)N1CC2(C=N1)CCNCC2,5.0
COc1ccccc1N1CCN(CCN(C(=O)C23CC4CC(CC(CF)(C4)C2)C3)c2ccccn2)CC1,8.739928612014925
COc1ccccc1N1CCN(CCN(C(=O)C23CCC(CF)(CC2)CC3)c2ccccn2)CC1,9.057991946977689
COc1ccccc1N1CCN(CCN(C(=O)C23CCC(CF)(CC2)C3)c2ccccn2)CC1,9.05551732784983
O=C(N(CCN1CCN(c2ccccc2O)CC1)c1ccccn1)C12C3C4C1C1C2C3C41CF,9.236572006437065
OC1(c2ccc(Cl)cc2)CCN(CCCCc2ccc(F)cc2)CC1,6.181774106386045
Fc1ccc(SCCCN2CCC(c3ccc(Cl)cc3)CC2)cc1,6.342944147142896
O[S+](CCCN1CCC(c2ccc(Cl)cc2)CC1)c1ccc(F)cc1,6.212539525481585
Fc1ccc(CCCCN2CCN(c3ccc(Cl)cc3)CC2)cc1,6.950781977329818
Fc1ccc(OCCCN2CCN(c3ccc(Cl)cc3)CC2)cc1,7.096910013008056
Clc1ccc(N2CCN(CCCOc3ccccc3)CC2)cc1,6.812479279163537
Fc1ccc(CCCCN2CCN(c3ncccn3)CC2)cc1,8.065501548756432
Fc1ccc(SCCCN2CCN(c3ncccn3)CC2)cc1,7.031050319018657
Fc1ccc(SCCCN2CCN(c3ccccn3)CC2)cc1,8.207608310501746
Fc1ccc(OCCCN2CCN(c3ccccn3)CC2)cc1,8.443697499232712
c1ccc2nc(N3CCNCC3)ccc2c1,6.638272163982407
O=C1CCCC(=O)N1CCCCN1CCN(c2ccc3cc([N+](=O)[O-])ccc3n2)CC1,4.97469413473523
CC1CN(c2ccc3cc([N+](=O)[O-])ccc3n2)CCN1CCCCN1C(=O)CC2(CCCC2)CC1=O,6.109858539935423
O=C1CC2(CCCC2)CC(=O)N1CCCCN1CCN(c2ccc3cc([N+](=O)[O-])ccc3n2)CC1,5.958607314841775
CC1(C)CC(=O)N(CCCCN2CCN(c3ccc4cc([N+](=O)[O-])ccc4n3)CC2)C(=O)C1,5.6777807052660805
O=C1c2ccccc2C(=O)N1CCCCN1CCN(c2ccc3cc([N+](=O)[O-])ccc3n2)CC1,4.229147988357856
CC1(C)CC(=O)N(CCCCN2CCN(c3ccc4c(Cl)cccc4n3)CC2)C(=O)C1,5.853871964321762
CC(=O)Nc1ccc2nc(N3CCN(CCCCN4C(=O)CC5(CCCC5)CC4=O)CC3)ccc2c1,5.494850021680094
CC1CN(c2ccc3ccccc3n2)CCN1CCCCN1C(=O)c2ccccc2C1=O,7.886056647693163
CC1CN(c2ccc3ccccc3n2)CCN1CCCCN1C(=O)CC2(CCCC2)CC1=O,7.619788758288394
CC1CN(c2ccc3ccccc3n2)CCN1CCCCN1C(=O)CC(C)(C)CC1=O,7.823908740944319
CC1(C)CC(=O)N(CCCCN2CCN(c3ccc4ccccc4n3)CC2)C(=O)C1,7.958607314841775
O=C1c2ccc(F)cc2CC1CCN1CCCN(c2ccc(Cl)cc2)CC1,6.381951903287908
Fc1ccc(SCCCN2CCCN(c3ccc(Cl)cc3)CC2)cc1,6.774690718274137
Fc1ccc(OCCCN2CCCN(c3ccc(Cl)cc3)CC2)cc1,7.136677139879544
Fc1ccc(CCCCN2CCCN(c3ccc(Cl)cc3)CC2)cc1,7.040958607678906
Clc1ccc(N2CCCN(CCCc3nc4ccccc4s3)CC2)cc1,6.665546248849069
O=C(CCCCN1CCCN(c2ccc(Cl)cc2)CC1)c1nc2ccccc2s1,6.305394801066432
OC1(c2ccc(Cl)cc2)C[C@@H]2CC[C@H](C1)N2CCCCc1nc2ccccc2s1,6.562249437179612
Clc1ccc2c(c1)N=C(N1CCNCC1)c1cccnc1O2,6.425968732272281
Clc1ccc2c(c1)N=C(N1CCN(CCc3ccccc3)CC1)c1cccnc1O2,7.721246399047171
Clc1ccc2c(c1)N=C(N1CCN(C3CCCCC3)CC1)c1cccnc1O2,6.882728704344236
C[C@@H]1CCCN1CCc1cc2cc(C(=O)c3ccc(F)cc3)ccc2o1,6.364516253185088
O=C(NC1CCCC1)c1ccc(-c2ccc3c(c2)CCN(CCN2CCCC2)C3=O)cc1,5.059483515067432
C[C@@H]1CCCN1CCN1CCc2cc(-c3ccc(C(=O)N4CCCC4)cc3)ccc2C1=O,4.913640169325252
O=C(Cc1cccnc1)Nc1ccc(CCN2CCN(c3ccccc3)CC2)cc1,6.796423225022028
O=C(Cc1ccncc1)Nc1ccc(CCN2CCN(c3ccccc3)CC2)cc1,6.911863911299449
O=C(Nc1ccccc1)Nc1ccc(CCN2CCN(c3ccccc3)CC2)cc1,5.645123577483767
O=C(Nc1ccc(CCN2CCN(c3ccccc3)CC2)cc1)Nc1ccccn1,6.90031935889075
O=C(Nc1ccncc1)Nc1ccc(CCN2CCN(c3ccccc3)CC2)cc1,6.644356949779131
O=C(Nc1cccc(CCN2CCN(c3ccccc3)CC2)c1)Nc1ccccn1,8.123205023799299
c1ccc(CCN2CCN(c3ccccc3)CC2)cc1,7.364516253185088
OC1(c2ccc(Cl)cc2)CCN(CCCCc2nc3ccccc3s2)CC1,6.112945621949043
c1cnc(N2CCN(CCCCc3nc4ccccc4s3)CC2)nc1,8.18045606445813
c1ccc2c(c1)CCN(CCCCc1nc3ccccc3s1)C2,8.292429823902063
O=C(CCCN1CCN(c2ncccn2)CC1)c1nc2ccccc2s1,7.200659450546418
O=C(CCCCN1CCC2(CC1)C(=O)NCN2c1ccccc1)c1nc2ccccc2s1,6.987162775294828
O=C(CCCCN1Cc2ccccc2C1)c1nc2ccccc2s1,6.669586226650809
O=C(CCCCN1CCN(c2ccc(Cl)cc2)CC1)c1nc2ccccc2s1,7.548213564475709
O=C(CCCCN1CCN(c2ncccn2)CC1)c1nc2ccccc2s1,8.443697499232712
O=C(CCCCN1CCN(c2ccccc2)CC1)c1nc2ccccc2s1,8.443697499232712
O=C(CCCCN1CCC(c2ccccc2)CC1)c1nc2ccccc2s1,8.136677139879543
COc1cc(OC)c2c(c1CO)C[C@H]1c3cc4c(cc3CCN1C2)OCO4,6.2219283775708245
Clc1cccc(Cl)c1N=C1NCCN1,5.489999539566098
CC(Oc1c(Cl)cccc1Cl)C1=NCCN1,6.900008766455316
O=S(=O)(NCC1CCN(CCOc2ccccc2-c2ccccc2)CC1)c1ccc(Cl)s1,6.995678626217358
O=S(=O)(NCC1CCN(CCOc2cccc(F)c2)CC1)c1cccs1,6.075204004202088
CC(C)c1ccccc1OCCN1CCC(CNS(=O)(=O)c2ccc(F)cc2)CC1,6.85078088734462
O=S(=O)(NCC1CCN(CCOc2ccccc2-c2ccccc2)CC1)c1ccc(F)cc1,6.537602002101044
CC(C)c1ccccc1OCCN1CCC(CNS(=O)(=O)c2cccc(Cl)c2)CC1,6.982966660701219
CSc1ccccc1OCCN1CCC(CNS(=O)(=O)c2cccc(Cl)c2)CC1,7.744727494896693
O=S(=O)(NCC1CCN(CCOc2cccc(F)c2)CC1)c1cccc(Cl)c1,6.548213564475709
O=S(=O)(NC1CCN(CCOc2ccccc2)CC1)c1cccs1,6.6252516539898965
O=S(=O)(NC1CCN(CCOc2ccccc2-c2ccccc2)CC1)c1ccc(F)c(F)c1,6.504455662453552
O=C(NC1CCN(CCOc2ccccc2-c2ccccc2)C1)c1cccc(F)c1F,7.318758762624412
CC(C)c1ccccc1OCCN1CCC(NC(=O)c2ccc3ccccc3n2)C1,7.522878745280337
O=S(=O)(NC1CCN(CCOc2cccc3c2CCCC3)C1)c1cccs1,7.886056647693163
CC(C)c1ccccc1OCCN1CCC(NS(=O)(=O)c2cccc3cccnc23)C1,7.638272163982407
CSc1ccccc1OCCN1CCC(NS(=O)(=O)c2ccc(F)cc2)C1,8.0
O=S(=O)(NC1CCN(CCOc2ccccc2)C1)c1ccc(F)cc1,8.045757490560675
O=S(=O)(NC1CCN(CCOc2cccc3c2CCCC3)C1)c1ccc(F)cc1,7.657577319177793
O=S(=O)(NC1CCN(CCOc2ccccc2-c2ccccc2)C1)c1cc(F)ccc1F,7.091514981121351
CC(C)c1ccccc1OCCN1CCC(NS(=O)(=O)c2cccc(Cl)c2)C1,7.508638306165727
Clc1cccc(C2CCN(CCCCOc3ccc4scnc4c3)CC2)c1Cl,9.221848749616356
Cc1ccccc1-c1cccc(N2CCNCC2)c1,7.7594507517174
COc1cccc(OC)c1-c1cccc(N2CCNCC2)c1,6.826813731587726
c1ccc(-c2cccc(N3CCNCC3)c2)nc1,7.826813731587726
O=[N+]([O-])c1ccc(-c2cccc(N3CCNCC3)c2)cc1,7.503070351926785
c1ccc(-c2cccc(N3CCNCC3)c2)cc1,7.142064735280571
O=C(c1ccc2ccccc2c1)N(CCN1CC=C(c2ccccc2)CC1)c1ccccn1,8.077793722560983
O=C(c1cccc2ccccc12)N(CCN1CCN(c2ccccc2)CC1)c1ccccn1,7.445510839996181
COc1ccccc1N1CCN(CCN(C(=O)c2cnc3ccccc3n2)c2ccccn2)CC1,8.605548319173783
COc1ccccc1N1CCN(CCN(C(=O)c2cccc3ccccc23)c2ccccn2)CC1,8.723538195826755
CCCN1CCC(COc2nc3c(Cl)cccc3c3ccccc23)CC1,5.053744292800602
CCCN1CCC(COc2nc3c(F)cccc3c3ncccc23)CC1,5.3021606317816365
CCc1cccc(CC)c1Cc1ncc[nH]1,5.886056647693163
CCOC(=O)Cn1c(NCCCN2CCN(c3ccccc3)CC2)nc2c1c(=O)n(C)c(=O)n2C,6.228001199730223
Cn1c(=O)c2c(nc(NCCCN3CCN(c4ccccc4)CC3)n2C)n(C)c1=O,6.415002012352558
COc1ccccc1N1CCN(CCCN2C(=O)CCCn3c2nc2c3c(=O)n(C)c(=O)n2C)CC1,6.775001039460547
Cn1c(=O)c2c(nc3n2CCCC(=O)N3CCCN2CCN(c3cccc(Cl)c3)CC2)n(C)c1=O,7.219970872662661
COc1ccccc1N1CCN(CCCn2c(=O)ccn3c4c(=O)n(C)c(=O)n(C)c4nc23)CC1,7.982966660701219
Cn1c(=O)c2c(nc3n(CCCN4CCN(c5cccc(Cl)c5)CC4)c(=O)ccn23)n(C)c1=O,7.483993769613952
COc1ccccc1N1CCN(CCCN2C(=O)CCn3c2nc2c3c(=O)n(C)c(=O)n2C)CC1,7.665948559653108
Cn1c(=O)c2c(nc3n2CCC(=O)N3CCCN2CCN(c3cccc(Cl)c3)CC2)n(C)c1=O,7.368049173740783
COc1ccccc1N1CCN(CCCN2CCCCn3c2nc2c3c(=O)n(C)c(=O)n2C)CC1,7.763966852882364
Cn1c(=O)c2c(nc3n2CCCCN3CCCN2CCN(c3cccc(Cl)c3)CC2)n(C)c1=O,7.5730010412434625
COc1ccccc1N1CCN(CCCN2CCCn3c2nc2c3c(=O)n(C)c(=O)n2C)CC1,8.552997101533837
Cn1c(=O)c2c(nc3n2CCCN3CCCN2CCN(c3cccc(Cl)c3)CC2)n(C)c1=O,7.590066876668706
Cn1c(=O)c2c(nc3n2CCC(=O)N3CCCN2CCN(c3ncccn3)CC2)n(C)c1=O,7.376957565753618
Cn1c(=O)c2c(nc3n2CCCN3CCCN2CCN(c3ncccn3)CC2)n(C)c1=O,7.444059562181489
Cn1c(=O)c2c(nc3n(CCCN4CCN(c5ccccc5)CC4)c(=O)ccn23)n(C)c1=O,7.602059991327962
Cn1c(=O)c2c(nc3n2CCCN3CCCCN2CCN(c3ccccc3)CC2)n(C)c1=O,8.6779875614176
Cn1c(=O)c2c(nc3n2CCCCN3CCCN2CCN(c3ccccc3)CC2)n(C)c1=O,7.509058794643213
O=[N+]([O-])c1ccc(CCN2CCN(c3ccccc3)CC2)cc1[N+](=O)[O-],7.044793462458058
O=c1[nH]c2ccc(CCN3CCN(c4cccc(C(F)(F)F)c4)CC3)cc2[nH]c1=O,7.0
O=S(=O)(NCCCCN1CCN(c2cccc(Cl)c2Cl)CC1)c1cncc2ccccc12,7.229147988357855
O=S(=O)(NCCCCN1CCN(c2cccc(Cl)c2Cl)CC1)c1cc2ccccc2cn1,7.468521082957745
O=S(=O)(NCCCCN1CCN(c2cccc(Cl)c2Cl)CC1)c1cccc2cccnc12,6.950781977329818
O=S(=O)(NCCCCN1CCN(c2cccc(Cl)c2Cl)CC1)c1ccc2cccnc2c1,7.769551078621726
O=S(=O)(NCCCCN1CCN(c2cccc(Cl)c2Cl)CC1)c1ccc2ncccc2c1,7.102372908709558
O=S(=O)(NCCCCN1CCN(c2cccc(Cl)c2Cl)CC1)c1cnc2ccccc2c1,7.638272163982407
O=S(=O)(NCCCN1CCN(c2cccc(Cl)c2Cl)CC1)c1ccc2cccnc2c1,7.853871964321762
O=S(=O)(NCCCN1CCN(c2cccc(Cl)c2Cl)CC1)c1ccc2ncccc2c1,7.602059991327962
O=S(=O)(NCCCN1CCN(c2cccc(Cl)c2Cl)CC1)c1cnc2ccc(Cl)cc2c1,7.638272163982407
COc1c(O)ccc2c1CN1CCc3cc4c(cc3[C@@H]1C2)OCCO4,6.681936665037238
COc1c(O)ccc2c1CN1CCc3cc4c(cc3[C@@H]1C2)OCO4,6.041914151478915
COc1cc2c(cc1OC)[C@@H]1Cc3ccc(O)c(OC)c3CN1CC2,6.826813731587726
O=C(OCCN1CCCC1)N1c2ccccc2Sc2ccccc21,5.769551078621726
CCN(CC)CCCOC(=O)N1c2ccccc2Sc2ccccc21,6.346787486224656
COc1cc2nc(C3CC3)nc(N3CCN(c4ccccc4OC)CC3)c2cc1OC,6.3979400086720375
CC(Oc1ccccc1OC1CC1)C1=NCCN1,7.830031826003108
CC(Oc1ccccc1Br)C1=NCCN1,6.83000246293343
c1ccc(OC2CC2)c(OCC2=NCCN2)c1,7.100015437450609
Brc1ccccc1OCC1=NCCN1,6.2500010234416505
CCCc1ccccc1OCC1=NCCN1,7.100015437450609
c1ccc(OCC2=NCCN2)c(CC2CC2)c1,7.079981083971085
C=CCc1ccccc1OCC1=NCCN1,7.15002808767115
COc1ccc(-c2ccccc2N2CCN(CCOCCC(=O)NCc3ccncc3)CC2)cc1,6.05700040663396
COc1ccc(-c2ccccc2N2CCN(CCOCCC(=O)NCc3ccccn3)CC2)cc1,6.037157318798758
COc1ccc(-c2ccccc2N2CCN(CCCCCC(=O)NCc3ccncc3)CC2)cc1,6.621602099051862
COc1ccc(-c2ccccc2N2CCN(CCCCCC(=O)NCc3cccnc3)CC2)cc1,7.096910013008056
COc1ccc(-c2ccccc2N2CCN(CCCCCC(=O)NCc3ccccn3)CC2)cc1,7.455931955649724
CN1C(=N)N/C(=C/c2c[nH]c3ccc(Br)cc23)C1=O,5.13306318226836
CN1C(=N)N/C(=C/c2c[nH]c3c(Br)cccc23)C1=O,5.138525331142831
C/N=C1\NC(=O)/C(=C\c2c[nH]c3cccc(Br)c23)N1C,5.336487529584844
CN1C(=N)N/C(=C/c2c[nH]c3cccc(Br)c23)C1=O,5.462810773756355
CN1C(=N)NC(=O)/C1=C\c1c[nH]c2ccc(Br)cc12,5.492819022739759
C/N=C1\NC(=O)/C(=C\c2c[nH]c3ccc(Br)cc23)N1C,5.581036169296377
C/N=C1\N(C)C(=O)/C(=C\c2c[nH]c3ccc(Br)cc23)N1C,5.599807511407424
CN1C(=N)N(C)/C(=C/c2c[nH]c3c(Br)cccc23)C1=O,5.741841806659206
CN1C(=N)N(C)/C(=C/c2c[nH]c3ccc(Br)cc23)C1=O,6.278189384787454
CN1C(=N)N(C)/C(=C/c2c[nH]c3cccc(Br)c23)C1=O,6.501689446210399
CN1CCc2c(c3cccc4c3n2Cc2ccccc2C4)C1,6.427976913256154
COc1ccc(CNC(=O)CCCCCN2CCN(c3ncccc3-c3ccncc3)CC2)cc1,6.211831628858833
O=C(CCOCCN1CCN(c2ccccc2-c2ccc(F)cc2)CC1)NCc1ccc(F)nc1,6.363512103646634
COc1ccccc1-c1cccc(N2CCN(CCOCCC(=O)NCc3ccc(F)nc3)CC2)c1,6.412289034981089
Cc1ccccc1-c1ccccc1N1CCN(CCOCCC(=O)NCc2ccc(F)nc2)CC1,6.057991946977687
COc1ccc(-c2ccccc2N2CCN(CCOCCC(=O)NCc3ccc(F)nc3)CC2)cc1,6.245651664288981
COc1ccc(-c2ccccc2N2CCN(CCCCCC(=O)NCc3ccc(F)nc3)CC2)cc1,6.818156412055227
CN1CCC2C(C1)c1cccc3c1N2c1ccccc1CS3,7.400007822415902
Cc1nc2c(o1)CC(CN1CCC(c3c[nH]c4cc(F)ccc34)CC1)CC2=O,6.309998953116936
O=C1CC(CN2CCC(c3c[nH]c4cc(F)ccc34)CC2)Cc2nc(N3CCCC3)sc21,6.98999702587294
CN1C(=O)N(CC(O)CN2CCN(c3ccccc3)CC2)C(c2ccccc2)(c2ccccc2)C1=O,6.489454989793388
COc1ccccc1N1CCN(CCCN2C(=O)N(C)C(=O)C2(c2ccccc2)c2ccccc2)CC1,8.187086643357144
CCOc1ccccc1N1CCN(CCCN2C(=O)N(C)C(=O)C2(c2ccccc2)c2ccccc2)CC1,8.259637310505756
COc1ccccc1N1CCN(CCCCC(=O)N2CCC[C@H]2C(N)=O)CC1,6.669586226650809
COc1ccccc1N1CCN(CCCCCC(=O)N2CCC[C@H]2C(N)=O)CC1,7.356547323513812
NC(=O)[C@@H]1CCCN1C(=O)CCCCN1CCN(c2ccccc2O)CC1,7.2839966563652
NC(=O)[C@@H]1CCCN1C(=O)CCCCCN1CCN(c2ccccc2F)CC1,6.85078088734462
NC(=O)[C@@H]1CCCN1C(=O)CCCCCN1CCN(c2ccc(F)cc2)CC1,6.24184537803261
NC(=O)[C@@H]1CCCN1C(=O)CCCCN1CCN(c2cccc(Cl)c2Cl)CC1,7.080921907623926
NC(=O)[C@@H]1CCCN1C(=O)CCCCCN1CCN(c2cccc(Cl)c2Cl)CC1,8.397940008672037
NC(=O)[C@@H]1CCCN1C(=O)CCCCCCN1CCN(c2noc3ccccc23)CC1,6.913640169325252
CSc1ccccc1N1CCN(CCCCCCC(=O)N2Cc3ccccc3C[C@H]2C(N)=O)CC1,8.698970004336019
CSc1ccccc1N1CCN(Cc2ccc(C(=O)N3Cc4ccccc4C[C@H]3C(N)=O)cc2)CC1,6.913640169325252
COc1ccccc1N1CCN(CCCCC(=O)N2Cc3ccccc3C[C@H]2C(N)=O)CC1,6.97061622231479
COc1ccccc1N1CCN(CCCCCC(=O)N2Cc3ccccc3C[C@H]2C(N)=O)CC1,7.920818753952375
COc1ccccc1N1CCN(Cc2ccc(C(=O)N3Cc4ccccc4C[C@H]3C(N)=O)cc2)CC1,7.113509274827518
NC(=O)[C@@H]1Cc2ccccc2CN1C(=O)CCCCCN1CCN(c2ccccc2O)CC1,7.142667503568732
NC(=O)[C@@H]1Cc2ccccc2CN1C(=O)CCCCCN1CCN(c2ccccc2Cl)CC1,6.627087997029894
NC(=O)[C@@H]1Cc2ccccc2CN1C(=O)CCCCCN1CCN(c2cccc(Cl)c2)CC1,6.30189945437661
NC(=O)[C@@H]1Cc2ccccc2CN1C(=O)CCCCN1CCN(c2ccc(Cl)cc2)CC1,6.675717544702307
NC(=O)[C@@H]1Cc2ccccc2CN1C(=O)CCCCCN1CCN(c2ccc(F)cc2)CC1,6.191789027075778
NC(=O)[C@@H]1Cc2ccccc2CN1C(=O)CCCCCN1CCN(c2cccc(Cl)c2Cl)CC1,7.795880017344075
NC(=O)[C@@H]1Cc2ccccc2CN1C(=O)CCCCCCN1CCN(c2noc3ccccc23)CC1,7.050609993355087
CSc1ccccc1N1CCN(CCCCCC(=O)NC2CCCc3ccccc32)CC1,7.278189384787454
CN1CCN2c3c(cccc31)[C@@H]1CN(CCCc3noc4cc(F)ccc34)CC[C@@H]12,6.438898616350944
O=C(CCCN1CC[C@H]2[C@@H](C1)c1cccc3c1N2CCO3)c1ccc(F)cc1,5.876148359032914
O=C(NCCN1CCN(c2ccccc2)CC1)c1cnc2ccccc2n1,7.522878745280337
O=C(NCCN1CC=C(c2ccc(F)cc2)CC1)c1cnc2ccccc2n1,7.853871964321762
O=C(NCCN1CC=C(c2ccc(Cl)cc2)CC1)c1cnc2ccccc2n1,8.031517051446064
Cc1ccc(N2CCN(CCNC(=O)c3cnc4ccccc4n3)CC2)cc1,7.5638373529592435
O=C(NCCN1CCN(c2ccccc2)CC1)c1ccc2ccccc2c1,7.607303046740334
O=C(NCCN1CC=C(c2ccc(F)cc2)CC1)c1ccc2ccccc2c1,7.474955192963154
O=C(NCCN1CCN(c2ccc(Cl)cc2)CC1)c1ccc2ccccc2c1,7.294992040666664
O=C(NCCN1CC=C(c2ccc(Cl)cc2)CC1)c1ccc2ccccc2c1,7.371611069949688
Cc1ccc(N2CCN(CCNC(=O)c3ccc4ccccc4c3)CC2)cc1,6.654822383457296
Cc1cc(C)cc(C2=CCN(CCNC(=O)c3ccc4ccccc4c3)CC2)c1,8.093664958194909
Cc1cc(C)cc(N2CCN(CCN3C(=O)c4ccccc4C3=O)CC2)c1,6.304518323509803
c1cnc(N2CCN(CCCc3nc4ccccc4s3)CC2)nc1,7.393941250589686
COc1ccccc1N1CCN(CCCCc2cn(-c3cccc4cnccc34)nn2)CC1,8.221848749616356
COc1ccccc1N1CCN(CCCCCc2cn(-c3cccc4cnccc34)nn2)CC1,8.236572006437063
COc1ccccc1N1CCN(CCCc2cn(-c3ccc(-c4ccsc4)cc3)nn2)CC1,8.130768280269024
COc1ccccc1N1CCN(CCCCc2cn(-c3ccc(-c4ccsc4)cc3)nn2)CC1,8.886056647693163
COc1ccccc1N1CCN(CCCCc2cn(-c3ccc(SC)cc3)nn2)CC1,8.275724130399212
O=C1Cc2ccccc2N1CCCCCN1CC[C@H]2CCCC[C@@H]2C1,6.308918507877031
O=C1Cc2ccccc2N1CCCCN1CC[C@H]2CCCC[C@@H]2C1,6.327902142064283
O=C1Cc2ccccc2N1CCCCCN1CCc2ccccc2C1,6.281498311132726
OC1(c2ccc(Cl)cc2)CC2CCC(C1)N2CCCSc1ccccc1F,8.086186147616283
COc1ccccc1N1CCN(CC2COC3(CCOCC3)O2)CC1,7.330032630091495
COc1ccccc1N1CCN(CC2COC3(CCN(Cc4ccccc4)CC3)O2)CC1,7.840132152907433
COc1ccccc1N1CCN(CC2COC3(CCNCC3)O2)CC1,6.799998134593398
COc1ccccc1N1CCN(CC2COC3(CCN(c4ccccc4)CC3)O2)CC1,7.79997073344623
COc1ccccc1N1CCN(CC2COC3(CCN(c4ccccn4)CC3)O2)CC1,8.049976093476673
COc1ccccc1N1CCN(CC2COC3(CCN(C(=O)c4ccccc4)CC3)O2)CC1,7.230032198670558
COc1ccccc1N1CCN(CC2COC3(CCN(C(=O)c4ccco4)CC3)O2)CC1,7.36997914888659
COc1ccccc1N1CCN(CC2COC3(CCN(C(=O)C4CCCN4)CC3)O2)CC1,7.439973751087107
COc1ccccc1N1CCN(CC2COC3(CCN(C(C)=O)CC3)O2)CC1,7.189969213594161
COc1ccccc1N1CCN(CC2COC3(CCN(C(=O)C(F)(F)F)CC3)O2)CC1,6.490004907986601
COc1ccccc1N1CCN(CC2COC3(CCN(S(=O)(=O)c4ccc(C)cc4)CC3)O2)CC1,7.5699249444480605
COc1ccccc1N1CCN(CC2COC3(CCN(S(=O)(=O)c4ccc(OC(F)(F)F)cc4)CC3)O2)CC1,7.160019442321658
COc1ccccc1N1CCN(CC2COC3(CCN(S(=O)(=O)c4ccc([N+](=O)[O-])cc4)CC3)O2)CC1,7.609948503541013
COc1ccccc1N1CCN(CC2COC3(CCN(S(=O)(=O)c4cccc([N+](=O)[O-])c4)CC3)O2)CC1,7.360015751958412
COc1ccccc1N1CCN(CC2COC3(CCN(S(=O)(=O)c4cccs4)CC3)O2)CC1,7.219970872662661
COc1ccccc1N1CCN(CC2COC3(CCN(C(=O)Nc4ccccc4)CC3)O2)CC1,7.4800408192479315
CCCCc1cc2c(s1)C[C@H]1c3cc(O)c(OC)cc3CCN1C2,6.063586800288521
COc1cc2c(cc1O)[C@@H]1Cc3sc(CC4CC4)cc3CN1CC2,6.756168538018079
COc1cc2c(cc1O)[C@@H]1Cc3sc(CCCl)cc3CN1CC2,6.257196341530834
COc1cc2c(cc1O)[C@@H]1Cc3sc(CC(C)Cl)cc3CN1CC2,6.544652563605812
COc1cc2c(cc1O)[C@@H]1Cc3sc(CCCCCl)cc3CN1CC2,6.183997461831959
O=C(NCCCCN1CCN(c2ccccc2)CC1)c1cc2ccccc2o1,7.522878745280337
Cc1cccc(N2CCN(CCCCNC(=O)c3cc4ccccc4o3)CC2)c1C,8.397940008672037
Cc1cccc(N2CCN(CCCCNC(=O)c3cc4ccccc4o3)CC2)n1,8.698970004336019
O=C(NCCCCN1CCN(c2ccccc2F)CC1)c1cc2ccccc2o1,7.823908740944319
O=C(NCCCCN1CCN(c2cccc(C(F)(F)F)c2)CC1)c1cc2ccccc2[nH]1,8.721246399047171
COc1cccc(N2CCN(CCCCNC(=O)c3cc4ccccc4n3C)CC2)c1,8.0
O=C(NCCCCN1CCN(c2ccccc2)CC1)c1cc2ccccc2cn1,7.585026652029182
COc1cccc(N2CCN(CCCCNC(=O)c3cc4ccccc4cn3)CC2)c1,8.102372908709558
O=C(NCCCCN1CCN(c2ccccn2)CC1)c1cc2ccccc2cn1,7.795880017344075
Cc1ccc2c(NCCNc3ccnc4cc(C)ccc34)ccnc2c1,5.460022984898081
COc1ccc2c(NCCNc3ccnc4cc(OC)ccc34)ccnc2c1,6.050061372278954
Cc1cccc2c(NCCNc3ccnc4c(C)cccc34)ccnc12,5.929980614401712
c1ccc2c(NCCCCCCCNc3ccnc4ccccc34)ccnc2c1,6.079939316854117
COc1ccc2nccc(NCCCCCCCNc3ccnc4ccc(OC)cc34)c2c1,5.860061123546853
Cc1ccc2c(NCCCCCCCNc3ccnc4cc(C)ccc34)ccnc2c1,5.899986343377565
COc1ccc2c(NCCCCCCCNc3ccnc4cc(OC)ccc34)ccnc2c1,5.550029730470835
COc1cccc2c(NCCCCCCCNc3ccnc4c(OC)cccc34)ccnc12,6.219841165836061
Cc1cccc(N2CCN(CCCCNC(=O)c3cc4ccccc4cn3)CC2)n1,8.698970004336019
O=C(NCCCCN1CCN(c2ccc(F)cc2)CC1)c1cc2ccccc2cn1,7.136677139879544
Cc1cccc(N2CCN(CCCCNC(=O)c3ccc4ccccc4n3)CC2)c1,7.744727494896693
COc1cccc(N2CCN(CCCCNC(=O)c3ccc4ccccc4n3)CC2)c1,7.585026652029182
O=C(NCCCCN1CCN(c2ccccn2)CC1)c1ccc2ccccc2n1,7.619788758288394
Cc1cccc(N2CCN(CCCCNC(=O)c3ccccc3)CC2)n1,8.522878745280337
O=C(NCCCCN1CCN(c2cccc3ccccc23)CC1)c1ccccc1,9.154901959985745
COc1cccc(N2CCN(CCCCNC(=O)c3ccccn3)CC2)c1,7.443697499232712
COc1cccc(N2CCN(CCCCNC(=O)c3ccccn3)CC2)n1,8.096910013008056
COc1cccc(N2CCN(CCCCNC(=O)c3cccc(C)n3)CC2)c1,7.356547323513812
O=C(NCCCCN1CCN(c2ccccc2)CC1)c1cccnc1,7.070581074285707
COc1ccc2cccc(N3CCN(CCCn4ncc(=O)n(C)c4=O)CC3)c2c1,6.756961951313706
Cn1c(=O)cnn(CCCCN2CCN(c3cccc4ccc(O)cc34)CC2)c1=O,9.356547323513812
Cn1c(=O)cnn(CCCN2CCN(c3ccccc3F)CC2)c1=O,6.6020599913279625
COc1ccccc1N1CCN(CCn2ncc(=O)n(C)c2=O)CC1,6.619788758288394
Cn1c(=O)cnn(CCCCN2CCN(c3cccc(F)n3)CC2)c1=O,9.69897000433602
Cn1c(=O)cnn(CCCCN2CCN(c3ccccc3S)CC2)c1=O,8.096910013008056
Cn1c(=O)cnn(CCCCN2CCN(c3ncccc3F)CC2)c1=O,8.920818753952375
Cn1c(=O)cnn(CCCCN2CCN(c3ccc(F)cn3)CC2)c1=O,7.167491087293763
Cn1c(=O)cnn(CCCCN2CCN(c3ccccn3)CC2)c1=O,8.958607314841775
Cn1c(=O)cnn(CCCCN2CCN(c3ccccc3F)CC2)c1=O,8.723538195826755
Cn1c(=O)cnn(CCCCN2CCN(c3cccc(O)c3)CC2)c1=O,8.55284196865778
COc1ccc(N2CCN(CCCCn3ncc(=O)n(C)c3=O)CC2)c(C#N)c1,6.667561540084395
Cn1c(=O)cnn(CCCCN2CCN(c3ccccc3C#N)CC2)c1=O,9.078313524516398
Cn1c(=O)cnn(CCCCN2CCN(c3ccc(I)cc3)CC2)c1=O,7.232473100591618
Cn1c(=O)cnn(CCCCN2CCN(c3ccccc3)CC2)c1=O,8.877784121727172
CNc1ccccc1N1CCN(CCCCn2ncc(=O)n(C)c2=O)CC1,6.657577319177793
CN(C)c1ccccc1N1CCN(CCCCn2ncc(=O)n(C)c2=O)CC1,6.7447274948966935
Cn1c(=O)cnn(CCCCN2CCN(c3ccccc3OCCCF)CC2)c1=O,9.096910013008056
CCOc1ccccc1N1CCN(CCCCn2ncc(=O)n(C)c2=O)CC1,9.18045606445813
O=c1oc2ccccc2n1CCCCN1CCN(c2ccccc2)CC1,7.044167989767578
O=c1sc2ccccc2n1CCCCN1CCN(c2ccccc2)CC1,6.039529222465701
COc1ccccc1N1CCN(CCCCn2c(=O)sc3ccccc32)CC1,7.609418121449565
Cc1ccccc1N1CCN(CCCCn2c(=O)sc3ccccc32)CC1,7.984640244590786
O=c1sc2ccccc2n1CCCCN1CCN(Cc2ccccc2)CC1,6.157946463592823
O=c1sc2ccccc2n1CCCCN1CCN(c2ccc(Cl)cc2)CC1,7.079198618174345
O=c1sc2ccccc2n1CCCCN1CCc2ccccc2C1,7.1254022312968
O=c1oc2ccccc2n1CCCCCN1CCN(c2ccccc2)CC1,7.7162466166674735
O=c1sc2ccccc2n1CCCCCN1CCN(c2ccccc2)CC1,7.019269623464055
COc1ccccc1N1CCN(CCCCCn2c(=O)oc3ccccc32)CC1,7.925915310971757
COc1ccccc1N1CCN(CCCCCn2c(=O)sc3ccccc32)CC1,8.146910470148134
O=c1oc2ccccc2n1CCCCCCN1CCN(c2ccccc2)CC1,8.402304814074487
COc1ccccc1N1CCN(CCCCCCn2c(=O)oc3ccccc32)CC1,8.886056647693163
COc1ccccc1N1CCN(CCCCCCn2c(=O)sc3ccccc32)CC1,9.366531544420411
O=c1oc2ccccc2n1CCCCCCCN1CCN(c2ccccc2)CC1,7.526075306583842
COc1ccccc1N1CCN(CCCCCCCn2c(=O)oc3ccccc32)CC1,9.721246399047171
COc1ccccc1N1CCN(CCCCCCCn2c(=O)sc3ccccc32)CC1,9.67778070526608
O=C1Nc2cc(F)ccc2C1CCCCN1CCN(c2cccc(Cl)c2)CC1,8.173925197299173
COc1ccccc1N1CCN(CCCn2c(=O)[nH]c3ccccc32)CC1,7.397940008672037
COc1ccccc1N1CCN(CCCCC(=O)NC2CCCc3ccccc32)CC1,8.21824462534753
NC(=O)c1ccccc1NC(=O)CCCCN1CCN(c2cccc(Cl)c2)CC1,7.402304814074488
Cc1sc2nc(CCCCN3CCN(c4ccccc4)CC3)[nH]c(=O)c2c1C,7.42712839779952
Cc1sc2nc(CCCCCN3CCN(c4ccccc4)CC3)[nH]c(=O)c2c1C,7.818156412055227
Cc1cc2c(=O)[nH]c(CCCCCN3CCN(Cc4ccccc4)CC3)nc2s1,6.440093374963888
Cc1sc2nc(CCCCCN3CCC(Cc4ccccc4)CC3)[nH]c(=O)c2c1C,6.8297382846050425
O=c1[nH]c(CCCCN2CCN(c3ccccc3)CC2)nc2ccccc12,7.436518914605589
O=c1[nH]c(CCCCN2CCN(c3ccc(Cl)cc3)CC2)nc2ccccc12,7.123205023799299
O=c1[nH]c(CCCCCN2CCN(c3ccccc3)CC2)nc2ccccc12,7.361510743045363
O=c1[nH]c(CCCCCN2CCN(c3ccc(Cl)cc3)CC2)nc2ccccc12,6.935542010773082
O=c1c2ccccc2ncn1CCCCCN1CCN(c2ccccc2)CC1,7.539102157243452
O=c1c2ccccc2ncn1CCCCCN1CCN(Cc2ccccc2)CC1,6.571865205971212
O=c1c2ccccc2ncn1CCCCCN1CCN(c2cccc(Cl)c2)CC1,8.202040356262804
Cc1sc2ncn(CCCCCN3CCN(c4ccccc4)CC3)c(=O)c2c1C,7.79317412396815
Cc1sc2ncn(CCCCCN3CCN(Cc4ccccc4)CC3)c(=O)c2c1C,6.675717544702307
Cc1sc2ncn(CCCCCN3CCN(c4cccc(Cl)c4)CC3)c(=O)c2c1C,8.490797477668897
CCOc1ccccc1N1CCN(CCCCCn2cnc3sc(C)c(C)c3c2=O)CC1,8.987162775294827
N[C@@H](Cc1c[nH]c2ccc(O)cc12)C(=O)O,8.868060704789576
O=S(=O)(Nc1ccn(Cc2cccc3ccccc23)n1)c1ccc(Br)s1,5.365825128237399
O=S(=O)(Nc1cc(Sc2cccc3cccnc23)c(O)c2ccccc12)c1ccc(F)cc1,4.869988050328096
O=S(=O)(Nc1cc(Sc2cccc3cccnc23)c(O)c2ccccc12)c1ccccc1,4.624519285381427
O=S(=O)(Nc1cc2c(c3ccccc13)OC1(N3CCOCC3)CCCCC21)c1ccccc1,4.686132779630847
O=S(=O)(c1ccc(F)cc1)N1CC=c2ccccc2=C1c1c[nH]c2ccccc12,4.628747370875061
Nc1c(S(=O)(=O)c2ccccc2)sc2nc(-c3ccccc3)cc(-c3ccccc3)c12,4.665345233116758
O=S(=O)(c1ccccc1)N1C=Cc2ccccc2C1c1c[nH]c2ccccc12,4.985899678480379
Cc1ccc(S(=O)(=O)N/N=C2\CCCc3c2[nH]c2ccc(Cl)cc32)cc1,4.80799040734633
O=S1(=O)c2ccccc2N(Cc2ccc(Cl)cc2F)c2ccccc21,5.561457651213889
COc1cccc(-n2cc(C(=O)N(C)c3cccc(Cl)c3)c3ccccc3c2=O)c1,4.903437561625864
CCS(=O)(=O)c1nc(S(=O)(=O)c2ccc(Cl)cc2)c(N2CCc3ccccc3C2)s1,4.913640169325252
Cc1ccc(Nc2c(S(=O)(=O)c3ccccc3)cnc3ccc(Cl)cc23)cc1,4.863279432843593
NC(=O)C1CCN(c2c(S(=O)(=O)c3ccccc3)cnc3ccc(Cl)cc23)CC1,4.733063088840827
Cc1ccc(Cl)cc1N(C)C(=O)c1cn(-c2ccc(F)cc2F)c(=O)c2ccccc12,4.706195640080663
NC(=O)c1ccccc1OCCCN1CCN(c2cccc3c2ccn3S(=O)(=O)c2ccccc2)CC1,8.173925197299173
O=C([C@@H]1CCCN1C(=O)CCCCCCN1CCN(c2ccccc2-c2ccccc2)CC1)N1CCOCC1,7.455931955649724
O=C([C@@H]1CCCN1C(=O)CCCCCCN1CCN(c2ccccc2-c2ccccc2)CC1)N1CCCCC1,8.045757490560675
O=C([C@@H]1CCCN1C(=O)CCCCCN1CCN(c2ccccc2-c2ccccc2)CC1)N1CCCCC1,7.744727494896693
CC(C)c1ccccc1N1CCN(CCCCCCC(=O)N2CCC[C@H]2C(=O)N2CCOCC2)CC1,7.769551078621726
NC(=O)[C@@H]1Cc2ccccc2CN1C(=O)CCCCCCN1CCN(c2ccccc2-c2ccccc2)CC1,7.214670164989233
NC(=O)[C@@H]1Cc2ccccc2CN1C(=O)CCCCCN1CCN(c2ccccc2-c2ccccc2)CC1,7.585026652029182
NC(=O)[C@@H]1Cc2ccccc2CN1C(=O)CCCCN1CCN(c2ccccc2-c2ccccc2)CC1,7.180456064458132
CC(C)c1ccccc1N1CCN(CCCCC(=O)N2Cc3ccccc3C[C@H]2C(N)=O)CC1,7.468521082957745
CC(C)c1ccccc1N1CCN(CCCCCCC(=O)N2CCC[C@H]2C(N)=O)CC1,7.795880017344075
CC(C)c1ccccc1N1CCN(CCCCCC(=O)N2Cc3ccccc3C[C@H]2C(=O)N2CCCCC2)CC1,7.795880017344075
O=C([C@@H]1Cc2ccccc2CN1C(=O)CCCCN1CCN(c2ccccc2-c2ccccc2)CC1)N1CCOCC1,7.443697499232712
O=C([C@@H]1Cc2ccccc2CN1C(=O)CCCCCN1CCN(c2ccccc2-c2ccccc2)CC1)N1CCCCC1,7.721246399047171
COc1cc2c(cc1OCc1ccc(Br)cc1)C[C@H]1c3c(cc(OC)c(OC)c3-2)CCN1C,6.991399828238082
C=CCOc1cc2c(cc1OC)-c1c(OC)c(OC)cc3c1[C@H](C2)N(C)CC3,6.442492798094342
COc1cc2c(cc1OCC1CC1)C[C@H]1c3c(cc(OC)c(OC)c3-2)CCN1C,6.649751981665837
CCCCC(C)Oc1cc2c(cc1OC)-c1c(OC)c(OC)cc3c1[C@H](C2)N(C)CC3,6.818156412055227
CCCC(C)Oc1cc2c(cc1OC)-c1c(OC)c(OC)cc3c1[C@H](C2)N(C)CC3,6.931814138253839
CCC(C)Oc1cc2c(cc1OC)-c1c(OC)c(OC)cc3c1[C@H](C2)N(C)CC3,6.61261017366127
COc1cc2c(cc1OC(C)C)C[C@H]1c3c(cc(OC)c(OC)c3-2)CCN1C,6.249491605148654
COc1cc2c(cc1OCCF)C[C@H]1c3c(cc(OC)c(OC)c3-2)CCN1C,6.073143291050307
CCCCCCOc1cc2c(cc1OC)-c1c(OC)c(OC)cc3c1[C@H](C2)N(C)CC3,6.563837352959244
CCOc1cc2c(cc1OC)-c1c(OC)c(OC)cc3c1[C@H](C2)N(C)CC3,6.295849483160201
COc1cc2c(cc1OC)-c1c(OC)c(OC)cc3c1[C@H](C2)N(C)CC3,6.767003889607846
COc1cccc2c1CCC/C2=C\CCN1CCN(c2ccccn2)CC1,9.508638306165729
O=C(NCCCCN1CCN(c2cccc3ccccc23)CC1)c1cc2ccccc2[nH]1,7.075720713938118
O=C(NCCCCN1CCN(c2cccc(Cl)c2Cl)CC1)c1cc2cc(F)ccc2[nH]1,6.267606240177032
COc1ccc(CCN(CCCc2ccccc2)CCc2ccc3c(c2)OCO3)cc1OC,6.085656842880559
CC(C)c1ccccc1OCCN1CCC(NS(=O)(=O)c2ccccc2)CC1,6.603800652904264
CC(C)c1ccccc1OCCN1CCC(NS(=O)(=O)c2cccc(F)c2)CC1,6.448550002027125
CC(C)c1ccccc1OCCN1CCC(NS(=O)(=O)c2cccc(Cl)c2)CC1,6.749579997691106
CC(C)c1ccccc1OCCN1CCC(NS(=O)(=O)c2ccc(F)c(F)c2)CC1,6.428291168191312
CC(C)c1ccccc1OCCN1CCC(NS(=O)(=O)c2ccc(Cl)s2)CC1,6.341988603342887
CC(C)c1ccccc1OCCN1CCC(NS(=O)(=O)c2cnn(C)c2)CC1,6.210419287835575
CC(C)c1ccccc1OCCN1CCC(NS(=O)(=O)c2cncc3ccccc23)CC1,6.987162775294828
CC(C)c1ccccc1OCCN1CCC(NS(=O)(=O)c2cccc3ncccc23)CC1,6.634512015109101
CC(C)CS(=O)(=O)NC1CCN(CCOc2ccccc2-c2ccccc2)CC1,7.130768280269024
O=S(=O)(NC1CCN(CCOc2ccccc2-c2ccccc2)CC1)c1ccccc1,6.554395796726403
O=S(=O)(NC1CCN(CCOc2ccccc2-c2ccccc2)CC1)c1cccc(F)c1,6.434152181326482
O=S(=O)(NC1CCN(CCOc2ccccc2-c2ccccc2)CC1)c1cccc(Cl)c1,6.6307841425898575
O=S(=O)(NC1CCN(CCOc2ccccc2-c2ccccc2)CC1)c1cc(F)ccc1F,6.73754891026957
Cn1cc(S(=O)(=O)NC2CCN(CCOc3ccccc3-c3ccccc3)CC2)cn1,6.493494967595128
O=S(=O)(NC1CCN(CCOc2ccccc2-c2ccccc2)CC1)c1cccc2ncccc12,6.991399828238082
CC(C)c1ccccc1OCCN1CCC(N(C)S(=O)(=O)c2ccccc2)CC1,6.853871964321762
CC(C)c1ccccc1OCCN1CCC(N(C)S(=O)(=O)c2cccc(F)c2)CC1,6.721246399047171
CC(C)c1ccccc1OCCN1CCC(N(C)S(=O)(=O)c2cnn(C)c2)CC1,6.460923901207224
CN(C1CCN(CCOc2ccccc2C(C)(C)C)CC1)S(=O)(=O)c1ccccc1,5.62967199222049
CN(C1CCN(CCOc2ccccc2C(C)(C)C)CC1)S(=O)(=O)c1cccc(F)c1,5.345727172902289
CN(C1CCN(CCOc2ccccc2C(C)(C)C)CC1)S(=O)(=O)c1cnn(C)c1,5.01655414265866
CN(C1CCN(CCOc2ccccc2-c2ccccc2)CC1)S(=O)(=O)c1ccccc1,7.207608310501746
CN(C1CCN(CCOc2ccccc2-c2ccccc2)CC1)S(=O)(=O)c1ccc(F)cc1,7.522878745280337
CC(C)c1ccccc1OCCN1CCC(N(CC2CC2)S(=O)(=O)c2ccc(F)cc2)CC1,6.603800652904264
CC(C)c1ccccc1OCCN1CCC(N(CC2CC2)S(=O)(=O)c2cnn(C)c2)CC1,6.669586226650809
Cn1cc(S(=O)(=O)N(CC2CC2)C2CCN(CCOc3ccccc3C(C)(C)C)CC2)cn1,4.750312572194699
C=CCN(CC=C)CCc1c[nH]c2ccc(F)cc12,7.100015437450609
C=CCN(CC=C)CCc1c[nH]c2ccc(Br)cc12,8.0
O=S(=O)(NC1CC2CCC(C1)N2CCOc1cccc(-c2ccccc2)c1)c1ccc(F)c(F)c1,7.130768280269024
O=S(=O)(NC1CC2CCC(C1)N2CCOc1cccc(-c2ccccc2)c1)c1ccc(F)cc1,6.769551078621726
O=S(=O)(NC1CC2CCC(C1)N2CCOc1cccc(-c2ccccc2)c1)c1cccc(F)c1,6.910094888560602
O=S(=O)(NC1CC2CCC(C1)N2CCOc1cccc(-c2ccccc2)c1)c1cccc(Cl)c1,6.5951662833800615
CC(C)c1cccc(OCCN2C3CCC2CC(NS(=O)(=O)c2cc(F)ccc2F)C3)c1,7.292429823902063
CC(C)c1cccc(OCCN2C3CCC2CC(NS(=O)(=O)c2ccc(F)c(F)c2)C3)c1,7.00436480540245
CC(C)c1cccc(OCCN2C3CCC2CC(NS(=O)(=O)c2ccc(F)cc2)C3)c1,7.008773924307505
CC(C)c1cccc(OCCN2C3CCC2CC(NS(=O)(=O)c2cccc(F)c2)C3)c1,6.847711655616943
CC(C)c1cccc(OCCN2C3CCC2CC(NS(=O)(=O)c2cccc(Cl)c2)C3)c1,6.686132779630847
Cn1cc(S(=O)(=O)NC2CN(CCOc3ccccc3-c3ccccc3)C2)cn1,7.337242168318426
O=S(=O)(NC1CN(CCOc2ccccc2-c2ccccc2)C1)c1cccc(Cl)c1,7.638272163982407
O=S(=O)(NC1CCN(CCOc2ccccc2C2CCCC2)CC1)c1ccc(F)cc1,6.428291168191312
O=S(=O)(NC1CCN(CCOc2ccccc2C2CCCC2)CC1)c1cccc(F)c1,6.263603497723357
O=S(=O)(NC1CCN(CCOc2ccccc2C2CCCC2)CC1)c1cccc(Cl)c1,6.254925208417943
Cn1cc(S(=O)(=O)NC2CCN(CCOc3ccccc3C(C)(C)C)CC2)cn1,5.255315936723114
CC(C)(C)c1ccccc1OCCN1CCC(NS(=O)(=O)c2cccc(Cl)c2)CC1,5.733533104559759
CC(C)Oc1ccccc1OCCN1CCC(NS(=O)(=O)c2ccc(F)cc2)CC1,6.705533773838407
COc1ccccc1OCCN1CCC(NS(=O)(=O)c2ccc(F)cc2)CC1,6.334419008982047
Cc1ccccc1OCCN1CCC(NS(=O)(=O)c2ccc(F)cc2)CC1,6.127843727251707
Cn1cc(S(=O)(=O)NC2CC3CCC(C2)N3CCOc2cccc(-c3ccccc3)c2)cn1,6.023650020996727
O=C(NC1CCN(CCOc2ccccc2-c2ccccc2)CC1)c1cccc(Cl)c1,6.8297382846050425
CC(C)c1ccccc1OCCN1CCC(NC(=O)Nc2ccc(F)cc2)CC1,6.721246399047171
CC(C)c1ccccc1OCCN1CCC(NS(=O)(=O)c2ccc(N)cc2)CC1,6.29929628285498
CC(C)c1ccccc1OCCN1CCC(NS(=O)(=O)c2cccnc2)CC1,6.430626090384954
Nc1ccc(S(=O)(=O)NC2CCN(CCOc3ccccc3-c3ccccc3)CC2)cc1,6.39040559077478
O=S(=O)(NC1CCN(CCOc2ccccc2-c2ccccc2)CC1)c1cccnc1,6.27083521030723
O=S(=O)(c1cccc(Cl)c1)N1CC2CC1CN2CCOc1ccccc1-c1ccccc1,5.573976984310124
CC1(C)N=C(N)N=C(Nc2cccc(Br)c2)N1,6.180456064458132
CCOC(=O)c1cccc(NC2=NC(N)=NC3(CCCCC3)N2)c1,6.146301788223826
CCOC(=O)c1cccc(NC2=NC(N(C)C)=NC3(CCCCC3)N2)c1,6.935542010773082
NC1=NC2(CCCCC2)NC(Nc2cccc(Br)c2)=N1,6.494850021680094
c1ccc(CC2CCN(CC3COC(c4ccccc4)(c4ccccc4)O3)CC2)cc1,6.260000690598032
OCC(CN1CCC(Cc2ccccc2)CC1)OC(c1ccccc1)c1ccccc1,6.3799993576999325
CC1(c2ccc(F)cc2)NC(=O)N(CC(O)CN2CCN(C(c3ccccc3)c3ccccc3)CC2)C1=O,5.254144804826271
Cc1ccc(N2CCN(CC(O)CN3C(=O)NC(C)(c4ccc(F)cc4)C3=O)CC2)cc1C,5.998266287190999
CC1(c2ccc(F)cc2)NC(=O)N(CC(O)CN2CCN(c3ccc(Cl)cc3)CC2)C1=O,5.275888046038788
CC1(c2ccc(F)cc2)NC(=O)N(CC(O)CN2CCN(c3ccc(F)cc3)CC2)C1=O,5.163549286279846
CC1(c2ccc(F)cc2)NC(=O)N(CC(O)CN2CCN(c3cccc(Cl)c3Cl)CC2)C1=O,7.229147988357855
CC1(c2ccc(F)cc2)NC(=O)N(CC(O)CN2CCN(c3ccccc3C#N)CC2)C1=O,6.496209316942819
CCOc1ccccc1N1CCN(CC(O)CN2C(=O)NC(C)(c3ccc(F)cc3)C2=O)CC1,7.008773924307505
CC1(c2ccc(F)cc2)NC(=O)N(CC(O)CN2CCN(c3ccccc3F)CC2)C1=O,5.783570169123749
CC1(c2ccc(F)cc2)NC(=O)N(CC(O)CN2CCN(c3ccccc3)CC2)C1=O,5.56336036830734
O=C1c2ccccc2C(=O)N1CCCCN1CCc2ccccc2C1,6.3009474875504425
O=C(CCCN1CCc2ccccc2C1)c1ccc(F)cc1,7.920818753952375
O=C(CCCN1CCc2ccccc2C1)c1ccccc1,6.149369078714638
NC(=O)c1ccc(C(=O)CCCN2CCc3ccccc3C2)cc1,7.420102130396896
COc1ccc(C(=O)CCCN2CCc3ccccc3C2)cc1,7.586365002801444
O=C(CCCN1CCc2ccccc2C1)c1ccc(O)cc1,7.467436701665525
O=C(CCCN1CCc2ccccc2C1)c1ccc(Cl)cc1,8.088097003955967
O=c1[nH]c2cc(Cl)ccc2n1C1CCN(CCCCc2nc3ccccc3o2)CC1,6.211973115904196
OC1(c2ccc(Cl)cc2)CCN(CCCCc2nc3ccccc3o2)CC1,5.501276029252096
O=C(CCCN1CCC2(CC1)C(=O)NCN2c1ccccc1)c1ccc(F)cc1,7.764471553092451
O=C(CCOCCN1CCN(c2cccnc2-c2ccc(F)cc2)CC1)NCc1ccc(C(F)(F)F)cc1,5.217240807376003
O=C(CCOCCN1CCN(c2cccnc2-c2ccccc2)CC1)NCc1ccc(C(F)(F)F)cc1,6.095825631715837
N#Cc1ccc(CNC(=O)CCOCCN2CCN(c3cccnc3-c3ccccc3)CC2)cc1,5.415442639474325
N#Cc1ccc(CNC(=O)CCOCCN2CCN(c3ccccc3-c3ccccc3)CC2)cc1,6.359518563029578
O=C(CCOCCN1CCN(c2ncccc2-c2ccc(F)cc2)CC1)NCc1ccc(C(F)(F)F)cc1,5.7361273231347765
COCOc1ccc(CNC(=O)CCCCCN2CCN(c3ccccc3-c3ccc(OC)cc3)CC2)cc1,6.795880017344075
COc1ccc(-c2ccccc2N2CCN(CCCCCC(=O)NCc3ccc(OCCN4CCOCC4)cc3)CC2)cc1,6.787812395596042
COc1ccc(-c2ccccc2N2CCN(CCCCCC(=O)NCc3ccc(OCCCN4CCOCC4)cc3)CC2)cc1,6.978810700930062
COc1ccc(-c2ccccc2N2CCN(CCCCCC(=O)NCc3ccc(C#N)cc3)CC2)cc1,6.899629454882437
O=C(CCCCCN1CCN(c2ccccc2-c2ccccc2)CC1)NCc1ccc(OCCN2CCOCC2)cc1,6.795880017344075
O=C(CCCCCN1CCN(c2ccccc2-c2ccccc2)CC1)NCc1ccc(OCCCN2CCOCC2)cc1,6.826813731587726
CN(C)Cc1ccc(CNC(=O)CCCCCN2CCN(c3ccccc3-c3ccccc3)CC2)cc1,7.130768280269024
C1=C(CCN2CCc3ccccc3C2)Cc2ccccc21,5.957526871853351
C1=C(CCN2CCc3ccccc3C2)CCc2ccccc21,6.86005797693002
CC1(C)CC(=O)N(CCCCN2Cc3ccccc3C2)C(=O)C1,6.469902802265155
COc1cccc(CC2CCN(CCc3ccccc3)CC2)c1,7.533132379645891
COc1ccc(F)c(CC2CCN(CCc3ccccc3)CC2)c1,8.218963061378869
COc1ccc(Cl)c(CC2CCN(CCc3ccccc3)CC2)c1,8.643974142806877
COc1ccc(Br)c(CC2CCN(CCc3ccc(C)cc3)CC2)c1,8.853871964321762
COc1ccc(CCN2CCC(Cc3cc(OC)ccc3Br)CC2)cc1,9.09151498112135
COc1cccc(CCN2CCC(Cc3cc(OC)ccc3Br)CC2)c1,9.086186147616283
COc1ccc(Br)c(CC2CCN(CCc3ccc(Cl)cc3)CC2)c1,8.872895201635192
COc1ccc(Br)c(CC2CCN(CCc3ccccc3Cl)CC2)c1,8.38933983691012
COc1ccc(Br)c(CC2CCN(CCc3cccc(Cl)c3)CC2)c1,8.53313237964589
COc1ccc(CCN2CCC(Cc3cc(OC)ccc3Br)CC2)c(Cl)c1,8.950781977329818
COc1ccc(Br)c(CC2CCN(CCc3ccc(OC)c(Cl)c3)CC2)c1,8.98296666070122
COc1ccc(Br)c(CC2CCN(CCc3cc(OC)c(OC)cc3Cl)CC2)c1,8.707743928643524
COc1ccc(Br)c(CC2CCN(CCc3cccc4ccccc34)CC2)c1,8.317854923626168
COc1ccc(Br)c(CC2CCN(CCc3ccc4ccccc4c3)CC2)c1,9.050609993355089
COc1ccc(Br)c(CC2CCN(CCc3ccc4c(c3)OCCO4)CC2)c1,9.443697499232712
O=C(N[C@H]1CC[C@H](CCN2CCN(c3nsc4ccccc34)CC2)CC1)C1CC1,9.036212172654444
O=C(N[C@H]1CC[C@H](CCN2CCN(c3nsc4ccccc34)CC2)CC1)C1CCCCC1,8.2518119729938
CCCS(=O)(=O)N[C@H]1CC[C@H](CCN2CCN(c3nsc4ccccc34)CC2)CC1,8.958607314841775
CS(=O)(=O)N[C@H]1CC[C@H](CCN2CCN(c3nsc4ccccc34)CC2)CC1,8.886056647693163
O=C(N[C@H]1CC[C@H](CCN2CCN(c3nsc4ccccc34)CC2)CC1)C(F)(F)F,8.958607314841775
CCCC(=O)N[C@H]1CC[C@H](CCN2CCN(c3nsc4ccccc34)CC2)CC1,8.67778070526608
COCC(=O)N[C@H]1CC[C@H](CCN2CCN(c3nsc4ccccc34)CC2)CC1,8.522878745280337
CN(C)C(=O)N[C@H]1CC[C@H](CCN2CCN(c3cccc(Cl)c3Cl)CC2)CC1,8.54515513999149
CN(C(=O)N[C@H]1CC[C@H](CCN2CCN(c3nsc4ccccc34)CC2)CC1)c1ccccc1,8.2839966563652
O=C(Nc1ccccc1)N[C@H]1CC[C@H](CCN2CCN(c3nsc4ccccc34)CC2)CC1,8.853871964321762
O=C(N[C@H]1CC[C@H](CCN2CCN(c3nsc4ccccc34)CC2)CC1)N1CCOCC1,7.823908740944319
CCN(C)C(=O)N[C@H]1CC[C@H](CCN2CCN(c3nsc4ccccc34)CC2)CC1,8.853871964321762
CC(C)N(C(=O)N[C@H]1CC[C@H](CCN2CCN(c3nsc4ccccc34)CC2)CC1)C(C)C,8.638272163982407
CN(C)C(=O)N[C@H]1CC[C@H](CCN2CCN(c3nsc4ccccc34)CC2)CC1,8.920818753952375
Cc1ccc(S(=O)(=O)N[C@H]2CC[C@H](CCN3CCN(c4nsc5ccccc45)CC3)CC2)cc1,8.4089353929735
O=C(N[C@H]1CC[C@H](CCN2CCN(c3nsc4ccccc34)CC2)CC1)c1cccs1,8.958607314841775
O=C(N[C@H]1CC[C@H](CCN2CCN(c3nsc4ccccc34)CC2)CC1)c1ccc[nH]1,9.2839966563652
O=C(N[C@H]1CC[C@H](CCN2CCN(c3nsc4ccccc34)CC2)CC1)c1cccnc1,8.67778070526608
CN([C@H]1CC[C@H](CCN2CCN(c3nsc4ccccc34)CC2)CC1)S(=O)(=O)c1cccs1,8.537602002101044
O=S(=O)(N[C@H]1CC[C@H](CCN2CCN(c3nsc4ccccc34)CC2)CC1)c1cccnc1,7.958607314841775
O=C(N[C@H]1CC[C@H](CCN2CCN(c3nsc4ccccc34)CC2)CC1)c1cc2ccccc2[nH]1,8.119186407719209
O=C(c1ccco1)N1CCC(CCN2CCN(c3nsc4ccccc34)CC2)CC1,9.142667503568733
CCOC(=O)N1CCC(CCN2CCN(c3nsc4ccccc34)CC2)CC1,8.886056647693163
O=C(NC[C@H]1CC[C@H](CN2CCN(c3nsc4ccccc34)CC2)CC1)c1ccco1,8.275724130399212
O=C(NC[C@H]1CC[C@H](CN2CCN(c3nsc4cc(Cl)ccc34)CC2)CC1)c1ccco1,7.823908740944319
O=C(N[C@H]1CC[C@H](CCN2CCN(c3nsc4cc([N+](=O)[O-])ccc34)CC2)CC1)c1ccco1,7.4089353929735005
c1ccc(CN2CCN(CCCCCOc3cc(-c4ccccc4)ncn3)CC2)cc1,5.986320302708807
c1ccc(-c2cc(OCCCCCN3CCN(c4ccccc4)CC3)ncn2)cc1,7.474955192963154
CCOc1ccccc1N1CCN(CCCCCn2cnc(-c3ccccc3)cc2=O)CC1,7.586700235918748
O=c1cc(-c2ccccc2)ncn1CCCCCN1CCN(c2cccc(Cl)c2)CC1,7.749579997691106
O=c1cc(-c2ccccc2)ncn1CCCCCN1CCN(Cc2ccccc2)CC1,6.112382699664264
O=c1cc(-c2ccccc2)ncn1CCCCCN1CCN(c2ccccc2)CC1,6.954677021213342
Clc1ccc(N2CCN(CCCCCOc3cc(-c4ccccc4)ncn3)CC2)cc1,7.044312249686494
CCOc1ccccc1N1CCN(CCCCCOc2cc(-c3ccccc3)ncn2)CC1,8.157390760389438
Cc1nc2ccccc2c(=O)n1CCCCCN1CCN(c2ccc(Cl)cc2)CC1,7.0
CCOc1ccccc1N1CCN(CCCCCn2c(C)nc3ccccc3c2=O)CC1,8.52432881167557
Cc1nc(OCCCCCN2CCN(c3ccccc3)CC2)c2ccccc2n1,7.607303046740334
Cc1nc(OCCCCCN2CCN(c3ccc(Cl)cc3)CC2)c2ccccc2n1,7.283162276700476
c1ccc(OCCNCC2COC3(CCCCC3)O2)cc1,7.430041181903406
COc1ccccc1OCCNCC1COC2(CCCCC2)O1,8.51999305704285
COc1ccccc1N1CCN(CC2CSC3(CCCCC3)O2)CC1,8.299988937677888
COc1ccccc1OCCNCC1CSC2(CCCCC2)O1,8.64994590642097
COc1ccccc1N1CCN(CC2CSC3(CCCCC3)S2)CC1,8.51999305704285
c1ccc(OCCNCC2CSC3(CCCCC3)S2)cc1,8.809948582240795
OCCOc1cc(CC2CCN(CCc3ccc4c(c3)C(O)CCO4)CC2)ccc1Br,7.481486060122112
COCCOc1cc(CC2CCN(CCc3ccc4c(c3)C(=O)C(O)CO4)CC2)ccc1Br,8.130768280269024
O=c1ccoc2ccc(CCN3CCC(Cc4ccc(Br)c(OCCO)c4)CC3)cc12,8.67778070526608
O=C1CCOc2ccc(CCN3CCC(Cc4ccc(Br)c(O)c4)CC3)cc21,8.886056647693163
O=c1ccoc2ccc(CCN3CCC(Cc4ccc(Br)c(O)c4)CC3)cc12,9.568636235841012
COCCOc1cc(CC2CCN(CCc3ccc4c(c3)C(=O)CC(O)O4)CC2)ccc1Br,7.481486060122112
COCCOc1cc(CC2CCN(CC(O)c3ccc4c(c3)C(=O)CCO4)CC2)ccc1Br,7.769551078621726
O=C(O)COc1cc(CC2CCN(CCc3ccc4c(c3)C(=O)C(O)CO4)CC2)ccc1Br,7.040958607678906
Oc1cc(CC2CCN(CCc3ccc4c(c3)C(O)CCO4)CC2)ccc1Br,8.070581074285707
O=C1CCc2ccc(OCCCCN3CCCN(c4cccc(Cl)c4Cl)CC3)nc2N1,7.5376020021010435
Cn1c(=O)cnn(CCCCN2CCN(c3ccccc3Br)CC2)c1=O,8.221848749616356
COc1cc2c(cc1O)[C@@H]1Cc3c(OC)ccc(OC)c3CN1CC2,6.306730443937908
COc1ccc(OC)c2c1C[C@H]1c3cc4c(cc3CCN1C2)OCO4,6.3032680259789
COc1ccc(OC)c2c1C[C@H]1c3cc4c(cc3CCN1C2)OCCO4,7.391580948682715
CN(C)CC1=Cc2cn(S(=O)(=O)c3cccc4ccccc34)c3cccc(c23)O1,5.224243962155902
COc1ccccc1N1CCC2(CCN(CCCSc3nnc(-c4ccccc4)n3C)CC2)C1,6.140261433802853
Cn1c(SCCCN2CCC3(CC2)CCN(c2ccc(F)cc2)CC3)nnc1-c1ccccc1,6.231361898752385
COc1ccccc1N1CCN(CCCSc2nnc(-c3ccccc3)n2C)CC1,9.2518119729938
O=S(=O)(c1cncc2ccccc12)N1CCC(CCN2CCN(c3ccccc3)CC2)CC1,6.265200170411153
O=S(=O)(c1cccc2ncccc12)N1CCC(CCN2CCN(c3ccc(Cl)cc3)CC2)CC1,6.130768280269024
O=S(=O)(c1cccc2ncccc12)N1CCC(CCN2CCN(c3ccc(F)cc3)CC2)CC1,6.11975822410452
O=S(=O)(c1cncc2ccccc12)N1CCC(CCN2CCN(c3ccc(F)cc3)CC2)CC1,6.010995384301463
O=S(=O)(c1cncc2ccccc12)N1CCC(CCN2CCN(c3cccc(Cl)c3)CC2)CC1,7.494850021680094
O=S(=O)(c1cccc2ncccc12)N1CCC(CCN2CCN(c3cccc(F)c3)CC2)CC1,6.215382707367125
O=S(=O)(c1cccc2ncccc12)N1CCC(CCN2CCN(c3cccc(C(F)(F)F)c3)CC2)CC1,7.397940008672037
O=S(=O)(c1cccc2ncccc12)N1CCC(CCN2CCN(c3cccc(Cl)c3Cl)CC2)CC1,7.346787486224656
O=S(=O)(c1cccc2ncccc12)N1CCC(CCN2CCN(c3ccc(Cl)c(Cl)c3)CC2)CC1,6.590066876668706
Fc1ccc(OC[C@@H]2CC[C@H]3CN(c4ncc(F)cn4)CCN3C2)cc1,6.7447274948966935
c1ccc2c(c1)CC(CN1CCN(c3ccc4c(c3)OCCO4)CC1)C2,6.267606240177032
Fc1ccc(N2CCN(CCC3OCCc4ccccc43)CC2)cc1,6.872895201635193
Cc1cccc(S(=O)(=O)NCCN2CC=C(c3c[nH]c4ccc(Cl)cc34)CC2)c1,8.744727494896694
Cc1cccc(S(=O)(=O)NCCCN2CC=C(c3c[nH]c4ccc(Cl)cc34)CC2)c1,8.301029995663981
Cc1cccc(S(=O)(=O)NCCCN2CC=C(c3c(C)[nH]c4ccc(Cl)cc34)CC2)c1,6.958607314841775
Cc1cccc(S(=O)(=O)NCCCCN2CC=C(c3c(C)[nH]c4ccc(Cl)cc34)CC2)c1,6.769551078621726
O=S(=O)(NCCN1CC=C(c2c[nH]c3ccc(F)cc23)CC1)c1ccc2ccccc2c1,7.443697499232712
O=S(=O)(NCCCCN1CC=C(c2c[nH]c3ccc(F)cc23)CC1)c1ccc2ccccc2c1,8.0
O=S(=O)(NCCN1CC=C(c2c[nH]c3ccc(Cl)cc23)CC1)c1ccc2ccccc2c1,7.744727494896693
O=S(=O)(NCCCCN1CC=C(c2c[nH]c3ccc(Cl)cc23)CC1)c1ccc2ccccc2c1,8.154901959985743
Cc1[nH]c2ccc(Cl)cc2c1C1=CCN(CCNS(=O)(=O)c2ccc3ccccc3c2)CC1,6.552841968657781
Cc1[nH]c2ccc(Cl)cc2c1C1=CCN(CCCNS(=O)(=O)c2ccc3ccccc3c2)CC1,6.2839966563652006
Cc1[nH]c2ccc(Cl)cc2c1C1=CCN(CCCCNS(=O)(=O)c2ccc3ccccc3c2)CC1,6.327902142064283
O=S(=O)(NCCN1CC=C(c2c[nH]c3ccc(Cl)cc23)CC1)c1cccc2ccccc12,8.397940008672037
O=S(=O)(NCCCN1CC=C(c2c[nH]c3ccc(Cl)cc23)CC1)c1cccc2ccccc12,8.301029995663981
O=S(=O)(NCCCN1CC=C(c2c[nH]c3ccc(Cl)cc23)CC1)c1cccc(F)c1,8.0
O=S(=O)(NCCCCN1CC=C(c2c[nH]c3ccc(Cl)cc23)CC1)c1cccc(F)c1,8.522878745280337
O=S(=O)(NCCN1CC=C(c2c[nH]c3ccc(Cl)cc23)CC1)c1cccc(Cl)c1,8.130768280269024
O=S(=O)(NCCCCN1CC=C(c2c[nH]c3ccc(Cl)cc23)CC1)c1cccc(Cl)c1,8.769551078621726
O=S(=O)(NCCN1CC=C(c2c[nH]c3ccc(Cl)cc23)CC1)c1cccc(O)c1,8.214670164989233
O=S(=O)(NCCCN1CC=C(c2c[nH]c3ccc(Cl)cc23)CC1)c1cccc(O)c1,8.397940008672037
O=S(=O)(NCCCCN1CC=C(c2c[nH]c3ccc(Cl)cc23)CC1)c1cccc(O)c1,8.0
O=S(=O)(NCCCCN1CC=C(c2c[nH]c3ccc(Cl)cc23)CC1)c1ccc(F)cc1,7.67778070526608
O=S(=O)(NCCCN1CC=C(c2c[nH]c3ccc(Cl)cc23)CC1)c1ccc(Cl)cc1,8.045757490560675
O=S(=O)(NCCCCN1CC=C(c2c[nH]c3ccc(Cl)cc23)CC1)c1ccc(Cl)cc1,8.0
c1ccc(C2(c3ccccc3)COCC(CNCCOc3ccccn3)O2)cc1,9.049976093476673
Oc1ccccc1OCCNCC1COCC(c2ccccc2)(c2ccccc2)O1,9.160019442321657
O=[N+]([O-])c1ccccc1OCCNCC1COCC(c2ccccc2)(c2ccccc2)O1,9.250031916490595
Cc1ccccc1OCCNCC1COCC(c2ccccc2)(c2ccccc2)O1,8.950007143079857
Clc1ccccc1OCCNCC1COCC(c2ccccc2)(c2ccccc2)O1,9.100015437450608
CC(=O)c1c(OCCCCN2CCN(c3ccccc3C#N)CC2)ccc2c(C)cc(=O)oc12,8.823908740944319
CC(=O)c1c(OCCCCN2CCN(c3cccc(Cl)c3Cl)CC2)ccc2c(C)cc(=O)oc12,8.657577319177793
CC(=O)c1c(OCCCCN2CCN(c3ccc(Cl)cc3)CC2)ccc2c(C)cc(=O)oc12,7.552841968657781
CC(=O)c1c(OCCCCN2CCN(c3ccncc3)CC2)ccc2c(C)cc(=O)oc12,6.721246399047171
CC(=O)c1c(OCCCCN2CCN(c3ccc([N+](=O)[O-])cc3)CC2)ccc2c(C)cc(=O)oc12,7.036212172654444
CC(=O)c1c(OCCCCN2CCOCC2)ccc2c(C)cc(=O)oc12,6.518557371497695
CC(=O)c1c(OCCCCN2CCN(c3cnccn3)CC2)ccc2c(C)cc(=O)oc12,7.42021640338319
CC(=O)c1c(OCCCN2CCOCC2)ccc2c(C)cc(=O)oc12,6.7447274948966935
COc1cccc(N2CCN(CCCOc3ccc4c(C)cc(=O)oc4c3C(C)=O)CC2)c1,8.795880017344075
CC(=O)c1c(OCCCN2CCN(c3cnccn3)CC2)ccc2c(C)cc(=O)oc12,6.596879478824183
CC(=O)c1c(OCCCN2CCN(c3ccccc3F)CC2)ccc2c(C)cc(=O)oc12,8.886056647693163
CCc1nc2c(N3CCNCC3)ccnc2n1Cc1cccc(Cl)c1,5.8683813356508745
CC(C)c1nc2c(N3CCNCC3)ccnc2n1Cc1cccc(Cl)c1,5.642636969384857
O=C(OCc1ccccc1)N1Cc2ccc(N3CCN(C4CCCC4)CC3)cc2C1,5.670602120638957
O=C(OCc1ccccc1)N1CCc2ccc(N3CCN(C4CCCC4)CC3)cc2C1,5.920456992597094
CCC1(C)CC(CCNCc2ccccc2)(c2ccc(C)cc2)CCO1,4.3788237182249645
CCC1(C)CC(CCNCc2ccc(OC)c(OC)c2)(c2ccc(C)cc2)CCO1,4.434152181326482
COc1ccc(CNCCC(c2ccccc2)c2ccc3c(c2)OCO3)cc1,4.806875401645539
COc1cc(CNCCC2=CCCCC2)ccc1OCc1ccccc1,5.309803919971486
CC(NCCC(Cc1ccccc1)c1ccco1)c1ccc(Cl)cc1,5.1487416512809245
Cc1ccc(C(CCNC(C)c2ccc(Cl)cc2)c2ccco2)cc1,5.040958607678906
Cc1ccc(C(C)NCCC(c2ccc(F)cc2)c2ccco2)cc1,5.214670164989233
COc1ccc(CNCCC(c2ccco2)c2ccccc2OC)cc1,5.214670164989233
CC(C)c1ccccc1OCC(C)N1CCC(NS(=O)(=O)c2cccc(F)c2)CC1,6.016824927962187
CC(C)c1ccccc1OCC(C)N1CCC(NS(=O)(=O)c2ccc(F)cc2)CC1,5.93218548883816
CC(COc1ccccc1-c1ccccc1)N1CCC(NS(=O)(=O)c2cccc(Cl)c2)CC1,6.157390760389438
CC(COc1ccccc1-c1ccccc1)N1CCC(NS(=O)(=O)c2ccc(F)cc2)CC1,6.527243550682788
O=S(=O)(NC1CCN(CCCOc2ccccc2-c2ccccc2)CC1)c1cccc(Cl)c1,5.787812395596042
O=S(=O)(NC1CCN(CCCOc2ccccc2-c2ccccc2)CC1)c1ccc(F)cc1,5.735418270761922
CC(C)c1ccccc1OCC(O)CN1CCC(NS(=O)(=O)c2cccc(F)c2)CC1,6.129596094720973
O=S(=O)(NC1CCN(CC(O)COc2ccccc2-c2ccccc2)CC1)c1cccc(Cl)c1,5.876475019057268
OC(CN1CCN(c2ccccc2)CC1)c1ccc(Cl)c(Cl)c1,8.619788758288394
Clc1ccc(CCN2CCN(c3nsc4ccccc34)CC2)cc1Cl,9.075720713938118
Cc1ccc(Sc2ccccc2N2CCNCC2)c(C)c1,8.022276394711152
CC(=O)c1c(OCCCN2CCN(c3ccccc3Cl)CC2)ccc2c(C)cc(=O)oc12,8.698970004336019
CC(=O)c1c(OCCCN2CCN(c3cc(C)cc(C)c3)CC2)ccc2c(C)cc(=O)oc12,9.045757490560677
CC(=O)c1c(OCCCN2CCN(c3cc(C)ccc3C)CC2)ccc2c(C)cc(=O)oc12,7.853871964321762
CC(=O)c1c(OCCCN2CCN(c3ccccc3Br)CC2)ccc2c(C)cc(=O)oc12,9.30102999566398
COc1ccccc1N1CCN(CCCOc2ccc3c(C)cc(=O)oc3c2C(C)=O)CC1,9.221848749616356
CC(=O)c1c(OCCCCN2CCN(c3ccccc3Cl)CC2)ccc2c(C)cc(=O)oc12,9.045757490560677
CC(=O)c1c(OCCCCN2CCN(c3cccc(Br)c3)CC2)ccc2c(C)cc(=O)oc12,8.602059991327963
CC(=O)c1c(OCCCCN2CCN(c3ccccc3C(F)(F)F)CC2)ccc2c(C)cc(=O)oc12,7.958607314841775
COc1ccccc1N1CCN(CCCNc2cc(=O)n(C)c(=O)n2C)CC1,6.671620396561262
O=C1Nc2ccccc2C12CCN(CCN1CCN(c3ccc(Cl)cc3)CC1)C2,5.425390058659813
O=C1Nc2ccccc2C12CCN(CCCN1CCN(c3ccc(Cl)cc3)CC1)C2,5.538951908329342
O=C1Nc2ccccc2C12CCN(CCN1CCN(c3ccccc3)CC1)C2,5.221486988261075
O=C1Nc2ccccc2C12CCN(CCN1CCN(c3cccc(Cl)c3)CC1)C2,5.570732333566832
O=C1Nc2ccccc2C12CCN(CCN1CCN(c3ccccc3Cl)CC1)C2,5.96018944585165
O=C1Nc2ccccc2C12CCN(CCN1CCN(c3ccc(Cl)c(Cl)c3)CC1)C2,5.39211625564301
O=C1Nc2ccccc2C12CCN(CCN1CCC(c3ccc(F)cc3)CC1)C2,4.283913146225168
O=C1Nc2ccccc2C12CCN(CCN1CC=C(c3ccc(F)cc3)CC1)C2,5.403512866263456
O=C1Nc2ccccc2C12CCN(CCN1CCC(Oc3ccc(Cl)cc3)CC1)C2,4.860435733824151
CCCCc1cc(-c2ccoc2)nc(N2CCN(C)CC2)n1,6.195860567664649
Fc1ccc(-c2n[nH]c3c2CCNCC3)cc1,5.729088360589519
O=S(=O)(NC1CCN(CCOc2ccccc2)CC1)c1ccccc1Cl,5.686554629573586
O=S(=O)(NC1CCN(CCOc2ccccc2)CC1)c1ccccc1,5.442011851775087
O=S(=O)(NC1CCN(CCOc2ccccc2)CC1)c1ccccc1I,6.304518323509803
O=S(=O)(NC1CCN(CCOc2ccccc2)CC1)c1cccc(Br)c1,6.113509274827518
O=S(=O)(NC1CCN(CCOc2ccccc2)CC1)c1ccc(Cl)cc1,5.495121540589784
O=S(=O)(NC1CCN(CCOc2ccccc2Cl)CC1)c1ccccc1,5.891096872332687
O=S(=O)(NC1CCN(CCOc2ccccc2I)CC1)c1ccccc1,6.208309350979882
Cc1ccccc1OCCN1CCC(NS(=O)(=O)c2ccccc2)CC1,5.6256183019491175
O=S(=O)(NC1CCN(CCOc2ccccc2C(F)(F)F)CC1)c1ccccc1,5.360712774089763
CC(C)(C)c1ccccc1OCCN1CCC(NS(=O)(=O)c2ccccc2)CC1,5.061130178487013
O=S(=O)(NC1CCN(CCOc2cccc(Br)c2)CC1)c1ccccc1,5.655411257421286
Cc1cccc(OCCN2CCC(NS(=O)(=O)c3ccccc3)CC2)c1,5.676129393459491
O=S(=O)(NC1CCN(CCOc2cccc(-c3ccccc3)c2)CC1)c1ccccc1,5.836838625022982
O=S(=O)(NC1CCN(CCOc2ccc(Cl)cc2)CC1)c1ccccc1,4.416914633652312
O=S(=O)(NC1CCN(CCOc2ccc(Br)cc2)CC1)c1ccccc1,4.2789316982028405
O=S(=O)(NC1CCN(CCOc2cccc(Br)c2I)CC1)c1ccccc1,5.572351628813068
O=S(=O)(NC1CCN(CCOc2cc(Br)ccc2I)CC1)c1ccccc1,5.047401265470227
O=S(=O)(NC1CCN(CCOc2cccc(Br)c2)CC1)c1ccccc1Br,6.335358024443875
O=S(=O)(NC1CCN(CCOc2cccc(Br)c2)CC1)c1ccc(Br)cc1,5.573651426212492
COCCOc1cc(CC2CCN(CCc3cc4c(cc3Cl)OCCO4)CC2)ccc1Br,6.600326278518962
COCCOc1cc(CC2CCN(CCc3ccc4c(c3)OCCO4)CC2)ccc1Br,7.795880017344075
COCCOc1cc(Br)cc(CC2CCN(CCc3ccc4c(c3)OCCO4)CC2)c1,7.2380721615794705
COCCOc1cc(CC2CCN(CCc3ccc4c(c3)OCCC4)CC2)ccc1Br,7.721246399047171
COCCOc1cc(CC2CCN(CCc3ccc4c(c3)OCCC4=O)CC2)ccc1Br,7.368556230986828
COCCOc1cc(CC2CCN(CCc3ccc4c(c3)C(=O)CCCO4)CC2)ccc1Br,7.1432711096171175
COCCOc1cc(CC2CCN(CCc3ccc4c(c3)S(=O)(=O)CCO4)CC2)ccc1Br,7.94692155651658
COCCOc1cc(Br)cc(CC2CCN(CCc3ccc4c(c3)C(=O)CCO4)CC2)c1,7.35359627377693
COCCOc1cccc(CC2CCN(CCc3ccc4c(c3)C(=O)CCO4)CC2)c1,8.61798295742513
COCCOc1cc(CC2CCN(CCc3ccc4c(c3)C(=O)CCO4)CC2)ccc1F,8.647817481888637
COCCOc1cc(CC2CCN(CCc3ccc4c(c3)C(=O)CCO4)CC2)ccc1I,8.05749589383192
COCCOc1cc(CC2CCN(CCc3ccc4c(c3)C(=O)CCO4)CC2)ccc1C,8.112382699664265
COCCOc1cc(CC2CCN(CCc3ccc4c(c3)C(=O)CCO4)CC2)ccc1C(C)C,7.155522824254319
CCCCCCN1CCC(c2cccc(O)c2)C1,6.565431095965801
CCCCCCCCN1CCC(c2cccc(O)c2)C1,8.0268721464003
O=S(=O)(c1cccc2ncccc12)N1CCCCC[C@H]1CCN1CCN(c2cccc3sccc23)CC1,7.920818753952375
O=S(=O)(c1cncc2ccccc12)N1CCCC[C@@H]1CCN1CCN(c2cccc3sccc23)CC1,7.920818753952375
O=S(=O)(c1cccc2ncccc12)N1CCCC[C@@H]1CCN1CCN(c2cccc3sccc23)CC1,7.823908740944319
O=S(=O)(c1cccc2ncccc12)N1CCCCC[C@H]1CCN1CCN(c2nsc3ccccc23)CC1,7.318758762624412
O=S(=O)(c1cncc2ccccc12)N1CC[C@@H]1CCN1CCN(c2nsc3ccccc23)CC1,7.251811972993799
O=S(=O)(c1cccc2ncccc12)N1CC[C@@H]1CCN1CCN(c2nsc3ccccc23)CC1,7.267606240177032
O=S(=O)(c1cccc2cnccc12)N1CCC[C@H]1CCN1CCN(c2noc3ccccc23)CC1,7.0655015487564325
O=S(=O)(c1cncc2ccccc12)N1CCC[C@H]1CCN1CCN(c2noc3ccccc23)CC1,7.017728766960431
O=c1[nH]c2c(N3CCN(CC[C@@H]4CCCN4S(=O)(=O)c4cccc5ncccc45)CC3)cccc2o1,7.638272163982407
Fc1ccc2[nH]cc(CCN3CCN(c4ccccc4-c4ccccc4)CC3)c2c1,9.275724130399212
Fc1cccc(-c2ccccc2N2CCN(CCc3c[nH]c4ccc(F)cc34)CC2)c1,8.2518119729938
Fc1ccc2[nH]cc(CCN3CCN(c4ccccc4-c4ccccc4F)CC3)c2c1,7.602059991327962
Fc1cccc(-c2ccccc2N2CCN(CCCc3c[nH]c4ccc(F)cc34)CC2)c1,8.09151498112135
Fc1cccc(-c2ccc(F)cc2N2CCN(CCCc3c[nH]c4ccc(F)cc34)CC2)c1,7.823908740944319
Fc1ccc(N2CCN(CCCc3c[nH]c4ccc(F)cc34)CC2)c(-c2ccccc2)c1,7.552841968657781
COc1cc2c3c(c1OC)-c1ccccc1[C@@H](O)[C@@H]3NCC2,7.1487416512809245
CC1(c2ccc(F)cc2)NC(=O)N(CC(O)CN2CCN(Cc3cccc4ccccc34)CC2)C1=O,5.253599355508439
CC1(c2ccc(F)cc2)NC(=O)N(CC(O)CN2CCN(c3cccc4ccccc34)CC2)C1=O,7.721246399047171
CC1(c2ccc(F)cc2)NC(=O)N(CC(O)CN2CCC(Oc3ccccc3)CC2)C1=O,5.283078926833239
COc1ccccc1N1CCN(CC(O)CN2C(=O)NC(C)(c3cccc4ccccc34)C2=O)CC1,6.486782399932061
COc1ccccc1N1CCN(CC(O)CN2C(=O)NC(C)(c3ccc4ccccc4c3)C2=O)CC1,6.892790030352131
CC1(c2ccc3ccccc3c2)NC(=O)N(CC(O)CN2CCN(c3ccccc3C#N)CC2)C1=O,6.889410289700751
COc1ccccc1N1CCN(CC(O)CN2C(=O)NC(C)(C)C2=O)CC1,6.31069114087638
CC1(C)NC(=O)N(CC(O)CN2CCN(c3ccccc3C#N)CC2)C1=O,5.937418015771837
CC1(C)NC(=O)N(CC(O)CN2CCN(C(c3ccccc3)c3ccccc3)CC2)C1=O,4.8195873671616765
O=C(NCCc1c[nH]c2ccccc12)C1CCN(C(=O)c2ccc(-c3ccccc3)cc2)CC1,6.219682687859849
OC1(c2ccc(Cl)c(C(F)(F)F)c2)CCN(CCCC=C(c2ccc(F)cc2)c2ccc(F)cc2)CC1,5.865504144165326
OC1(c2ccc(Cl)c(C(F)(F)F)c2)CCN(CCCC(c2ccccc2)c2ccccc2)CC1,6.317854923626168
COc1ccc(N(CCCCN2CCC(O)(c3ccc(Cl)c(C(F)(F)F)c3)CC2)c2ccc(OC)cc2)cc1,5.0
OC1(c2ccc(Cl)c(C(F)(F)F)c2)CCN(CCCC(c2ccc(F)cc2)c2ccc(F)cc2)CC1,6.448550002027125
CC(=O)c1c(C)cc2oc(=O)cc(C)c2c1OCCCN1CCN(c2ccccc2C#N)CC1,9.522878745280336
CC(=O)c1c(C)cc2oc(=O)cc(C)c2c1OCCCN1CCN(c2ccc([N+](=O)[O-])cc2)CC1,6.798602875679548
CC(=O)c1c(C)cc2oc(=O)cc(C)c2c1OCCCN1CCOCC1,6.070581074285707
COc1cccc(N2CCN(CCCOc3c(C(C)=O)c(C)cc4oc(=O)cc(C)c34)CC2)c1,9.397940008672036
CC(=O)c1c(C)cc2oc(=O)cc(C)c2c1OCCCN1CCN(c2cnccn2)CC1,7.958607314841775
CC(=O)c1c(C)cc2oc(=O)cc(C)c2c1OCCCN1CCN(c2ccccc2F)CC1,9.522878745280336
CC(=O)c1c(C)cc2oc(=O)cc(C)c2c1OCCCCN1CCN(c2ccncc2)CC1,6.511449283499556
CC(=O)c1c(C)cc2oc(=O)cc(C)c2c1OCCCCN1CCN(c2cccc(Cl)c2Cl)CC1,6.6020599913279625
CC(=O)c1c(C)cc2oc(=O)cc(C)c2c1OCCCCN1CCOCC1,6.6020599913279625
COc1cccc(N2CCN(CCCCOc3c(C(C)=O)c(C)cc4oc(=O)cc(C)c34)CC2)c1,7.823908740944319
CC(=O)c1c(C)cc2oc(=O)cc(C)c2c1OCCCCN1CCN(c2cnccn2)CC1,8.318758762624412
Cc1cc(OCCCN2CCN(c3ccncc3)CC2)c2c(C)cc(=O)oc2c1,6.346787486224656
Cc1cc(OCCCN2CCN(c3ccccc3C#N)CC2)c2c(C)cc(=O)oc2c1,8.522878745280337
Cc1cc(OCCCN2CCN(c3cccc(Cl)c3Cl)CC2)c2c(C)cc(=O)oc2c1,8.397940008672037
Cc1cc(OCCCN2CCN(c3ccc(Cl)cc3)CC2)c2c(C)cc(=O)oc2c1,6.79317412396815
Cc1cc(OCCCN2CCN(c3ccc([N+](=O)[O-])cc3)CC2)c2c(C)cc(=O)oc2c1,5.91721462968355
Cc1cc(OCCCN2CCOCC2)c2c(C)cc(=O)oc2c1,5.884722408604098
COc1cccc(N2CCN(CCCOc3cc(C)cc4oc(=O)cc(C)c34)CC2)c1,8.221848749616356
Cc1cc(OCCCCN2CCN(c3ccncc3)CC2)c2c(C)cc(=O)oc2c1,6.410050398674292
Cc1cc(OCCCCN2CCN(c3cccc(Cl)c3Cl)CC2)c2c(C)cc(=O)oc2c1,8.096910013008056
Cc1cc(OCCCCN2CCN(c3ccc(Cl)cc3)CC2)c2c(C)cc(=O)oc2c1,7.221848749616356
Cc1cc(OCCCCN2CCN(c3ccc([N+](=O)[O-])cc3)CC2)c2c(C)cc(=O)oc2c1,6.092051478387727
Cc1cc(OCCCCN2CCOCC2)c2c(C)cc(=O)oc2c1,5.455931955649724
Cc1cc(OCCCCN2CCN(c3ccccc3F)CC2)c2c(C)cc(=O)oc2c1,8.769551078621726
O=C1c2ccccc2S(=O)(=O)N1CCCCCCN1CCN(c2nsc3ccccc23)CC1,7.638272163982407
O=C1c2ccccc2S(=O)(=O)N1CCCCCCN1CCN(c2ccccn2)CC1,7.886056647693163
O=C1c2ccccc2S(=O)(=O)N1CCCCCCN1CCN(c2ccccc2)CC1,7.698970004336019
O=C1c2ccccc2S(=O)(=O)N1CCCCCCN1CCN(c2cccc(C(F)(F)F)c2)CC1,7.602059991327962
O=C1c2ccccc2S(=O)(=O)N1CCCCCCN1CCN(c2ccccc2C(F)(F)F)CC1,6.806875401645538
COc1cccc(N2CCN(CCCCCCN3C(=O)c4ccccc4S3(=O)=O)CC2)c1,7.721246399047171
COc1ccccc1N1CCN(CCCCCCN2C(=O)c3ccccc3S2(=O)=O)CC1,7.040958607678906
O=C1c2ccccc2S(=O)(=O)N1CCCCCCN1CCN(c2ccc(Cl)c(Cl)c2)CC1,7.267606240177032
O=C1c2ccccc2S(=O)(=O)N1CCCCCCN1CCN(c2cccc(Cl)c2Cl)CC1,7.236572006437063
O=C1c2ccccc2S(=O)(=O)N1CCCCCCN1CCN(c2ccccc2F)CC1,7.920818753952375
O=C1c2ccccc2S(=O)(=O)N1CCCCCCN1CCN(c2ccccc2Cl)CC1,7.585026652029182
CC[C@H]1c2cc(OC)ccc2CC[C@@]1(C)N,6.199998172182031
CC[C@H]1c2cc(C)ccc2OC[C@@]1(C)N,5.700000503883016
CC[C@H]1c2cc(-c3ccccc3)ccc2OC[C@@]1(C)N,5.700000503883016
CC[C@H]1c2c(ccc3ccccc23)OC[C@@]1(C)N,6.499996931948306
CN1CC[C@H]2c3cccc(-c4ccccc4)c3OC[C@]21C,6.699991797446187
C[C@@]12COc3c(Br)cccc3[C@@H]1CCN2,6.0
C=CCc1ccccc1OCC(O)CNC(C)C,7.665546248849069
COC(=O)CSCCCc1ccccc1OCC(O)CNC(C)C,7.617982957425132
CC(C)NCC(O)COc1ccccc1CCCSCC(=O)NCCOCCOCCN,5.543633966870957
CC(C)NCC(O)COc1ccccc1CCCSCC(=O)NCCOCCOCCNC(=O)CS(=O)(=O)O,5.749579997691106
CC(C)NCC(O)COc1ccccc1CCCSCC(=O)NCCOCCOCCNC(=O)C1C(C(=O)O)C(C(=O)O)C1C(=O)O,5.764471553092451
C=CCc1ccccc1OCC(O)CNCCOCCOCCOCCOCCNC(=O)OC(C)(C)C,7.617982957425132
C=CCc1ccccc1OCC(O)CNCCOCCOCCOCCOCCN,7.446116973356125
C=CCc1ccccc1OCC(O)CNCCOCCOCCOCCOCCNC(=O)CS(=O)(=O)O,6.583359492661719
O=c1[nH]c(SCCCN2CCN(c3ccccc3)CC2)nc2c1sc1ccccc12,6.432973633840939
O=c1[nH]c(SCCCN2CCN(Cc3ccccc3)CC2)nc2c1sc1ccccc12,5.637140697041319
O=c1[nH]c(SCCCN2CCC(Cc3ccccc3)CC2)nc2c1sc1ccccc12,6.0030507515046185
Nn1c(CCCCN2CCN(c3ccccc3)CC2)nc2c(sc3ccccc32)c1=O,6.872895201635193
O=c1[nH]c(CCCCCN2CCC(Cc3ccccc3)CC2)nc2c1sc1ccccc12,6.067526235322847
O=c1[nH]c(CCCCN2CCN(c3cccc(Cl)c3)CC2)nc2c1sc1ccccc12,8.415668775632469
O=c1[nH]c(CCCCCN2CCN(c3ccccc3)CC2)nc2c1sc1ccccc12,7.785156151952302
Cn1c(CCCCN2CCN(c3ccccc3)CC2)nc2c(sc3ccccc32)c1=O,8.288192770958808
COC(=O)c1sccc1NC(=O)CCCCN1CCN(c2ccccc2)CC1,7.673664139071248
NC(=O)c1sccc1NC(=O)CCCCN1CCN(c2ccccc2)CC1,7.412289034981089
O=c1[nH]c(CCCCN2CCN(c3ccccc3)CC2)nc2ccsc12,7.393618634889395
O=c1[nH]c(CCCCN2CCN(Cc3ccccc3)CC2)nc2ccsc12,6.31069114087638
O=c1[nH]c(CCCCN2CCC(Cc3ccccc3)CC2)nc2ccsc12,6.991399828238082
O=c1[nH]c(CCCCN2CCN(c3ccccc3)CC2)nc2cc(-c3ccccc3)sc12,7.393618634889395
O=c1ccc2ccc(OCCCCN3CCN(c4cccc5sccc45)CC3)cc2[nH]1,9.920818753952377
O=C1[C@H]2[C@@H]3CC[C@@H](C3)[C@H]2C(=O)N1C[C@@H]1CCCC[C@H]1CN1CCN(c2nsc3ccccc23)CC1,8.173925197299173
COc1ccc2[nH]cc(C3CCCN(CCCCN4C(=O)CC(c5c[nH]c6ccc(OC)cc56)C4=O)C3)c2c1,7.2839966563652
COc1ccc2[nH]cc(C3CCCN(CCCCN4C(=O)CC(c5c[nH]c6ccccc56)C4=O)C3)c2c1,7.107905397309519
O=C1CC(c2c[nH]c3ccccc23)C(=O)N1CCCCN1CCCC(c2c[nH]c3ccc(F)cc23)C1,6.73754891026957
O=C1CC(c2c[nH]c3ccccc23)C(=O)N1CCCCN1CCCC(c2c[nH]c3ccccc23)C1,6.913640169325252
O=C1CC(c2c[nH]c3ccc(F)cc23)C(=O)N1CCN1CCC(c2c[nH]c3ccc(F)cc23)CC1,6.154901959985743
O=C1CC(c2c[nH]c3ccc(F)cc23)C(=O)N1CCCN1CCC(c2c[nH]c3ccc(F)cc23)CC1,6.473660722610156
COc1ccc2[nH]cc(C3CCN(CCCCN4C(=O)CC(c5c[nH]c6ccc(F)cc56)C4=O)CC3)c2c1,8.494850021680094
COc1ccc2[nH]cc(C3CCN(CCN4C(=O)CC(c5c[nH]c6ccc(OC)cc56)C4=O)CC3)c2c1,6.619788758288394
COc1ccc2[nH]cc(C3CC(=O)N(CCN4CCC(c5c[nH]c6ccc(F)cc56)CC4)C3=O)c2c1,6.653647025549361
COc1ccc2[nH]cc(C3CC(=O)N(CCN4CCC(c5c[nH]c6ccccc56)CC4)C3=O)c2c1,7.312471038785365
COc1ccc2[nH]cc(C3CCN(CCCN4C(=O)CC(c5c[nH]c6ccc(OC)cc56)C4=O)CC3)c2c1,7.16304326294045
COc1ccc2[nH]cc(C3CC(=O)N(CCCN4CCC(c5c[nH]c6ccccc56)CC4)C3=O)c2c1,6.690156995283929
COc1ccc2[nH]cc(C3CCN(CCCCN4C(=O)CC(c5c[nH]c6ccc(OC)cc56)C4=O)CC3)c2c1,8.638272163982407
COc1ccc2[nH]cc(C3CC(=O)N(CCCCN4CCC(c5c[nH]c6ccccc56)CC4)C3=O)c2c1,8.200659450546418
COc1cccc(-c2ccc(CNCCc3c[nH]c4ccc(OC)cc34)o2)c1,7.040958607678906
COc1ccc2[nH]cc(CCNCc3ccc(-c4cn[nH]c4)o3)c2c1,6.835647144215563
COc1ccc2[nH]cc(CCNCc3ccc(-c4ccc(Cl)cc4)o3)c2c1,6.661543506395395
Oc1ccc(-c2ccc(CNCCc3c[nH]c4ccccc34)o2)cc1,6.534617148551582
COc1cccc2[nH]cc(CCNCc3ccc(-c4ccc(O)cc4)o3)c12,6.135488918941608
COc1ccc2[nH]cc(CCNCc3ccc(-c4ccc(O)cc4)o3)c2c1,6.920818753952375
CN(CCc1c[nH]c2ccccc12)Cc1ccc(-c2ccccc2)o1,6.110698297493689
Cc1ccc2[nH]cc(CCNCc3ccc(-c4ccc(O)cc4)o3)c2c1,6.399027104313252
Fc1ccc2c(CCNCc3cccc(OCC(F)(F)C(F)F)c3)c[nH]c2c1,5.404944910240696
COc1ccccc1N1CCN(CCCNC(=O)NN(Cc2ccccc2)c2ccccc2)CC1,7.769551078621726
COc1ccc(/C=C2\NC(=O)N(CCCN3CCN(c4ccccc4OC)CC3)C2=O)cc1OC,7.886056647693163
COc1ccc(/C=C2\NC(=O)N(CCCN3CCN(c4ncccn4)CC3)C2=O)cc1OC,7.920818753952375
COc1ccc(/C=C2\NC(=O)N(CCCCN3CCN(c4ccccc4OC)CC3)C2=O)cc1OC,8.154901959985743
COc1ccc(/C=C2\NC(=O)N(CCCCN3CCN(c4cccc(Cl)c4Cl)CC3)C2=O)cc1OC,9.69897000433602
COc1ccc(/C=C2\NC(=O)N(CCCCN3CCN(c4ncccn4)CC3)C2=O)cc1OC,7.346787486224656
COc1ccc(/C=C2\NC(=O)N(CCCN3CCN(c4ncccn4)CC3)C2=O)cc1OC1CCCC1,7.070581074285707
COc1ccc(/C=C2\NC(=O)N(CCCCN3CCN(c4cccc(Cl)c4Cl)CC3)C2=O)cc1OC1CCCC1,6.87942606879415
COc1ccc(/C=C2\NC(=O)N(CCCCN3CCN(c4ncccn4)CC3)C2=O)cc1OC1CCCC1,7.1938200260161125
CCC1(CCCCN2CCN(c3ccc(Cl)cc3)CC2)C(=O)Nc2cc(F)ccc21,5.79317412396815
O=S(=O)(c1ccc2cc[nH]c2c1)N1CCC[C@H]1CCN1CCC(Oc2ccc(Cl)cc2)CC1,6.250263684430939
COc1ccc(S(=O)(=O)NCCCN2CCN(c3ccccc3OC)CC2)cc1,6.565431095965801
Clc1ccc(-c2nn(Cc3ccccc3)c3c2CCNCC3)cc1,8.187086643357144
Cc1nn(C)c(C)c1-c1cccc2c1CC[C@H](N(C)C)C2,7.047207556955908
Cc1nn(C)c(C)c1-c1cccc(CCN(C)C)c1,6.154901959985743
COc1cccc(OC)c1-c1cccc(CCN(C)C)c1,5.316412682427233
CN1CCN(c2nc(N)nc(COc3ccccc3)n2)CC1,5.059184791349199
CN1CCN(c2nc(N)nc(COc3ccccc3Cl)n2)CC1,5.262250926108443
CN1CCN(c2nc(N)nc(COc3cccc(Cl)c3)n2)CC1,5.124649303420711
Cc1ccc(C(C)C)c(OCc2nc(N)nc(N3CCN(C)CC3)n2)c1,4.90204892900585
Cc1cccc(OCc2nc(N)nc(N3CCN(C)CC3)n2)c1,4.821886747685368
Cc1ccc(OCc2nc(N)nc(N3CCN(C)CC3)n2)cc1,4.54500278269054
Cc1cc(Cl)ccc1OCc1nc(N)nc(N2CCN(C)CC2)n1,5.114186625339511
CN1CCN(c2nc(N)nc(COc3ccc(Cl)cc3Cl)n2)CC1,5.79317412396815
Cc1cc(OCc2nc(N)nc(N3CCN(C)CC3)n2)ccc1Cl,5.445631999009913
CC(Oc1ccccc1Cl)c1nc(N)nc(N2CCN(C)CC2)n1,5.342944147142896
CN1CCN(c2nc(N)nc(CSc3ccccc3)n2)CC1,5.357634419155026
CN1CCN(c2nc(N)nc(CSc3ccccc3Cl)n2)CC1,5.774690718274137
CC(Sc1ccccc1Cl)c1nc(N)nc(N2CCN(C)CC2)n1,5.470569645633014
O=c1c(-c2ccccc2Cl)c2n(c(=O)n1CCCCN1CCCC(c3c[nH]c4ccccc34)C1)CCCC2,8.096910013008056
O=c1c(-c2ccccc2F)c2n(c(=O)n1CCCCN1CCCC(c3c[nH]c4ccccc34)C1)CCCC2,7.823908740944319
COc1ccccc1-c1c2n(c(=O)n(CCCCN3CCCC(c4c[nH]c5ccccc45)C3)c1=O)CCCC2,7.602059991327962
O=c1c(-c2ccc(Cl)cc2)c2n(c(=O)n1CCCCN1CCCC(c3c[nH]c4ccccc34)C1)CCCC2,7.522878745280337
O=c1c(-c2ccc(F)cc2)c2n(c(=O)n1CCCCN1CCCC(c3c[nH]c4ccccc34)C1)CCCC2,7.886056647693163
Cc1ccc(-c2c3n(c(=O)n(CCCCN4CCCC(c5c[nH]c6ccccc56)C4)c2=O)CCCC3)cc1,7.301029995663981
COc1ccc(-c2c3n(c(=O)n(CCCCN4CCCC(c5c[nH]c6ccccc56)C4)c2=O)CCCC3)cc1,7.2839966563652
O=c1c(-c2ccccc2)c2n(c(=O)n1CCCCN1CCCC(c3c[nH]c4ccc(F)cc34)C1)CCCC2,6.978810700930062
O=c1c(-c2ccccc2Cl)c2n(c(=O)n1CCCCN1CCCC(c3c[nH]c4ccc(F)cc34)C1)CCCC2,7.327902142064283
Cc1ccccc1-c1c2n(c(=O)n(CCCCN3CCCC(c4c[nH]c5ccc(F)cc45)C3)c1=O)CCCC2,6.847711655616943
COc1ccccc1-c1c2n(c(=O)n(CCCCN3CCCC(c4c[nH]c5ccc(F)cc45)C3)c1=O)CCCC2,7.397940008672037
O=c1c(-c2ccc(F)cc2)c2n(c(=O)n1CCCCN1CCCC(c3c[nH]c4ccc(F)cc34)C1)CCCC2,7.508638306165727
Cc1ccc(-c2c3n(c(=O)n(CCCCN4CCCC(c5c[nH]c6ccc(F)cc56)C4)c2=O)CCCC3)cc1,6.632644078973981
COc1ccc(-c2c3n(c(=O)n(CCCCN4CCCC(c5c[nH]c6ccc(F)cc56)C4)c2=O)CCCC3)cc1,7.376750709602099
COc1ccc2[nH]cc(C3CCCN(CCCCn4c(=O)c(-c5ccccc5)c5n(c4=O)CCCC5)C3)c2c1,6.991399828238082
COc1ccc2[nH]cc(C3CCCN(CCCCn4c(=O)c(-c5ccccc5Cl)c5n(c4=O)CCCC5)C3)c2c1,7.301029995663981
COc1ccc2[nH]cc(C3CCCN(CCCCn4c(=O)c(-c5ccccc5F)c5n(c4=O)CCCC5)C3)c2c1,6.627087997029894
COc1ccc2[nH]cc(C3CCCN(CCCCn4c(=O)c(-c5ccccc5C)c5n(c4=O)CCCC5)C3)c2c1,7.180456064458132
COc1ccc2[nH]cc(C3CCCN(CCCCn4c(=O)c(-c5ccccc5OC)c5n(c4=O)CCCC5)C3)c2c1,6.621602099051862
COc1ccc2[nH]cc(C3CCCN(CCCCn4c(=O)c(-c5ccc(Cl)cc5)c5n(c4=O)CCCC5)C3)c2c1,7.638272163982407
COc1ccc2[nH]cc(C3CCCN(CCCCn4c(=O)c(-c5ccc(F)cc5)c5n(c4=O)CCCC5)C3)c2c1,7.119186407719209
COc1ccc2[nH]cc(C3CCCN(CCCCn4c(=O)c(-c5ccc(C)cc5)c5n(c4=O)CCCC5)C3)c2c1,6.493494967595128
COc1ccc2[nH]cc(C3=CCN(Cc4cc(=O)[nH]c5ccccc45)CC3)c2c1,6.903089986991944
C1=C(c2c[nH]c3ccccc23)CCN(Cc2ccco2)C1,6.123782159408358
COc1ccc2[nH]cc(C3=CCN(Cc4ccco4)CC3)c2c1,6.709965388637482
CCOc1ccc2[nH]cc(C3=CCN(Cc4ccco4)CC3)c2c1,6.313363730737707
CC(C)Oc1ccc2[nH]cc(C3=CCN(Cc4ccco4)CC3)c2c1,6.3655227298392685
C1=C(c2c[nH]c3ccccc23)CCN(Cc2cccs2)C1,6.515700160653214
CC(C)Oc1ccc2[nH]cc(C3=CCN(Cc4cccs4)CC3)c2c1,6.669586226650809
C1=C(c2c[nH]c3ccccc23)CCN(Cc2ccccc2)C1,6.450996737974212
COc1ccc2[nH]cc(C3=CCN(Cc4ccccc4)CC3)c2c1,6.856985199745905
CCOc1ccc2[nH]cc(C3=CCN(Cc4ccccc4)CC3)c2c1,6.657577319177793
COc1ccc(CN2CC=C(c3c[nH]c4ccccc34)CC2)cc1,6.614393726401688
CCOc1ccc2[nH]cc(C3=CCN(Cc4ccc(OC)cc4)CC3)c2c1,6.7121982700697735
COc1ccc(CN2CC=C(c3c[nH]c4ccc(OC(C)C)cc34)CC2)cc1,6.422508200162775
COc1cccc(CN2CC=C(c3c[nH]c4ccccc34)CC2)c1,6.614393726401688
COc1cccc(CN2CC=C(c3c[nH]c4ccc(OC)cc34)CC2)c1,6.8696662315049934
CCOc1ccc2[nH]cc(C3=CCN(Cc4cccc(OC)c4)CC3)c2c1,6.795880017344075
COc1cccc(CN2CC=C(c3c[nH]c4ccc(OC(C)C)cc34)CC2)c1,6.537602002101044
Cn1cncc1-c1c[nH]c2ccc(C(N)=O)cc12,6.657577319177793
COc1cc2c(cc1OC)C(=O)N(CCCCN1CCN(c3ccccn3)CC1)CCC2,8.920818753952375
COc1cccc(N2CCN(CCCCCCN3C(=O)c4cccc5cccc3c45)CC2)c1,7.327902142064283
COc1ccc(N2CCN(CCCCCCN3C(=O)c4cccc5cccc3c45)CC2)cc1,6.536107011014093
O=C1c2cccc3cccc(c23)N1CCCCCCN1CCN(c2ccccn2)CC1,7.494850021680094
O=C1c2cccc3cccc(c23)N1CCCCCCN1CCN(c2ncccn2)CC1,7.026872146400302
O=C1c2cccc3cccc(c23)N1CCCCCCN1CCN(c2ccccc2[N+](=O)[O-])CC1,5.02351246269481
O=C1c2cccc3cccc(c23)N1CCCCCCN1CCN(c2cccc3cccnc23)CC1,7.657577319177793
O=S1(=O)c2cccc3cccc(c23)N1CCCCCCN1CCN(c2ccccn2)CC1,7.455931955649724
O=[N+]([O-])c1ccccc1N1CCN(CCCCCCN2c3cccc4cccc(c34)S2(=O)=O)CC1,6.31695296176115
COc1cccc(N2CCN(CCCCCCN3C(=O)c4cccc5cccc(c45)C3=O)CC2)c1,7.327902142064283
COc1ccc(N2CCN(CCCCCCN3C(=O)c4cccc5cccc(c45)C3=O)CC2)cc1,5.447453452044339
CCOc1ccccc1N1CCN(CCCCCCN2C(=O)c3cccc4cccc(c34)C2=O)CC1,7.552841968657781
COc1ccccc1N1CCN(CCCCCCn2c(=O)n3c4c(cccc42)CCC3)CC1,7.721246399047171
c1ccc(OCCNCC2(c3ccccc3)COCCO2)cc1,6.570005615848293
c1ccc(OCCNCC2OCCOC2(c2ccccc2)c2ccccc2)cc1,7.550059011226662
COc1cccc(OC)c1OCCNCC1OCCOC1(c1ccccc1)c1ccccc1,7.179995693191682
COc1ccccc1N1CCN(CC2COCC(c3ccccc3)(c3ccccc3)O2)CC1,8.299988937677888
COc1ccccc1N1CCN(C[C@H]2OCCOC2(c2ccccc2)c2ccccc2)CC1,7.92009553233328
Cc1cc(Oc2nccc3occc23)ccc1-c1c(C)ncc2nccn12,5.920818753952375
CCn1cncc1-c1c[nH]c2c(F)cc(I)cc12,6.170053304058364
CCn1cncc1-c1c[nH]c2ccc(OC)cc12,6.179798540514359
CCn1cncc1-c1c[nH]c2ccc(F)cc12,5.630042392653947
CCn1cncc1-c1c[nH]c2ccc(C)cc12,5.669992299127241
CCn1cncc1-c1c[nH]c2ccc(Br)cc12,5.910094888560602
CCn1cncc1-c1c[nH]c2ccc(OC(F)(F)F)cc12,5.480040819247932
CCn1cncc1-c1c[nH]c2cccc(F)c12,5.250031916490597
Cn1cncc1-c1c[nH]c2ccc(Cl)c(F)c12,5.630042392653947
CCn1cncc1-c1c[nH]c2ccc(Cl)c(F)c12,5.770062314092066
COc1ccc2[nH]cc(-c3cncn3C)c2c1F,6.698970004336019
CCn1cncc1-c1c[nH]c2ccc(OC)c(F)c12,6.580044251510242
Cn1cncc1-c1c[nH]c2ccc(C(N)=O)c(F)c12,5.759950227887352
CCn1cncc1-c1c[nH]c2ccc(C(N)=O)c(F)c12,6.0301183562535
CC(C)CCO[C@H]1[C@H]2CCN(CCc3ccc4ccccc4c3)CC[C@H]3O[C@H](Cn4cc(nn4)COC[C@@H](O2)[C@@H]2OC(C)(C)O[C@H]12)[C@@H]1OC(C)(C)O[C@@H]1[C@H]3OCCC(C)C,6.376750709602099
COc1ccc2[nH]cc(C3CCCN(CCCCn4c(=O)c(-c5ccc(F)cc5)c5ccccn5c4=O)C3)c2c1,6.55129368009492
COc1ccc2[nH]cc(C3CCCN(CCCCn4c(=O)c(-c5ccc(Cl)cc5)c5ccccn5c4=O)C3)c2c1,6.590066876668706
COc1ccc2[nH]cc(C3CCCN(CCCCn4c(=O)c(-c5ccccc5OC)c5ccccn5c4=O)C3)c2c1,7.161150909262744
COc1ccc2[nH]cc(C3CCCN(CCCCn4c(=O)c(-c5ccccc5C)c5ccccn5c4=O)C3)c2c1,6.3223930472795065
COc1ccc2[nH]cc(C3CCCN(CCCCn4c(=O)c(-c5ccccc5F)c5ccccn5c4=O)C3)c2c1,6.886056647693163
COc1ccc2[nH]cc(C3CCCN(CCCCn4c(=O)c(-c5ccccc5Cl)c5ccccn5c4=O)C3)c2c1,6.7544873321858505
COc1ccc2[nH]cc(C3CCCN(CCCCn4c(=O)c(-c5ccccc5)c5ccccn5c4=O)C3)c2c1,6.583359492661719
Cc1ccc(-c2c(=O)n(CCCCN3CCCC(c4c[nH]c5ccc(F)cc45)C3)c(=O)n3ccccc23)cc1,6.866461091629782
O=c1c(-c2ccc(Cl)cc2)c2ccccn2c(=O)n1CCCCN1CCCC(c2c[nH]c3ccc(F)cc23)C1,6.809668301829708
COc1ccccc1-c1c(=O)n(CCCCN2CCCC(c3c[nH]c4ccc(F)cc34)C2)c(=O)n2ccccc12,7.096910013008056
O=c1c(-c2ccccc2F)c2ccccn2c(=O)n1CCCCN1CCCC(c2c[nH]c3ccc(F)cc23)C1,6.661543506395395
COc1ccc(-c2c(=O)n(CCCCN3CCCC(c4c[nH]c5ccccc45)C3)c(=O)n3ccccc23)cc1,7.376750709602099
O=c1c(-c2ccc(F)cc2)c2ccccn2c(=O)n1CCCCN1CCCC(c2c[nH]c3ccccc23)C1,7.337242168318426
O=c1c(-c2ccc(Cl)cc2)c2ccccn2c(=O)n1CCCCN1CCCC(c2c[nH]c3ccccc23)C1,6.531652669587842
O=c1c(-c2ccccc2F)c2ccccn2c(=O)n1CCCCN1CCCC(c2c[nH]c3ccccc23)C1,7.275724130399211
O=c1c(-c2ccccc2Cl)c2ccccn2c(=O)n1CCCCN1CCCC(c2c[nH]c3ccccc23)C1,7.301029995663981
COc1ccc(OCCN2CCN(C(=O)c3cc4ccccc4[nH]3)CC2)cc1,5.676129393459491
CCCN[C@H]1CCc2nc(N)sc2C1,5.1861522457711455
CCCN(CC[C@]1(O)C[C@H](NC(=O)c2ccc3ccccc3c2)C1)[C@H]1CCc2nc(N)sc2C1,6.149966742310231
Fc1ccc2[nH]cc(CCCN3CCN(c4nsc5ccccc45)CC3)c2c1,8.795880017344075
Fc1ccc(N2CCN(CCCc3c[nH]c4ccc(F)cc34)CC2)c(-c2ccsc2)c1,8.075720713938118
Fc1ccc(N2CCN(CCCc3c[nH]c4ccc(F)cc34)CC2)c(-c2cccs2)c1,7.42021640338319
Fc1ccc(N2CCN(CCCc3c[nH]c4ccc(F)cc34)CC2)c(-c2ccoc2)c1,7.823908740944319
Fc1ccc(OCCN2CCC(c3c[nH]c4ccc(F)cc34)CC2)c(-c2ccccc2)c1,7.920818753952375
Fc1cccc(-c2cc(F)ccc2OCCN2CCC(c3c[nH]c4ccc(F)cc34)CC2)c1,7.769551078621726
CCc1cc(Cl)c(OC)c(N2CCN(CC(F)CCNC(=O)c3cc4ccccc4[nH]3)CC2)c1,5.022276394711152
CCc1cccc(N2CCN(CC(F)CCNC(=O)c3cc4ccccc4o3)CC2)c1Cl,6.931814138253839
COc1ccc2c(c1)c(C1=CCNCC1)cn2S(=O)(=O)c1cncc2ccccc12,5.300248968310486
COc1ccc2c(c1)c(C1=CCNCC1)cn2S(=O)(=O)c1ccc2cccnc2c1,5.297914278564175
O=S(=O)(c1ccc2cccnc2c1)n1cc(C2=CCNCC2)c2cc(Cl)ccc21,5.607830850510264
O=S(=O)(c1ccc2ncccc2c1)n1cc(C2=CCNCC2)c2ccccc21,5.727694155597914
O=C(CCN1CCN(c2ccccc2)CC1)N1CCN(c2ccccc2)CC1,6.565431095965801
O=C(CCN1CCN(c2ccccc2)CC1)N1CCN(c2cccc(Cl)c2)CC1,5.968995718636463
O=C(CCN1CCN(Cc2ccccc2)CC1)N1CCN(c2cccc(Cl)c2)CC1,6.995678626217358
O=C(CCN1CCN(c2cccc(Cl)c2)CC1)N1CCN(c2cccc(Cl)c2)CC1,6.847711655616943
CCOc1ccccc1N1CCN(CCC(=O)N2CCN(c3cccc(Cl)c3)CC2)CC1,7.818156412055227
O=C(CCNCc1ccccc1)N1CCN(c2ccccc2)CC1,6.027797161620936
O=C(CCN1CCN(Cc2ccccc2)CC1)NCc1ccccc1,9.468521082957745
CCc1cc(Cl)c(OC)c(N2CCNCC2)c1,5.448550002027125
CCc1cccc(N2CCNCC2)c1Cl,7.153044674980176
CCc1cc(Cl)c(OC)c(N2CCN(C)CC2)c1,5.356547323513812
CCc1cccc(N2CCN(C)CC2)c1Cl,7.394694953858891
CCCCN1CCN(c2cc(CC)cc(Cl)c2OC)CC1,5.645891560852599
CCCCN1CCN(c2cccc(CC)c2Cl)CC1,7.431798275933005
CCc1cc(Cl)c(OC)c(N2CCN(CCCCNC(=O)c3cc4ccccc4[nH]3)CC2)c1,5.632644078973981
CCc1cc(Cl)c(OC)c(N2CCN(CC(O)CCNC(=O)c3cc4ccccc4o3)CC2)c1,5.617982957425132
CCc1cccc(N2CCN(CCCCNC(=O)c3cc4ccccc4[nH]3)CC2)c1Cl,7.229147988357855
CCc1cccc(N2CCN(CCCCNC(=O)c3cc4ccccc4o3)CC2)c1Cl,7.585026652029182
CCc1cccc(N2CCN(CC(O)CCNC(=O)c3cc4ccccc4o3)CC2)c1Cl,7.559090917934782
CN(C)C1CCc2c(cccc2C2CCCC2)C1,7.008773924307505
COc1cccc(-c2cccc3c2CCC(N(C)C)C3)c1,7.136677139879544
CN(C)C1CCc2c(cccc2-c2cncc3ccccc23)C1,6.187086643357144
CN(C)C1CCc2c(cccc2-c2cc(Cl)cc(Cl)c2)C1,5.657577319177793
CN(C)C1CCc2c(cccc2-c2ccc(F)cc2Cl)C1,7.481486060122112
CN(C)C1CCc2c(cccc2-c2cccc(F)c2)C1,7.638272163982407
CN(C)C1CCc2c(cccc2-c2c3ccccc3cc3ccccc23)C1,5.853871964321762
CN(C)[C@H]1CCc2c(cccc2-c2cc(C(F)(F)F)cc(C(F)(F)F)c2)C1,5.651695136951839
CN(C)C1CCc2c(cccc2-c2ccc(F)cc2)C1,7.522878745280337
CN(C)C1CCc2c(cccc2-c2cccc(Cl)c2)C1,7.086186147616283
COc1cc2c3c(c1OCC1CC1)-c1cc(NC(C)=O)ccc1CC3N(C)CC2,5.812479279163537
COc1cc2c3c(c1OCC1CC1)-c1cc(NS(C)(=O)=O)ccc1CC3N(C)CC2,6.414539270491499
C=CCOc1c(OC)cc2c3c1-c1cc(NS(C)(=O)=O)ccc1CC3N(C)CC2,6.394694953858891
COc1cc2c3c(c1OCC1CC1)-c1cc(NC(N)=O)ccc1CC3N(C)CC2,5.892790030352131
C#CCOc1c(OC)cc2c3c1-c1cc(NC(N)=O)ccc1CC3N(C)CC2,6.040481623027001
COc1cc2c3c(c1OC)-c1cc(N(C)C)ccc1CC3N(C)CC2,5.804100347590766
CCCN1CCc2cccc3c2C1Cc1ccc(NC(C)=O)cc1-3,7.67778070526608
CCCC(=O)Nc1ccc2c(c1)-c1cccc3c1C(C2)N(CCC)CC3,7.823908740944319
CN1CCc2cccc3c2C1Cc1ccc(NS(C)(=O)=O)cc1-3,6.876148359032914
CN1CCc2cccc3c2C1Cc1ccc(NC(N)=O)cc1-3,7.309803919971486
CCCN1CCc2cccc3c2C1Cc1ccc(NC(N)=O)cc1-3,6.627087997029894
CN(C)c1ccc2c(c1)-c1cccc3c1C(C2)N(C)CC3,6.33913452199613
C=CCOc1c(OC)cc2c3c1-c1cc([N+](=O)[O-])ccc1CC3N(C)CC2,5.775725985705742
COc1cc2c3c(c1OC)-c1cc([N+](=O)[O-])ccc1CC3N(C)CC2,6.33913452199613
CCCC(=O)Nc1ccc2c(c1)-c1cccc3c1C(C2)N(C)CC3,7.080921907623926
CC(=O)Nc1ccc2c(c1)-c1cccc3c1C(C2)N(C)CC3,7.031517051446065
CN1CCc2cccc3c2C1Cc1ccc([N+](=O)[O-])cc1-3,7.0
O=C1[C@H]2[C@@H]3CC[C@@H](C3)[C@H]2C(=O)N1CCCCCCN1CCN(c2nsc3ccccc23)CC1,7.568636235841013
O=C1[C@H]2[C@@H]3CC[C@@H](C3)[C@H]2C(=O)N1CCCCCCN1CCN(c2cccc(Cl)c2)CC1,7.744727494896693
O=C1[C@H]2[C@@H]3CC[C@@H](C3)[C@H]2C(=O)N1CCCCCCN1CCN(c2ccc(Cl)cc2)CC1,7.259637310505756
O=C1c2ccccc2C(=O)N1CCCCCCN1CCN(c2nsc3ccccc23)CC1,7.744727494896693
O=c1n(CCCCCCN2CCN(c3nsc4ccccc34)CC2)nc2ccccn12,7.958607314841775
O=c1oc2ccccc2n1CCCCCCN1CCN(c2nsc3ccccc23)CC1,8.301029995663981
c1ccc2oc(SCCCCCCN3CCN(c4nsc5ccccc45)CC3)nc2c1,8.0
O=C1c2cccc3cccc(c23)N1CCCCCCN1CCN(c2nsc3ccccc23)CC1,7.1487416512809245
O=S1(=O)c2cccc3cccc(c23)N1CCCCCCN1CCN(c2nsc3ccccc23)CC1,7.200659450546418
O=C1c2cccc3cccc(c23)C(=O)N1CCCCCCN1CCN(c2nsc3ccccc23)CC1,7.0655015487564325
O=c1n(CCCCCCN2CCN(c3nsc4ccccc34)CC2)c2cccc3c2n1CCC3,7.356547323513812
Cc1ccc(S(=O)(=O)N(CCCCCCN2CCN(c3nsc4ccccc34)CC2)c2ccccc2)cc1,7.494850021680094
O=c1[nH]c2ccccc2n1CCCCCCN1CCN(c2nsc3ccccc23)CC1,7.795880017344075
O=S(=O)(NCCCCCCN1CCN(c2nsc3ccccc23)CC1)c1ccc2ccccc2c1,7.136677139879544
CCN(CC)C(=O)N[C@H]1C=C2c3cccc4[nH]cc(c34)C[C@H]2N(C)C1,9.397940008672036
CCCN[C@@H]1Cc2cccc3nc(O)n(c23)C1,7.236572006437063
CCCN(CCC)C1Cc2cccc3c2n(c(=O)n3C)C1,6.906578314837765
CCCN(CCC)C1Cc2cccc3c2N(C1)C(=O)C3,6.966576244513051
CCCN(CCC)C1Cc2cccc3ncc(=O)n(c23)C1,6.0301183562535
Cc1nc(Cl)c(Sc2ccc(Cl)cc2)c(N2CCN(C)CC2)n1,5.823908740944319
NCCc1c[nH]c2ccc(OS(=O)(=O)C(F)(F)F)cc12,7.744727494896693
COc1ccccc1[C@@]1(O)C[C@@H]2CC[C@H](C1)N2C[C@H]1COc2cccc(OC)c2O1,7.4089353929735005
COc1cccc2c1O[C@@H](CN1[C@H]3CC[C@@H]1C[C@@](O)(c1ccccc1)C3)CO2,8.8153085691824
Cc1ccccc1N1CCN(C(=O)COc2ccc3[nH]cc(CCN)c3c2)CC1,8.105130343254748
NCCc1c[nH]c2ccc(OCC(=O)N3CCN(c4ccc(CN)cc4)CC3)cc12,6.886056647693163
NCCc1c[nH]c2ccc(OCC(=O)N3CCN(c4cccc5ccccc45)CC3)cc12,8.050609993355087
NCCc1c[nH]c2ccc(OCCCCC(=O)N3CCN(c4ccc(N)cc4)CC3)cc12,7.294992040666664
CN(C(=O)C1CCCCC1)[C@H](Cc1ccccc1)CN1CCN(c2nsnc2Cl)CC1,8.346787486224656
O=C(N[C@@H](Cc1ccccc1)CN1CCN(c2nsnc2Cl)CC1)c1ccncc1,6.371611069949688
COc1nsnc1N1CCN(C[C@@H](Cc2cccnc2)NC(=O)C2(C)CCCCC2)CC1,8.522878745280337
O=C(NCCCCN1CCN(c2cccc(Cl)c2Cl)CC1)c1cc2ccccc2s1,6.443697499232712
NCCc1c[nH]c2ccc(OCCCCCCNS(=O)(=O)c3ccc(-c4ccc(S(=O)(=O)NCCCCCCOc5ccc6[nH]cc(CCN)c6c5)cc4)cc3)cc12,8.779891911959945
NCCc1c[nH]c2ccc(OCC(=O)NCCCNC(=O)COc3ccc4[nH]cc(CCN)c4c3)cc12,8.065501548756432
NCCc1c[nH]c2ccc(OCC(=O)Nc3ccc(NC(=O)COc4ccc5[nH]cc(CCN)c5c4)cc3)cc12,8.391473966422806
NCCc1c[nH]c2ccc(OCCOc3ccc4[nH]cc(CCN)c4c3)cc12,7.844663962534938
NCCc1c[nH]c2ccc(OCCN3CCN(C(=O)COc4ccc5[nH]cc(CCN)c5c4)CC3)cc12,8.022276394711152
NCCc1c[nH]c2ccc(OCc3cccc(COc4ccc5[nH]cc(CCN)c5c4)c3)cc12,9.0
CCN(CC)CCc1c[nH]c2ccc(OC)cc12,8.769551078621726
CCN(CC)CCc1c[nH]c2cc(F)ccc12,6.59176003468815
COc1cc2c(CCN(C)C)c[nH]c2cc1F,7.073143291050307
CN(C)CCc1c[nH]c2c(F)ccc(O)c12,6.920818753952375
CCCCCCCCCOc1ccc2[nH]cc(CCNCCCC)c2c1,5.809668301829708
CCCCCCCCC(=O)Oc1ccc2[nH]cc(CCN(C)C)c2c1,8.031517051446064
O=C1CC2(CCCC2)CC(=O)N1CCN1CCCN(c2ccccc2Cl)CC1,9.468521082957745
CC1CN(c2ccccc2[N+](=O)[O-])CCN1CCN1C(=O)CC2(CCCC2)CC1=O,7.064240896254688
CC1CN(c2ccccc2[N+](=O)[O-])CC(C)N1CCN1C(=O)CC2(CCCC2)CC1=O,6.398809467384666
NCCCC1(CCCN)CCc2cccc(O)c2C1,8.700057099977233
Cc1ccc(F)c(N2CCN(CCN3C(=O)CC4(CCCC4)CC3=O)CC2)c1,7.281415279972564
O=C1CC2(CCCC2)CC(=O)N1CCN1CCN(c2cc(Cl)ccc2Cl)CC1,7.443697499232712
COc1ccccc1N1CCN(CCN2CCC3(CCCC3)CC2=O)CC1,8.63264407897398
CN(CCNc1cc(Cl)ccc1Cl)CCN1C(=O)CC2(CCCC2)CC1=O,6.144480844332199
Cc1ccc(Cl)cc1N1CCN(CCN2C(=O)CC3(CCCC3)CC2=O)CC1,6.870181256151065
O=C1CC2(CCCC2)CC(=O)N1CCN1CCN(c2ccc(Cl)cc2Cl)CC1,7.9179330657148865
COc1cc(C[C@@H](C)N)c(OC)cc1I,9.187086643357144
O=C(/C=C/c1ccc(Cl)c(Cl)c1)N[C@H]1CC[C@@H](CN2[C@H]3CC[C@@H]2C[C@@H](c2c[nH]c4ccc(O)cc24)C3)CC1,5.100000128334196
CN(C)CCSc1cccc(-c2ccccc2)n1,7.795880017344075
CNS(=O)(=O)CCc1ccc2[nH]cc(C3CCN(C)CC3)c2c1,7.346787486224656
CCCN(CCC)[C@H]1CCc2nn3ccccc3c2C1,5.6020599913279625
Fc1ccc(N2CCN(Cc3c[nH]c4ncccc34)CC2)cc1,5.559138126422454
Cc1c(-c2ccccc2)oc2c(C(=O)NCCCN3CCN(c4ccccc4OCc4no[n+]([O-])c4C#N)CC3)cccc2c1=O,8.657577319177793
Cc1ccc2cc(C3CCN(C[C@H](O)COc4cccc5[nH]c(C)cc45)CC3)sc2c1,7.645891560852599
Cc1cccc2sc(C3CCN(C[C@H](O)COc4cccc5[nH]ccc45)CC3)cc12,8.327902142064282
Cc1ccc2cc(C3CCN(C[C@H](O)COc4cccc5[nH]ccc45)CC3)sc2c1,7.897566294318664
O[C@H](COc1cccc2[nH]ccc12)CN1CCC(c2cc3c(Cl)cccc3s2)CC1,8.040005161671584
Oc1nc2cccc(N3CCN(Cc4cccc(-c5cccs5)c4)CC3)c2o1,7.494850021680094
O[C@H](COc1cccc2[nH]ccc12)CN1CCC(c2cc3ccc(Cl)cc3s2)CC1,8.11690664142431
c1ccc(-c2cccc(CN3CCN(c4cccc5c4OCCN5)CC3)c2)cc1,7.585026652029182
CC(C)Oc1ccc2cc(C3CCN(C[C@H](O)COc4cccc5[nH]ccc45)CC3)sc2c1,7.702239488900866
COc1cccc2sc(C3CCN(C[C@H](O)COc4cccc5[nH]c(C)cc45)CC3)cc12,8.316052869248487
Cc1cc(C)c2cc(C3CCN(C[C@H](O)COc4cccc5[nH]c(C)cc45)CC3)sc2c1,7.555486793665957
c1ccc(-c2cccc(CN3CCN(c4cccc5ccoc45)CC3)c2)cc1,7.42021640338319
COc1cccc2c1OCCC2CNCCCc1ccccc1,8.154901959985743
NC(=O)c1cc2c3c(ccc2[nH]1)OCC(CN1CCC2(CC1)C(=O)NCN2c1ccccc1)O3,9.522878745280336
O=C1NCN(c2ccccc2)C12CCN(CC1COc3ccc4[nH]ccc4c3O1)CC2,9.397940008672036
CCCCCNC(=N)N/N=C/c1c[nH]c2ccc(O)cc12,7.389978975335855
CCCCCCCN(C)C(=N)N/N=C/c1c[nH]c2ccc(O)cc12,5.800000874803203
O=C1NCN(c2ccccc2)C12CCN(CC1COc3ccc4[nH]c(CO)cc4c3O1)CC2,9.221848749616356
C=CCN(CCC)[C@@H]1CCc2cccc(OC)c2C1=C,8.42021640338319
CCCN[C@@H]1CCc2cccc(OC)c2[C@@H]1CCC,7.958607314841775
C1=C(c2c[nH]c3ncccc23)CCN(CCOc2cccc3c2OCCO3)C1,7.357535479757878
CN1CCN(c2cccc3ccc(OCC(=O)N4CCN(C(=O)COc5ccc6cccc(N7CCN(C)CC7)c6c5)CC4)cc23)CC1,8.397940008672037
C1=C(c2c[nH]c3ccccc23)CCN(CCOc2cccc3[nH]ccc23)C1,7.665546248849069
CN1CCC(c2c[nH]c3ccc(NC(=O)c4ccncc4)nc23)CC1,7.397940008672037
CN1CCC(c2c[nH]c3ccc(NC(=O)C4CC4)nc23)CC1,5.853871964321762
CN1CCC(c2c[nH]c3cnc(NC(=O)c4ccc(F)cc4)nc23)CC1,6.698970004336019
O[C@@H]1c2cc(F)ccc2C[C@H]1N1CCC(c2cccc3c2OCCO3)CC1,9.110026361596004
CN1CCC(c2c[nH]c3ccc(NC(=O)C4CCC4)nc23)CC1,5.698970004336019
O=[N+]([O-])c1ccc2c(c1)[C@@H](O)[C@H](N1CCN(c3cccc4c3OCCO4)CC1)C2,9.13000599987826
O[C@@H]1c2ccc(F)cc2C[C@H]1N1CC=C(c2cccc3c2SCCC3)CC1,7.929962133392243
COc1cc2c(cc1OC)[C@@H](O)[C@H](N1CCC(c3cccc4c3OCCO4)CC1)C2,7.100015437450609
O[C@@H]1c2ccc(F)cc2C[C@H]1N1CCC(c2cccc3c2OCC3)CC1,8.819874124835946
Cc1cccc(C(=O)Nc2ccc3[nH]cc(C4CCN(C)CC4)c3n2)c1,7.0
CN1CCc2ccc3[nH]c(=O)c4cccc5c4c3c2[C@H]1C5,6.428291168191312
Cc1[nH]c2cccc(NC(=O)c3ccc(F)cc3)c2c1CCN(C)C,6.576754126063192
CN1CCc2ccc3ncc4cccc5c4c3c2[C@H]1C5,7.469800301796917
COc1ccccc1N1CCN(CCN(C(=O)C2CCC(F)CC2)c2ccccn2)CC1,9.41907502432438
COc1ccc(Cl)cc1N1CCN(CCCNc2c(C(C)=O)c(C)nn(C)c2=O)CC1,7.949233688766958
CC(C)Oc1ccccc1N1CCN(Cc2cccc(C(=O)N3CCc4ccccc43)c2)CC1,8.468521082957745
CCCN1CCC[C@@H]2c3cc(O)ccc3CC[C@H]21,8.412289034981088
CN1CCN(c2cccc3ccc(OCC(=O)N4CCN(c5cccc6c5OCCO6)CC4)cc23)CC1,7.85078088734462
COc1ccccc1N1CCN(CCCNc2c(C(C)=O)c(C)nn(C)c2=O)CC1,8.829738284605043
COc1ccc(Cl)cc1N1CCN(CCNc2c(C(C)=O)c(-c3ccccc3)nn(C)c2=O)CC1,7.117874080229968
OC(COc1ccc(F)c2c1OCCC2)CN1CCC2(CC1)OCc1c2ccc2ccccc12,8.55284196865778
Fc1ccc2[nH]cc(CCNCCOc3cccc4c3OCCO4)c2c1,8.236572006437063
Fc1cc2c(c(OCCNCCCc3c[nH]c4ccc(F)cc34)c1)OCCC2,7.572946886435499
COc1ccc(F)cc1OCCNCCc1c[nH]c2ccc(F)cc12,7.039053804266168
COc1ccc2[nH]cc(CCN3CCCC3)c2c1F,9.920818753952377
COc1ccc(F)cc1OCCNCCCc1c[nH]c2ccc(F)cc12,7.455931955649724
Fc1ccc2[nH]cc(CCCNCCOc3cccc4ncccc34)c2c1,7.449771646944906
COc1cccc(OC)c1-c1cccc2c1-c1cccc3c1[C@@H](C2)N(C)CC3,6.2564902352715706
c1cnc2c(OCCNCCCc3c[nH]c4ccccc34)cccc2c1,9.267606240177033
COc1cccc(OC)c1OCCNCCOc1ccccc1OCc1ccccc1,7.929962133392243
COc1cccc(OC)c1OCCNC[C@@H]1C[C@H](c2ccccc2)c2ccccc2O1,8.18996921359416
Cn1ccnc1-c1ccc2c(c1)c(C1CCN(CCN3CCNC3=O)CC1)cn2-c1ccc(F)cc1,8.481486060122112
Cn1cc(-c2ccc3c(c2)c(C2CCN(CCN4CCNC4=O)CC2)cn3-c2ccc(F)cc2)cn1,7.309803919971486
CSc1ccc2c(c1)C(N1CCN(C)CC1)Cc1ccccc1S2,8.4089353929735
O=C1NCCN1CCN1CCC(c2cn(-c3ccc(F)cc3)c3ccc(Cl)cc23)CC1,7.481486060122112
CCn1ncc(-c2ccc3c(c2)c(C2CCN(CCN4CCNC4=O)CC2)cn3-c2ccc(F)cc2)n1,6.563837352959244
CN1C[C@H](CNC(=O)OCc2ccccc2)C[C@@H]2c3cccc4c3c(cn4C)C[C@H]21,8.116338564846382
O=C1c2ccccc2CCC1CN1CCC(Cc2ccccc2)CC1,6.585026652029182
c1ccc(CN2CCN(CC3CCc4ccccc4O3)CC2)cc1,7.684029654543083
COc1ccccc1N1CCN(CC2Nc3ccccc3S(=O)(=O)N2)CC1,7.779891911959945
O=C1COc2ccc(OC3CCN(CCOc4cccc5ncccc45)CC3)cc2N1,7.899974269892137
Cc1ccc2c(OCCN3CCC(Cc4ccc5c(c4)NC(=O)CO5)CC3)cccc2n1,8.813583652249182
O=C(NCCCCN1CCN(c2cccc(Cl)c2Cl)CC1)c1cc2cc(I)ccc2o1,6.886056647693163
O=C(NCCCCN1CCN(c2cccc(Cl)c2Cl)CC1)c1cc2cc(I)ccc2s1,7.337242168318426
COc1ccccc1N1CCN(CCCCNC(=O)c2ccc(I)s2)CC1,8.0
c1ccc2c(N3CCN(CCc4ccc5c(c4)NCN5)CC3)cccc2c1,6.900008766455316
CN1CCC(C2CNc3ccc(NC(=O)c4ccc(F)cc4)cc32)CC1,6.6020599913279625
CN1CCC(N2CCOc3ccc(NC(=O)c4ccc(F)cc4)cc32)CC1,6.0655015487564325
Cc1ccc2c(OCCN3CCN(CN4C=CC5=CC(=O)CC=C5O4)CC3)cccc2n1,7.199970640755866
Cc1ccc2c(OCCN3CCN(Cc4ccc(C)c([N+](=O)[O-])c4)CC3)cccc2n1,7.400007822415902
Cc1ccc2c(OCCN3CCN(Cc4cccc5cccnc45)CC3)cccc2n1,6.499996931948306
COc1cc2c(cc1N1C[C@H](C)N(C)[C@H](C)C1)N(C(=O)Cc1cccc([N+](=O)[O-])c1)CC2,5.700000503883016
CN1CCN(c2nccc3cc4c(cc23)N(C(=O)c2cccc3ncccc23)CC4)CC1,8.400007822415901
Cc1cc(C(=O)N2CCc3cc4ccnc(N5CCN(C)CC5)c4cc32)c(C(F)(F)F)o1,8.299988937677888
Cc1nc(C)c(C(=O)N2CCc3cc4ccnc(N5CCN(C)CC5)c4cc32)o1,8.199970640755867
CN1CCN(c2nccc3cc4c(cc23)N(C(=O)c2cnn(C)c2C(F)(F)F)CC4)CC1,8.199970640755867
CCc1c(C(=O)N2CCc3cc4ccnc(N5C[C@H](C)N[C@H](C)C5)c4cc32)cnn1-c1ccc(C#N)cc1,7.50003813440381
COc1ccc(NC(=O)N2CCN(c3ccccc3F)CC2)cc1N1CCN(C)CC1,6.501689446210399
COc1cccc2c1CCCC2CN(C)CCc1ccc2c(c1)OCO2,8.173925197299173
COc1cccc2c1CCC[C@H]2CN(C)CCc1ccc2ccoc2c1,8.698970004336019
COc1cc(Cl)ccc1N1CCN(CCn2cnc3sc4c(c3c2=O)CCN(C)C4)CC1,7.72584215073632
COc1ccc(Cl)cc1N1CCN(CCn2cnc3sc4c(c3c2=O)CCN(C)C4)CC1,8.522878745280337
CN1CCc2c(sc3ncn(CCN4CCN(c5ccccc5OCc5ccccc5)CC4)c(=O)c23)C1,8.721246399047171
CN1CCc2c(sc3ncn(CCN4CCN(c5ccccc5C#N)CC4)c(=O)c23)C1,8.602059991327963
CN1CCc2c(sc3ncn(CCN4CCN(c5ccccc5Cl)CC4)c(=O)c23)C1,8.55284196865778
O=c1[nH]c2[nH]c(-c3ccc(Cl)cc3)cc2c(=O)n1CCN1CCN(c2ccccc2Cl)CC1,5.8201610719768135
COc1ccccc1N1CCN(CCn2c(=O)[nH]c3[nH]c(-c4ccc(Cl)cc4)cc3c2=O)CC1,6.396530840266161
O=c1[nH]c2[nH]c(-c3ccccc3Cl)cc2c(=O)n1CCN1CCN(c2ccccc2Cl)CC1,7.187755303199631
COc1ccccc1N1CCN(CCn2c(=O)[nH]c3[nH]c(-c4ccccc4C)cc3c2=O)CC1,6.5300307905000405
O=c1[nH]c2[nH]c(-c3ccccc3)cc2c(=O)n1CCN1CCN(c2ccccc2Cl)CC1,5.812479279163537
CCN1CC(CNCCc2c[nH]c3ccc(F)cc23)Oc2ccccc21,7.815024809301739
CC(C)(CCCN1CCCC(c2ccccc2)C1)S(=O)(=O)c1ccccc1,6.3979400086720375
COc1cccc(N2CCN(CCCCn3ncc(=O)n(C)c3=O)CC2)c1,8.958607314841775
CC(=O)Nc1cccc(N2CCN(CC3CCN(S(=O)(=O)C(C)C)CC3)CC2)c1,6.950781977329818
CC(=O)Nc1cccc(N2CCN(CCCCNS(=O)(=O)CC(C)C)CC2)c1,8.036212172654444
O=C(Nc1cccc(N2CCN(CCCCNS(=O)(=O)CC3CCCCC3)CC2)c1)C1CC1,8.050609993355087
CC(=O)Nc1cccc(N2CCN(CCCCNS(=O)(=O)c3ccc(F)cc3)CC2)c1,7.744727494896693
Cc1ccc(S(=O)(=O)NCCCCN2CCN(c3cccc(NC(=O)C(C)C)c3)CC2)cc1,7.107905397309519
CC(=O)Nc1cccc(N2CCN(CCCCNS(=O)(=O)c3ccc(C)cc3)CC2)c1,8.167491087293763
Cc1ccc(S(=O)(=O)NCCCCN2CCN(c3cccc(NS(C)(=O)=O)c3)CC2)cc1,7.337242168318426
CC1(C)CC(=O)N(CCCCN2CCN(c3ncccn3)CC2)C(=O)C1,7.649751981665837
O=C(NCCCCN1CCN(c2cccc(Cl)c2Cl)CC1)c1cc2ccc1CCc1ccc(cc1)CC2,6.180456064458132
CCN(CCCCc1c[nH]c2ccc(F)cc12)C1COc2c(F)ccc(C(N)=O)c2C1,6.481486060122113
COc1ccccc1N1CCN(CCCCNC(=O)[C@H](CC(N)=O)NC(=O)C2CCCCC2)CC1,7.619788758288394
COc1ccccc1N1CCN(CCCCN2C(=O)C[C@H](NC(=O)c3ccccc3)C2=O)CC1,7.301029995663981
COc1cccc(CCc2ccccc2OCc2cccc(OC)c2)c1,5.301029995663981
O=C(CCCCCN1CCN(c2ccccn2)CC1)NC1CCCc2ccccc21,7.438898616350944
CN(C)c1ccccc1N1CCN(CCCCCC(=O)NC2CCCc3ccccc32)CC1,6.950781977329818
O=C(NCCCCN1CCN(c2cccc(Cl)c2Cl)CC1)c1ccc2c(c1)Cc1ccccc1-2,5.690369832574102
COc1ccccc1N1CCN(CC(O)CCNC(=O)c2ccc(-c3ccccn3)cc2)CC1,7.441291429466834
COc1ccccc1N1CCN(C/C=C/CNC(=O)c2ccc(-c3ccccn3)cc2)CC1,7.663540266151471
O=C(NC/C=C/CN1CCN(c2cccc(Cl)c2Cl)CC1)c1ccc(-c2cccc(=O)[nH]2)cc1,7.527243550682788
C[C@H]1CN(c2cccc3cc(C#N)ccc23)CCN1CC[C@@H]1OCCc2cc(C(N)=O)ccc21,7.585026652029182
COC(CNC1CCCCC1)COc1cccc2[nH]ccc12,7.391473966422806
Cc1ccc2c(OCCN3CCC(Cc4ccc5c(c4)NC(=O)CO5)CC3)cc(Cl)cc2n1,8.79997073344623
Cc1ccc2c(OCCN3CCC(Cc4ccc5c(c4)NC(=O)CO5)CC3)cc(F)cc2n1,9.100015437450608
Cc1ccc2c(OCCN3CCC(Cc4cc(F)c5c(c4)NC(=O)CO5)CC3)cc(F)cc2n1,8.400007822415901
Cc1ccc2c(OCCN3CCC(Cc4cc5c(cc4F)OCC(=O)N5)CC3)cc(Cl)cc2n1,8.599980364934842
Cc1ccc2c(OCCN3CCN(Cc4ccc5c(c4)N(C)C(=O)CO5)CC3)cccc2n1,8.237133957537987
O=C(NC1CCc2ccc(CCN3CCN(c4nsc5ccccc45)CC3)cc21)c1ccccc1,7.378823718224964
CCCC(=O)NC1CCc2ccc(CCN3CCN(c4nsc5ccccc45)CC3)cc21,8.259637310505756
CC(=O)NC1CCc2ccc(CCN3CCN(c4nsc5ccccc45)CC3)cc21,8.1249387366083
CCC1NC(N)=Nc2cccc(Cl)c21,5.96617430604669
COc1c(Cl)ccc2c1C(C)NC(NCC(F)F)=N2,6.458420756053419
COc1ccc2ccc(NCCCCCN3CCN(c4ccccc4OC)CC3)nc2c1,9.30102999566398
COc1ccc2nc(NCCCCCN3CCN(c4ccccc4OC)CC3)ccc2c1,8.585026652029182
COc1ccccc1N1CCN(CCNc2ccc3ccccc3n2)CC1,7.481486060122112
O=C1COc2ccc(CCN3CCN(c4cccc5cccnc45)CC3)cc2N1,8.79997073344623
Cc1ccc2c(OCCN3CCC(Cc4cccc(N5CCCS5(=O)=O)c4)CC3)cccc2n1,8.100015437450608
Cc1ccc2c(OCCN3CCC(Cc4cccc(NC(=O)C(C)C)c4)CC3)cccc2n1,8.199970640755867
COc1ccccc1N1CCN(CCCCCC(=O)NCc2ccc(OS(C)(=O)=O)cc2)CC1,7.5376020021010435
CSc1ccccc1N1CCN(CCCCCC(=O)NCc2ccc(OS(C)(=O)=O)cc2)CC1,7.987162775294828
COc1ccccc1N1CCN(CCCCCC(=O)NCc2ccc(C#N)cc2)CC1,7.366531544420414
O=C(CCCCCN1CCN(c2ccccc2-c2ccccc2)CC1)NCc1ccncc1,7.154901959985743
COc1ccccc1N1CCN(CCCCCC(=O)N2CCc3ccccc3C2)CC1,7.397940008672037
Cc1ccc2c(N3CCN(CCCc4cccc5c4OCC(=O)N5C)CC3)cccc2n1,8.79997073344623
Cc1ccc2c(N3CCN(CCCc4cccc5c4OCC(=O)N5C)[C@H](C)C3)cc(F)cc2n1,8.79997073344623
Cc1ccc2c(OC3CCN(CCc4ccc5c(c4)NC(=O)CO5)CC3)cccc2n1,6.499996931948306
COC(=O)c1ccc(F)c2c1CC(N(CCCc1c[nH]c3ccc(F)cc13)C1CCC1)CO2,7.131943638176958
O=C(NC1CCC1)c1ccc(F)c2c1CC(N(CCCc1c[nH]c3ccc(F)cc13)C1CCC1)CO2,6.670602120638957
CN(C)C(=O)c1ccc(F)c2c1CC(N(CCCc1c[nH]c3ccc(F)cc13)C1CCC1)CO2,6.429457060118103
NC(=O)c1ccc(F)c2c1CC(N(CCCc1c[nH]c3cc(F)ccc13)C1CCC1)CO2,8.29929628285498
CCCN(CCCCn1ccc2ccc(F)cc21)C1COc2c(F)ccc(C(N)=O)c2C1,7.97469413473523
NC(=O)c1ccc(F)c2c1CC(N(CCCCn1ccc3cc(F)ccc31)CC1CC1)CO2,8.26440110030182
NC(=O)c1ccc(F)c2c1CC(N(CCCCn1ccc3cccc(F)c31)CC1CC1)CO2,7.71556926615548
NC(=O)c1ccc(F)c2c1CC(N(CCCCn1ccc3cccc(F)c31)C1CCC1)CO2,7.39848321634999
O=C(CCCN1C2CCC1CC(c1ccccc1)C2)c1ccc(F)cc1,6.382580253262823
CC1(Nc2nccc(C3CCCN(CCc4c[nH]c5ccccc45)C3)n2)CC1,7.494850021680094
Fc1ccc2[nH]cc(CCN3CCCC(c4ccnc(NC5CC5)n4)C3)c2c1,7.627087997029894
c1cc(C2CCCN(CCc3cscn3)C2)nc(NC2CC2)n1,6.107905397309519
COCCNc1nccc(C2CCCN(CCc3c[nH]c4ccccc34)C2)n1,7.178486471595227
Cc1ccc2c(OCCN3CCC(Cc4cccc(N5C[C@@H](C)NC[C@@H]5C)c4)CC3)cccc2n1,8.299988937677888
Cc1ccc2c(OCCN3CCC(Cc4cccc(N5CCN(C)CC5=O)c4)CC3)cccc2n1,7.700057099977233
Cc1ccc2c(OCCN3CCC(Cc4cccc(C5CCNCC5)c4)CC3)cccc2n1,8.199970640755867
Cc1ccc2c(OCCN3CCC(Cc4cccc(C5CCN(S(C)(=O)=O)CC5)c4)CC3)cccc2n1,8.100015437450608
Cc1ccc2c3c(ccc2n1)OC[C@H](CN1CCN(c2ccc4cc(OC(F)(F)F)ccc4n2)CC1)O3,6.764471553092451
Cc1ccc2c3c(ccc2n1)OC[C@H](CN1CCN(c2ccc4cc(F)ccc4n2)CC1)O3,7.482804102050026
COc1ccccc1N1CCN(CCCCn2cnc3ccccc3c2=O)CC1,7.439973751087107
COc1ccccc1N1CCN(CCCCn2c(=O)c3ccccc3c(=O)n2-c2ccccc2)CC1,7.36997914888659
Clc1cccc(Oc2ccccc2C2CCNCC2)c1,8.301029995663981
Fc1cccc(C2CCNCC2)c1OCc1ccccc1,6.217527375833714
Fc1ccc(OCc2ccc(Cl)c(Cl)c2)c(C2CCNCC2)c1,5.935542010773082
O=C1NCCc2cc(F)c3c(c21)CC(N(CCCc1c[nH]c2ccc(F)cc12)CC1CC1)CO3,7.301029995663981
O=C1NCCc2ccc3c(c21)CC(N(CCCc1c[nH]c2ccc(F)cc12)CC1CC1)CO3,7.721246399047171
O=C1NCCc2ccc3c(c21)CC(N(CCCc1c[nH]c2ccc(F)cc12)C1CCC1)CO3,7.022276394711152
O=C1NCc2ccc3c(c21)CC(NCCCCc1c[nH]c2ccc(F)cc12)CO3,7.657577319177793
O=C1NCc2ccc3c(c21)CC(N(CCCCc1c[nH]c2ccc(F)cc12)CC1CC1)CO3,7.721246399047171
C#CCOc1cccc2c1-c1cccc3c1[C@@H](C2)N(CCC)CC3,7.259637310505756
CCCN1CCc2cccc3c2[C@H]1Cc1ccc2c(c1-3)OC(C)(C)C2,6.200659450546418
COc1ccc2c(CCN3CC=C(c4c[nH]c5ccc(C#N)cc45)CC3)coc2c1,7.896196279044043
Fc1ccc(Cl)c(Oc2ncccc2C2CCNCC2)c1,7.769551078621726
Fc1cccc(Cl)c1Oc1ncccc1C1CCNCC1,7.958607314841775
N[C@@H]1CCN(c2ccc3[nH]nc(S(=O)(=O)c4cccc5ccccc45)c3c2)C1,5.325138859262188
COc1cccc(OC)c1OCCNCC1COC(c2ccccc2)(c2ccccc2)O1,7.270025714300444
COc1ccccc1N1CCN(CCC(Oc2ccc3c(c2)OCO3)c2ccccc2)CC1,7.700057099977233
OC(CCN1CCN(c2ccc(F)cc2)CC1)c1ccccc1,6.840011949618013
COc1ccccc1N1CCN(CCC(=O)c2ccc(-c3ccccc3)cc2)CC1,5.44000006551306
COc1ccccc1N1CCN(CCC(Oc2ccc(C(F)(F)F)cc2)c2ccc(-c3ccccc3)cc2)CC1,5.300000202445418
COc1ccc(C(O)CCN2CCN(c3ccccc3OC)CC2)cc1,6.490004907986601
COc1ccc(C(CCN2CCN(c3ccccc3OC)CC2)Oc2ccc(C(F)(F)F)cc2)cc1,6.0
COc1ccccc1N1CCN(CCC(O)c2csc(C)c2)CC1,6.429994423238211
COc1ccccc1N1CCN(CC/C(=N\O)c2csc3ccccc23)CC1,6.0999990348465305
CC1CN(CCC(O)c2csc3ccc(F)cc23)CCN1c1cccc2c1OCO2,8.029978734171634
COc1cc(N2CCN(C3CCN(c4cccc5ccc(C)nc45)CC3)CC2)c2ncccc2c1,9.267606240177033
COc1cc(N2CCN(C3CCN(c4cccc5c(C)cc(C)nc45)CC3)CC2)c2ncccc2c1,9.200659450546418
COc1cc(N2CCN(C3CCN(c4cccc5cc(C(F)(F)F)cnc45)CC3)CC2)c2ncccc2c1,8.920818753952375
COc1cc(N2CCN(C3CCN(c4c(F)ccc5cccnc45)CC3)CC2)c2ncccc2c1,6.559090917934782
CCCCCCCCC/C(O)=C/C(=O)/C=C/c1ccc(O)c(OC)c1,5.444905551421681
CCCCCCCCC[C@H](O)CC(=O)CCc1ccc(O)c(OC)c1,5.42712839779952
CCCCCCC[C@H](O)CC(=O)CCc1ccc(O)c(OC)c1,4.931443104927637
c1ccc(CN2CCN(Cc3cc4ccccc4o3)CC2)cc1,6.079354998593212
COc1ccc(CN2CCN(Cc3cc4ccccc4o3)CC2)cc1,5.659159450187668
FC(F)CCOc1ccc(CN2CCN(Cc3cc4ccccc4o3)CC2)cc1,5.612788199686269
COc1cccc(CN2CCN(Cc3cc4ccccc4o3)CC2)c1,6.428291168191312
CCOc1cccc(CN2CCN(Cc3cc4ccccc4o3)CC2)c1,5.764471553092451
COc1ccccc1CN1CCN(Cc2cc3ccccc3o2)CC1,6.09366495819491
FCCOc1ccccc1CN1CCN(Cc2cc3ccccc3o2)CC1,5.487983030503873
Cc1ccc2c(N3CCN(CCc4cccc5c4OCc4nc(C(F)(F)F)cn4-5)CC3)cccc2n1,9.79997073344623
CO/N=C(\C)c1ncn2c1COc1c(CCN3CCN(c4cccc5nc(C)ccc45)CC3)cccc1-2,8.79997073344623
Cc1ccc2c(N3CCN(CCc4cccc5c4OCc4c(C(=O)N(C)C)ncn4-5)CC3)cccc2n1,9.79997073344623
COc1ccccc1N1CCN(CC2OCC(c3ccccc3)(c3ccccc3)O2)CC1,7.72067533455739
COc1cccc(OC)c1CCCNCCOc1ccccc1OCc1ccccc1,8.599980364934842
COc1ccccc1OCCNCCOc1ccccc1OCc1ccccc1,8.599980364934842
c1ccc(COc2ccccc2OCCNCCOc2ccccc2)cc1,8.100015437450608
O=C1NCc2ccc(OCCCN3CCN(c4cccc5ccc(F)cc45)CC3)cc21,10.349692476868064
Fc1ccc2cccc(N3CCN(CCCOc4ccc5c(c4)CNC5)CC3)c2c1,9.991399828238082
O=C1NCc2ccc(OCCCN3CCN(c4cccc5ccccc45)CC3)c(F)c21,9.892790030352131
O=C1NCc2ccc(OCCCN3CCN(c4cccc5cc(F)c(F)cc45)CC3)cc21,9.747146969020108
Cc1cc2c(cc1OCCCN1CCN(c3cccc4ccccc34)CC1)C(=O)NC2,9.173925197299171
O=C1NCc2cc(Cl)c(OCCCN3CCN(c4cccc5ccccc45)CC3)cc21,9.089375595110798
O=C1NCc2cc(Cl)c(OCCCN3CCN(c4cccc5cccc(F)c45)CC3)cc21,9.066006836168755
O=C1NCc2ccc(OCCCCN3CCN(c4cccc5c4OCCC5)CC3)cc21,9.063989204284791
O=C1NCc2ccc(OCCCCN3CCN(c4cccc5cc(F)c(F)cc45)CC3)cc21,8.886056647693163
O=C1NCc2ccc(OCCCCN3CCN(c4cccc5cccc(F)c45)CC3)c(F)c21,8.679853713888946
O=C1NCc2ccc(OCCCN3CCN(c4cccc5cc(F)ccc45)CC3)c(F)c21,8.517126416391246
Cc1cc2c(cc1OCCCCN1CCN(c3cccc4cccc(F)c34)CC1)C(=O)NC2,8.442492798094342
O=C1NCc2ccc(OCCCCN3CCN(c4cccc5cccc(F)c45)CC3)c(Cl)c21,8.371611069949688
O=C1NCc2ccc(OCCCCN3CCN(c4cccc5ccc(F)cc45)CC3)c(F)c21,8.341035157335565
Cc1ccc2c(N3CCN(CCc4cccc5c4CCC(=O)N5C)CC3)cccc2n1,9.199970640755865
Cc1ccc2c(N3CCN(CCc4cccc(N5CCOC5=O)c4)CC3)cccc2n1,9.4000078224159
CC(=O)Nc1cccc(CCN2CCN(c3cccc4nc(C)ccc34)CC2)c1,9.0
CCOC(=O)Nc1cccc(CCN2CCN(c3cccc4nc(C)ccc34)CC2)c1,8.899974269892137
CCCS(=O)(=O)Nc1cccc(CCN2CCN(c3cccc4nc(C)ccc34)CC2)c1,8.79997073344623
CC(=O)N(C)c1cccc(CCN2CCN(c3cccc4nc(C)ccc34)CC2)c1,8.700057099977233
CCNC(=O)Nc1cccc(CCN2CCN(c3cccc4nc(C)ccc34)CC2)c1,8.700057099977233
COc1cccc(C(=O)Nc2cccc(CCN3CCN(c4cccc5nc(C)ccc45)CC3)c2)c1,8.700057099977233
Cc1ccc2c(N3CCN(CCc4cccc(N5CCCOC5=O)c4)CC3)cccc2n1,8.599980364934842
COc1ccccc1C(=O)Nc1cccc(CCN2CCN(c3cccc4nc(C)ccc34)CC2)c1,8.599980364934842
Cc1cccc(F)c1Oc1cccc(F)c1OC1CCNC1,8.397940008672037
Fc1cccc(Cl)c1Oc1ncccc1OC1CCNC1,6.692503962086787
Fc1cccc(Cl)c1Oc1ncccc1OC1CNC1,7.1938200260161125
O=C(NCCC(F)CN1CCN(c2cccc(Cl)c2Cl)CC1)c1ccc(-c2ccccn2)cc1,6.798602875679548
COc1ccc2[nH]c(C(=O)NCCC(F)CN3CCN(c4ccccc4OC)CC3)cc2c1,5.931814138253839
O=C(C1CCCCC1)N(CCN1CCN(c2ccccc2O)CC1)c1ccccn1,9.481486060122112
O=C1CCc2ccc(OCCCCN3CCN(c4cccc(Cl)c4Cl)CC3)nc2N1,7.752026733638194
O=c1ccc2cnc(OCCCCN3CCN(c4cccc(Cl)c4Cl)CC3)cc2[nH]1,7.39040559077478
O=C1CCc2ccc(OCCCCN3CCN(c4cccc5c(F)cccc45)CC3)nc2N1,8.522878745280337
CN(C)S(=O)(=O)c1cccc2c(N3CCN(CCCCN4C(=O)C5CCCN5C4=O)CC3)cccc12,6.455931955649724
CN(C)S(=O)(=O)c1ccc2cccc(N3CCN(CCCCN4C(=O)C5CCCN5C4=O)CC3)c2c1,8.619788758288394
COc1ccccc1N1CCN(CCC(=O)c2csc3ccccc23)CC1,7.360015751958412
COc1ccccc1N1CCN(CCC(O)c2ccc(C)s2)CC1,7.470056598341331
CCCN1CCc2cccc3c2[C@H]1Cc1cccc(NC(=O)CCCCC2CCSS2)c1-3,6.603800652904264
O=C(c1ccc(F)cc1)C1CCN([C@H]2CCN(Cc3ccc(F)cc3)C[C@@H]2O)CC1,5.5951662833800615
COc1cc2c(cc1OC)CN(CCCCn1cc(-c3ccc(F)cc3)c3ccccc31)CC2,5.82102305270683
O=C(N(CCN1CCN(c2ccccc2O)CC1)c1ccccn1)C12CCC(CF)(CC1)CC2,9.1249387366083
O=C(N(CCN1CCN(c2ccccc2O)CC1)c1ccccn1)C12CCC(CF)(CC1)C2,9.130768280269024
Fc1ccc(SCCCN2CCN(c3ccc(Cl)cc3)CC2)cc1,6.779891911959945
Fc1ccc(SCCCN2CCN(c3ccc(C(F)(F)F)cc3)CC2)cc1,5.966576244513051
Fc1ccc(CCCCN2CCN(c3ccccn3)CC2)cc1,8.958607314841775
CC1CN(c2ccc3cc([N+](=O)[O-])ccc3n2)CCN1CCCCN1C(=O)CCCC1=O,6.148130399270234
O=C1c2ccccc2C(=O)N1CCCCN1CCN(c2ccc3ccccc3n2)CC1,7.4089353929735005
Clc1ccc(N2CCCN(CCCCc3nc4ccccc4s3)CC2)cc1,6.580044251510242
Clc1ccc2c(c1)C(N1CCNCC1)=Nc1ccccc1O2,6.655607726314889
CN(C)C(=O)c1ccc(-c2ccc3c(c2)CCN(CCN2CCCC2)C3=O)cc1,5.06198090252379
CCNC(=O)c1ccc(-c2ccc3c(c2)CCN(CCN2CCC[C@H]2C)C3=O)cc1,4.995678626217358
O=C(Cc1ccccc1)Nc1ccc(CCN2CCN(c3ccccc3)CC2)cc1,6.044504670815873
Clc1ccc(N2CCN(CCCc3nc4ccccc4s3)CC2)cc1,6.505845405981558
Clc1ccc(N2CCN(CCCCc3nc4ccccc4s3)CC2)cc1,7.043351420794797
c1ccc2c(c1)CN(CCCCc1nc3ccccc3s1)C2,6.954677021213342
O=S(=O)(NCC1CCN(CCOc2cccc(F)c2)CC1)c1ccc(F)cc1,6.044312249686494
CC(C)c1ccccc1OCCN1CCC(NS(=O)(=O)c2ccc(F)cc2)CC1,6.360513510731414
O=C(NC1CCN(CCOc2ccccc2-c2ccccc2)C1)c1ccc2ccccc2n1,7.346787486224656
O=S(=O)(NC1CCN(CCOc2cccc(F)c2)C1)c1cccs1,6.568636235841013
O=S(=O)(NC1CCN(CCOc2ccccc2)C1)c1ccc(Cl)s1,7.187086643357144
O=S(=O)(NC1CCN(CCOc2cccc3c2CCCC3)C1)c1cc(F)ccc1F,8.0
CSc1ccccc1OCCN1CCC(NS(=O)(=O)c2cccc(Cl)c2)C1,8.301029995663981
COc1ccc(-c2ccccc2N2CCNCC2)cc1,6.3223930472795065
c1ccc(-c2ccccc2N2CCNCC2)cc1,7.00436480540245
O=C(c1cnc2ccccc2n1)N(CCN1CC=C(c2ccccc2)CC1)c1ccccn1,8.082494490447454
O=C(c1cnc2ccccc2n1)N(CCN1CCN(c2ccccc2)CC1)c1ccccn1,7.441411416891801
COc1ccccc1N1CCN(CCN(C(=O)c2ccc3ccccc3c2)c2ccccn2)CC1,8.79317412396815
CCCN1CCC(COc2nc3c(I)cccc3c3ncccc23)CC1,5.2495687513397975
CCCN1CCC(n2c(=O)[nH]c3cc(Cl)ccc32)CC1,5.243439956993317
Cn1c(=O)c2c(nc3n2CCCN3CCCN2CCN(c3ccccc3)CC2)n(C)c1=O,7.795880017344075
c1ccc2c(N3CCN(CCc4ccc5[nH]cnc5c4)CC3)cccc2c1,6.900008766455316
O=S(=O)(NCCCCN1CCN(c2cccc(Cl)c2Cl)CC1)c1cnc2ccc(Cl)cc2c1,7.055517327849832
CC(C(=O)N1c2ccccc2Sc2ccccc21)c1ccccc1,5.958607314841775
Cn1c(=O)cnn(CCCCN2CCN(c3ccccc3OCCF)CC2)c1=O,10.0
COc1ccc(-c2ccccc2N2CCN(CCOCCC(=O)NCc3cccnc3)CC2)cc1,5.894830572000668
COc1ccc(CNC(=O)c2cc(-c3cc(Cl)cc(Cl)c3)cnc2-c2cccnc2)cc1OC,5.882728704344236
COc1ccc(CNC(=O)CCCCCN2CCN(c3cccnc3-c3ccncc3)CC2)cc1,6.270025714300444
O=C(CCCCCN1CCN(c2cccnc2-c2ccncc2)CC1)NCc1ccc(F)nc1,6.017276612331455
O=C(CCCCCN1CCN(c2ncccc2-c2ccncc2)CC1)NCc1ccc(F)nc1,6.692503962086787
COc1ccc(CNC(=O)CCOCCN2CCN(c3ccccc3-c3ccccc3C)CC2)cc1,6.129011186239425
O=C1CC(CN2CCC(c3noc4cc(F)ccc34)CC2)Cc2[nH]ncc21,5.820000358220839
COc1ccccc1N1CCN(CCCCN2C(=O)N(C)C(=O)C2(c2ccccc2)c2ccccc2)CC1,9.096910013008056
NC(=O)[C@@H]1CCCN1C(=O)CCCCCN1CCN(c2cccc(Cl)c2)CC1,7.42021640338319
NC(=O)[C@@H]1CCCN1C(=O)CCCCN1CCN(c2noc3ccccc23)CC1,5.536405597812999
CSc1ccccc1N1CCN(CCCCC(=O)N2Cc3ccccc3C[C@H]2C(N)=O)CC1,7.744727494896693
NC(=O)[C@@H]1Cc2ccccc2CN1C(=O)CCCCN1CCN(c2ccc(F)cc2)CC1,5.718058066559175
NC(=O)[C@@H]1Cc2ccccc2CN1C(=O)c1ccc(CN2CCN(c3cccc(Cl)c3Cl)CC2)cc1,6.673664139071248
O=C(CCCN1CC[C@H]2[C@@H](C1)c1cccc3c1N2CCC3)c1ccc(F)cc1,6.686132779630847
Cc1ccc(C2=CCN(CCNC(=O)c3cnc4ccccc4n3)CC2)cc1,8.122053048370812
O=C(NCCN1CCN(c2cc(F)cc(F)c2)CC1)c1cnc2ccccc2n1,7.954677021213342
O=C(NCCN1CC=C(c2cc(F)cc(F)c2)CC1)c1cnc2ccccc2n1,8.581698708680255
O=C(NCCN1CC=C(c2ccccc2)CC1)c1ccc2ccccc2c1,8.214670164989233
O=C(NCCN1CCN(c2ccc(F)cc2)CC1)c1ccc2ccccc2c1,7.265200170411153
O=C(NCCN1CCN(c2cc(F)cc(F)c2)CC1)c1ccc2ccccc2c1,7.538351431936545
Cc1cc(C)cc(N2CCN(CCNC(=O)c3ccc4ccccc4c3)CC2)c1,7.67778070526608
O=C1c2ccccc2C(=O)N1CCN1CC=C(c2ccccc2)CC1,6.151195298948196
O=C1c2ccccc2C(=O)N1CCN1CC=C(c2ccc(Cl)cc2)CC1,6.199970640755866
O=C1c2ccccc2C(=O)N1CCN1CC=C(c2cc(F)cc(F)c2)CC1,6.371611069949688
COc1ccccc1N1CCN(CCCCNC(=O)c2ccc(N(C)C)cc2)CC1,8.1249387366083
COc1ccccc1N1CCN(CCCCCc2cn(-c3ccc(SC)cc3)nn2)CC1,8.4089353929735
OC1(c2ccc(Cl)cc2)CC2CCC(C1)N2CCCSc1ccc(F)cc1,7.698970004336019
COc1ccccc1N1CCN(CC2COC3(CCCCC3)O2)CC1,8.289967300934247
COc1ccccc1N1CCN(CC2COC3(CCN(S(=O)(=O)c4ccc(Cl)cc4)CC3)O2)CC1,7.430041181903406
COc1ccccc1N1CCN(CC2COC3(CCN(S(C)(=O)=O)CC3)O2)CC1,6.840011949618013
COc1ccccc1N1CCN(CC2COC3(CCN(C(=O)NC(C)(C)C)CC3)O2)CC1,7.059981844992337
COc1cc2c(cc1O)[C@@H]1Cc3sc(CC4CCC4)cc3CN1CC2,6.109137644851117
COc1cc2c(cc1O)[C@@H]1Cc3sc(CCCCl)cc3CN1CC2,6.9255492810454085
COc1cccc(N2CCN(CCCCNC(=O)c3cc4ccccc4o3)CC2)c1,7.769551078621726
Cc1cccc(N2CCN(CCCCNC(=O)c3cc4ccccc4o3)CC2)c1,7.924453038607469
Cc1cccc(N2CCN(CCCCNC(=O)c3cc4ccccc4cn3)CC2)c1,8.096910013008056
c1ccc2c(NCCNc3ccnc4ccccc34)ccnc2c1,5.639987232740672
Cc1ccc2nccc(NCCCCCCCNc3ccnc4ccc(C)cc34)c2c1,5.960094355281208
O=C(NCCCCN1CCN(c2ncccn2)CC1)c1cc2ccccc2cn1,7.173925197299173
O=C(NCCCCN1CCN(c2ccccc2)CC1)c1ccc2ccccc2n1,7.026872146400302
O=C(NCCCCN1CCN(c2ccccc2)CC1)c1ccc2ncccc2c1,7.00436480540245
O=C(NCCCCN1CCN(c2ccccc2)CC1)c1ccccn1,7.2839966563652
Cc1cccc(N2CCN(CCCCNC(=O)c3ccccn3)CC2)n1,8.522878745280337
COc1ccc2cccc(N3CCN(CCCCCn4ncc(=O)n(C)c4=O)CC3)c2c1,6.619788758288394
COc1ccccc1N1CCN(CCCCCn2ncc(=O)n(C)c2=O)CC1,6.823908740944319
Cn1c(=O)cnn(CCCN2CCN(c3ccccc3)CC2)c1=O,6.455931955649724
COc1ccccc1N1CCN(CCCn2ncc(=O)n(C)c2=O)CC1,6.7447274948966935
Cn1c(=O)cnn(CCCCN2CCN(c3c(F)cccc3C#N)CC2)c1=O,8.318758762624412
CSc1ccccc1N1CCN(CCCCn2ncc(=O)n(C)c2=O)CC1,9.337242168318426
COc1ccc(N2CCN(CCCCn3ncc(=O)n(C)c3=O)CC2)cc1,6.382999658879101
O=c1sc2ccccc2n1CCCCN1CCN(c2cccc(Cl)c2)CC1,8.212539525481585
O=c1sc2ccccc2n1CCCCCCCN1CCN(c2ccccc2)CC1,9.568636235841012
O=c1[nH]c(CCCCN2CCN(c3cccc(Cl)c3)CC2)nc2ccccc12,8.528708288941061
O=c1c2ccccc2ncn1CCCCCN1CCN(c2ccc(Cl)cc2)CC1,7.288192770958809
Cc1sc2ncn(CCCCCN3CCN(c4ccc(Cl)cc4)CC3)c(=O)c2c1C,7.578396073130169
CC1CCN(CC[C@H]2CCCN2S(=O)(=O)c2cccc(O)c2)CC1,5.044600913360733
O=C1Nc2ccc(Cl)cc2C1(c1c[nH]c2ccccc12)c1c[nH]c2ccccc12,5.610833915635467
Cc1ccc(S(=O)(=O)c2nc(N3CCc4ccccc4C3)sc2Cl)cc1,5.337998120610083
O=S(=O)(Nc1ccccc1-c1nccc2ccccc12)c1ccc(Cl)cc1,5.415442639474325
O=C([C@@H]1CCCN1C(=O)CCCCN1CCN(c2ccccc2-c2ccccc2)CC1)N1CCCCC1,7.455931955649724
CC(C)c1ccccc1N1CCN(CCCCCCC(=O)N2Cc3ccccc3C[C@H]2C(N)=O)CC1,7.698970004336019
NC(=O)[C@@H]1CCCN1C(=O)CCCCCCN1CCN(c2ccccc2-c2ccccc2)CC1,7.275724130399211
CCCCCOc1cc2c(cc1OC)-c1c(OC)c(OC)cc3c1[C@H](C2)N(C)CC3,6.747146969020107
COc1c(Cl)cccc1N1CCN(CCCCNC(=O)c2cnc3ccccc3c2)CC1,7.67778070526608
CC(C)c1ccccc1OCCN1CCC(NS(=O)(=O)c2cc(F)ccc2F)CC1,6.681936665037238
O=S(=O)(NC1CCN(CCOc2ccccc2-c2ccccc2)CC1)c1ccc(F)cc1,6.798602875679548
O=S(=O)(NC1CCN(CCOc2ccccc2-c2ccccc2)CC1)c1cncc2ccccc12,7.130768280269024
CC(C)c1ccccc1OCCN1CCC(N(CC2CC2)S(=O)(=O)c2cccc(F)c2)CC1,6.801342913045577
Cn1cc(S(=O)(=O)N(CC2CC2)C2CCN(CCOc3ccccc3-c3ccccc3)CC2)cn1,6.798602875679548
C=CCN(CC=C)CCc1c[nH]c2ccc(Cl)cc12,7.230032198670558
CC(C)(C)c1ccccc1OCCN1CCC(NS(=O)(=O)c2ccc(F)cc2)CC1,5.34008379993015
CC(C)c1cccc(C(C)C)c1OCCN1CCC(NS(=O)(=O)c2ccc(F)cc2)CC1,5.211336786879143
O=S(=O)(NC1CCN(CCOc2ccccc2)CC1)c1ccc(F)cc1,5.753501419204199
CC(C)c1ccccc1OCCN1CC2CC1CN2S(=O)(=O)c1cccc(Cl)c1,6.405607449624573
CC(C)c1ccccc1OCCN1CC2CC1CN2S(=O)(=O)c1ccc(F)cc1,6.585026652029182
O=S(=O)(c1ccc(F)cc1)N1CC2CC1CN2CCOc1ccccc1-c1ccccc1,5.971428747307463
CCNC(=O)c1cccc(NC2=NC(N)=NC3(CCCCC3)N2)c1,5.169796401074295
CC1(c2ccc(F)cc2)NC(=O)N(CC(O)CN2CCN(c3ccccc3Cl)CC2)C1=O,6.401209493236885
COc1cccc(N2CCN(CC(O)CN3C(=O)NC(C)(c4ccc(F)cc4)C3=O)CC2)c1,5.527389802403955
c1ccc2c(c1)CCN(CCCCc1c[nH]c3ccccc13)C2,5.771184026364204
O=c1[nH]c2cc(Cl)ccc2n1C1CCN(CCCCc2nc3ccccc3s2)CC1,5.934607038438008
N#Cc1ccc(CNC(=O)CCOCCN2CCN(c3cccnc3-c3ccc(F)cc3)CC2)cc1,5.178420972087992
N#Cc1ccc(CNC(=O)CCOCCN2CCN(c3ncccc3-c3ccccc3)CC2)cc1,6.22548303427145
O=C(CCOCCN1CCN(c2ccccc2-c2ccccc2)CC1)NCc1ccc(C(F)(F)F)cc1,6.235077015350112
COCOc1ccc(CNC(=O)CCCCCN2CCN(c3ccccc3-c3ccccc3)CC2)cc1,7.0655015487564325
COc1ccc(-c2cc(F)ccc2N2CCN(CCCCCC(=O)NCc3ccc(C#N)cc3)CC2)cc1,6.112945621949043
O=C1c2ccc(F)cc2CC1CCN1CCc2ccccc2C1,7.725611204449621
CCCN1CC[C@H]2CC(=O)[C@H](CC)[C@H]3CCC[C@@H]1[C@H]23,5.346787486224656
COc1ccc(Br)c(CC2CCN(CCc3cccc4c3OCCO4)CC2)c1,8.67366413907125
CC(C)Oc1ccc(Br)c(CC2CCN(CCc3cc4c(cc3Cl)OCCO4)CC2)c1,7.798602875679548
CCC(=O)N[C@H]1CC[C@H](CCN2CCN(c3nsc4ccccc34)CC2)CC1,8.823908740944319
Nc1ccc2c(N3CCN(CC[C@H]4CC[C@H](NC(=O)c5ccco5)CC4)CC3)nsc2c1,7.481486060122112
Cc1nc2ccccc2c(=O)n1CCCCCN1CCN(c2ccccc2)CC1,7.730487055782084
COc1ccccc1OCCNCC1CSC2(CCCCC2)S1,9.029978734171634
COc1ccccc1N1CCN(CC2COC(c3ccccc3)(c3ccccc3)O2)CC1,7.639974910810602
O=C1c2cc(CCN3CCC(Cc4ccc(Br)c(OCCO)c4)CC3)ccc2OCC1O,8.259637310505756
Cn1c(=O)cnn(CCCCN2CCN(c3cccc(I)n3)CC2)c1=O,8.259637310505756
CCCN(CCC)CCc1ccccc1O,6.3979400086720375
O=S(=O)(c1cccc2ncccc12)N1CCC(CCN2CCN(c3ccccc3)CC2)CC1,6.125518182300533
O=S(=O)(c1cccc2ncccc12)N1CCC(CCN2CCN(c3cccc(Cl)c3)CC2)CC1,7.267606240177032
O=S(=O)(c1cncc2ccccc12)N1CCC(CCN2CCN(c3cccc(C(F)(F)F)c3)CC2)CC1,7.522878745280337
Cc1ccc(N2CCN(Cc3nc4ccccc4[nH]3)CC2)cc1C,5.864867348623225
Cc1cccc(S(=O)(=O)NCCCN2CC=C(c3c[nH]c4ccc(F)cc34)CC2)c1,7.180456064458132
Cc1cccc(S(=O)(=O)NCCCCN2CC=C(c3c[nH]c4ccc(Cl)cc34)CC2)c1,8.221848749616356
O=S(=O)(NCCCCN1CC=C(c2c[nH]c3ccc(Cl)cc23)CC1)c1cccc2ccccc12,8.397940008672037
O=S(=O)(NCCCN1CC=C(c2c[nH]c3ccc(Cl)cc23)CC1)c1cccc(Cl)c1,7.958607314841775
O=S(=O)(NCCCN1CC=C(c2c[nH]c3ccc(Cl)cc23)CC1)c1ccc(F)cc1,7.920818753952375
O=S(=O)(NCCN1CC=C(c2c[nH]c3ccc(Cl)cc23)CC1)c1ccc(Cl)cc1,7.795880017344075
CC(=O)c1c(OCCCN2CCN(c3cccc(Cl)c3Cl)CC2)ccc2c(C)cc(=O)oc12,8.795880017344075
CC(=O)c1c(OCCCN2CCN(c3ccc([N+](=O)[O-])cc3)CC2)ccc2c(C)cc(=O)oc12,6.212539525481585
O=S(=O)(c1ccccc1)c1cnc2c(N3CCNCC3)cccc2c1,5.6252516539898965
COc1cccc(-c2ccc3c(c2)CN(Cc2ccccc2)C3)c1,5.69486368105636
COc1cccc(-c2ccc3c(c2)CCN(Cc2ccccc2)C3)c1,6.134896025358872
CCOC(=O)CCN1CCN(c2ccc3c(c2)CN(C(=O)OCc2ccccc2)CC3)CC1,6.474955192963154
Cc1ccc(C(C)(C)CC(C)NCc2ccc(C(F)(F)F)cc2)o1,4.503070351926785
CC(C)c1ccccc1OCCCN1CCC(NS(=O)(=O)c2cccc(F)c2)CC1,5.746661994673894
CC(C)c1ccccc1OCCCN1CCC(NS(=O)(=O)c2ccc(F)cc2)CC1,5.681727919788373
Clc1ccc(CCN2CCN(c3ccccc3-c3ccccc3)CC2)cc1Cl,8.200659450546418
CC(=O)c1c(OCCCCN2CCN(c3cc(C)cc(C)c3)CC2)ccc2c(C)cc(=O)oc12,8.431798275933005
CC(=O)c1c(OCCCCN2CCN(c3ccccc3Br)CC2)ccc2c(C)cc(=O)oc12,8.823908740944319
CC(=O)c1c(OCCCCN2CCN(c3cccc(F)c3)CC2)ccc2c(C)cc(=O)oc12,7.301029995663981
O=C1Nc2ccccc2C12CCN(CCN1CCC(c3ccc(Cl)cc3)CC1)C2,4.826813731587726
O=S(=O)(NC1CCN(CCOc2ccccc2)CC1)c1ccccc1Br,5.682563503464901
O=S(=O)(NC1CCN(CCOc2ccccc2)CC1)c1cccc(Cl)c1,5.845271792559845
O=S(=O)(NC1CCN(CCOc2cccc(Cl)c2)CC1)c1ccccc1,5.785951320588058
CC(C)(C)c1cccc(OCCN2CCC(NS(=O)(=O)c3ccccc3)CC2)c1,5.811071516239147
O=S(=O)(NC1CCN(CCOc2cccc(Br)c2)CC1)c1cccc(Cl)c1,5.850472986245652
O=S(=O)(NC1CCN(CCOc2cccc(Br)c2)CC1)c1ccc(Cl)cc1,5.390725827595412
COCCOc1cc(CC2CCN(CCc3ccc4c(c3)CCCO4)CC2)ccc1Br,7.365522729839268
COCCOc1cc(CC2CCN(CCc3ccc4c(c3)C(O)CCO4)CC2)ccc1Br,7.484126156288321
CCCCCN1CCC(c2cccc(O)c2)C1,6.486782399932061
CCCCCCCN1CCC(c2cccc(O)c2)C1,7.721246399047171
O=S(=O)(c1cncc2ccccc12)N1CCCCC[C@H]1CCN1CCN(c2cccc3sccc23)CC1,8.096910013008056
O=S(=O)(c1ccnc2ccccc12)N1CCCC[C@@H]1CCN1CCN(c2nsc3ccccc23)CC1,7.619788758288394
O=S(=O)(c1cccc2ncccc12)N1CCCC[C@@H]1CCN1CCN(c2nsc3ccccc23)CC1,7.552841968657781
O=S(=O)(c1cccc2ncccc12)N1CCC[C@H]1CCN1CCN(c2noc3ccccc23)CC1,6.747146969020107
O=S(=O)(c1cncc2ccccc12)N1CCC[C@H]1CCN1CCC(c2noc3cc(F)ccc23)CC1,6.954677021213342
O=C(NCCc1c[nH]c2ccccc12)C1CCN(C(=O)c2ccccc2)CC1,5.267928059000133
O=C(NCc1ccccc1)C1CCN(C(=O)c2ccc(-c3ccccc3)cc2)CC1,5.027380660940376
OC1(c2ccc(Cl)c(C(F)(F)F)c2)CCN(CCCN(c2ccc(F)cc2)c2ccc(F)cc2)CC1,5.898940645091884
OC1(c2ccc(Cl)c(C(F)(F)F)c2)CCN(CCCCC(c2ccc(F)cc2)c2ccc(F)cc2)CC1,5.855425792390384
CC(=O)c1c(C)cc2oc(=O)cc(C)c2c1OCCCN1CCN(c2ccc(Cl)cc2)CC1,8.920818753952375
CC(=O)c1c(C)cc2oc(=O)cc(C)c2c1OCCCCN1CCN(c2ccc([N+](=O)[O-])cc2)CC1,7.481486060122112
Cc1cc(OCCCN2CCN(c3cnccn3)CC2)c2c(C)cc(=O)oc2c1,6.730487055782084
Cc1cc(OCCCCN2CCN(c3ccccc3C#N)CC2)c2c(C)cc(=O)oc2c1,8.823908740944319
O=C1c2ccccc2S(=O)(=O)N1CCCCCCN1CCN(c2cccc3ccccc23)CC1,8.045757490560675
COc1ccc(N2CCN(CCCCCCN3C(=O)c4ccccc4S3(=O)=O)CC2)cc1,6.485452247339714
O=C1c2ccccc2S(=O)(=O)N1CCCCCCN1CCN(c2cccc(Cl)c2)CC1,7.67778070526608
CN1CC[C@H]2c3ccccc3N(c3ccccc3)C[C@]21C,6.699991797446187
CC[C@H]1c2ccccc2N(c2ccccc2)C[C@@]1(C)N,7.130386972827871
CC[C@H]1c2cc(OC)ccc2OC[C@@]1(C)N,5.59999938302362
CC[C@H]1c2ccc3ccccc3c2OC[C@@]1(C)N,5.59999938302362
COc1cc(OC)c2c(c1)OC[C@@]1(C)NCC[C@@H]21,6.0
CC(C)NCC(O)COc1ccccc1CCCSCC(=O)NCCOCCOCCNC(=O)OC(C)(C)C,7.446116973356125
CC(C)NCC(O)COc1ccccc1CCCSCC(=O)NCCOCCOCCNC(=O)CCCCCC1(C)C(/C=C/C=C/C=C2/N(CCCS(=O)(=O)O)c3ccc(S(=O)(=O)O)cc3C2(C)C)=[N+](CCCS(=O)(=O)O)c2ccc(S(=O)(=O)O)cc21,6.583359492661719
O=c1[nH]c(CCCCN2CCC(Cc3ccccc3)CC2)nc2c1sc1ccccc12,6.484126156288321
O=c1[nH]c(CCCCCN2CCN(Cc3ccccc3)CC2)nc2c1sc1ccccc12,6.092588639225414
O=c1[nH]c(CCCCN2CCN(c3cccc(Cl)c3)CC2)nc2ccsc12,8.67778070526608
COc1ccc2[nH]cc(C3CCN(CCCN4C(=O)CC(c5c[nH]c6ccc(F)cc56)C4=O)CC3)c2c1,6.804100347590766
COc1ccc2[nH]cc(C3CC(=O)N(CCCN4CCC(c5c[nH]c6ccc(F)cc56)CC4)C3=O)c2c1,6.609064892896621
COc1ccc2[nH]cc(C3CC(=O)N(CCCCN4CCC(c5c[nH]c6ccc(F)cc56)CC4)C3=O)c2c1,8.309803919971486
c1ccc(-c2ccc(CNCCc3c[nH]c4ccccc34)o2)cc1,6.903089986991944
COc1ccc2[nH]cc(CCNCc3ccc(-c4cnc5ccccc5c4)o3)c2c1,5.97798426018228
Oc1ccc(-c2ccc(CNCCc3c[nH]c4ccc(F)cc34)o2)cc1,5.995678626217358
Oc1ccc(-c2ccc(CNCCc3c[nH]c4cc(F)ccc34)o2)cc1,6.694648630553377
Oc1ccc(-c2ccc(CNCCc3c[nH]c4ncc(F)cc34)o2)cc1,5.207328210858432
COc1ccccc1N1CCN(CCCNC(=O)NN(Cc2ccc(F)cc2)c2ccccc2)CC1,7.468521082957745
COc1ccc(/C=C2\NC(=O)N(CCCCN3CCN(c4ccccc4OC)CC3)C2=O)cc1OC1CCCC1,9.0
CNC(=O)Cn1c2c(c3ccccc31)CN(CCCCC13CCCc4cccc(c41)NC3=O)CC2,6.892790030352131
COc1ccccc1N1CCN(Cc2cn(-c3cccc4ccccc34)c3ccccc23)CC1,6.154901959985743
COc1ccccc1N1CCN(CC(O)CN2C(=O)NC(C)(c3ccc(F)cc3)C2=O)CC1,6.91721462968355
O=c1c(-c2ccccc2)c2n(c(=O)n1CCCCN1CCCC(c3c[nH]c4ccccc34)C1)CCCC2,7.568636235841013
COc1ccc(-c2c3n(c(=O)n(CCCCN4CCCC(c5c[nH]c6ccc(OC)cc56)C4)c2=O)CCCC3)cc1,7.2839966563652
CCOc1ccc2[nH]cc(C3=CCN(Cc4cccs4)CC3)c2c1,6.856985199745905
CCn1cncc1-c1c[nH]c2ccc(C(N)=O)cc12,6.910094888560602
O=C1c2cccc3cccc(c23)C(=O)N1CCCCCCN1CCN(c2ccccn2)CC1,6.764471553092451
O=C1c2cccc3cccc(c23)C(=O)N1CCCCCCN1CCN(c2ccccc2[N+](=O)[O-])CC1,6.428291168191312
COc1ccccc1OCCNCC1(c2ccccc2)COCCO1,7.119987161633229
COc1ccccc1OCCNCC1OCCOC1(c1ccccc1)c1ccccc1,8.400007822415901
COc1ccccc1N1CCN(CC2(c3ccccc3)COCCO2)CC1,6.760000207113128
CCn1cncc1-c1c[nH]c2ccc(Br)c(F)c12,6.5003129173815966
Cn1cncc1-c1c[nH]c2ccc(I)cc12,6.079876673709276
CCn1cncc1-c1c[nH]c2ccc(I)c(F)c12,6.229884705212898
COc1ccc2[nH]cc(C3CCCN(CCCCn4c(=O)c(-c5ccc(C)cc5)c5ccccn5c4=O)C3)c2c1,6.47755576649368
O=c1c(-c2ccccc2)c2ccccn2c(=O)n1CCCCN1CCCC(c2c[nH]c3ccc(F)cc23)C1,6.679853713888946
Cc1ccc(-c2c(=O)n(CCCCN3CCCC(c4c[nH]c5ccccc45)C3)c(=O)n3ccccc23)cc1,7.200659450546418
Fc1ccc2[nH]cc(CCN3CCN(c4nsc5ccccc45)CC3)c2c1,8.795880017344075
CCc1cccc(N2CCN(CC(F)CCNC(=O)c3cc4ccccc4[nH]3)CC2)c1Cl,6.040958607678906
CCc1cc(Cl)c(OC)c(N2CCN(CC(F)CCNC(=O)c3cc4ccccc4o3)CC2)c1,5.575118363368933
COc1ccc2c(c1)c(C1=CCNCC1)cn2S(=O)(=O)c1cccc2ncccc12,5.531062194334539
O=C(CCCCN1CCN(c2ccccc2)CC1)N1CCN(c2ccccc2)CC1,6.455931955649724
O=C(CCN1CCN(c2cccc(Cl)c2)CC1)N1CCN(c2ccccc2)CC1,7.474955192963154
CCOc1ccccc1N1CCN(CCC(=O)N2CCN(c3ccccc3)CC2)CC1,7.087246696328677
O=C(CCN1CCN(c2ccc(Cl)cc2)CC1)N1CCN(c2cccc(Cl)c2)CC1,6.519993057042849
O=C(CCNCc1ccccc1)NCc1ccccc1,5.425968732272281
CN(C)C1CCc2c(cccc2-c2cc(F)cc(F)c2)C1,6.638272163982407
C=CCOc1c(OC)cc2c3c1-c1cc(NC(=O)CCC)ccc1CC3N(C)CC2,6.334419008982047
C#CCOc1c(OC)cc2c3c1-c1cc(NC(=O)CCC)ccc1CC3N(C)CC2,6.179798540514359
CCCN1CCc2cccc3c2C1Cc1ccc(NS(C)(=O)=O)cc1-3,7.638272163982407
CN1CCc2cccc3c2C1Cc1cc2sc(N)nc2cc1-3,7.638272163982407
C#CCOc1c(OC)cc2c3c1-c1cc([N+](=O)[O-])ccc1CC3N(C)CC2,6.686132779630847
COc1cc2c3c(c1O)-c1cc([N+](=O)[O-])ccc1CC3N(C)CC2,6.261219441515631
O=[N+]([O-])c1ccc2c(c1)-c1cccc3c1C(C2)NCC3,6.455931955649724
O=C(NCCCCCCN1CCN(c2nsc3ccccc23)CC1)c1ccccc1,7.657577319177793
O=S(=O)(NCCCCCCN1CCN(c2nsc3ccccc23)CC1)c1cccc2ccccc12,7.4089353929735005
