smiles,y
CN1C2CCC1CC(OC(c1ccc(F)cc1)c1ccc(F)cc1)C2,6.838631997765025
c1ccc(N2CCN(CCCn3c4ccccc4c4ccccc43)CC2)cc1,5.616184634019569
Oc1nc2c(N3CCN(Cc4ccccc4)CC3)cccc2[nH]1,7.247951552180561
O=C(NCCCN1CCN(c2ccccc2)CC1)c1cccc2c1-c1ccccc1C2=O,6.366531544420414
O=C(NCCCCN1CCN(c2cccc(Cl)c2Cl)CC1)c1ccc2c(c1)-c1ccccc1-2,9.045757490560677
O=C(NCCCN1CCN(c2cccc(Cl)c2Cl)CC1)c1cccc2c1Cc1ccccc1-2,6.769551078621726
O=C(NCCCCN1CCN(c2cccc(Cl)c2Cl)CC1)c1ccc2c(c1)-c1ccccc1C2,8.853871964321762
O=C1Cc2c(ccc(Cl)c2N2CCN(Cc3ccccc3)CC2)N1,6.228192121000895
O=C(NCCCCN1CCN(c2cccc(Cl)c2Cl)CC1)c1cccc2c1-c1ccccc1C2=O,8.46428403001449
CN1C2CCC1CC(OC(c1ccccc1)c1ccc(Cl)cc1)C2,5.269217724333611
O=C(NCCCN1CCN(c2ccccc2)CC1)c1ccc2c(c1)Cc1ccccc1-2,5.835647144215563
O=C(NCCCN1CCN(c2cccc(Cl)c2Cl)CC1)c1ccc2c(c1)Cc1ccccc1-2,6.958607314841775
O=C1Cc2c(cccc2N2CCN(Cc3ccccc3)CC2)N1,8.267606240177031
OC1CCc2c(c3ccccc3n2CCCN2CCN(c3ccccc3)CC2)C1,5.396855627379818
CN1[C@H]2CC[C@@H]1C[C@H](OC(c1ccc(Cl)cc1)c1ccc(Cl)cc1)C2,6.657577319177793
c1ccc(CN2CCN(c3cccc4[nH]cnc34)CC2)cc1,6.06023122454665
Fc1ccc(C(OCCN2C3CCC2CC(OC(c2ccc(F)cc2)c2ccc(F)cc2)C3)c2ccc(F)cc2)cc1,6.669586226650809
O=C(NCCCCN1CCN(c2cccc(Cl)c2Cl)CC1)C1c2ccccc2-c2ccccc21,7.721246399047171
O=C1c2ccccc2C(=O)N1CCCCCN1CCN(c2cccc(Cl)c2Cl)CC1,8.10790539730952
O=C1c2ccccc2C(=O)N1CCCCN1CCN(c2cccc(Cl)c2Cl)CC1,8.387216143280265
O=C(NCCCN1CCN(c2ccccc2)CC1)C1c2ccccc2-c2ccccc21,6.468521082957745
Oc1cccc(N2CCN(Cc3ccccc3)CC2)c1,7.539102157243452
CN1C2CCC1CC(OC1c3ccccc3Cc3ccccc31)C2,6.714442690992226
CCN(CC)CCOCCOC1(c2ccccc2)CCCC1,5.214670164989233
Fc1ccc(C(O[C@@H]2C[C@@H]3CC[C@H](C2)N3CCCCc2ccccc2)c2ccc(F)cc2)cc1,7.860120913598763
O=C(NCCCN1CCN(c2cccc(Cl)c2Cl)CC1)C1c2ccccc2-c2ccccc21,7.619788758288394
Brc1ccc(N2CCN(Cc3ccccc3)CC2)c2cc[nH]c12,7.251811972993799
FC(F)(F)c1nc2c(N3CCN(Cc4ccccc4)CC3)cccc2[nH]1,7.832682665251823
Clc1cccc(C(OC2CC3CCC(C2)N3CCCc2ccccc2)c2ccccc2)c1,7.138465589140962
Clc1ccc2[nH]ccc2c1N1CCN(Cc2ccccc2)CC1,7.020907099361674
O=C(NCCCN1CCN(c2ccccc2)CC1)c1cccc2c1Cc1ccccc1-2,6.366531544420414
CCCN1CCC[C@@H](c2cccc(OS(=O)(=O)c3ccc(C)cc3)c2)C1,7.036212172654444
COc1ccccc1N1CCN(CNC(=O)c2ccc(Cl)cc2)CC1,6.571865205971212
N#Cc1cccc([C@@H]2CCCN(CC3CC3)C2)c1,6.282329496997738
CCCN1CCC[C@@H](c2cccc(Br)c2)C1,6.767003889607846
CCCN1CCC[C@@H](c2cccc(CC#N)c2)C1,6.293282217663241
O=S(=O)(Oc1cccc([C@@H]2CCCN(CCc3ccccc3)C2)c1)C(F)(F)F,7.721246399047171
CCc1sccc1N1CCC[C@@H](c2cccc(C#N)c2)C1,7.251811972993799
Cc1ccc(C(=O)NCN2CCN(c3ccccc3C#N)CC2)cc1,6.423658649794207
N#Cc1ccccc1N1CCN(CNC(=O)c2ccc(Cl)cc2)CC1,6.221848749616356
CCCN1CCC[C@@H](c2ccccc2)C1,6.1095789811990855
CCCN1CCC[C@@H](c2cccc(SC)c2)C1,6.856985199745905
CCCN1CCC2c3cccc(OS(=O)(=O)C(F)(F)F)c3CCC21,7.214670164989233
N#Cc1cccc([C@@H]2CCCN(CCCc3ccccc3)C2)c1,7.443697499232712
Oc1ccc(C2=CCN(C[C@@H]3CCC=C(c4ccc(O)cc4)C3)CC2)cc1,8.468521082957745
CCCN1CCC[C@@H](c2cccc(C)c2)C1,6.24184537803261
CCCN1CCC[C@@H](c2cccc(CO)c2)C1,5.835349784065703
N#Cc1cccc([C@@H]2CCCNC2)c1,6.199970640755866
CCCN1CCC[C@@H](c2cccc(OS(C)(=O)=O)c2)C1,6.009661145212399
N#Cc1cccc([C@@H]2CCCN(CCc3ccccc3)C2)c1,7.229147988357855
CCCN1CCC[C@@H](c2cccc(OS(=O)(=O)C(F)(F)F)c2)C1,7.167491087293763
CCCN1CCC[C@@H](c2cccc(OCC(F)(F)F)c2)C1,5.84955059053912
Oc1ccc(C2=CCN(C[C@@H]3CCC=C(c4ccccc4)C3)CC2)cc1,7.246416941107094
COc1ccccc1N1CCN(CNC(=O)c2cccc(C)c2)CC1,5.605548319173784
N#Cc1ccccc1N1CCN(CNC(=O)c2cccc(Cl)c2)CC1,5.6439741428068775
CCCN1CCC[C@@H](c2cccc(C(C)=O)c2)C1,5.667561540084395
CCCN1CCC[C@@H](c2ccccc2OS(=O)(=O)C(F)(F)F)C1,5.506820879317485
CCC(C)N1CCC[C@@H](c2cccc(C#N)c2)C1,6.978810700930062
COc1ccccc1N1CCN(CNC(=O)c2cccc(Cl)c2)CC1,5.838631997765025
C#Cc1cccc([C@@H]2CCCN(CCC)C2)c1,6.4698003017969175
Oc1ccc(C2=CCC[C@@H](CN3CC=C(c4ccccc4)CC3)C2)cc1,9.2839966563652
COc1ccccc1N1CCN(CNC(=O)c2ccccc2)CC1,5.607303046740334
Clc1ccc(N2CCN(Cc3cccn4nccc34)CC2)cc1,4.920818753952375
Clc1ccc(N2CCN(Cc3ccc4ccnn4c3)CC2)cc1,5.309803919971486
CN[C@@H]1Cc2cccc3ncn(c23)C1,5.609241471261283
CCCN1C[C@H](CSC)C[C@@H]2c3cccc4[nH]cc(c34)C[C@H]21,8.652143295148674
CN(C)[C@@H]1Cc2cccc3ncn(c23)C1,5.530472520812986
CCCN[C@@H]1Cc2cccc3nc(O)n(c23)C1,7.512154879888564
CCCN1CCCC(c2cccc(O)c2)C1,6.87942606879415
CCCN(CCC)[C@@H]1CCc2c(OC)cccc2[C@@H]1C,8.383699569557427
CCCN[C@@H]1CCc2c(OC)cccc2[C@@H]1C,7.585026652029182
Cc1ccc(OCCCNCCOc2ccc(Cl)cc2)cc1,6.751009664426323
COc1ccc(N2CCN(CCNC(=O)c3cc(Br)c4ccccc4c3OC)CC2)cc1,6.13608262304214
COc1ccc(OCCNCCCOc2ccccc2)cc1,6.431481473913975
COc1c(C(=O)NCCN2CCN(c3ccccc3)CC2)cc(Cl)c2ccccc12,7.279344643448275
CCOc1c(C(=O)NCCN2CCN(c3ccccc3)CC2)cc(Br)c2ccccc12,6.5865409679225575
COc1c(C(=O)NCCN2CCN(c3ccccc3)CC2)cc(C#N)c2ccccc12,6.882728704344236
Fc1ccc(OCCCNCCOc2ccc(Cl)cc2)cc1,7.00939478857608
Cc1ccc(OCCNCCCOc2ccc(Br)cc2)cc1,5.769775948089478
Cc1ccc(OCCCNCCOc2ccccc2)cc1,7.180225817823184
COc1c(C(=O)NCCN2CCN(c3ccccc3C)CC2)cc(Br)c2ccccc12,7.190103753397561
COc1c(C(=O)NCCN2CCN(c3ccc(C)cc3)CC2)cc(Br)c2ccccc12,6.59244764618519
Cc1ccc(OCCCNCCOc2ccc(C)cc2)cc1,6.629468406556923
Cc1ccc(OCCNCCCOc2ccccc2C)cc1,6.419536921479038
O=[N+]([O-])c1ccc(OCCNCCCOc2ccccc2)cc1,6.461087106096326
COc1c(C(=O)NCCN2CCN(c3cccc([N+](=O)[O-])c3)CC2)cc(Br)c2ccccc12,6.185752404268079
Cc1ccc(OCCNCCCOc2cccc(C)c2)cc1,6.718341789364002
COc1cccc(N2CCN(CCNC(=O)c3cc(Br)c4ccccc4c3OC)CC2)c1,6.185752404268079
COc1c(C(=O)NCCN2CCN(c3ccccc3[N+](=O)[O-])CC2)cc(Br)c2ccccc12,7.619788758288394
Cc1ccc(CCCNCCCOc2ccccc2)cc1,6.459670525209126
COc1c(C(=O)NCCN2CCN(c3cccc(Cl)c3Cl)CC2)cc(Br)c2ccccc12,8.096910013008056
c1ccc(OCCCNCCOc2ccccc2)cc1,6.868220990630813
COc1ccc(NS(=O)(=O)c2sc3ccc(Cl)cc3c2C)cc1N1CCN2CCCCC2C1,6.0
N#Cc1ccc2c(c1)CN(CC[C@H]1CC[C@H](NC(=O)c3cc4ccccc4[nH]3)CC1)C2,7.599980364934842
O=C(NCCCCN1CC[C@H]2c3ccc(O)cc3CC[C@@H]21)c1ccc(-c2ccccc2)cc1,7.899974269892137
N#Cc1ccc2cc(CN3CCN(c4ccccc4Cl)CC3)[nH]c2c1,6.036212172654444
N#Cc1ccc2[nH]cc(CN3CCN(c4ccc(Cl)c(Cl)c4)CC3)c2c1,6.060480747381382
N#Cc1ccc2[nH]cc(CN3CCN(c4ccccc4Cl)CC3)c2c1,6.259637310505756
COc1cccc2c1CC[C@H]1[C@H]2CCN1CCCCNC(=O)c1ccc(-c2ccccc2)cc1,7.79997073344623
N#Cc1ccc2c(c1)CCN(CC[C@H]1CC[C@H](NC(=O)c3ccnc4ccccc34)CC1)C2,8.195734718643392
COc1cccc(/C=C/C(=O)N[C@H]2CC[C@H](CCN3Cc4ccc(C#N)cc4C3)CC2)c1,8.0
Nc1cccc(C#CCCN2CC=C(c3ccccc3)CC2)c1,9.443697499232712
N#Cc1ccc2[nH]cc(CN3CCN(c4ccc(Cl)cc4)CC3)c2c1,5.1938200260161125
N#Cc1ccc2[nH]c(CN3CCN(c4ccc(F)cc4)CC3)cc2c1,4.823908740944319
N#Cc1ccc2[nH]c(CN3CCN(c4ccccc4Cl)CC3)cc2c1,5.769551078621726
O=C(/C=C/c1ccc(F)cc1)N[C@H]1CC[C@H](CCN2Cc3ccc(C(F)(F)F)cc3C2)CC1,8.0
N#Cc1ccc2cc(CN3CCN(c4ccccc4)CC3)[nH]c2c1,5.508638306165727
N#Cc1ccc2[nH]c(CN3CCN(c4ccc(Cl)c(Cl)c4)CC3)cc2c1,4.698970004336019
N#Cc1ccc2[nH]c(CN3CCN(c4ccccc4)CC3)cc2c1,5.769551078621726
N#Cc1ccc2c(c1)CN(CC[C@H]1CC[C@H](NC(=O)/C=C/c3ccc(F)cc3)CC1)C2,7.899974269892137
C(#Cc1cccnc1)CCN1CC=C(c2ccccc2)CC1,7.698970004336019
C(#Cc1ccncc1)CCN1CC=C(c2ccccc2)CC1,8.187086643357144
O=C(NCCCCN1CC[C@H]2c3cccc(O)c3CC[C@@H]21)c1ccc(-c2ccccc2)cc1,8.700057099977233
CS(=O)(=O)Oc1ccc2c(c1)CC[C@H]1[C@H]2CCCN1CCCCNC(=O)c1ccc(-c2ccccc2)cc1,6.699991797446187
N#Cc1ccc2c(c1)CN(CC[C@H]1CC[C@H](NC(=O)c3ccnc4ccccc34)CC1)C2,7.199970640755866
CS(=O)(=O)Oc1ccc2c(c1)CN(CC[C@H]1CC[C@H](NC(=O)/C=C/c3ccc(F)cc3)CC1)C2,8.299988937677888
O=C(/C=C/c1ccc(F)cc1)N[C@H]1CC[C@H](CCN2Cc3ccc(Br)cc3C2)CC1,8.500038134403809
c1ccc(CNCCOc2cccc3[nH]cnc23)cc1,7.172630726946175
FC(F)(F)c1nc2c(OCCNCc3ccccc3)cc(Cl)cc2[nH]1,7.378823718224964
C#CCN(CCCCN1CCN(c2ccccc2)CC1)C1CCc2ccc(O)cc2C1,9.077447533238624
CCCN(CCC)C1CCc2cc(CN(C(N)=O)c3ccc(OC)cc3)ccc2C1,7.599980364934842
CCCN(CCC)C1CCc2cc(CSc3ccc(OC)cc3)ccc2C1,8.899974269892137
CCCN(CCC)[C@@H]1CCc2c(ccc(CCc3ccc(NS(C)(=O)=O)cc3)c2OC)C1,6.299997602857746
CCCN(CCC)[C@@H]1CCc2c(ccc(C(O)Cc3ccc(Cl)cc3)c2OC)[C@@H]1C,7.599980364934842
CCCN(CCC)C1CCc2cc(CCc3ccc(C(N)=O)cc3)ccc2C1,6.199998172182031
O=C1NC(CCN2CCN(c3ccccc3)CC2)c2ccccc21,5.57154122648442
CCCN(CCC)[C@@H]1CCc2c(ccc(C(O)Cc3ccccc3)c2OC)C1,7.199970640755866
CCCN(CCC)C1CCc2cc(CCc3ccc(C(=O)O)cc3)ccc2C1,5.499999678657065
N#CCCCN(CCCN1CCN(c2ccccc2)CC1)C1CCc2ccc(O)cc2C1,7.29929628285498
CCCN(CCC)C1CCc2cc(CCc3ccc(O)cc3)ccc2C1,7.899974269892137
Cc1ccc(N2CCN(CCC3NC(=O)c4ccccc43)CC2)cc1C,5.57154122648442
CCCN(CCCCN1CCN(c2ccccc2)CC1)C1CCc2ccc(O)cc2C1,8.717453410030032
C#CCN(CCCCN1CCN(c2cccc(Cl)c2Cl)CC1)C1CCc2ccc(O)cc2C1,8.44490555142168
Oc1nc2c(OCCNCc3ccccc3)cc(Cl)cc2[nH]1,8.130768280269024
Cc1nc2c(OCCNCc3ccccc3)cccc2[nH]1,7.024108863598207
CCCN(CCC)C1CCc2cc(CCc3ccc(S(C)(=O)=O)cc3)ccc2C1,5.800000874803203
CCCN(CCC)[C@@H]1CCc2c(ccc(CCc3ccc(Cl)cc3)c2OC)C1,8.299988937677888
CCCN(CCC)[C@@H]1CCc2c(ccc(CCc3ccccc3)c2OC)C1,7.700057099977233
CCCN(CCC)C1CCc2cc(CCc3ccccc3)ccc2C1,8.400007822415901
CCCN(CCCCN1CCN(c2cccc(Cl)c2Cl)CC1)C1CCc2ccc(O)cc2C1,8.645891560852599
O=C1Cc2c(cccc2OCCNCc2ccccc2)N1,8.55284196865778
CCCN(CCC)C1CCc2cc(CN(C(=O)OC)c3ccc(OC)cc3)ccc2C1,8.199970640755867
O=c1cc(-c2ccc(O)c(-c3c(O)cc(O)c4c(=O)cc(-c5ccc(O)cc5)oc34)c2)oc2cc(O)cc(O)c12,5.90622821850127
C#Cc1cccn1C1CCN(Cc2ccccc2)CC1,5.102372908709558
COc1ccc(Br)cc1-c1nc(CNC[C@@H]2CCN(Cc3ccccc3)C2)c[nH]1,5.886056647693163
c1ccc(CN2CCC(n3ccc(-c4cnco4)c3)CC2)cc1,5.167491087293763
Clc1cccc(N2CCN(CCCOc3ccc(-c4nc5ccccc5[nH]4)cc3)CC2)c1,6.809668301829708
COc1ccccc1N1CCN(CCCOc2ccc(-c3nc4ccccc4[nH]3)cc2)CC1,8.769551078621726
c1ccc(-c2nc(CN3CCN(c4ccccc4)CC3)cs2)cc1,5.688246138944246
c1ccc(CN2CCN(Cc3csc(-c4ccccc4)n3)CC2)cc1,5.279840696594043
CCN1CCC[C@H]1CNC(=O)c1cc(S(N)(=O)=O)ccc1OC,7.055517327849832
c1ccc(CN2CCC(NCc3csc(-c4ccccc4)n3)CC2)cc1,5.638272163982407
COc1ccc(N2CCN(CCCOc3ccc(-c4nc5ccccc5[nH]4)cc3)CC2)cc1,6.886056647693163
c1ccc(-c2nc(CN3CCN(c4ccccc4)CC3)co2)cc1,5.403402904373539
c1ccc(CN2CCC(n3cccc3-c3cnco3)CC2)cc1,6.113509274827518
c1ccc(N2CCN(CCCOc3ccc(-c4nc5ccccc5[nH]4)cc3)CC2)cc1,8.823908740944319
CCN1CCC[C@H]1CNC(=O)c1c(O)c(I)cc(OC)c1OC,9.795880017344077
COc1ccc(Br)cc1-c1nc(CN(C)C[C@@H]2CCN(Cc3ccccc3)C2)co1,5.920818753952375
COc1cccc(C(=O)NC2CC3CCCC(C2)N3Cc2ccc(F)cc2)c1OC,9.67778070526608
O=Cc1ccn(C2CCN(Cc3ccccc3)CC2)c1,4.508638306165727
c1cnc(N2CCN(CCCOc3ccc(-c4nc5ccccc5[nH]4)cc3)CC2)nc1,7.823908740944319
CCCN(CCC)[C@@H]1CCc2c(F)cccc2C1,8.064492734175287
O=C1CC2(CCCC2)CC(=O)N1CCCCN[C@@H]1CCc2c(F)cccc2C1,8.306273051076353
CCCN(CCCCN1C(=O)CC2(CCCC2)CC1=O)[C@@H]1CCc2c(F)cccc2C1,9.600326278518962
Oc1ccc(Br)cc1-c1nc(CN2CCN(c3ccccc3)CC2)co1,5.119186407719209
C[Si](C)(C)C#Cc1cccn1C1CCN(Cc2ccccc2)CC1,5.113509274827518
CCCN(C(C)C)[C@@H]1CCc2c(F)cccc2C1,6.701146923590294
COc1ccc(Br)cc1-c1nc(CNC2CCN(Cc3ccccc3)CC2)cs1,6.688246138944246
N[C@@H]1CCc2c(F)cccc2C1,6.823908740944319
N#CC(C#N)=Cc1cccn1C1CCN(Cc2ccccc2)CC1,5.292429823902063
CCCN(Cc1ccccc1)[C@@H]1CCc2c(F)cccc2C1,7.623423042943488
CC(C)N[C@@H]1CCc2c(F)cccc2C1,5.838631997765025
COc1c(-c2nc(CNC[C@@H]3CCN(Cc4ccccc4)C3)co2)cc(Br)c2ccccc12,5.232844133917819
c1ccc(CN2CCC(NCc3coc(-c4ccccc4)n3)CC2)cc1,5.214670164989233
c1ccc(N2CCN(CC[C@H]3CC[C@H](c4c[nH]c5ccccc54)CC3)CC2)nc1,7.5376020021010435
Clc1ccccc1N1CCN(CCCOc2ccc(-c3nc4ccccc4[nH]3)cc2)CC1,7.744727494896693
c1ccc(CN2CCN(Cc3coc(-c4ccccc4)n3)CC2)cc1,5.075720713938118
COc1ccc(Br)cc1-c1nc(CN2CCN(Cc3ccccc3)CC2)cs1,6.1938200260161125
CN(C)CCOC1=Cc2ccccc2Sc2ccc(Cl)cc21,7.950781977329818
C1=C(c2nc3ccccc3o2)CCN(Cc2ccccc2)C1,5.346787486224656
Clc1ccccc1CN1CC=C(c2nc3ccccc3s2)CC1,5.853871964321762
O=C(N[C@H]1CC[C@H](CCN2CCN(c3cccc(Cl)c3Cl)CC2)CC1)C1CCCCC1,8.346787486224656
CCCN(C(=O)C1CCCCC1)[C@H]1CC[C@H](CCN2CCN(c3cccc(Cl)c3Cl)CC2)CC1,7.070581074285707
c1cnc(N[C@H]2CC[C@H](CCN3CCN(c4cccnc4)CC3)CC2)nc1,8.327902142064282
Clc1ccc(CN2CC=C(c3nc4ccccc4[nH]3)CC2)cc1,5.795880017344075
Cc1ccc(C(=O)N[C@H]2CC[C@H](CCN3CCN(c4cccc(Cl)c4Cl)CC3)CC2)s1,7.619788758288394
O=C(N[C@H]1CC[C@H](CCN2CCN(c3ccc(Cl)cc3)CC2)CC1)C1CCCCC1,7.823908740944319
Clc1ccc2sc(C3=CCN(Cc4ccccc4)CC3)nc2c1,5.7447274948966935
CCCN1CC[C@H]2c3c(ccc4ccoc34)CC[C@H]21,6.490797477668897
CCCN(CCC)C1CCc2c(ccc3ccoc23)C1,7.251811972993799
c1cnc(N[C@H]2CC[C@H](CCN3CCc4ccccc4C3)CC2)nc1,7.397940008672037
Clc1ccc(CN2CC=C(c3nc4cc(Cl)ccc4s3)CC2)cc1,6.180456064458132
COc1ccccc1N1CCN(CC[C@H]2CC[C@H](Nc3ncccn3)CC2)CC1,7.958607314841775
COc1ccc(N2CCN(CC[C@H]3CC[C@H](Nc4ncccn4)CC3)CC2)cc1,7.494850021680094
O=C(N[C@H]1CC[C@H](CCN2CCN(c3cccc(Cl)c3Cl)CC2)CC1)c1ccsc1,8.327902142064282
Cc1ccc(N2CCN(CC[C@H]3CC[C@H](NC(=O)C4CCCCC4)CC3)CC2)cc1C,8.2839966563652
Clc1ccc(CN2CC=C(c3nc4cc(Cl)ccc4[nH]3)CC2)cc1,6.045757490560675
Clc1cccc(CN2CC=C(c3nc4ccccc4s3)CC2)c1,6.200659450546418
c1cnc(N[C@H]2CC[C@H](CCN3CCN(c4ccncc4)CC3)CC2)nc1,5.638272163982407
O=C(N[C@H]1CC[C@H](CCN2CCN(c3ccccc3Cl)CC2)CC1)C1CCCCC1,8.301029995663981
CC(=O)N[C@H]1CC[C@H](CCN2CCN(c3ccccc3)CC2)CC1,8.602059991327963
C1=C(c2ccccc2)CCN(CC[C@H]2CC[C@H](Nc3ncccn3)CC2)C1,8.431798275933005
O=C(N[C@H]1CC[C@H](CCN2CCN(c3ccccn3)CC2)CC1)c1cccs1,8.366531544420413
c1ccc(N2CCN(CC[C@H]3CC[C@H](Nc4ncnc5ccccc45)CC3)CC2)cc1,10.69897000433602
CCCN(CCC)C1CCc2ccc3ccoc3c2C1,7.790484985457369
Clc1ccc2[nH]c(C3=CCN(Cc4ccccc4)CC3)nc2c1,5.537602002101044
COc1cccc(N2CCN(CC[C@H]3CC[C@H](NC(=O)c4cccs4)CC3)CC2)c1,8.853871964321762
O=C(N[C@H]1CC[C@H](CCN2CCN(c3cccc(Cl)c3Cl)CC2)CC1)C1CCCC1,8.397940008672037
O=C(N[C@H]1CC[C@H](CCN2CCN(c3cccc(Cl)c3Cl)CC2)CC1)C1CCCCCC1,8.318758762624412
C1=C(c2nc3ccccc3s2)CCN(Cc2ccccc2)C1,6.251811972993799
c1ccc(N2CCN(CCC[C@H]3CC[C@H](Nc4ncccn4)CC3)CC2)cc1,7.267606240177032
Cc1ccccc1N1CCN(CC[C@H]2CC[C@H](NC(=O)c3cccs3)CC2)CC1,8.494850021680094
Clc1ccc2oc(C3=CCN(Cc4ccccc4)CC3)nc2c1,5.795880017344075
O=C(N[C@H]1CC[C@H](CCN2CCN(c3cccc(Cl)c3Cl)CC2)CC1)C12CC3CC(CC(C3)C1)C2,7.657577319177793
COc1ccccc1N1CCN(CC[C@H]2CC[C@H](NC(=O)c3cccs3)CC2)CC1,9.221848749616356
O=C(N[C@H]1CC[C@H](CCN2CCN(c3cccc(Cl)c3)CC2)CC1)c1cccs1,8.698970004336019
CCCN(CCC)[C@@H]1CCc2c(ccc3ccoc23)[C@@H]1C,7.568636235841013
Cc1c(-c2ccccc2)nnn1C1CCN(Cc2ccccc2)CC1,5.6020599913279625
COc1ccccc1N1CCN(CCCCCNC(=O)c2cnn3ccccc23)CC1,7.191890351759965
Cc1nn(C2CCN(Cc3ccccc3)CC2)cc1-c1ccccc1,7.552841968657781
COc1ccccc1N1CCN(CCCCNC(=O)c2ccc3ccccc3c2)CC1,8.988899673878702
COc1ccccc1N1CCN(CCCCNC(=O)c2cccn3nccc23)CC1,7.699513212013971
O=C(NCCCCN1CCN(c2cccc(Cl)c2Cl)CC1)c1cc2ccccc2o1,8.979875583724077
c1ccc(CN2CCC(c3cc(-c4ccccc4)[nH]n3)CC2)cc1,5.853871964321762
Cc1c(-c2ccccc2)cnn1C1CCN(Cc2ccccc2)CC1,6.346787486224656
COc1ccccc1N1CCN(CCCCCNC(=O)c2cc3ccccn3n2)CC1,7.291196817055418
Cc1cc(-c2ccccc2)n(C2CCN(Cc3ccccc3)CC2)n1,5.522878745280337
O=c1c(CO)coc2cc(OCCCN3CCC(c4noc5cc(F)ccc45)CC3)ccc12,8.267606240177031
Cc1c(C2CCN(Cc3ccccc3)CC2)n[nH]c1-c1ccccc1,6.346787486224656
COc1ccccc1N1CCN(CCCNC(=O)c2cc3ccccn3n2)CC1,6.188542296287947
COc1ccccc1N1CCN(CCCCNC(=O)c2ccc3ccnn3c2)CC1,8.366531544420413
c1ccc(CN2CCC(n3nccc3-c3ccccc3)CC2)cc1,6.091514981121351
c1ccc(CN2CCC(n3cc(-c4ccccc4)nn3)CC2)cc1,5.886056647693163
c1ccc(CN2CCC(n3nnc(-c4ccccc4)n3)CC2)cc1,5.853871964321762
Cc1nn(C2CCN(Cc3cccc(Cl)c3)CC2)cc1-c1ccccc1,6.920818753952375
c1ccc(CN2CCC(n3cnc(-c4ccccc4)c3)CC2)cc1,6.130768280269024
COc1ccccc1N1CCN(CCCCNC(=O)c2cnn3ccccc23)CC1,7.744727494896693
COc1ccccc1N1CCN(CCCCNC(=O)c2cc3ccccc3s2)CC1,9.63661368625058
Cc1nn(C2CCN(Cc3cccc(C#N)c3)CC2)cc1-c1ccccc1,6.585026652029182
Cc1c(-c2ccccc2)cnn1C1CCN(Cc2cccc(C#N)c2)CC1,5.356547323513812
COc1ccccc1N1CCN(CCNC(=O)c2cnn3ccccc23)CC1,6.443697499232712
COc1ccccc1N1CCN(CCCCNC(=O)c2cc3ccccc3o2)CC1,8.955721626604287
N#Cc1ccc2c(c1)C1CN(Cc3ccccc3)CC1CC2,8.199970640755867
N#Cc1ccc2c(c1)OCC1CN(Cc3ccccc3)CC21,7.599980364934842
c1ccc(CN2CC3COc4ccccc4C3C2)cc1,6.900008766455316
COc1ccccc1N1CCN(CCCCNC(=O)/C=C/c2ccc(Oc3ccccc3)cc2)CC1,7.995678626217358
COc1ccccc1N1CCN(CCCCNC(=O)/C=C/c2cccc(I)c2)CC1,8.920818753952375
COc1ccccc1N1CCN(CCCCNC(=O)/C=C/c2ccc(C(F)(F)F)cc2)CC1,8.669586226650809
COc1ccccc1/C=C/C(=O)NCCCCN1CCN(c2ccccc2OC)CC1,9.2518119729938
Fc1ccc2c(c1)C1CN(Cc3ccccc3)CC1CO2,8.100015437450608
CS(=O)(=O)Nc1ccc(CCN2CC3COc4ccc(C#N)cc4C3C2)cc1,8.79997073344623
COc1ccccc1N1CCN(CCCCNC(=O)/C=C/c2cccc3c2OCO3)CC1,9.259637310505756
CCCN1CC2COc3ccc(C#N)cc3C2C1,7.79997073344623
COc1ccccc1N1CCN(CCCCNC(=O)c2sc3ccccc3c2Cl)CC1,8.173925197299173
COc1ccccc1N1CCN(CCCCNC(=O)/C=C/c2ccc(F)cc2)CC1,9.288192770958808
COc1ccccc1N1CCN(CCCCNC(=O)/C=C/c2ccc3c(c2)OCO3)CC1,9.0
COc1ccccc1N1CCN(CCCCN2C(=O)c3cc4ccccc4cc3C2=O)CC1,7.632644078973981
COc1ccc2c(c1)C1CN(Cc3ccccc3)CC1CO2,7.100015437450609
COc1ccccc1N1CCN(CCCCNC(=O)c2ccc(I)cc2)CC1,8.4089353929735
COc1ccccc1N1CCN(CCCCNC(=O)/C=C/c2ccsc2)CC1,9.193820026016112
CCCN(CCC)C1CCC(=C(C#N)C#N)CC1,5.795880017344075
COc1ccccc1N1CCN(CCCCNC(=O)/C=C/c2ccc(OCc3ccccc3)cc2)CC1,7.709965388637482
COc1ccccc1N1CCN(CCCCNC(=O)/C=C/c2ccc(/C=C/C(=O)NCCCCN3CCN(c4ccccc4OC)CC3)cc2)CC1,8.443697499232712
COc1ccccc1N1CCN(CCCCNC(=O)c2ccc(C(C)(C)C)cc2)CC1,8.097453220686008
COc1ccccc1N1CCN(CCCCNC(=O)/C=C/c2ccccc2I)CC1,9.1249387366083
COc1ccccc1N1CCN(CCCCNC(=O)/C=C/c2ccc3ccccc3c2)CC1,9.167491087293763
CC(=O)c1ccc(C(=O)Nc2ccc(CCN3CC4COc5ccc(C#N)cc5C4C3)cc2)cc1,9.100015437450608
CCCN(CCC)C1CC=C(C#Cc2ccccc2)CC1,5.455931955649724
COc1ccccc1N1CCN(Cc2ccccc2CNC(=O)/C=C/c2ccccc2)CC1,6.488116639021126
C#CC(C#C)=C1CCC(N(CCC)CCC)CC1,5.356547323513812
COc1ccccc1N1CCN(CCCNC(=O)c2ccc(I)cc2)CC1,6.402304814074488
CCS(=O)(=O)c1ccc(OC)c(-c2ccc(CN3CCc4ccccc4C3)[nH]2)c1,7.50003813440381
CCS(=O)(=O)c1ccc(OC)c(-c2ccc(CN3CCCCCC3c3ccc(OC)cc3)[nH]2)c1,8.79997073344623
CCN(Cc1ccccc1)Cc1ccc(-c2cc(S(=O)(=O)CC)ccc2OC)[nH]1,9.500038134403807
CCS(=O)(=O)c1ccc(OC)c(-c2ccc(CN3CCCCCC3c3ccccc3C)[nH]2)c1,7.0
CCS(=O)(=O)c1ccc(OC)c(-c2ccc(CN3CCCCCC3c3cccc(OC)c3)[nH]2)c1,7.299988937677887
CCN(Cc1cccc(Cl)c1)Cc1ccc(-c2cc(S(=O)(=O)CC)ccc2OC)[nH]1,8.599980364934842
CCN(Cc1ccc(OC)cc1)Cc1ccc(-c2cc(S(=O)(=O)CC)ccc2OC)[nH]1,9.599980364934842
CCN(Cc1ccc(OC)c(OC)c1)Cc1ccc(-c2cc(S(=O)(=O)CC)ccc2OC)[nH]1,7.899974269892137
CCN(CC)C(=O)[C@@H]1C=C2c3cccc4[nH]cc(c34)C[C@H]2N(C)C1,7.568636235841013
CCN(Cc1ccc(C)cc1)Cc1ccc(-c2cc(S(=O)(=O)CC)ccc2OC)[nH]1,9.700057099977233
CCS(=O)(=O)c1ccc(OC)c(-c2ccc(C3CCCN3Cc3ccccc3)[nH]2)c1,8.0
CCN(Cc1ccc(-c2cc(S(=O)(=O)CC)ccc2OC)[nH]1)C1CCc2ccccc21,9.100015437450608
CCN(Cc1ccc(-c2cc(S(=O)(=O)CC)ccc2OC)[nH]1)Cc1ccccc1OC,8.0
N#Cc1cc(CN2CCN(c3ccccc3)CC2)c[nH]1,6.142667503568732
Cc1c(-c2ccc(F)cc2)nc(O)n1C1CCN(Cc2ccccc2)CC1,6.031517051446065
CCCN(CCC)CC1CCc2ccsc2C1,7.221848749616356
CCCN(CCc1ccsc1)CCc1cccs1,6.931814138253839
Oc1ccc2c(c1)C1OCCN(CCc3ccccc3)C1CC2,5.805208242278075
c1ccc(N2CCN(Cc3ccc[nH]3)CC2)cc1,6.2441251443275085
CCCN(CCc1ccsc1)CCc1ccsc1,6.966576244513051
CCCN1CC(c2ccccc2)OC2c3cc(O)ccc3CCC21,7.920818753952375
Cc1c(-c2cccc(Cl)c2)nc(O)n1C1CCN(Cc2ccccc2)CC1,6.6020599913279625
Cc1c(-c2ccccc2)n(C)c(=O)n1C1CCN(Cc2ccccc2)CC1,6.853871964321762
c1cc2c(s1)CCC1NCCOC21,5.522878745280337
Cc1c(-c2ccccn2)nc(O)n1C1CCN(Cc2ccccc2)CC1,5.920818753952375
Cc1cccc(CN2CCC(n3c(O)nc(-c4ccccc4)c3C)CC2)c1,6.494850021680094
CCCN(CCc1cccs1)[C@H]1CCc2c(O)cccc2C1,8.39848321634999
Cc1nc(O)n(C2CCN(Cc3ccccc3)CC2)c1-c1ccccc1,5.443697499232712
CCc1c(-c2ccccc2)nc(O)n1C1CCN(Cc2ccccc2)CC1,6.886056647693163
CCCN(CCC)C1CCc2sccc2C1,7.397940008672037
Cc1c(-c2cccs2)nc(O)n1C1CCN(Cc2ccccc2)CC1,7.42021640338319
Cc1c(-c2ccccc2)nc(O)n1C1CCN(CC2CCCCC2)CC1,5.958607314841775
Cc1c(-c2ccc(Cl)cc2)nc(O)n1C1CCN(Cc2ccccc2)CC1,6.42021640338319
COc1ccc(-c2nc(O)n(C3CCN(Cc4ccccc4)CC3)c2C)cc1,6.443697499232712
O=C(Nc1nccc2ccccc12)NC1CCN(Cc2ccccc2)CC1,5.698970004336019
Cc1c(-c2ccccc2)nc(O)n1C1CCN(Cc2ccccc2)CC1,6.619788758288394
CCCN(CCC)C1CCc2ccsc2C1,7.552841968657781
CCCN1CCOC2c3ccsc3CCC21,6.619788758288394
Cc1c(-c2ccccc2)n(-c2ccccc2)c(=O)n1C1CCN(Cc2ccccc2)CC1,7.823908740944319
Oc1ccc2c(c1)C1OCCN(CCc3cccs3)C1CC2,7.080921907623926
Cc1c(-c2ccccc2Cl)nc(O)n1C1CCN(Cc2ccccc2)CC1,6.657577319177793
CCCN(CCC)[C@@H]1Cc2cccc(O)c2C[C@H]1C,9.267606240177033
Cc1ccc(-c2nc(O)n(C3CCN(Cc4ccccc4)CC3)c2C)cc1,6.657577319177793
Cc1c(-c2ccccc2)nc(O)n1C1CCN(Cc2ccc(Cl)cc2)CC1,6.7447274948966935
CCc1cc(Cl)c(OC)c(C(=O)NC[C@@H]2CCCN2CC)c1O,9.870739889609055
O=c1ccc2ccc(CNCCNc3ccccc3)cc2o1,6.372634143407267
CCCN(CCC)CCC(O)c1cc2c(c3ccccc13)CCCC2,5.90031935889075
CCC(=O)OC1(c2ccccc2)CCN(CCC(=O)c2ccccc2)CC1C,5.0
CC1CCN(CC[C@H]2CCCN2S(=O)(=O)c2cccc(O)c2)CC1,5.59999938302362
OC(CCCN1CCN2CCc3[nH]c4ccccc4c3C2C1)c1ccc(F)cc1,5.617622696531886
O=C(CCCN1CCN2Cc3[nH]c4ccccc4c3CC2C1)c1ccc(F)cc1,7.958607314841775
CCOc1ccc(NC(=O)C2CCCN(CCc3ccccc3)C2)cc1,5.0
c1ccc2c3c([nH]c2c1)CCN1CCN(CCc2ccncc2)CC31,5.0
CCCCCN1CCN(C(CC(=O)c2ccccc2)C(=O)c2ccccc2)CC1,5.0
O=C(OC1(c2nccc3ccccc23)CCN(CCc2ccccc2)CC1)c1ccccc1,6.0
CCOc1ccccc1OCCN[C@H](C)Cc1ccc(OC)c(S(N)(=O)=O)c1,9.55284196865778
CCCCN(CCCC)Cc1c(C)nc2cc(OC)ccc2c1O,5.0
Cc1cccc(S(=O)(=O)N2CCC[C@@H]2CCN2CCC(C)CC2)c1,5.899998417198648
O=C(CCCCN1CCN2c3ccccc3CCC2C1)c1ccccc1,6.527243550682788
CCCCN(CC)CC(C(C)=O)C1=C(O)OC2C=CC=CC2C1=O,5.0
CC1CCN(CC[C@H]2CCCCN2S(=O)(=O)c2cccc3ccccc23)CC1,6.0
CCCCN1C/C(=C\c2ccc(Br)cc2)C(=O)/C(=C/c2ccc(Br)cc2)C1,6.0
CC(C)Oc1ccccc1N1CCN(C[C@@H](O)CNC(=O)c2ccc3c(c2)C(=O)N(c2ccc(N(C)C)cc2)C3=O)CC1,7.207608310501746
CC1CCN(CC[C@H]2CCCN2S(=O)(=O)c2ccc(Cl)c(Cl)c2)CC1,6.0
CCCCCCCN1CCC(C(=O)CC)(c2cccc(O)c2)CC1,5.582528306796707
O=C(CCN1CCN2c3ccccc3CCC2C1)c1ccc(F)cc1,6.332547047110047
CCn1c2ccccc2c2cc(NCCCN(C)C)ccc21,5.0
N#CCCN(CCCN1CCOCC1)CN1C(=O)c2ccccc2C1=O,5.0
CCCCN1CSC(=S)N(Cc2ccccc2)C1,5.0
CN1CCN(Cc2cnn3ccccc23)CC1,4.468521082957745
CC(=O)c1ccc(-c2ccc(C(=O)NCCCCN3CCc4ccc(OS(=O)(=O)C(F)(F)F)cc4C3)cc2)cc1,8.599980364934842
COc1ccccc1N1CCN(CCCCNC(=O)c2ccc(-c3ccc(N)cc3)cc2)CC1,9.700057099977233
O=C(/C=C/c1ccc2ccccc2c1)NCCCCN1CCc2ccc(OS(=O)(=O)C(F)(F)F)cc2C1,8.299988937677888
O=C(/C=C/c1cnc2ccccc2c1)NCCCCN1CCc2ccc(OS(=O)(=O)C(F)(F)F)cc2C1,8.400007822415901
O=C(NCCCCN1CCc2ccccc2C1)c1ccc(-c2ccccc2)cc1,7.599980364934842
O=C(NCCCCN1CCc2ccc(OS(=O)(=O)C(F)(F)F)cc2C1)c1cccc(-c2ccccc2)c1,6.900008766455316
Ic1ccc(N2CCN(Cc3cnn4ccccc34)CC2)cc1,5.173925197299174
CCCN(CCCCNC(=O)c1ccc(-c2ccccc2)cc1)C1CCc2c(cccc2OS(=O)(=O)C(F)(F)F)C1,8.79997073344623
Clc1cccc(N2CCN(Cc3cnn4ccccc34)CC2)c1,6.251811972993799
Oc1ccccc1OCCNCc1ccccc1,6.550521600812635
CS(=O)(=O)Nc1cccc(OCCNCc2ccccc2)c1,7.371611069949688
CN(C)c1ccc(/C=C/C(=O)NCCCCN2CCc3ccc(OS(=O)(=O)C(F)(F)F)cc3C2)cc1,8.400007822415901
O=C(c1cnn2ccccc12)N1CCN(c2ccc(Cl)cc2)CC1,4.214670164989233
COc1ccccc1N1CCN(CCCCNC(=O)c2ccc(Br)cc2)CC1,9.299988937677888
O=C(/C=C/c1ccc2ccccc2n1)NCCCCN1CCc2ccc(OS(=O)(=O)C(F)(F)F)cc2C1,8.400007822415901
O=C(/C=C/c1ccc2ncccc2c1)NCCCCN1CCc2ccc(OS(=O)(=O)C(F)(F)F)cc2C1,8.500038134403809
Clc1ccc(N2CCN(Cc3cnn4ccc5ccccc5c34)CC2)cc1,5.2839966563652006
CC(=O)c1ccc(/C=C/C(=O)NCCCCN2CCc3ccc(OS(=O)(=O)C(F)(F)F)cc3C2)cc1,8.400007822415901
CC(=O)c1cccc(/C=C/C(=O)NCCCCN2CCc3ccc(OS(=O)(=O)C(F)(F)F)cc3C2)c1,8.400007822415901
CNC(=O)c1ccc(-c2ccc(C(=O)NCCCCN3CCc4ccc(OS(=O)(=O)C(F)(F)F)cc4C3)cc2)cc1,8.599980364934842
CNC(=O)c1cccc(-c2ccc(C(=O)NCCCCN3CCc4ccc(OS(=O)(=O)C(F)(F)F)cc4C3)cc2)c1,8.700057099977233
Clc1ccc(N2CCN(Cc3cnc4ccccn34)CC2)cc1,5.275724130399211
Clc1ccccc1N1CCN(Cc2cnn3ccccc23)CC1,6.638272163982407
c1ccn2ncc(CN3CCN(C4CCCCC4)CC3)c2c1,5.259637310505756
CS(=O)(=O)Nc1cc(OCCNCc2cccs2)ccc1Cl,7.555955204081924
O=C(NCCCCN1CCc2ccc(OS(=O)(=O)C(F)(F)F)cc2C1)c1ccc(-c2ccccc2)cc1,8.100015437450608
O=C(/C=C/c1ccc(Cl)c(Cl)c1)N[C@H]1CC[C@@H](CN2[C@H]3CC[C@@H]2C[C@@H](c2c[nH]c4ccc(O)cc24)C3)CC1,5.59999938302362
O=C(/C=C/c1ccc2nc(O)ccc2c1)NCCCCN1CCc2ccc(OS(=O)(=O)C(F)(F)F)cc2C1,8.599980364934842
Clc1ccc(N2CCN(Cc3cnn4c3ccc3ccccc34)CC2)cc1,4.6777807052660805
CS(=O)(=O)Nc1cc(OCCNCc2ccccc2)ccc1Cl,7.958607314841775
COc1ccccc1N1CCN(CCCCNC(=O)c2ccc(-c3ccc(C(C)=O)cc3)cc2)CC1,9.500038134403807
CCCN(CCCCNC(=O)c1ccc(-c2ccccc2)cc1)C1CCc2c(Cl)cccc2C1,8.79997073344623
Clc1ccc(N2CCN(Cc3cnn4c3CCCC4)CC2)cc1,5.958607314841775
O=C(/C=C/c1c[nH]c2ccccc12)NCCCCN1CCc2ccc(OS(=O)(=O)C(F)(F)F)cc2C1,8.400007822415901
c1ccc(N2CCN(Cc3cnn4ccccc34)CC2)cc1,5.795880017344075
COc1ccccc1N1CCN(CCCCNC(=O)c2ccc(-c3ccc(S(C)(=O)=O)cc3)cc2)CC1,9.500038134403807
Cn1c(=O)ccc2cc(/C=C/C(=O)NCCCCN3CCc4ccc(OS(=O)(=O)C(F)(F)F)cc4C3)ccc21,8.0
Clc1ccc(N2CCN(Cc3cnc4ncccn34)CC2)cc1,5.180456064458132
O=C(CCCN1CCN(c2ccccn2)CC1)c1ccc(F)cc1,7.275724130399211
CCCN1CCc2nn3ccccc3c2C1,7.795880017344075
c1ccc(C2CCN(Cc3c[nH]c4ccccc34)CC2)cc1,7.022276394711152
c1ccc(N2CCN(Cc3c[nH]c4ccccc34)CC2)cc1,6.552841968657781
CCCN(CCC)[C@H]1CCc2nn3ccccc3c2C1,9.267606240177033
CC1CCN(Cc2c[nH]c3ccccc23)CC1,5.173925197299174
CCN1CCCC1CNC(=O)c1cc(S(=O)(=O)CC)ccc1OC,8.199970640755867
CCS(=O)(=O)c1ccc(OC)c(-c2ccc(CN3CCCCC3)[nH]2)c1,7.599980364934842
Clc1ccc(CN2CCC(c3cc(-c4ccc(Cl)cc4)[nH]n3)CC2)cc1,6.086186147616283
CCS(=O)(=O)c1ccc(OC)c(-c2ccc(CN3CCCC3)[nH]2)c1,7.199970640755866
CCN1CCCCC1c1ccc(-c2cc(S(=O)(=O)CC)ccc2OC)[nH]1,8.700057099977233
COc1c(C(=O)N[C@@H]2CCN(Cc3ccccc3)C2)cc(I)c2ccccc12,7.474955192963154
CCS(=O)(=O)c1ccc(OC)c(-c2ccc(CN3CCCC3c3ccccc3)[nH]2)c1,9.0
Fc1ccc2[nH]c(CN3CCN(c4ccccn4)CC3)cc2c1,6.251811972993799
C#Cc1cc(C(=O)N[C@@H]2CCN(Cc3ccccc3)C2)c(OC)c2ccccc12,7.0835460514500745
CCS(=O)(=O)c1ccc(OC)c(-c2ccc(CN3CCCCCCC3c3ccccc3)[nH]2)c1,7.700057099977233
CCS(=O)(=O)c1ccc(OC)c(-c2ccc(CN3CCOCC3)[nH]2)c1,6.0999990348465305
CCS(=O)(=O)c1ccc(OC)c(-c2ccc(C(C)N3CCCCCC3)[nH]2)c1,7.700057099977233
CCN1CCCC1c1ccc(-c2cc(S(=O)(=O)CC)ccc2OC)[nH]1,8.299988937677888
CCS(=O)(=O)c1ccc(OC)c(-c2ccc(C(C)N3CCCCC3)[nH]2)c1,8.0
CCN(CC)Cc1ccc(-c2cc(S(=O)(=O)CC)ccc2OC)[nH]1,7.400007822415902
CCCN1CCOC2c3cc(O)ccc3[S+](O)CC21,7.5376020021010435
CCS(=O)(=O)c1ccc(OC)c(-c2ccc(CN3CCCCCC3)[nH]2)c1,7.79997073344623
Clc1ccc(CN2CCC(c3cc(-c4ccc(Cl)cc4)no3)CC2)cc1,7.094204119632131
C(=C/Cn1c(-c2ccc(OCCCN3CCN(c4ccccc4)CC3)cc2)nc2ccccc21)\Cn1c(-c2ccc(OCCCN3CCN(c4ccccc4)CC3)cc2)nc2ccccc21,6.560667306169737
CCCNC1CCc2c(cccc2OC)C1,6.866461091629782
CCCN(CCc1cccs1)C1CCc2c(cccc2OC2CCCC2)C1,6.675717544702307
CCOc1c(C(=O)NCCN2CCN(c3ccccc3OC)CC2)cc(Br)c2ccccc12,7.100015437450609
CCNC1CCc2c(cccc2OC)C1,6.300162274132754
CCN(CC)CCCOc1ccc(-c2nc3ccccc3n2CCCCCCn2c(-c3ccc(OCCCN(CC)CC)cc3)nc3ccccc32)cc1,6.882728704344236
CCN(CC)CCCOc1ccc(-c2nc3ccccc3n2C/C=C/Cn2c(-c3ccc(OC)cc3)nc3ccccc32)cc1,7.585026652029182
COc1c(C(=O)NCCN2CCN(c3ccccc3C#N)CC2)cc(Br)c2ccccc12,7.299988937677887
c1ccc(C2=N[C@@H](CN3CCN(c4ccccc4)CC3)CS2)cc1,5.920818753952375
CCc1cc(Cl)c(O)c(C(=O)NCCN2CCN(c3ccccc3)CC2)c1OC,5.800000874803203
COc1c(C(=O)NCCN2CCN(c3cccc(Cl)c3C)CC2)cc(Br)c2ccccc12,7.299988937677887
CCN(CC)CCCOc1ccc(-c2nc3ccccc3n2C/C=C/Cn2c(-c3ccc(OCCCN4CCN(c5ccccc5)CC4)cc3)nc3ccccc32)cc1,7.721246399047171
COc1c(C(=O)NCCN2CCN(c3ccc(Cl)c(Cl)c3)CC2)cc(Br)c2ccccc12,6.699991797446187
CCCN(C)C1CCc2ccc(O)cc2C1,9.130768280269024
COc1c(Cl)cc(Cl)c(O)c1C(=O)NCCN1CCN(c2ccccc2)CC1,6.0
COc1c(C(=O)NCCN2CCN(c3cccc(Cl)c3Cl)CC2)cc(Cl)c2ccccc12,7.400007822415902
CCN(CC)CCCOc1ccc(-c2nc3ccccc3n2C/C=C/Cn2c(-c3ccccc3)nc3ccccc32)cc1,6.876148359032914
CCCCN(CCCC)CCCOc1ccc(-c2nc3ccccc3n2C/C=C/Cn2c(-c3ccc(OCCCN(CCCC)CCCC)cc3)nc3ccccc32)cc1,8.096910013008056
CCCNC1CCc2c(O)cccc2C1,9.1249387366083
CCOc1c(C(=O)NCCN2CCN(c3ccccn3)CC2)cc(Br)c2ccccc12,7.100015437450609
CCN(CC)CCCOc1ccc(-c2nc3ccccc3n2C/C=C/Cn2c(C)nc3ccccc32)cc1,5.920456992597094
CCCNC1CCc2ccc(O)cc2C1,9.18045606445813
COc1cccc2c1CCC(N)C2,6.165579296318468
C(=C/Cn1c(-c2ccc(OCCCN3CCCC3)cc2)nc2ccccc21)\Cn1c(-c2ccc(OCCCN3CCCC3)cc2)nc2ccccc21,8.045757490560675
CCOc1c(C(=O)NCCN2CCN(c3cccc(C(F)(F)F)c3)CC2)cc(Br)c2ccccc12,6.900008766455316
COc1cccc2c1CCC(N(C)C)C2,6.442492798094342
COc1c(C(=O)NCCN2CCN(c3ccc(F)cc3F)CC2)cc(Br)c2ccccc12,6.699991797446187
C(=C/Cn1c(-c2ccc(OCCCN3CCCCC3)cc2)nc2ccccc21)\Cn1c(-c2ccc(OCCCN3CCCCC3)cc2)nc2ccccc21,8.0
COc1c(C(=O)NCCN2CCN(c3ccccn3)CC2)cc(Br)c2ccccc12,7.100015437450609
COc1ccc2c(c1)CC(N)CC2,5.653647025549361
COc1c(Cl)cc(Cl)c(O)c1C(=O)NCCN1CCN(c2cccc(Cl)c2Cl)CC1,6.299997602857746
CCN(CC)C1CCc2c(cccc2OC)C1,6.0670191780768015
CCCN(CCC)CCCOc1ccc(-c2nc3ccccc3n2C/C=C/Cn2c(-c3ccc(OCCCN(CCC)CCC)cc3)nc3ccccc32)cc1,8.301029995663981
CCN(CC)CCCOc1ccc(-c2nc3ccccc3n2C/C=C/Cn2c(-c3ccc(OCCCC4CCCCC4)cc3)nc3ccccc32)cc1,7.4089353929735005
COc1c(C(=O)NCCN2CCN(c3ccc(Cl)cc3Cl)CC2)cc(Br)c2ccccc12,7.0
CCCCNC1CCc2c(cccc2OC)C1,6.219682687859849
CCCN(CCC)[C@@H]1CCc2c(OS(=O)(=O)C(F)(F)F)cccc2[C@@H]1C,7.397940008672037
Cc1nn2c(C#N)cccc2c1CN1CCN(c2ccc(Cl)cc2)CC1,4.6777807052660805
COc1ccc2c3c(c(=O)oc2c1)CN(CCc1ccccc1)CC3,6.228412519118745
Cc1nn2c(-c3ccc(F)cc3)cccc2c1CN1CCN(c2ccc(Cl)cc2)CC1,5.42021640338319
Oc1ccc2c(c1)CC(NC/C=C/I)CC2,7.519993057042849
CCCN(C/C=C/I)C1CCc2cc(O)ccc2C1,8.657577319177793
Cc1ccc2c3c(c(=O)oc2c1)CN(Cc1ccccc1)CC3,6.471083299722345
Clc1ccc(-c2cc(C3CCCN(Cc4ccccc4)C3)[nH]n2)cc1,6.619788758288394
CC1(c2cc(-c3ccc(Cl)cc3)[nH]n2)CCN(Cc2ccccc2)CC1,5.886056647693163
Cc1c(C2CCN(Cc3ccccc3)CC2)n[nH]c1-c1ccc(Cl)cc1,6.366531544420414
CCCN(C/C=C/I)C1COc2ccc(O)cc2C1,7.503070351926785
Cc1c(-c2ccccc2)n[nH]c1C1=CCN(CCc2ccccc2)CC1,6.080921907623926
Nc1nc(-c2ccc(Cl)cc2)cc(C2CCN(Cc3ccccc3)CC2)n1,6.853871964321762
O=c1oc2cc(O)ccc2c2c1CN(Cc1ccc(Cl)cc1)CC2,6.498940737782249
CCCN(C/C=C/I)C1COc2c(O)cccc2C1,8.174573882232178
COc1ccc2c3c(c(=O)oc2c1)CN(Cc1ccc(C)cc1)CC3,6.308918507877031
CCc1c(C2CCN(Cc3ccccc3)CC2)n[nH]c1-c1ccc(Cl)cc1,7.337242168318426
COc1ccc2c3c(c(=O)oc2c1)CN(Cc1ccc(F)cc1)CC3,6.261219441515631
Clc1ccc(-c2cc(C3CCN(CC4CCCCC4)CC3)[nH]n2)cc1,6.142667503568732
c1ccc(CCN2CCC3(CCc4c3n[nH]c4-c3ccccc3)CC2)cc1,6.221848749616356
Cc1c(-c2ccc(Cl)cc2)nc(N)nc1C1CCN(CCc2ccccc2)CC1,5.958607314841775
N#Cc1cccc2c(CN3CCN(c4ccc(Cl)cc4)CC3)cnn12,4.585026652029182
CCCN(C/C=C/I)C1CCc2ccc(O)cc2C1,8.732828271596986
Cc1cccc(S(=O)(=O)N(C)[C@H](C)CCN2CCC(C)CC2)c1,5.40000018605658
COc1ccc2c3c(c(=O)oc2c1)CN(Cc1cccc(Cl)c1)CC3,5.580044251510242
C#Cc1cccc2c(CN3CCN(c4ccc(Cl)cc4)CC3)c(C)nn12,4.769551078621726
Cc1cc(C2CCN(Cc3ccccc3)CC2)[nH]n1,5.468521082957745
c1ccc(CCN2CCC(c3cc(-c4ccccn4)[nH]n3)CC2)cc1,5.443697499232712
CC1(C(=O)/C=C(\O)c2ccc(Cl)cc2)CCN(Cc2ccccc2)CC1,6.292429823902063
COc1ccc2c3c(c(=O)oc2c1)CN(Cc1ccc(Cl)cc1)CC3,5.555955204081924
Clc1ccc(-c2cc(C3CCN(CCCc4ccccc4)CC3)[nH]n2)cc1,6.060480747381382
Cc1ccc2c3c(c(=O)oc2c1)CN(Cc1ccc(F)cc1)CC3,5.655607726314889
Clc1ccc(-c2cc(C3CCCCN3Cc3ccccc3)[nH]n2)cc1,5.7447274948966935
Clc1ccc(-c2cc(C3CCN(Cc4ccccc4)C3)[nH]n2)cc1,6.036212172654444
Clc1ccc(-c2cc(C3CCN(Cc4cccc(Cl)c4)CC3)[nH]n2)cc1,5.366531544420414
c1ccc(CCN2CCC(c3cc(C4CCCCC4)n[nH]3)CC2)cc1,5.920818753952375
COc1ccc2c3c(c(=O)oc2c1OC)CN(Cc1ccccc1)CC3,5.886056647693163
c1ccc(CCN2CCN(c3cc(-c4ccccc4)[nH]n3)CC2)cc1,5.920818753952375
O=Cc1cccc2c(CN3CCN(c4ccc(Cl)cc4)CC3)cnn12,5.229147988357856
Cc1cccn2ncc(CN3CCN(c4ccc(Cl)cc4)CC3)c12,5.026872146400302
Clc1ccc(-c2cc(C3CCN(Cc4ccccc4Cl)CC3)[nH]n2)cc1,5.886056647693163
Fc1ccc(-c2cccc3c(CN4CCN(c5ccc(Cl)cc5)CC4)cnn23)cc1,5.2441251443275085
CCCN(CCC)C1CCc2ncccc2C1,8.303643611266669
CCCN(CCC)C1CCc2nc(N)sc2C1,8.721246399047171
CCCN(CCC)C1CCc2cc(OC)ccc2C1,6.436518914605589
c1ccc(-c2nc(CN3CCN(c4ccccn4)CC3)c[nH]2)cc1,5.815308569182402
Cc1[nH]c(-c2ccccc2)nc1CN1CCN(c2ncccn2)CC1,5.525783735923745
CCCN(CCC)C1CCc2nc(N)ccc2C1,9.060480747381382
N#CC(C#N)=Cc1cc(CN2CCN(c3ccc(Cl)cc3)CC2)c[nH]1,5.158015195409886
N#CC(C#N)=Cc1cc(CN2CCN(c3ccccc3)CC2)c[nH]1,5.628932137728264
CCCN(CCCCNC(=O)c1ccc(-c2ccccc2)cc1)C1CCc2c(cccc2OS(C)(=O)=O)C1,8.899974269892137
CCCN(CCCCNC(=O)c1ccc(-c2ccccc2)cc1)C1CCc2c(O)cccc2C1,9.69951321201397
CCCN(CCCCNC(=O)c1ccc(-c2ccccc2)cc1)C1CCc2c(C#N)cccc2C1,9.299988937677888
N#CC(C#N)=Cc1[nH]ccc1CN1CCN(c2ccccc2)CC1,5.158015195409886
FC(F)(F)c1nc2c3c(ccc2[nH]1)CCC(CNCc1ccccc1)O3,6.580044251510242
CN(CCCCNC(=O)c1ccc(-c2ccccc2)cc1)C1CCc2c(O)cccc2C1,8.599980364934842
CCCN(CCCCNC(=O)c1ccc(-c2ccccc2)cc1)C1CCc2c(cccc2OCC2CC2)C1,8.599980364934842
O=C1Cc2c(ccc3c2O[C@@H](CNCc2ccccc2)CC3)N1,8.619788758288394
CCCN(CCCCNC(=O)c1ccc(-c2ccccc2)cc1)C1CCc2c(cccc2OC)C1,9.100015437450608
COc1cccc2c1CCC(N(C)CCCCNC(=O)c1ccc(-c3ccccc3)cc1)C2,7.899974269892137
CCCN(CCCCNC(=O)c1ccc(-c2ccccc2)cc1)C1CCc2c(Br)cccc2C1,8.899974269892137
CCCN(CCCCNC(=O)c1ccc(-c2ccccc2)cc1)C1CCc2ccccc2C1,8.79997073344623
N#Cc1ccc2c(c1)CCN(CC[C@H]1CC[C@H](NC(=O)c3cc4ccccc4[nH]3)CC1)CC2,7.79997073344623
CCCN(CCC)C1Cc2ccc3nc(N)sc3c2C1,7.958607314841775
CN(C)CCc1cccc2c1ccn2S(=O)(=O)c1ccccc1,6.522878745280337
CC(=O)Nc1cccc(/C=C/C(=O)N[C@H]2CC[C@H](CCN3CCc4ccc(C#N)cc4CC3)CC2)c1F,8.400007822415901
N#Cc1ccc2c(c1)CCN(CC[C@H]1CC[C@H](NC(=O)/C=C/c3ccc(F)cc3)CC1)CC2,8.199970640755867
COc1ccc2c(c1)c(CCN(C)C)cn2S(=O)(=O)c1ccccc1,7.096910013008056
N#Cc1ccc2c(c1)CCN(CC[C@H]1CC[C@H](NC(=O)c3ccc4c(c3)NC(=O)CO4)CC1)CC2,8.199970640755867
N#Cc1ccc2c(c1)CCN(CC[C@H]1CC[C@H](NC(=O)/C=C/c3cccc(F)c3)CC1)CC2,8.199970640755867
N#Cc1ccc2c(c1)CCN(CC[C@H]1CC[C@H](NC(=O)c3ccnc4ccccc34)CC1)CC2,7.599980364934842
CC(=O)c1cccc(/C=C/C(=O)N[C@H]2CC[C@H](CCN3CCc4ccc(C#N)cc4CC3)CC2)c1,8.400007822415901
CN(C)CCc1cccc2c1cc(C(=O)c1ccccc1)n2S(=O)(=O)c1ccccc1,7.180456064458132
CCCN(CCC)C1Cc2cc3nc(N)sc3cc2C1,8.853871964321762
N#Cc1ccc2c(c1)CCN(CC[C@H]1CC[C@H](NC(=O)c3ccc4ccccc4c3)CC1)CC2,7.700057099977233
Cc1ccc(S(=O)(=O)n2cc3c4c(cccc42)[C@H](O)[C@@H](N(C)C)C3)cc1,5.431798275933005
COc1cccc(/C=C/C(=O)N[C@H]2CC[C@H](CCN3CCc4ccc(C#N)cc4CC3)CC2)c1,8.500038134403809
CCCN(CCC)C1COc2c(ccc3sc(N)nc23)C1,5.853871964321762
N#Cc1ccc2c(c1)CCN(CC[C@H]1CC[C@H](NC(=O)c3ccc4ccc(O)nc4c3)CC1)CC2,8.0
CCCN(CCC)[C@@H]1CCn2ccc(C=O)c2C1,6.29619722958949
CCCN(CCC)[C@@H]1CCn2c(C=O)ccc2C1,5.742357417877654
CCCN(CCC)[C@@H]1CCn2ccc(CO)c2C1,6.48572459684287
COc1ccc(S(=O)(=O)N2CCc3ccc(I)cc32)cc1N1CCNCC1,6.0
CCCN(CCCCNC(=O)c1ccc(-c2ccccc2)cc1)C1CCc2ncnc(OC)c2C1,8.500038134403809
CCCN(CCCCNC(=O)c1ccc(-c2ccccc2)cc1)C1CCc2nc(SC)ncc2C1,7.79997073344623
CCCNC1CCc2nc(N)sc2C1,8.0
CCCN(CCCCNC(=O)c1ccc(-c2ccccc2)cc1)C1CCc2nc(N)sc2C1,9.299988937677888
CCCN(CCCCNC(=O)c1ccc(-c2ccccc2)cc1)C1CCc2ncncc2C1,6.900008766455316
CN(CCCCNC(=O)c1ccc(-c2ccccc2)cc1)C1CCc2nc(N)ncc2C1,8.0
CCCN1CCO[C@@H]2c3cc4c(cc3CC[C@H]21)CCO4,8.0
CCCN1CCC[C@@H]2c3cc4c(cc3CC[C@H]21)CCO4,7.599980364934842
c1c[nH]c2nc(CN3CCc4ccccc4C3)cc-2c1,5.958607314841775
c1c2c(cc3c1CC[C@H]1NCCO[C@H]31)OCC2,6.699991797446187
c1ccc(CCC2CCN(Cc3cc4ccc[nH]c-4n3)CC2)cc1,6.6020599913279625
COc1ccc(N2CCN(CCc3c[nH]c4ncccc34)CC2)cc1,6.275724130399211
Clc1ccc(N2CCN(CCc3cc4ccc[nH]c-4n3)CC2)cc1,7.301029995663981
CCCN(CCC)C1CCc2cccc(OS(=O)(=O)C(F)(F)F)c2C1,6.563837352959244
CCCNC1CCc2cccc(OS(=O)(=O)C(F)(F)F)c2C1,6.1605219526258015
C1=C(/C=C/c2ccccc2)CCN(CCc2cc3ccc[nH]c-3n2)C1,7.602059991327962
c1c2c(cc3c1CC[C@@H]1[C@@H]3OCCN1CC1CC1)OCC2,7.199970640755866
c1ccc(CCC2CCN(Cc3c[nH]c4ncccc34)CC2)cc1,5.886056647693163
O=C(CCCN1C2CCC1CC(O)(c1ccc(Cl)cc1)C2)c1ccc(F)cc1,8.536906191062364
Cn1cnc(-c2ccc3c(c2)c(C2CCN(CCN4CCNC4=O)CC2)cn3-c2ccc(F)cc2)n1,5.537602002101044
O=C1OCCN1CCN1CCC(c2cn(-c3ccc(F)cc3)c3ccc(-c4ncccn4)cc23)CC1,5.552841968657781
N#CCCN1CCC(c2cn(-c3ccc(F)cc3)c3ccc(-c4ncccn4)cc23)CC1,6.167491087293763
Cn1cnc(-c2ccc3c(c2)c(C2CCN(CCn4c(=O)[nH]c5ccccc5c4=O)CC2)cn3-c2ccc(F)cc2)n1,6.229147988357855
COc1ccc(S(N)(=O)=O)cc1-c1ccc(CN2CCCCCC2c2ccccc2)[nH]1,7.400007822415902
Cc1cc2ccc(OCCCN3CCN(c4ccccc4)CC3)cc2oc1=O,7.723538195826756
Cc1c(C)c2ccc(OCCCN3CCN(c4ccccc4)CC3)cc2oc1=O,7.349692476868063
CCN(Cc1ccccc1)S(=O)(=O)c1ccc(OC)c(-c2ccc(CN3CCCCCC3c3ccccc3)[nH]2)c1,8.199970640755867
COc1ccc(S(=O)(=O)Nc2ccccc2)cc1-c1ccc(CN2CCCCCC2c2ccccc2)[nH]1,7.100015437450609
COc1ccc(S(=O)(=O)Cc2ccccc2)cc1-c1ccc(CN2CCCCCC2c2ccccc2)[nH]1,8.400007822415901
O=c1ccc2ccc(OCCCN3CCN(c4ccccc4)CC3)cc2o1,7.303643611266668
COc1ccc(S(=O)(=O)C(C)C)cc1-c1ccc(CN2CCCCCC2c2ccccc2)[nH]1,8.299988937677888
COc1ccc(S(=O)(=O)N(C)C)cc1-c1ccc(CN2CCCCCC2c2ccccc2)[nH]1,8.700057099977233
O=C1COc2ccc(CN3CCN(c4ccccc4)CC3)cc2N1,6.0762380391713
Cc1ccc(C2CCN(Cc3ccc4c(c3)OCC(=O)N4)CC2)cc1,6.634512015109101
Cc1ccc(C2CCN(Cc3ccc4c(c3)OCC(=O)N4)CC2)cc1C,6.066006836168758
O=C1COc2cc(CN3CCN(c4ccccc4)CC3)ccc2N1,7.982966660701219
Cc1ccc(N2CCN(Cc3ccc4c(c3)OCC(=O)N4)CC2)cc1C,7.105130343254747
Cc1ccc(N2CCN(Cc3ccc4c(c3)NC(=O)CO4)CC2)cc1,5.603800652904264
Cc1ccc(N2CCN(Cc3ccc4c(c3)OCC(=O)N4)CC2)cc1,6.681936665037238
COc1cc2c(cc1OC)C1=NO[C@@H](CN3CCN(C/C(C)=C/c4ccccc4)CC3)[C@@H]1CO2,6.363512103646634
COc1cc2c(cc1OC)C1=NO[C@@H](CN3CCN(C/C=C(\C)c4ccccc4)CC3)[C@@H]1CO2,6.213958789757446
COc1cc2c(cc1OC)C1=NO[C@@H](CN3CCN(Cc4ccc5ccccc5c4)CC3)[C@@H]1CO2,6.97061622231479
COc1cc2c(cc1OC)C1=NO[C@@H](CN3CCN(C/C=C/c4ccccc4)CC3)[C@@H]1CO2,6.568636235841013
O=C(NC/C=C/CN1CCN(c2cccc(Cl)c2Cl)CC1)c1ccncc1,8.698970004336019
O=C(NC/C=C/CN1CCN(c2cccc(Cl)c2Cl)CC1)c1ccc(-c2ccccn2)cc1,9.205372555335492
O=C(NC/C=C/CN1CCN(c2cccc(Cl)c2Cl)CC1)c1ccc(-c2ccncc2)cc1,9.045757490560677
O=C(NC/C=C/CN1CCN(c2cccc(Cl)c2Cl)CC1)c1ccc(-c2ncccn2)cc1,8.886056647693163
O=C(NC/C=C/CN1CCN(c2cccc(Cl)c2Cl)CC1)c1cc2ccccc2s1,8.781858531842323
O=C(NC/C=C/CN1CCN(c2cccc(Cl)c2Cl)CC1)c1cc2ccccc2o1,8.677091895475527
O=C(NC/C=C/CN1CCN(c2cccc(Cl)c2Cl)CC1)c1ccc2c(c1)Cc1ccccc1-2,8.511449283499555
O=C(NCCCCN1CCN(c2cccc(Cl)c2Cl)CC1)c1ccc(-c2ccccn2)cc1,9.330993219041424
O=C(NC/C=C/CN1CCN(c2cccc(Cl)c2Cl)CC1)c1ccccc1F,8.920818753952375
O=C(NC/C=C/CN1CCN(c2cccc(Cl)c2Cl)CC1)c1cccc(F)c1,8.769551078621726
O=C(NC/C=C/CN1CCN(c2cccc(Cl)c2Cl)CC1)c1ccc(F)cc1,9.0
O=C(NC/C=C/CN1CCN(c2cccc(Cl)c2Cl)CC1)c1cccc(Cl)c1,8.568636235841012
O=C(NC/C=C/CN1CCN(c2cccc(Cl)c2Cl)CC1)c1ccc(Cl)cc1,8.585026652029182
COc1cccc(C(=O)NC/C=C/CN2CCN(c3cccc(Cl)c3Cl)CC2)c1,8.522878745280337
CN1CCN(C2=Cn3cccc3Sc3sccc32)CC1,7.602059991327962
CN1CCN(C2=Cc3ccccc3Cn3cccc32)CC1,6.649751981665837
CN1CCN(C2=Cc3cc(Cl)ccc3Cn3cccc32)CC1,7.616184634019569
Cc1ccc2n1Cc1ccccc1C=C2N1CCN(C)CC1,7.052566278112949
O=S(=O)(c1ccccc1Cl)n1cc(C2=CCNCC2)c2ccccc21,6.202732459169283
O=S(=O)(c1ccccc1F)n1cc(C2=CCNCC2)c2ccccc21,6.130181792020672
COc1ccccc1N1CCN(CCCCNC(=O)c2cc3cc(I)ccc3o2)CC1,8.97469413473523
O=C(NCCCCN1CCN(c2cccc(Cl)c2Cl)CC1)c1cc2cc(I)ccc2o1,8.438302467346007
O=C(NCCCCN1CCN(c2cccc(Cl)c2Cl)CC1)c1cc2cc(I)ccc2s1,8.346787486224656
COc1ccccc1N1CCN(CCCCNC(=O)c2ccc(I)s2)CC1,8.619788758288394
O=C(NCCCCN1CCN(c2cccc(Cl)c2Cl)CC1)c1ccc(I)s1,8.853871964321762
CN1CCCC[C@@H]1CCN1c2ccccc2Sc2ccc([S+](C)O)cc21,7.610833915635467
O=C(c1ccccc1)c1ccccc1OCCN1CCCC1,5.618343517414213
CCN(CC)CCOc1ccccc1Cc1ccccc1,5.330962199114844
c1ccc(Cc2ccccc2OCCN2CCCC2)cc1,5.740406121114051
c1ccc(Cc2ccccc2OCCN2CCCCC2)cc1,5.10768273927752
c1ccc(Cc2ccccc2OCCCN2CCCC2)cc1,5.534171184642563
CCCN(CCC)[C@H]1CCn2cccc2C1,6.239999952707271
Oc1ccc2c(c1O)-c1cccc3c1[C@@H](C2)NCC3,7.230032198670558
COc1ccc(C(=O)NC/C=C/CN2CCN(c3cccc(Cl)c3Cl)CC2)cc1,8.920818753952375
O=C(NC/C=C/CN1CCN(c2cccc(Cl)c2Cl)CC1)c1ccc([N+](=O)[O-])cc1,9.154901959985745
O=C(NC/C=C/CN1CCN(c2cccc(Cl)c2Cl)CC1)c1ccc(O)cc1,9.397940008672036
O=C(NC/C=C/CN1CCN(c2cccc(Cl)c2Cl)CC1)c1ccccc1O,9.096910013008056
O=C(NC/C=C/CN1CCN(c2cccc(Cl)c2Cl)CC1)c1ccccc1[N+](=O)[O-],8.468521082957745
O=C(NC/C=C/CN1CCN(c2cccc(Cl)c2Cl)CC1)c1cccc([N+](=O)[O-])c1,8.638272163982407
Nc1ccccc1C(=O)NC/C=C/CN1CCN(c2cccc(Cl)c2Cl)CC1,8.657577319177793
Nc1cccc(C(=O)NC/C=C/CN2CCN(c3cccc(Cl)c3Cl)CC2)c1,8.698970004336019
CN(C)C[C@H]1C[C@@H]2c3ccccc3Cc3ccccc3[C@H]2O1,7.075720713938118
CN1CCN2c3ncccc3Cc3ccccc3C2C1,5.242376254091611
CN1CCN2c3ccccc3Cc3ccccc3C2C1,5.546528766277064
CN(C)C[C@H]1CC2c3ccccc3Oc3ccc(Br)cc3[C@H]2O1,7.022276394711152
COc1ccccc1N1CCN(CCCCNC(=O)c2ccc(F)cc2)CC1,8.366531544420413
O=C(NCCCCN1CCN(c2cccc(Cl)c2Cl)CC1)c1ccc(F)cc1,9.275724130399212
COc1ccccc1N1CCN(CCCCNC(=O)c2cccc(F)n2)CC1,7.0655015487564325
O=C(NCCCCN1CCN(c2cccc(Cl)c2Cl)CC1)c1cccc(F)n1,8.045757490560675
COc1ccccc1N1CCN(CCCCNS(=O)(=O)c2ccc(F)cc2)CC1,6.6777807052660805
O=S(=O)(NCCCCN1CCN(c2cccc(Cl)c2Cl)CC1)c1ccc(F)cc1,7.795880017344075
CCCN(CCC)C1CCn2ncc(C(=O)OC)c2C1,4.769551078621726
CCCN(CCC)C1CCn2ncc(C=O)c2C1,4.920818753952375
COc1ccccc1N1CCN(CCCCNC(=O)c2ccc3c(c2)Cc2ccccc2-3)CC1,9.387216143280265
O=C(NCCCCN1CCN(c2cccc(Cl)c2Cl)CC1)c1ccc2ccccc2c1,8.347753658996677
O=C(NCCCCN1CCN(c2cccc(Cl)c2Cl)CC1)c1ccc(-c2ccccc2)cc1,8.703334809738468
O=C(NCCCCN1CCN(c2cccc(Cl)c2Cl)CC1)c1ccccc1,7.924453038607469
O=C(NCCCCN1CCN(c2cccc(Cl)c2Cl)CC1)c1cccc2ccccc12,8.161150909262744
CN1CCc2c(sc3ncn(CCN4CCN(c5cncc6ccccc56)CC4)c(=O)c23)C1,8.928117992693874
COc1ccccc1N1CCN(CCCCNC(=O)c2cc(-c3ccco3)[nH]n2)CC1,7.714442690992226
COc1ccccc1N1CCN(CCCCNC(=O)c2ccc(-n3ccnc3)cc2)CC1,8.34582345812204
COc1ccccc1N1CCN(CCCCNC(=O)c2ccc(N3CCOCC3)cc2)CC1,7.621602099051862
COc1ccccc1N1CCN(CCCCNC(=O)c2ccc3c(c2)OCO3)CC1,7.832682665251823
COc1ccccc1N1CCN(CCCCNC(=O)c2ccc3nccnc3c2)CC1,7.108462542327436
COc1ccc2onc(N3CCN(CCCCNC(=O)c4cccc(-n5ccnc5)c4)CC3)c2c1,5.256568634853316
COc1ccc2onc(N3CCN(CCCCNC(=O)c4cccc(N5CCOCC5)c4)CC3)c2c1,5.841637507904751
COc1ccc2onc(N3CCN(CCCCNC(=O)c4cccc(-c5noc(C)n5)c4)CC3)c2c1,5.891096872332687
COc1ccc2onc(N3CCN(CCCCNC(=O)c4cccc(-c5ncccn5)c4)CC3)c2c1,5.943095148663527
COc1ccc2onc(N3CCN(CCCCNC(=O)c4cc(-c5ccco5)[nH]n4)CC3)c2c1,7.669586226650809
COc1ccc2onc(N3CCN(CCCCNC(=O)c4ccc(N5CCOCC5)cc4)CC3)c2c1,7.42021640338319
COc1ccc2onc(N3CCN(CCCCNC(=O)c4ccc5nonc5c4)CC3)c2c1,7.070581074285707
COc1ccc2onc(N3CCN(CCCCNC(=O)c4ccc5nccnc5c4)CC3)c2c1,6.657577319177793
COc1ccccc1N1CCN(CCCCNC(=O)c2cc3cccc(OC)c3o2)CC1,7.5934598195660445
COc1ccc2ccnc(N3CCN(CCCCNC(=O)c4cc5cccc(OC)c5o4)CC3)c2c1,6.991399828238082
COc1cccc2cc(C(=O)NCCCCN3CCN(c4cccc5nccnc45)CC3)oc12,6.581698708680254
COc1cccc2cc(C(=O)NCCCCN3CCN(c4[nH]nc5ccccc45)CC3)oc12,6.896196279044043
COc1ccc2onc(N3CCN(CCCCNC(=O)c4cc5cccc(OC)c5o4)CC3)c2c1,7.008773924307505
CN1CCc2ccccc2Cc2ccccc2CC1,7.29527766677489
CC(C)(C)c1nc(N2CCN(CCCCn3cccnc3=O)CC2)cc(C(F)(F)F)n1,7.889410289700751
Cn1c(=O)ccn(CCCCN2CCN(c3cc(C(F)(F)F)nc(C(C)(C)C)n3)CC2)c1=O,7.928117992693875
CC(C)(C)c1nc(N2CCN(CCCCn3cc(C(F)(F)F)c(=O)[nH]c3=O)CC2)cc(C(F)(F)F)n1,8.267606240177031
CCc1cn(CCCCN2CCN(c3cc(C(F)(F)F)nc(C(C)(C)C)n3)CC2)c(=O)[nH]c1=O,8.769551078621726
CC(C)(C)c1nc(N2CCN(CCCSc3nccc(O)n3)CC2)cc(C(F)(F)F)n1,8.537602002101044
CC(C)(C)c1nc(N2CCN(CCCCn3ccc(N4CCCCC4)nc3=O)CC2)cc(C(F)(F)F)n1,8.468521082957745
CC(C)(C)c1nc(N2CCN(CCCCn3ccc(C4CCC4)nc3=O)CC2)cc(C(F)(F)F)n1,8.130768280269024
CC(C)(C)c1nc(N2CCN(CCCCn3ccc(C4CC4)nc3=O)CC2)cc(C(F)(F)F)n1,8.431798275933005
CC(C)(C)c1ccn(CCCCN2CCN(c3cc(C(F)(F)F)nc(C(C)(C)C)n3)CC2)c(=O)n1,8.585026652029182
Cc1ccn(CCCCN2CCN(c3cc(C(F)(F)F)nc(C(C)(C)C)n3)CC2)c(=O)n1,8.356547323513812
CCOc1ccn(CCCCN2CCN(c3cc(C(F)(F)F)nc(C(C)(C)C)n3)CC2)c(=O)n1,8.130768280269024
CC(C)(C)c1nc(N2CCN(CCCCn3ccc(=O)[nH]c3=O)CC2)cc(C(F)(F)F)n1,8.721246399047171
CC(C)(C)c1nc(N2CCN(CCCCN3C(=O)CCC(=O)c4ccccc43)CC2)cc(C(F)(F)F)n1,9.096910013008056
CC(C)(C)c1nc(N2CCN(CCCCN3CCC(=O)CCC3=O)CC2)cc(C(F)(F)F)n1,8.4089353929735
COc1cc2c(cc1OC)N(CCCCN1CCN(c3cc(C(F)(F)F)nc(C(C)(C)C)n3)CC1)C(=O)CCC2=O,8.346787486224656
CC(C)(C)c1nc(N2CCN(CCCCN3C(=O)CCCc4c(O)cccc43)CC2)cc(C(F)(F)F)n1,8.602059991327963
COc1cccc2c1CCCC(=O)N2CCCCN1CCN(c2cc(C(F)(F)F)nc(C(C)(C)C)n2)CC1,7.995678626217358
CC(C)(C)c1nc(N2CCN(CCCCN3C(=O)CCSc4ccccc43)CC2)cc(C(F)(F)F)n1,8.017728766960431
CC(C)(C)c1nc(N2CCN(CCCCN3C(=O)CC(=O)c4ccccc43)CC2)cc(C(F)(F)F)n1,7.402304814074488
CC(C)(C)c1nc(N2CCN(CCCCN3Cc4ccccc4CC3=O)CC2)cc(C(F)(F)F)n1,6.533132379645891
CC(C)(C)c1nc(N2CCN(CCCCn3c(=O)ccc4ccccc43)CC2)cc(C(F)(F)F)n1,7.950781977329818
CC(C)(C)c1nc(N2CCN(CCCCN3C(=O)COc4ccccc43)CC2)cc(C(F)(F)F)n1,7.91721462968355
C[C@@H](CCCN1C(=O)CCc2ccccc21)N1CCN(c2cc(C(F)(F)F)nc(C(C)(C)C)n2)CC1,7.649751981665837
C[C@H](CCN1CCN(c2cc(C(F)(F)F)nc(C(C)(C)C)n2)CC1)CN1C(=O)CCc2ccccc21,7.187755303199631
C/C(=C\CN1CCN(c2cc(C(F)(F)F)nc(C(C)(C)C)n2)CC1)CN1C(=O)CCc2ccccc21,7.229884705212898
CC(C)(C)c1nc(N2CCN(C/C=C/CN3C(=O)CCc4ccccc43)CC2)cc(C(F)(F)F)n1,8.036212172654444
CC(C)(C)c1nc(N2CCN(CCCCN3C(=O)CCc4ccccc43)CC2)cc(C(F)(F)F)n1,8.468521082957745
CN1CCc2cc(O)ccc2Cc2ccc(O)cc2CC1,6.465973893943865
COc1cccc2c1Cc1ccccc1CCN(C)CC2,5.736837535037783
CN1CCc2ccccc2Cc2c(O)cccc2CC1,6.667561540084395
COc1c(Cl)cc2c(c1Cl)Cc1ccccc1CCN(C)CC2,6.381951903287908
COc1ccc2c(c1)Cc1ccccc1CCN(C)CC2,6.822463500070138
CN1CCc2ccccc2Cc2ccc(O)c(Cl)c2CC1,7.609064892896621
COc1ccc2c(c1)CCN(C)CCc1ccccc1C2,7.120904120499927
CN1CCc2ccccc2Cc2ccc(O)cc2CC1,7.323306390375134
COc1ccc2c(c1)CCN(C)CCc1cc(OC)ccc1C2,6.993533957750769
CCN(CC)C(=O)NCCCCN1CCN(c2cc(C(F)(F)F)nc(C(C)(C)C)n2)CC1,9.045757490560677
CC(C)(C)c1nc(N2CCN(CCCCNC(=O)NCC3CCCCC3)CC2)cc(C(F)(F)F)n1,8.173925197299173
CC(C)(C)c1nc(N2CCN(CCCCNC(=O)NCCc3ccccc3)CC2)cc(C(F)(F)F)n1,8.142667503568731
CC(C)(C)c1nc(N2CCN(CCCCNC(=O)NCc3ccccc3)CC2)cc(C(F)(F)F)n1,8.568636235841012
CC(C)(C)NC(=O)NCCCCN1CCN(c2cc(C(F)(F)F)nc(C(C)(C)C)n2)CC1,8.397940008672037
Cc1cccc(=O)n1CCCCN1CCN(c2cc(C(F)(F)F)nc(C(C)(C)C)n2)CC1,7.91721462968355
CC(C)(C)c1nc(N2CCN(CCCCn3cc(C(F)(F)F)ccc3=O)CC2)cc(C(F)(F)F)n1,7.447331783887806
CC(C)(C)c1nc(N2CCN(CCCCn3ccc(C(F)(F)F)cc3=O)CC2)cc(C(F)(F)F)n1,7.943095148663527
CC(C)(C)c1nc(N2CCN(CCCCn3ccc(C(F)(F)F)nc3=O)CC2)cc(C(F)(F)F)n1,7.838631997765025
O=C(NCCCCN1CCN(c2cccc(F)c2F)CC1)c1cc2ccc1CCc1ccc(cc1)CC2,8.721246399047171
O=C(NCCCCN1CCN(c2cccc(Cl)c2Cl)CC1)c1cc2ccc1CCc1ccc(cc1)CC2,8.443697499232712
COc1ccccc1N1CCN(CCCCNC(=O)c2cc3ccc2CCc2ccc(cc2)CC3)CC1,8.911273436046145
COc1nc(NCCCN2CCOCC2)nc(OC)c1NC(=O)c1ccc(Oc2cc3c(cc2C)CCC3(C)C)o1,5.928117992693875
C1=C(c2ccccc2)CCN(Cc2cnn(-c3ccccc3)c2)C1,7.481486060122112
COc1ccccc1N1CCN(Cc2cn(-c3ccccc3)nn2)CC1,6.468521082957745
c1ccc(N2CCN(Cc3cn(-c4ccccc4)nn3)CC2)cc1,5.920818753952375
Cc1c(CN2CCN(c3ccccc3)CC2)cnn1-c1ccccc1,6.492420708183786
c1ccc(-n2cc(CN3CCN(c4ncccn4)CC3)cn2)cc1,5.537602002101044
Cc1nn(-c2ccccc2)cc1CN1CCN(c2ccccc2)CC1,6.441843646313426
COc1ccccc1N1CCN(Cc2cnn(-c3ccccc3)c2)CC1,7.455931955649724
c1ccc(N2CCN(Cc3cnn(-c4ccccc4)c3)CC2)cc1,6.853871964321762
COc1ccccc1N1CCN(Cc2cnn(-c3ccccn3)c2)CC1,7.141342515909193
COc1ccccc1N1CCN(Cc2cn3cc(C)cc(-c4ccccc4)c3n2)CC1,6.4089353929735005
COc1ccccc1N1CCN(Cc2cn3c(-n4cccn4)cccc3n2)CC1,6.0
COc1ccccc1N1CCN(Cc2cn3cc(C)cc(-n4cccn4)c3n2)CC1,5.619788758288394
COc1ccccc1N1CCN(Cc2cn3cc(C)cc(N4CCOCC4)c3n2)CC1,5.6777807052660805
COc1ccccc1N1CCN(Cc2cn3cc(C)cc(C#N)c3n2)CC1,5.455931955649724
Clc1ccc(N2CCN(Cc3cn4cc(Br)ccc4n3)CC2)cc1Cl,6.0
COc1ccccc1N1CCN(Cc2cn3cc(I)ccc3n2)CC1,6.221848749616356
COc1ccccc1N1CCN(Cc2cn3cc(Br)ccc3n2)CC1,6.096910013008056
CN1CCN(c2ccc3nc(CN4CCN(c5ccc(Cl)c(Cl)c5)CC4)cn3n2)CC1,6.055517327849832
Clc1ccc(N2CCN(Cc3cn4nc(N5CCCCC5)ccc4n3)CC2)cc1Cl,6.070581074285707
Fc1ccc(N2CCN(Cc3cn4cccnc4n3)CC2)cc1,4.221848749616356
Fc1ccc(N2CCN(Cc3cn4ccncc4n3)CC2)cc1,4.376750709602099
COc1ccccc1N1CCN(Cc2cn3nc(Cl)ccc3n2)CC1,5.853871964321762
Clc1ccc2nc(CN3CCN(c4ccc(Cl)c(Cl)c4)CC3)cn2n1,5.823908740944319
Clc1ccc(N2CCN(Cc3cn4ccccc4n3)CC2)cc1,5.055517327849832
COc1ccccc1N1CCN(Cc2cn3ccccc3n2)CC1,5.4089353929735005
Clc1ccc(N2CCN(Cc3cn4ccccc4n3)CC2)cc1Cl,5.769551078621726
Fc1ccc(N2CCN(Cc3cn4ccccc4n3)CC2)cc1,5.508638306165727
COc1ccc(N2CC=C(c3ccc(Cl)c(Cl)c3)C2=O)cc1OCCN1CCCCC1,6.339998279897117
CN1CCc2ccccc2Cc2[nH]c3ccccc3c2CC1,7.586700235918748
CN1CCCc2ccccc2Cc2[nH]c3ccccc3c2CC1,6.556737012541305
CN1CCCc2c([nH]c3ccccc23)Cc2ccccc2CC1,6.283162276700476
Oc1cc2c(cc1O)C1c3ccccc3CNC1CO2,6.4089353929735005
COc1ccccc1N1CCN(CCCCNC(=O)c2ccc(-c3cccc([18F])n3)cc2)CC1,9.431798275933003
O=C(NCCCCN1CCN(c2cccc(Cl)c2Cl)CC1)c1cc2cc(Br)ccc2[nH]1,9.13000599987826
COc1ccccc1N1CCN(CCCCNC(=O)c2cc3cc(Br)ccc3[nH]2)CC1,9.609948503541013
O=C(NCCCCN1CCN(c2cccc(Cl)c2Cl)CC1)c1cc2ccccc2[nH]1,8.853871964321762
COc1ccccc1N1CCN(CCCCNC(=O)c2cc3cc(C#N)ccc3o2)CC1,8.369979148886591
C#Cc1ccc2cc(C(=O)NCCCCN3CCN(c4ccccc4OC)CC3)sc2c1,9.419987887470576
COc1ccccc1N1CCN(CCCCNC(=O)c2cc3cc(C#N)ccc3s2)CC1,9.33998877871067
O=C(NCCCCN1CCN(c2ccccc2Cl)CC1)c1ccc(-c2ccccc2)cc1,9.551448260798422
COc1ccc(C(=O)NCCCCN2CCN(c3ccccc3Cl)CC2)cc1OC,8.510041520575164
O=C(NCCCCN1CCN(c2ccccc2Cl)CC1)c1ccc(Cl)cc1,8.770062314092065
N#Cc1ccc2cc(C(=O)NCCCCN3CCN(c4cccc(Cl)c4Cl)CC3)[nH]c2c1,9.45001638884031
CCCc1c(C(=O)NCCCCCN2CCN(c3ccccc3OC)CC2)nnn1Cc1ccccc1Br,8.130005999878259
CCCc1c(C(=O)NCCCCN2CCN(c3ccccc3OC)CC2)nnn1Cc1ccccc1Br,8.460046158343603
COc1ccccc1N1CCN(CCCCCNC(=O)c2nnn(Cc3ccccc3Br)c2C)CC1,7.819874124835946
COc1ccccc1N1CCN(CCCCNC(=O)c2nnn(Cc3ccccc3Br)c2C)CC1,7.489991487059766
CCCc1c(C(=O)NCCCCN2CCN(c3ccccc3OC)CC2)nnn1Cc1ccc(OC)cc1,7.890084136976206
COc1ccc(Cn2nnc(C(=O)NCCCCCN3CCN(c4ccccc4OC)CC3)c2C)cc1,7.059981844992337
COc1ccc(Cn2nnc(C(=O)NCCCCN3CCN(c4ccccc4OC)CC3)c2C)cc1,7.540004743952609
CCCc1c(C(=O)NCCCCN2CCN(c3cccc(Cl)c3Cl)CC2)nnn1Cc1ccccc1,8.61996975203217
Cc1c(C(=O)NCCCCN2CCN(c3cccc(Cl)c3Cl)CC2)nnn1Cc1ccccc1,8.369979148886591
O=C1CCc2ccc(OCCCCN3CCN(c4cccc(Cl)c4Cl)CC3)cc2N1,8.320585083094151
c1ccc(C2CCN(Cc3cn(-c4ccccc4)nn3)CC2)cc1,7.029978734171634
c1ccc(C2CCN(Cc3cnn(-c4ccccc4)c3)CC2)cc1,7.4800408192479315
COc1cc2c(cc1OC)C1=NO[C@@H](CN3CCN(C/C(C)=C/c4ccc(F)cc4)CC3)[C@@H]1CO2,6.425968732272281
CCCCc1ccc(S(=O)(=O)Nc2ccc3c(c2)CNC3)cc1,7.400007822415902
COc1cc2c(cc1NS(=O)(=O)c1ccc(-c3ccc(Cl)cc3)cc1)CCN(C)CC2,9.100015437450608
CC(C)c1cc2c(cc1NS(=O)(=O)c1ccc(-c3ccc(Cl)cc3)cc1)CCN(C)CC2,8.400007822415901
Cc1cc2c(cc1NS(=O)(=O)c1ccc(-c3ccc(Cl)cc3)cc1)CCN(C)CC2,8.79997073344623
Cc1noc(C)c1-c1ccc(S(=O)(=O)Nc2ccc3c(c2)CCN(C)CC3)cc1,7.79997073344623
CN1CCc2ccc(NS(=O)(=O)c3ccc(-c4ccc(Cl)cc4)s3)cc2CC1,7.400007822415902
Cc1cc(S(=O)(=O)Nc2ccc3c(c2)CCN(C)CC3)ccc1-c1ccc(Cl)cc1,8.199970640755867
CCCCc1ccc(S(=O)(=O)Nc2ccc3c(c2)CCN(C)CC3)cc1,8.700057099977233
CCCCc1ccc(S(=O)(=O)Nc2ccc3c(c2)CNCC3)cc1,7.947113764743618
Cc1cc(-c2ccc3c(c2)CCN(CCCSc2nnc(-c4ccc(C(F)(F)F)cc4)n2C)CC3)n(C)n1,8.100015437450608
Cc1cc(-c2ccc3c(c2)CCN(CCCSc2nnc(-c4ocnc4C)n2C)CC3)n(C)n1,7.899974269892137
Cc1cnc(-c2nnc(SCCN3CCc4ccc(-c5cc(C)nn5C)cc4CC3)n2C)cn1,8.299988937677888
Cc1cc(-c2ccc3c(c2)CCN(CCSc2nnc(-c4ccc(F)c(F)c4)n2C)CC3)n(C)n1,8.700057099977233
Cc1ccc2c(-c3nnc(SCCC(C)N4CCc5ccc(-c6cc(C)nn6C)cc5CC4)n3C)cccc2n1,8.79997073344623
COc1ccccc1N1CCN(CCC(O)CNC(=O)c2ccc3c(c2)Cc2ccccc2-3)CC1,8.886056647693163
O=C(NCC(O)CCN1CCN(c2cccc(Cl)c2Cl)CC1)c1ccc(-c2ccccn2)cc1,9.30102999566398
CC(=O)OC(CCNC(=O)c1ccc(-c2ccccn2)cc1)CN1CCN(c2cccc(Cl)c2Cl)CC1,7.931814138253839
COc1ccccc1N1CCN(CC(O)CCNC(=O)c2ccc(-c3ccccn3)cc2)CC1,8.55284196865778
O=C(NCCC(O)CN1CCN(c2cccc(Cl)c2Cl)CC1)c1ccc(-c2ccccn2)cc1,8.522878745280337
O=C(NC/C=C/CN1CCN(c2cccc(Cl)c2Cl)CC1)c1ccc(-c2cccc(=O)[nH]2)cc1,9.221848749616356
Cc1ccc2nc(-c3ccc(OCCCCN4CCN(c5cccc(Cl)c5Cl)CC4)cc3)cn2c1,8.096910013008056
Cc1ccn2cc(-c3ccc(OCCCCN4CCN(c5cccc(Cl)c5Cl)CC4)cc3)nc2c1,7.221848749616356
COc1ccccc1N1CCN(CCCCOc2ccc(-c3cn4cc(C)ccc4n3)cc2)CC1,6.835647144215563
Clc1cccc(N2CCN(CCCCOc3ccc(-c4cn5ccccc5n4)cc3)CC2)c1Cl,7.42021640338319
COc1ccccc1N1CCN(CCCCOc2ccc(-c3cn4ccccc4n3)cc2)CC1,9.142667503568733
COc1ccccc1N1CCN(CCCOc2ccc(-c3cn4cccc(C)c4n3)cc2)CC1,7.301029995663981
Cc1ccc2nc(-c3ccc(OCCCN4CCN(c5cccc(Cl)c5Cl)CC4)cc3)cn2c1,7.539102157243452
COc1ccccc1N1CCN(CCCOc2ccc(-c3cn4cc(C)ccc4n3)cc2)CC1,6.7544873321858505
CN1CCCc2cc(O)ccc2Cc2ccccc2CC1,5.213106674738684
COc1cc2c(cc1OC)Cc1ccccc1CCCN(C)CC2,4.828858848971618
Oc1ccc2c(c1)CCCNCCc1ccccc1C2,5.161402747183344
COc1ccc2c(c1)CCCN(C)CCCc1ccccc1C2,5.869988050328096
COc1ccc2c(c1)CCN(C)CCCc1ccccc1C2,6.294992040666664
CN1CCCc2ccccc2Cc2ccc(O)cc2CC1,7.0
O=C1c2ccccc2C(=O)N1CCCCN1CC=C(c2c[nH]c3ccc(F)cc23)CC1,9.100015437450608
COc1ccc(-c2nnc(SCCCN3CCc4ccc(-c5cc(C)on5)cc4CC3)n2C)cn1,8.599980364934842
COc1ccc(-c2nnc(SCCCN3CCc4ccc(-c5cc(C)on5)cc4CC3)n2C)cc1,9.4000078224159
COc1cccc(-c2nnc(SCCCN3CCc4ccc(-c5cc(C)on5)cc4CC3)n2C)c1,9.100015437450608
COc1ccccc1-c1nnc(SCCCN2CCc3ccc(-c4cc(C)on4)cc3CC2)n1C,8.500038134403809
Cc1cc(-c2ccc3c(c2)CCN(CCCSc2nnc(C4CCC(C)CC4)n2C)CC3)no1,8.899974269892137
Cc1cc(-c2ccc3c(c2)CCN(CCCSc2nnc(C4CCCC4)n2C)CC3)no1,8.700057099977233
Cc1cc(-c2ccc3c(c2)CCN(CCCSc2nnc(C(C)(C)C)n2C)CC3)no1,8.299988937677888
Cc1cc(-c2ccc3c(c2)CCN(CCCSc2nnc(C(C)C)n2C)CC3)no1,8.0
Cc1cc(-c2ccc3c(c2)CCN(CCCSc2nnc(C)n2C)CC3)no1,7.400007822415902
Cc1cc(-c2ccc3c(c2)CCN(CCCSc2nnc(-c4ccc(Cl)c(Cl)c4)n2C)CC3)no1,9.0
Cc1cc(-c2ccc3c(c2)CCN(CCCSc2nnc(-c4ccccc4Cl)n2C)CC3)no1,8.599980364934842
Cc1cc(-c2ccc3c(c2)CCN(CCCSc2nnc(-c4cccn4C)n2C)CC3)no1,9.100015437450608
Cc1cc(-c2ccc3c(c2)CCN(CCCSc2nnc(-c4ccccn4)n2C)CC3)no1,8.599980364934842
Cc1ccc(-c2nnc(SCCCN3CCc4ccc(-c5cc(C)on5)cc4CC3)n2C)cc1,8.79997073344623
Cc1cc(-c2ccc3c(c2)CCN(CCCSc2nnc(-c4ccc(C(F)(F)F)cc4)n2C)CC3)no1,8.500038134403809
Cc1cnc(-c2ccc3c(c2)CCN(CCCSc2nnc(-c4cccn4C)n2C)CC3)o1,8.79997073344623
Cc1cnc(-c2ccc3c(c2)CCN(CCCSc2nnc(-c4ccc5[nH]ccc5c4)n2C)CC3)o1,8.79997073344623
Cc1cnc(-c2ccc3c(c2)CCN(CCCSc2nnc(-c4cc5ccccc5[nH]4)n2C)CC3)o1,8.899974269892137
Cc1cnc(-c2ccc3c(c2)CCN(CCCSc2nnc(-c4cccs4)n2C)CC3)o1,8.500038134403809
Cc1ccc2c(-c3nnc(SCCCN4CCc5ccc(-c6ncc(C)o6)cc5CC4)n3C)cccc2n1,8.700057099977233
O=C1c2ccccc2S(=O)(=O)N1CCCCN1CCN(c2ccccc2)CC1,7.180456064458132
O=C1c2ccccc2CN1CCCCN1CCN(c2cccc(C(F)(F)F)c2)CC1,7.853871964321762
O=C1c2ccccc2CN1CCCCN1CCN(c2ccc(Cl)cc2)CC1,6.180456064458132
O=C1c2ccccc2CN1CCCCN1CCN(c2ccccc2)CC1,7.446116973356125
COc1ccccc1N1CCN(CCCCN2C(=O)Cc3ccccc32)CC1,6.709965388637482
O=C1Cc2ccccc2N1CCCCN1CCN(c2ccc(Cl)cc2)CC1,5.919373513078194
O=C1Cc2ccccc2N1CCCCN1CCN(c2ccccc2)CC1,7.096910013008056
O=c1c2ccccc2ncn1CCCCN1CCN(c2cccc(C(F)(F)F)c2)CC1,6.991399828238082
O=c1c2ccccc2ncn1CCCCN1CCN(c2ccccc2)CC1,6.278189384787454
COc1ccccc1N1CCN(CCCCN2C(=O)c3ccccc3S2(=O)=O)CC1,6.728158393463501
O=C1c2ccccc2S(=O)(=O)N1CCCCN1CCN(c2cccc(C(F)(F)F)c2)CC1,6.97061622231479
O=C1c2ccccc2C(=O)N1CCCCN1CCN(C(c2ccccc2)c2ccccc2)CC1,7.325138859262188
O=C(/C=C/c1ccccc1)NCCCCN1CCc2ccccc2C1,8.059483515067432
COc1ccccc1NC1CCN(CCCCNC(=O)c2ccc3ccccc3c2)CC1,7.735182176990463
COc1ccccc1N(C(C)=O)C1CCN(CCCCNC(=O)c2ccc3ccccc3c2)CC1,5.6307841425898575
O=C(NCCCCN1CCC(N(Cc2ccccc2)c2ccccc2)CC1)c1ccc2ccccc2c1,9.522878745280336
O=C(NCCCCN1CCC(=C2c3ccc(Cl)cc3CCc3cccnc32)CC1)c1ccc2ccccc2c1,8.22112552799726
O=C1Cc2ccccc2C(=C2CCN(CCCCN3C(=O)c4ccccc4C3=O)CC2)c2ccsc21,7.003926345514724
O=C(/C=C/c1ccccc1)NCCCCN1CCN2c3ccccc3Cc3ccccc3C2C1,7.29929628285498
COc1ccccc1C(c1ccccc1OC)N1CCN(CCCCNC(=O)/C=C/c2ccccc2)CC1,7.818156412055227
COc1ccccc1C(c1ccccc1OC)N1CCN(CCCCNC(=O)c2ccc3ccccc3c2)CC1,7.818156412055227
COc1ccccc1C(c1ccccc1)N1CCN(CCCCNC(=O)c2cc3ccccc3s2)CC1,8.443697499232712
O=C(NCCCCN1CCN(C(c2ccccc2)c2ccc(Cl)cc2)CC1)c1ccc2ccccc2c1,8.549750891680638
O=C(NCCCCN1CCN(C(c2ccccc2)c2ccccc2)CC1)C1CCCCC1,7.519993057042849
O=C(NCCCCN1CCN(C(c2ccccc2)c2ccccc2)CC1)c1cccs1,7.546681659952962
O=C(NCCCCN1CCN(C(c2ccccc2)c2ccccc2)CC1)c1cc2ccccc2s1,7.518557371497695
O=C(/C=C/c1ccccc1)NCCCCN1CCN(C(c2ccccc2)c2ccccc2)CC1,8.207608310501746
O=C1c2ccccc2C(=O)N1CCCCN1CCCN(C(c2ccccc2)c2ccc(Cl)cc2)CC1,7.367542707815276
O=C1c2ccccc2C(=O)N1CCCCN1CCN(C(c2ccccc2)c2ccc(Cl)cc2)CC1,7.552841968657781
C#Cc1ccc(C(=O)NCCN2CCN(c3cccc(Cl)c3Cl)CC2)cc1,7.508638306165727
C#Cc1cccc(C(=O)NCCCCCN2CCN(c3cccc(Cl)c3Cl)CC2)c1,8.2518119729938
C#Cc1ccc(C(=O)NCCCCCN2CCN(c3cccc(Cl)c3Cl)CC2)cc1,8.823908740944319
C#Cc1cccc(C(=O)NCCCCN2CCN(c3cccc(Cl)c3Cl)CC2)c1,9.080921907623926
O=C(NCCCCN1CCN(c2cccc(Cl)c2Cl)CC1)c1ccc(C#Cc2ccccc2)cc1,8.494850021680094
C#Cc1ccc(C(=O)NCCCCN2CCN(c3cccc(Cl)c3Cl)CC2)cc1,9.508638306165729
COc1ccccc1N1CCN(CCCCNC(=O)c2ccc(C#Cc3ccccc3)cc2)CC1,8.0
C#Cc1ccc(C(=O)NCCCCN2CCN(c3ccccc3OC)CC2)cc1,9.0
O=C(NCCN1CCN(c2cccc(Cl)c2Cl)CC1)c1cccc(C#Cc2ccccc2)c1,7.167491087293763
O=C(NCCN1CCN(c2cccc(Cl)c2Cl)CC1)c1ccc(C#Cc2ccccc2)cc1,7.5376020021010435
OC1(c2ccccc2Cl)CCN(Cc2c[nH]c3ccccc23)CC1,5.730487055782084
CSc1ccc(C2(O)CCN(Cc3c[nH]c4ccccc34)CC2)cc1,6.195179321278838
CCCCCCn1cc(CN2CCC(O)(c3ccc(Cl)cc3)CC2)c2ccccc21,6.311580177997289
Cn1cc(CN2CCC(O)(c3ccc(Cl)cc3)CC2)c2ccccc21,6.623423042943488
CSc1ccc(C2(O)CCN(Cc3coc4ccccc34)CC2)cc1,6.856985199745905
OC1(c2ccc(Cl)cc2)CCN(Cc2coc3ccccc23)CC1,7.275724130399211
OC1(c2ccc(Cl)c(Cl)c2)CCN(Cc2coc3ccccc23)CC1,7.552841968657781
OC1(c2ccc(Cl)cc2)CCN(Cc2n[nH]c3ccccc23)CC1,6.356547323513812
OC1(c2ccc(Cl)c(Cl)c2)CCN(Cc2n[nH]c3ccccc23)CC1,6.806875401645538
Cc1[nH]c2ccccc2c1CN1CCC(O)(c2ccc(Cl)cc2)CC1,7.355561410532162
C=CCOC1(c2ccc(Cl)cc2)CCN(Cc2c[nH]c3ccccc23)CC1,6.1438755557577
COC1(c2ccc(Cl)cc2)CCN(Cc2c[nH]c3ccccc23)CC1,6.581698708680254
CCOC(=O)C1(c2ccc(Cl)cc2)CCN(Cc2c[nH]c3ccccc23)CC1,6.140261433802853
COC(=O)C1(c2ccc(Cl)cc2)CCN(Cc2c[nH]c3ccccc23)CC1,6.2644011003018205
N#CC1(c2ccc(Cl)cc2)CCN(Cc2c[nH]c3ccccc23)CC1,6.164943898279883
FC1(c2ccc(Cl)cc2)CCN(Cc2c[nH]c3ccccc23)CC1,6.675717544702307
NC1(c2ccc(Cl)cc2)CCN(Cc2c[nH]c3ccccc23)CC1,6.417936637088292
CC1(c2ccc(Cl)cc2)CCN(Cc2c[nH]c3ccccc23)CC1,5.6777807052660805
OC1(c2ccc(Cl)cc2)CCCN(Cc2c[nH]c3ccccc23)C1,5.369572124974976
OC1(c2ccc(Cl)cc2)CCCN(Cc2c[nH]c3ccccc23)CC1,5.6777807052660805
OC1(c2ccc(-c3ccccc3)cc2)CCN(Cc2c[nH]c3ccccc23)CC1,6.330683119433888
CCCCCCOc1ccc(C2(O)CCN(Cc3c[nH]c4ccccc34)CC2)cc1,5.709965388637482
COc1ccc(C2(O)CCN(Cc3c[nH]c4ccccc34)CC2)cc1,5.671620396561262
Oc1ccc(C2(O)CCN(Cc3c[nH]c4ccccc34)CC2)cc1,4.774690718274137
OC1(c2cccc(C(F)(F)F)c2)CCN(Cc2c[nH]c3ccccc23)CC1,6.2441251443275085
OC1(c2ccc(Cl)c(Cl)c2)CCN(Cc2c[nH]c3ccccc23)CC1,6.954677021213342
OC1(c2cccc(Cl)c2Cl)CCN(Cc2c[nH]c3ccccc23)CC1,6.563837352959244
Cc1ccc2c(OCCN3CCC(Cc4ccc5c(c4F)NC(=O)CO5)CC3)cc(F)cc2n1,6.0999990348465305
Cc1ccc2c(OCCN3CCC(Cc4cc(F)c5c(c4)NC(=O)CO5)CC3)cc(Cl)cc2n1,5.899998417198648
Cc1ccc2c(OCCN3CCC(Cc4cc(F)c5c(c4)NC(=O)CO5)CC3)cc(F)cc2n1,5.40000018605658
Cc1ccc2c(OCCN3CCC(Cc4cc5c(cc4F)OCC(=O)N5)CC3)cc(Cl)cc2n1,5.700000503883016
Cc1ccc2c(OCCN3CCC(Cc4cc5c(cc4F)OCC(=O)N5)CC3)cc(F)cc2n1,6.299997602857746
Cc1ccc2c(OCCN3CCC(Cc4ccc5c(c4)NC(=O)CO5)CC3)cccc2n1,6.199998172182031
CN1CCc2cc(O)ccc2Cc2[nH]c3ccccc3c2CC1,5.684029654543083
COc1ccc2c(c1)CCN(C)CCc1c([nH]c3ccccc13)C2,5.945004138470859
C=CCN1CCC[C@H]1CNC(=O)c1cc(I)cc(OC)c1OC,9.337242168318426
CCN1CCC[C@H]1CNC(=O)c1c(OC)ccc(I)c1O,8.3767507096021
CCCN(CCN1CCN(c2ccccc2)CC1)C1CCc2ccc3c(c2C1)CC(=O)N3,7.962573502059376
CCCN(CCN1CCN(c2ccccc2)CC1)C1CCc2ccc(N)cc2C1,7.653647025549361
CCCN(CCCCN1CCN(c2ccccc2)CC1)C1CCc2cc(O)c(O)cc2C1,8.539102157243452
CCCN(CCN1CCN(c2ccccc2)CC1)C1CCc2cc(O)c(O)cc2C1,8.856985199745905
CCCN(CCCN1CCN(c2ccccc2)CC1)C1CCc2ccc(O)cc2C1,7.987162775294828
CCCN(CCN1CCN(c2ccccc2)CC1)C1CCc2cc(O)ccc2C1,7.950781977329818
COc1cc(CN2CCN(c3ccccc3OC)CC2)ccc1OCCF,5.958607314841775
FCCOc1ccc(CN2CCN(c3ccc(Cl)cc3)CC2)cc1,5.958607314841775
COc1cc(CN2CCN(c3ccc(Cl)cc3)CC2)ccc1OCCF,5.309803919971486
COc1cc(CN2CCN(c3ccccc3OC)CC2)c(OCCF)cc1OC,6.481486060122113
COc1ccccc1N1CCN(Cc2ccc(OCCF)cc2)CC1,7.113509274827518
Cc1cc(-c2nc3c4c(ccc3o2)CCN(CCCSc2nnc(-c3ocnc3C)n2C)CC4)n(C)n1,7.599980364934842
Cc1ccc2c(-c3nnc(SCCCN4CCc5ccc6oc(-c7cc(C)nn7C)nc6c5CC4)n3C)cccc2n1,8.400007822415901
Cn1c(SCCCN2CCc3ccc4oc(C(F)(F)F)nc4c3CC2)nnc1-c1ccccc1,8.500038134403809
Cc1ccc(-c2nnc(SCCCN3CCc4ccc5oc(C(F)(F)F)nc5c4CC3)n2C)cn1,8.400007822415901
Cc1cnc(-c2nnc(SCCCN3CCc4ccc5oc(C(F)(F)F)nc5c4CC3)n2C)cn1,8.199970640755867
Cc1ccc2c(-c3nnc(SCCCN4CCc5ccc6oc(C(F)(F)C(F)(F)F)nc6c5CC4)n3C)cccc2n1,9.0
Cc1ncoc1-c1nnc(SCCCN2CCc3ccc4oc(C(C)(F)F)nc4c3CC2)n1C,9.100015437450608
Cc1ncoc1-c1nnc(SCCCN2CCc3ccc4oc(C(F)(F)F)nc4c3CC2)n1C,8.79997073344623
Cc1ccc2c(-c3nnc(SCCCN4CCc5ccc6oc(C(F)(F)F)nc6c5CC4)n3C)cccc2n1,8.400007822415901
CCc1nc2c3c(ccc2o1)CCN(CCCSc1nnc(-c2ocnc2C)n1C)CC3,7.899974269892137
CCc1nc2c3c(ccc2o1)CCN(CCCSc1nnc(-c2cccc4nc(C)ccc24)n1C)CC3,8.100015437450608
Cc1nc2c3c(ccc2o1)CCN(CCCSc1nnc(-c2ocnc2C)n1C)CC3,7.0
Cc1ccc2c(-c3nnc(SCCCN4CCc5ccc6oc(C)nc6c5CC4)n3C)cccc2n1,7.199970640755866
Cc1ncoc1-c1nnc(SCCCN2CCc3nc4ccc(C(F)(F)F)cn4c3CC2)n1C,6.399996913372259
Cc1ccc2c(-c3nnc(SCCCN4CCc5nc6ccc(C(F)(F)F)cn6c5CC4)n3C)cccc2n1,6.799998134593398
Cc1ncoc1-c1nnc(SCCCN2CCc3nc4cc(C(F)(F)F)ccn4c3CC2)n1C,6.699991797446187
CCc1nc2ccc3c(c2s1)CCN(CCCSc1nnc(-c2ocnc2C)n1C)CC3,8.199970640755867
Cc1ccc2c(-c3nnc(SCCCN4CCc5ccc6nc(C)sc6c5CC4)n3C)cccc2n1,7.50003813440381
Cc1cnc(-c2nnc(SCCCN3CCc4ccc5c(C)noc5c4CC3)n2C)cn1,6.0999990348465305
Cc1ccc2c(-c3nnc(SCCCN4CCc5ccc6nc(C(C)(F)F)oc6c5CC4)n3C)cccc2n1,8.700057099977233
Cc1ccc2c(-c3nnc(SCCCN4CCc5cc6c(cc5CC4)OCCN6)n3C)cccc2n1,8.100015437450608
Cc1ccc2c(-c3nnc(SCCCN4CCc5cc6c(cc5CC4)N(S(C)(=O)=O)CCO6)n3C)cccc2n1,7.899974269892137
Cc1ncoc1-c1nnc(SCCCN2CCc3cc4c(cc3CC2)N(C)C(=O)CO4)n1C,7.199970640755866
Cc1ccc2c(-c3nnc(SCCCN4CCc5cc6c(cc5CC4)N(C)C(=O)CO6)n3C)cccc2n1,7.400007822415902
Cc1noc2cc3c(cc12)CCN(CCCSc1nnc(-c2ccc(C(F)(F)F)cc2)n1C)CC3,7.899974269892137
CCc1noc2cc3c(cc12)CCN(CCCSc1nnc(-c2cccc4nc(C)ccc24)n1C)CC3,7.599980364934842
Cc1ccc2c(-c3nnc(SCCCN4CCc5cc6onc(C)c6cc5CC4)n3C)cccc2n1,7.700057099977233
Cc1cc(-c2nc3cc4c(cc3o2)CCN(CCCSc2nnc(-c3ocnc3C)n2C)CC4)n(C)n1,8.400007822415901
Cc1ccc2c(-c3nnc(SCCCN4CCc5cc6nc(-c7cc(C)nn7C)oc6cc5CC4)n3C)cccc2n1,8.100015437450608
Cc1ccc2c(-c3nnc(SCCCN4CCc5cc6nc(C(F)(F)C(F)(F)F)oc6cc5CC4)n3C)cccc2n1,8.299988937677888
Cc1ccc2c(-c3nnc(SCCCN4CCc5cc6nc(N7CCCCC7)oc6cc5CC4)n3C)cccc2n1,8.299988937677888
Cc1ccc2c(-c3nnc(SCCCN4CCc5cc6nc(CC7CC7)oc6cc5CC4)n3C)cccc2n1,7.899974269892137
COCc1nc2cc3c(cc2o1)CCN(CCCSc1nnc(-c2cccc4nc(C)ccc24)n1C)CC3,6.599997654072044
Cc1ncoc1-c1nnc(SCCCN2CCc3cc4nc(C(C)(F)F)oc4cc3CC2)n1C,7.700057099977233
Cc1ccc2c(-c3nnc(SCCCN4CCc5cc6nc(C(F)(F)F)oc6cc5CC4)n3C)cccc2n1,7.299988937677887
CCc1nc2cc3c(cc2o1)CCN(CCCSc1nnc(-c2ccc(F)c(F)c2)n1C)CC3,7.599980364934842
Cc1nc2cc3c(cc2o1)CCN(CCCSc1nnc(-c2ccc(C(F)(F)F)cc2)n1C)CC3,7.599980364934842
Cc1ccc2c(-c3nnc(SCCCN4CCc5cc6nc(C(C)(C)C)oc6cc5CC4)n3C)cccc2n1,9.100015437450608
Cc1ncoc1-c1nnc(SCCCN2CCc3cc4nc(C5CC5)oc4cc3CC2)n1C,6.699991797446187
Cc1ccc2c(-c3nnc(SCCCN4CCc5cc6nc(C7CC7)oc6cc5CC4)n3C)cccc2n1,7.299988937677887
CCCc1nc2cc3c(cc2o1)CCN(CCCSc1nnc(-c2cccc4nc(C)ccc24)n1C)CC3,8.400007822415901
CCc1nc2cc3c(cc2o1)CCN(CCCSc1nnc(-c2cccc4nc(C)ccc24)n1C)CC3,7.899974269892137
Cc1ccc2c(-c3nnc(SCCCN4CCc5cc6ncoc6cc5CC4)n3C)cccc2n1,7.299988937677887
Cc1ncoc1-c1nnc(SCCCN2CCc3cc4ncoc4cc3CC2)n1C,6.699991797446187
Cc1ccc2c(-c3nnc(SCCCN4CCc5cc6nc(C)oc6cc5CC4)n3C)cccc2n1,7.199970640755866
Cc1ccc2c(-c3nnc(SCCC(C)N4CCc5cc6nc(C(F)(F)F)oc6c(Br)c5CC4)n3C)cccc2n1,7.0
Cc1ccc2c(-c3nnc(SCCC(C)N4CCc5cc6nc(C(F)(F)F)oc6c(C)c5CC4)n3C)cccc2n1,7.100015437450609
CCc1nc2cc3c(c(C)c2o1)CCN(C(C)CCSc1nnc(-c2cccc4nc(C)ccc24)n1C)CC3,6.900008766455316
Cc1ccc2c(-c3nnc(SCCC(C)N4CCc5cc6nc(C)oc6c(C)c5CC4)n3C)cccc2n1,6.599997654072044
Cc1ccc2c(-c3nnc(SCCN4CCc5cc6nc(C(F)(F)F)oc6c(C)c5CC4)n3C)cccc2n1,6.900008766455316
Cc1ccc2c(-c3nnc(SCCN4CCc5cc6nc(C)oc6c(C)c5CC4)n3C)cccc2n1,6.499996931948306
Cc1ccc2c(-c3nnc(SCCN4CCc5cc6nc(C(F)(F)F)oc6c(Br)c5CC4)n3C)cccc2n1,6.499996931948306
CCc1nc2cc3c(c(Br)c2o1)CCN(CCSc1nnc(-c2cccc4nc(C)ccc24)n1C)CC3,6.699991797446187
Cc1ccc2c(-c3nnc(SCCN4CCc5cc6nc(C)oc6c(Br)c5CC4)n3C)cccc2n1,6.499996931948306
Cc1ccc2c(-c3nnc(SCCN4CCc5cc6nc(C)oc6cc5CC4)n3C)cccc2n1,7.50003813440381
Cc1ccc2c(-c3nnc(SCCCCN4CCc5cc6nc(C(F)(F)F)oc6c(C)c5CC4)n3C)cccc2n1,7.199970640755866
CCc1nc2cc3c(c(C)c2o1)CCN(CCCCSc1nnc(-c2cccc4nc(C)ccc24)n1C)CC3,7.599980364934842
Cc1ccc2c(-c3nnc(SCCCCN4CCc5cc6nc(C)oc6c(C)c5CC4)n3C)cccc2n1,8.199970640755867
CCc1nc2cc3c(c(Br)c2o1)CCN(CCCCSc1nnc(-c2cccc4nc(C)ccc24)n1C)CC3,7.400007822415902
Cc1ccc2c(-c3nnc(SCCCN4CCc5cc6nc(C(C)(C)C)oc6c(C)c5CC4)n3C)cccc2n1,7.400007822415902
Cc1ccc2c(-c3nnc(SCCCN4CCc5cc6nc(C)oc6c(C)c5CC4)n3C)cccc2n1,7.400007822415902
Cc1ccc2c(-c3nnc(SCCCN4CCc5cc6nc(C(C)(C)C)oc6c(Br)c5CC4)n3C)cccc2n1,7.899974269892137
CCc1nc2cc3c(cc2s1)CCN(CCCSc1nnc(-c2ocnc2C)n1C)CC3,8.400007822415901
Cc1ccc2c(-c3nnc(SCCCN4CCc5cc6nc(C)sc6cc5CC4)n3C)cccc2n1,7.700057099977233
Cc1ccc2c(-c3nnc(SCCCCN4CCc5cc6c(cc5CC4)C(=O)N(C(C)C)C6)n3C)cccc2n1,7.400007822415902
Cc1ccc2c(-c3nnc(SCCCCN4CCc5cc6c(cc5CC4)C(=O)N(C)C6)n3C)cccc2n1,6.599997654072044
Cc1ccc2c(-c3nnc(SCCCN4CCc5cc6c(cc5CC4)C(=O)N(C(C)C)C6)n3C)cccc2n1,7.599980364934842
Cc1ccc2c(-c3nnc(SCCCN4CCc5cc6c(cc5CC4)C(=O)N(C)C6)n3C)cccc2n1,6.199998172182031
Cc1cc2c(-c3nnc(SCCCN4CCc5ccc(-c6cc(C)nn6C)cc5CC4)n3C)cccc2cn1,8.79997073344623
Fc1cccc(N2CCN(Cc3cnn4ccccc34)CC2)n1,6.229147988357855
FCCOc1ccc(N2CCN(Cc3cc4ccccn4n3)CC2)cc1,4.823908740944319
Brc1cccc(N2CCN(Cc3cc4ccccn4n3)CC2)n1,6.031517051446065
Brc1cccc(N2CCN(Cc3cnn4ccccc34)CC2)n1,6.3872161432802645
COc1cccc2cc3n(c12)CCN(CCCCN1CCn2c(cc4ccccc42)C1=O)C3,8.065501548756432
Clc1cccc(N2CCN(CCCCCOc3cc4ccccc4cn3)CC2)c1Cl,9.853871964321762
Clc1cccc(N2CCN(CCCCOc3ccc4cccnc4c3)CC2)c1Cl,8.086186147616283
Cc1cccc(N2CCN(CCCCNC(=O)c3cc4ccccc4o3)CC2)c1,8.346787486224656
O=C1c2cc3ccccc3n2CCN1CCCCN1CCN(c2cccc(Cl)c2Cl)CC1,9.978810700930062
N#Cc1cccc(N2CCN(CCCCN3CCn4c(cc5ccccc54)C3=O)CC2)c1,8.431798275933005
N#Cc1cccc(N2CCN(CCCCNC(=O)c3cc4ccccc4o3)CC2)c1,9.267606240177033
O=C(NCCCCN1CCN(c2cccc(Cl)c2)CC1)c1cc2ccccc2cn1,9.568636235841012
O[C@@]1(c2ccc(Cl)cc2)C[C@@H]2CC[C@H](C1)N2Cc1c[nH]c2ccccc12,7.693574972449313
O[C@]1(c2ccc(Cl)cc2)C[C@@H]2CC[C@H](C1)N2Cc1coc2c1ccc1ccccc12,8.698970004336019
O[C@]1(c2ccc(Cl)cc2)C[C@@H]2CC[C@H](C1)N2Cc1coc2ccc3ccccc3c12,8.075720713938118
O[C@]1(c2ccc(Cl)cc2)C[C@@H]2CC[C@H](C1)N2Cc1coc2ccc(F)cc12,9.431798275933003
COc1ccc2occ(CN3[C@H]4CC[C@@H]3C[C@@](O)(c3ccc(Cl)cc3)C4)c2c1,8.67778070526608
O[C@]1(c2ccc(Br)cc2)C[C@@H]2CC[C@H](C1)N2Cc1coc2ccccc12,9.036212172654444
O[C@]1(c2ccc(F)cc2)C[C@@H]2CC[C@H](C1)N2Cc1coc2ccccc12,8.920818753952375
O[C@]1(c2cccc(Cl)c2Cl)C[C@@H]2CC[C@H](C1)N2Cc1coc2ccccc12,7.492144128304169
O[C@@]1(c2ccc(Cl)c(Cl)c2)C[C@@H]2CC[C@H](C1)N2Cc1coc2ccccc12,9.468521082957745
O[C@]1(c2cccc(Cl)c2Cl)C[C@@H]2CC[C@H](C1)N2Cc1csc2ccccc12,6.3655227298392685
COc1ccc2[nH]cc(CN3[C@H]4CC[C@@H]3C[C@@](O)(c3ccc(SC)cc3)C4)c2c1,5.91721462968355
O[C@]1(c2ccc(Cl)cc2)C[C@@H]2CC[C@H](C1)N2Cc1n[nH]c2ccccc12,7.072116589669293
COc1ccccc1[C@@]1(O)C[C@@H]2CC[C@H](C1)N2Cc1c[nH]c2ccccc12,5.193141970481182
O[C@]1(c2ccc(Cl)c(Cl)c2)C[C@@H]2CC[C@H](C1)N2Cc1c[nH]c2ccccc12,8.197226274708024
COc1ccccc1N1CCN(CCCCOc2ccc(C3CN4C=CSC4=N3)cc2)CC1,9.920818753952377
COc1ccccc1N1CCN(CCCNC(=O)c2ccc(-n3ccnc3)cc2)CC1,7.020907099361674
COc1cccc(N2CCN(CCCCNC(=O)c3ccc(-n4ccnc4)cc3)CC2)c1,7.701146923590294
COc1ccc(N2CCN(CCCCNC(=O)c3ccc(-n4ccnc4)cc3)CC2)cc1,6.675717544702307
O=C(NCCCCN1CCN(c2ccccc2OCCF)CC1)c1ccc(-n2ccnc2)cc1,8.530177984021837
O=C(NCCCCN1CCN(c2ccccc2OCCF)CC1)c1ccc2nonc2c1,7.655607726314889
O=C(NCCCCN1CCN(c2cccc(OCCF)c2)CC1)c1ccc(-n2ccnc2)cc1,7.326058001365912
O=C(NCCCCN1CCN(c2cccc(OCCF)c2)CC1)c1ccc2nonc2c1,6.645891560852599
COc1cc(F)cc(N2CCN(CCCCNC(=O)c3ccc(-n4ccnc4)cc3)CC2)c1,7.534617148551582
COc1ccc(N2CCN(CCCN3CCc4ccccc4C3=O)CC2)cc1,5.0
O=C1c2ccccc2CCN1CCCN1CCN(c2ccccn2)CC1,5.079999880484295
O=C1c2ccccc2CCN1CCCN1CCN(c2ncccn2)CC1,4.609999985082743
O=C1c2ccccc2CCN1CCCN1CCN(c2cccc(C(F)(F)F)c2)CC1,5.620000528471499
COc1ccc(N2CCN(CCCN3CCCc4ccccc4C3=O)CC2)cc1,5.95999928552668
O=C1c2ccccc2CCCN1CCCN1CCN(c2ccccn2)CC1,5.380000399499541
O=C1c2ccccc2CCCN1CCCN1CCN(c2ncccn2)CC1,5.079999880484295
COc1ccc(N2CCN(CCCN3CCCCc4ccccc4C3=O)CC2)cc1,5.049999969853415
COc1ccccc1N1CCN(CCCCN2CCc3ccccc3C2=O)CC1,8.636388020107855
O=C1c2ccccc2CCN1CCCCN1CCN(c2ccccn2)CC1,7.92009553233328
O=C1c2ccccc2CCN1CCCCN1CCN(c2ncccn2)CC1,5.820000358220839
COc1cccc(N2CCN(CCCCN3CCc4ccccc4C3=O)CC2)c1,7.389978975335855
COc1ccccc1N1CCN(CCCCN2CCCc3ccccc3C2=O)CC1,9.032686081712916
COc1ccc(N2CCN(CCCCN3CCCc4ccccc4C3=O)CC2)cc1,7.393941250589686
O=C1c2ccccc2CCCN1CCCCN1CCN(c2ccccn2)CC1,6.399996913372259
O=C1c2ccccc2CCCN1CCCCN1CCN(c2ncccn2)CC1,6.199998172182031
COc1ccccc1N1CCN(CCCCCN2CCc3ccccc3C2=O)CC1,7.489991487059766
COc1ccccc1N1CCN(CCC(O)CNC(=O)c2cc3ccccc3[nH]2)CC1,9.296708621881338
O=C(NCCC(O)CN1CCN(c2cccc(Cl)c2Cl)CC1)c1cc2cc(I)ccc2o1,8.251424383069008
COc1ccccc1N1CCN(CC(O)CCNC(=O)c2cc3ccccc3o2)CC1,8.19010375339756
O=C(NCCC(O)CN1CCN(c2cccc(Cl)c2Cl)CC1)c1cc2ccccc2o1,8.450383760480914
COc1ccc2[nH]c(C(=O)NCCC(O)CN3CCN(c4ccccc4OC)CC3)cc2c1,8.6345120151091
COc1ccccc1N1CCN(CC(O)CCNC(=O)c2cc3cc(I)ccc3[nH]2)CC1,8.443697499232712
O=C(NCCC(O)CN1CCN(c2cccc(Cl)c2Cl)CC1)c1cc2cc(I)ccc2[nH]1,8.283162276700475
COc1ccccc1N1CCN(CC(O)CCNC(=O)c2cc3ccccc3[nH]2)CC1,8.858550226599533
COc1ccccc1N1CCN(C/C=C/CNC(=O)c2cc3ccccc3s2)CC1,8.58335949266172
COc1ccccc1N1CCN(C/C=C/CNC(=O)c2cc3ccccc3o2)CC1,7.94692155651658
O=C(NC/C=C/CN1CCN(c2cccc(Cl)c2Cl)CC1)c1cc2ccccc2[nH]1,9.356547323513812
COc1ccccc1N1CCN(CCCCNC(=O)c2cc3ccccc3[nH]2)CC1,9.494850021680094
O=C(NCCCCN1CCN(c2cccc(Cl)c2Cl)CC1)c1cc2cc(F)ccc2[nH]1,9.397940008672036
CCN1CCC[C@H]1CNC(=O)c1cc(Br)cc(OC)c1OC,9.657577319177792
CCCN(CCCCNC(=O)c1ccc(-c2ccccc2)cc1)C1CC=C(C#C[Si](C)(C)C)CC1,8.356547323513812
CCCN(CCCCNC(=O)c1ccc(-c2ccccc2)cc1)C1CC=C(C#Cc2ccccc2)CC1,6.522878745280337
CCCN(CCCCn1cc(-c2ccc(-c3ccccc3)cc2)nn1)C1CC=C(C#C[Si](C)(C)C)CC1,7.886056647693163
CCCN(CCCCn1cc(-c2ccc(-c3ccccc3)cc2)nn1)C1CC=C(C#Cc2ccccc2)CC1,6.823908740944319
CCCNCCCCNC(=O)c1ccc(-c2ccccc2)cc1,4.958607314841775
CCCN(CCCCNC(=O)c1ccc(-c2ccccc2)cc1)C1CCCCC1,6.853871964321762
Cc1ccc(Cn2ncc(N3CCNCC3)c(Cl)c2=O)cc1NC(=O)c1ccc(-c2ccccc2)cc1,6.109998386815364
Cc1c(Cn2ncc(N3CCNCC3)c(Cl)c2=O)cccc1NC(=O)c1ccc(-c2ccccc2)cc1,5.450000476425332
CCCN1CCO[C@@H]2c3cc4c(cc3CC[C@H]21)CCNC4=O,7.419987887470576
CCCN1CCO[C@@H]2c3cc(C#N)ccc3CC[C@H]21,7.400007822415902
CCCN1CCO[C@@H]2c3cc4c(cc3CC[C@H]21)COC4=O,8.119987161633228
CCCN1CCO[C@@H]2c3cc(C(=O)OCC)ccc3CC[C@H]21,5.579999668433626
O=C(CCCN1CCCN(c2ccc(Cl)cc2)CC1)c1ccc(F)cc1,6.799149501908922
O=C(CCCN1CCN(c2ncccn2)CC1)c1ccc(F)cc1,6.612432220582812
O=C(CCCN1CC2CC1CN2c1ccc(Cl)cc1)c1ccc(F)cc1,6.657577319177793
CN(CCC=C1c2ccccc2CCc2ccccc21)C(=O)Cc1ccc(OCCCN2CCCCC2)cc1,6.486782399932061
CN(CCC=C1c2ccccc2CCc2ccccc21)C(=O)c1ccc(OCCCN2CCCCC2)cc1,6.614393726401688
CN(CCCC12CCC(c3ccccc31)c1ccccc12)Cc1ccc(OCCCN2CCCCC2)cc1,6.826813731587726
CN(CCCN1c2ccccc2Sc2ccc(Cl)cc21)Cc1ccc(OCCCN2CCCCC2)cc1,7.301029995663981
Clc1ccc2c(c1)N=C(N1CCN(Cc3ccc(OCCCN4CCCCC4)cc3)CC1)c1ccccc1N2,6.651695136951839
OCCN1CCN(CCCN2c3ccccc3Sc3ccc(C(F)(F)F)cc32)CC1,8.768020973168495
O=C(OCCN1CCN(CCCN2c3ccccc3Sc3ccc(C(F)(F)F)cc32)CC1)c1ccc(OCCCN2CCCCC2)cc1,7.823908740944319
OC1(c2ccc(Cl)cc2)CC2CCC(C1)N2CCc1c[nH]c2ccccc12,7.744727494896693
OC1(c2ccc(Cl)cc2)CCN(Cc2c[nH]c3ccccc23)C1,5.541513236201793
Clc1ccc(N2CCCN(Cc3c[nH]c4ncccc34)CC2)cc1,6.431798275933005
Clc1ccc(N2CCC3CCC(C2)N3Cc2c[nH]c3ncccc23)cc1,6.474307475494989
Cc1ccc2c3c(ccc2n1)OC[C@H](CN1CCN(c2ccc4cc(C#N)ccc4n2)CC1)O3,5.880744110722064
O=C1N(CCN2Cc3ccccc3C2)CCN1c1cccc(Cl)c1,8.599980364934842
O=C1N(CCN2Cc3ccccc3C2)CCN1c1cc(Cl)cc(Cl)c1,8.899974269892137
N#Cc1cc(N2CCN(CCN3Cc4ccccc4C3)C2=O)ccc1F,7.79997073344623
O=C1N(CCN2Cc3ccccc3C2)CCN1c1ccc(F)c(Cl)c1,7.700057099977233
CC(C)Oc1cccc(N2CCN(CCN3Cc4ccccc4C3)C2=O)c1,7.400007822415902
O=C1N(CCN2Cc3ccccc3C2)CCN1c1cc(F)cc(Cl)c1,8.79997073344623
O=C1N(CCN2Cc3ccccc3C2)CCN1c1cc(Cl)ccc1F,8.199970640755867
O=C1N(CCN2Cc3ccccc3C2)CCN1c1ccc2sccc2c1,7.199970640755866
Cc1nc2cc(N3CCN(CCN4Cc5ccccc5C4)C3=O)ccc2s1,6.599997654072044
O=C1N(CCN2Cc3ccccc3C2)CCN1c1csc2ccccc12,6.900008766455316
O=C1N(CCN2Cc3ccccc3C2)CCN1c1ccc2occc2c1,6.900008766455316
CC(=O)n1ccc2cc(N3CCN(CCN4Cc5ccccc5C4)C3=O)ccc21,6.299997602857746
Cc1ccc(N2CCN(CCN3Cc4ccccc4C3)C2=O)cn1,7.199970640755866
O=C1N(CCN2Cc3ccccc3C2)CCN1c1cscc1-c1ccccn1,6.699991797446187
O=C1N(CCN2Cc3ccccc3C2)CCN1Cc1ccccc1,6.199998172182031
O=C1N(CCN2Cc3ccccc3C2)CCN1Cc1cccc(Cl)c1,6.900008766455316
O=C1N(CCN2Cc3ccccc3C2)CCN1Cc1cccc(C(F)(F)F)c1,7.899974269892137
O=C1N(CCN2Cc3ccccc3C2)CCN1Cc1cc(Cl)ccc1Cl,6.799998134593398
CC(c1cccc(C(F)(F)F)c1)N1CCN(CCN2Cc3ccccc3C2)C1=O,6.299997602857746
CC1CCCCN1CCN1CCN(c2cccc(Cl)c2)C1=O,8.100015437450608
CC1CCN(CCN2CCN(c3cccc(Cl)c3)C2=O)CC1,8.599980364934842
O=C1N(CCN2CCC(C(F)(F)F)CC2)CCN1c1cccc(O)c1,8.899974269892137
O=C1N(CCN2CCC(C(F)(F)F)CC2)CCN1c1cccc(Cl)c1,8.79997073344623
N#Cc1cc(N2CCN(CCN3CCC(C(F)(F)F)CC3)C2=O)ccc1F,8.100015437450608
COc1cccc(N2CCN(CCN3CCC(C(F)(F)F)CC3)C2=O)c1,8.0
O=C1N(CCN2CCC(C(F)(F)F)CC2)CCN1c1cccc(Cl)c1F,7.400007822415902
CC(C)N1CCN(CCN2CCN(c3cccc(C#N)c3)C2=O)CC1,8.400007822415901
CC(C)N1CCN(CCN2CCN(c3cccc(OC(F)(F)F)c3)C2=O)CC1,8.500038134403809
CC(C)N1CCN(CCN2CCN(c3ccc(F)c(C#N)c3)C2=O)CC1,6.900008766455316
COc1cccc(N2CCN(CCN3CCN(C(C)C)CC3)C2=O)c1,6.799998134593398
COc1ccccc1N1CCN(Cc2c(C)nc3cc(C)nc(C)n23)CC1,5.468521082957745
COc1ccc(N2CCN(Cc3c(C)nc4cc(C)nc(C)n34)CC2)cc1,8.070581074285707
Clc1nccc2c(CN3CCN(c4ccccc4)CC3)c[nH]c12,5.214670164989233
Cc1cc2nc(C)c(CN3CCN(c4ccccc4)CC3)n2c(C)n1,5.376750709602099
Cc1cc2nc(C)c(CN3CCN(c4ccccn4)CC3)n2c(C)n1,6.1938200260161125
COc1ccccc1N1CCN(Cc2cnc3cc(C)nc(C)n23)CC1,5.823908740944319
Cn1c(N2CCCC2)nc2c(CN3CCN(c4ccccn4)CC3)c[nH]c2c1=O,6.508638306165727
Cn1c(N2CCCC2)nc2c(CN3CCN(c4ccc(F)cc4)CC3)c[nH]c2c1=O,6.200659450546418
CCN(CC)CCN1CCN(c2cccc(Cl)c2)C1=O,8.599980364934842
COC[C@@H]1CCCN1N1CCN(c2cccc(Cl)c2)C1=O,7.100015437450609
CC1(C)C[C@@H]2C[C@@](C)(CN2CCN2CCN(c3cccc(Cl)c3)C2=O)C1,7.899974269892137
COCC1[C@@H]2CC[C@H]1CN(CCN1CCN(c3cccc(Cl)c3)C1=O)C2,6.799998134593398
C[C@@]12CC(c3ccccc3)C[C@@H](C1)N(CCN1CCN(c3cccc(Cl)c3)C1=O)C2,7.700057099977233
CC1(C)[C@H]2CC[C@]1(C)CN(CCN1CCN(c3cccc(Cl)c3)C1=O)C2,7.79997073344623
COc1cccc(C2CCCN(CCN3CCN(c4cccc(Cl)c4)C3=O)C2)c1,6.199998172182031
O=C1N(CCN2CCCC(OCc3ccccc3)C2)CCN1c1cccc(Cl)c1,7.0
COc1cccc(CCN(C)CCN2CCN(c3cccc(Cl)c3)C2=O)c1,6.900008766455316
O=C1N(CCN2CCC(c3nnc(-c4ccccc4)o3)CC2)CCN1c1cccc(Cl)c1,6.799998134593398
CN(CCN1CCN(c2cccc(Cl)c2)C1=O)Cc1cc2ccccc2s1,7.50003813440381
O=C1N(CCN2CCCc3sccc3C2)CCN1c1cccc(Cl)c1,9.199970640755865
CN(CCN1CCN(c2cccc(Cl)c2)C1=O)C[C@]12CC[C@H](CC1)C2(C)C,8.199970640755867
CN(CCN1CCN(c2cccc(C(F)(F)F)c2)C1=O)C[C@]12CC[C@H](CC1)C2(C)C,8.79997073344623
Cc1ccc(N2CCN(CCN(C)C[C@]34CC[C@H](CC3)C4(C)C)C2=O)cc1,7.599980364934842
CN(CCN1CCN(c2ccc3c(c2)OCO3)C1=O)C[C@]12CC[C@H](CC1)C2(C)C,7.299988937677887
O=C(NCCCCN1CCN(c2cccc(Cl)c2Cl)CC1)c1cn(-c2ccc([N+](=O)[O-])cc2)nn1,6.494850021680094
O=C(CCCc1cn(-c2ccc([N+](=O)[O-])cc2)nn1)NCCCCN1CCN(c2cccc(Cl)c2Cl)CC1,5.657577319177793
O=C1CC(CN2CCC(c3noc4cc(F)ccc34)CC2)Cc2ncncc21,6.549997369826814
CSc1ncc2c(n1)CC(CN1CCC(c3noc4cc(F)ccc34)CC1)CC2=O,7.349984047528161
COc1ccccc1N1CCN(CCCCNC(=O)c2ccc(-c3cn(Cc4ccc(-c5ccc(Cn6cc(-c7ccc(C(=O)NCCCCN8CCN(c9ccccc9OC)CC8)cc7)nn6)cc5)cc4)nn3)cc2)CC1,7.154901959985743
CCCN(CCN1CCN(c2ccc(-c3ccncc3)cc2)CC1)[C@H]1CCc2nc(N)sc2C1,8.320572103387882
CCCN(CCN1CCN(c2cccc3ncccc23)CC1)C1CCc2ccc(O)cc2C1,8.896196279044043
CCCN(CCN1CCN(c2ccc3ccccc3c2)CC1)C1CCc2ccc(O)cc2C1,9.164309428507574
CCCN(CCN1CCN(c2cccc3ccccc23)CC1)C1CCc2ccc(O)cc2C1,9.361510743045365
CCCN(CCN1CCN(c2nccc3ccccc23)CC1)C1CCc2ccc(O)cc2C1,9.35556141053216
CCCN(CCN1CCN(C(=O)c2cc3ccccc3[nH]2)CC1)[C@H]1CCc2c(O)cccc2C1,9.244125144327509
CN(CCN1CCN(C2COOC2)C1=O)C[C@]12CC[C@H](CC1)C2(C)C,7.299988937677887
COc1ccc2c(c1)CCN1Cc3ccccc3CC21,6.600326278518962
COc1cc2c3c(c1OC)-c1cc4c(cc1CC3N(C)CC2)OCO4,6.510041520575165
Cn1c(CN2CCC(c3ccccc3F)CC2)nc2ccccc21,7.0
Cn1c(CN2CCC(c3ccc(Cl)cc3)CC2)nc2ccccc21,6.499996931948306
Cn1c(CN2CCC(c3ccccc3C(F)(F)F)CC2)nc2ccccc21,6.299997602857746
Cn1c(CN2CCC(c3cccc(Cl)c3)CC2)nc2ccccc21,5.800000874803203
Cn1c(CN2CCC(c3nsc4ccccc34)CC2)nc2ccccc21,5.40000018605658
Cn1c(CN2CCC(c3ncc(C(F)(F)F)cc3Cl)CC2)nc2ccccc21,5.800000874803203
Cn1c(CN2CCN(c3ncc(C(F)(F)F)cc3Cl)CC2)nc2ccccc21,5.300000202445418
CCCN(CCN1CCN(c2ccnc3c(O)cccc23)CC1)C1CCc2c(O)cccc2C1,8.881074247174224
CCCN(CCN1CCN(c2ccnc3c(O)cccc23)CC1)C1CCc2ccc(O)cc2C1,8.981299501333757
O=C1N(CCN2CCCCCC2)CCN1c1cc(Cl)cc(Cl)c1,8.79997073344623
Cc1cccc(N2CCN(CCN3CCCCCC3)C2=O)c1,7.100015437450609
COc1cccc(N2CCN(CCN3CCCCCC3)C2=O)c1,7.299988937677887
O=C1N(CCN2CCCCCC2)CCN1c1cccc(C(F)(F)F)c1,9.0
O=C1N(CCN2CCCCCC2)CCN1c1ccccc1,7.199970640755866
O=C1N(CCN2CCCCCC2)CCN1c1cccc(F)c1,7.79997073344623
O=C1N(CCN2CCCCCC2)CCN1c1ccc(F)c(Cl)c1,7.599980364934842
O=C1N(CCN2CCCCCC2)CCN1c1cccnc1,7.100015437450609
O=S1(=O)N(CCN2CCCCCC2)CCN1c1cccc(Cl)c1,6.499996931948306
O=C1N(CC2CCCCN2)CCN1c1cccc(Cl)c1,8.400007822415901
CN1CCc2ccccc2Cc2c([nH]c3ccccc23)CC1,6.289882634888183
CN1CCc2ccccc2Cc2c[nH]c3cccc(c23)CC1,7.367542707815276
Cc1ncoc1-c1nnc(SCCCN2CC3CC3(c3ccc(Cl)cc3)C2)n1C,9.081681278350402
Cc1ncoc1-c1nnc(SCCCN2CC3CC3(c3ccc(F)cc3)C2)n1C,8.147123710525113
Cc1ncoc1-c1nnc(SCCCN2CC3CC3(c3ccc(Br)cc3)C2)n1C,8.922069148893089
Cc1ncoc1-c1nnc(SCCCN2CC3CC3(c3cccc(F)c3)C2)n1C,8.299988937677888
Cc1ncoc1-c1nnc(SCCCN2CC3CC3(c3ccc(Cl)cc3F)C2)n1C,8.355462942221592
COc1cccc(C23CC2CN(CCCSc2nnc(-c4ocnc4C)n2C)C3)c1,8.349546764911688
Cc1ncoc1-c1nnc(SCCCN2CC3CC3(c3ccc(C(F)(F)F)c(F)c3)C2)n1C,9.247106845115406
COc1ccc(C23CC2CN(CCCSc2nnc(-c4ocnc4C)n2C)C3)cc1C(F)(F)F,8.899974269892137
COc1ccc(C23CC2CN(CCCSc2nnc(-c4ocnc4C)n2C)C3)cc1Cl,8.388595362288406
Cc1cc(C(F)(F)F)ccc1C12CC1CN(CCCSc1nnc(-c3ocnc3C)n1C)C2,7.0
Cc1ncoc1-c1nnc(SCCCN2CC3CC3(c3ccc(F)c(C(F)(F)F)c3)C2)n1C,9.121995529731976
Cc1ncoc1-c1nnc(SCCCN2CC3CC3(c3cccc(C(F)(F)F)c3F)C2)n1C,8.988577588511541
Cc1ncoc1-c1nnc(SCCCN2CC3CC3(c3cccc(OC(F)(F)F)c3)C2)n1C,8.88856944823402
Cc1ccc2c(-c3nnc(SCCCN4CC5CC5(c5ccc(C#N)cc5)C4)n3C)cccc2n1,7.50003813440381
Cc1ncoc1-c1nnc(SCCCN2CC3CC3(c3ccccc3C(F)(F)F)C2)n1C,7.50003813440381
Cc1ncoc1-c1nnc(SCCCN2CC3CC3(c3cccc(Cl)c3)C2)n1C,8.212390771447462
Cc1ncccc1-c1nnc(SCCCN2C[C@@H]3C[C@]3(c3ccc(C(F)(F)F)cc3)C2)n1C,9.0
Cn1c(SCCCN2C[C@@H]3C[C@]3(c3ccc(C(F)(F)F)cc3)C2)nnc1-c1ccnnc1,9.0
Cc1ccc(-c2nnc(SCCCN3C[C@@H]4C[C@]4(c4ccc(C(F)(F)F)cc4)C3)n2C)cn1,9.100015437450608
Cc1ncoc1-c1nnc(SCCCN2CC3CC3(c3cc(F)cc(C(F)(F)F)c3)C2)n1C,9.147123710525111
Cn1c(SCCCN2C[C@@H]3C[C@]3(c3ccc(C(F)(F)F)cc3)C2)nnc1-c1ccccc1,9.199970640755865
Cc1cnc(-c2nnc(SCCCN3C[C@@H]4C[C@]4(c4ccc(C(F)(F)F)cc4)C3)n2C)cn1,9.199970640755865
Cc1nc(C)c(-c2nnc(SCCCN3C[C@@H]4C[C@]4(c4ccc(C(F)(F)F)cc4)C3)n2C)s1,9.599980364934842
CCCCc1ccc(S(=O)(=O)Nc2ccc3c(c2)CCN(Cc2cc[nH]n2)CC3)cc1,8.400007822415901
O=S(=O)(Nc1ccc2c(c1)CCN(Cc1cc[nH]n1)CC2)c1ccc(-c2ccccn2)s1,6.699991797446187
CN1CCOc2cc(S(=O)(=O)Nc3ccc4c(c3)CCN(Cc3cc[nH]n3)CC4)ccc21,6.199998172182031
CC(C)Oc1ccc(S(=O)(=O)Nc2ccc3c(c2)CCN(Cc2cc[nH]n2)CC3)cc1,7.700057099977233
Cc1ccc(S(=O)(=O)Nc2ccc3c(c2)CCN(Cc2cc[nH]n2)CC3)cc1Cl,7.0
Cc1cc(O)c2c(=O)c3c(O)cc(O)c4c5c(O)cc(O)c6c(=O)c7c(O)cc(C)c8c1c2c(c34)c(c78)c65,7.462180904926726
COc1cccc2[nH]cc(CN3CCC(O)(c4ccc(Br)cc4)CC3)c12,6.721246399047171
OC1(c2ccc(Br)cc2)CCN(Cc2c[nH]c3ccccc23)CC1,6.958607314841775
Cc1ncoc1-c1nnc(SCCCN2CC3CC3(c3cccc(S(F)(F)(F)(F)F)c3)C2)n1C,8.228167639223955
O=S(=O)(Nc1ccc([C@]23CNC[C@H]2C3)cc1)c1ccc(C(F)(F)F)cc1,6.599997654072044
CN(c1ccc([C@]23CNC[C@H]2C3)cc1)S(=O)(=O)c1ccccc1,7.100015437450609
CCC(C)(C)c1ccc(S(=O)(=O)Nc2ccc([C@]34CNC[C@H]3C4)cc2)cc1,8.199970640755867
COc1ccccc1N1CCN(CCCCNc2ccccn2)CC1,6.703334809738469
Fc1ccccc1N1CCN(CCCCNc2ccccn2)CC1,6.876148359032914
Cc1ccccc1N1CCN(CCCCNc2ccccn2)CC1,6.416801226031377
Clc1cccc(N2CCN(CCCCNc3nccc4ccccc34)CC2)c1Cl,7.95663772197887
Fc1ccccc1N1CCN(CCCCNc2ccc(-c3ccccc3)cn2)CC1,6.913640169325252
FC(F)(F)c1cccc(N2CCN(CCCCNc3ccc(-c4ccccc4)cn3)CC2)c1,6.844663962534939
Clc1cccc(N2CCN(CCCCNc3cc(-c4ccccc4)ccn3)CC2)c1Cl,6.735182176990463
FC(F)(F)c1cccc(N2CCN(CCCCNc3cc(-c4ccccc4)ccn3)CC2)c1,6.7121982700697735
CC(C)c1ccc(S(=O)(=O)Nc2ccc([C@]34CNC[C@H]3C4)cc2)cc1,8.599980364934842
Cc1ncoc1-c1nnc(SCCCN2CCC3CC3(c3ccccc3)C2)n1C,6.900008766455316
Cc1ncoc1-c1nnc(SCCCN2CCC3(c4ccccc4)CC3C2)n1C,6.799998134593398
Cc1ncoc1-c1nnc(SCCCN2CCC3CC3(c3ccc(C(F)(F)F)cc3)C2)n1C,8.100015437450608
Cc1ncoc1-c1nnc(SCCCN2CCC3CC3(c3cccc(C(F)(F)F)c3)C2)n1C,7.899974269892137
Cc1nc(C)c(-c2nnc(SCCCN3CCC4CC4(c4ccc(C(F)(F)F)cc4)CC3)n2C)o1,8.0
Cn1c(SCCCN2CCC3CC3(c3ccc(C(F)(F)F)cc3)CC2)nnc1-c1ccnnc1,8.400007822415901
Cc1ncoc1-c1nnc(SCCCN[C@H]2CC[C@]3(c4ccc(C(F)(F)F)cc4)CC23)n1C,6.599997654072044
Cc1ncoc1-c1nnc(SCCCN[C@@H]2CC[C@]3(c4ccc(C(F)(F)F)cc4F)CC23)n1C,8.500038134403809
Cc1ncoc1-c1nnc(SCCCN2CCC3(CCCc4cc(Br)ccc43)C2)n1C,8.100015437450608
Cc1ncoc1-c1nnc(SCCCN2CCC3(CCCc4ccc(Br)cc43)C2)n1C,7.79997073344623
COc1cccc2c1CCCC21CCN(CCCSc2nnc(-c3ocnc3C)n2C)C1,7.100015437450609
COc1ccc2c(c1)C1(CCC2)CCN(CCCSc2nnc(-c3ocnc3C)n2C)C1,7.50003813440381
Cc1ncoc1-c1nnc(SCCCN2CCC3(CCOc4ccccc43)C2)n1C,7.0
Cc1ncoc1-c1nnc(SCCCN2CCC3(CCc4cc(Br)ccc43)C2)n1C,8.299988937677888
Cc1nc(C)c(-c2nnc(SCCCN3CCC4(CCc5ccc(Cl)cc54)C3)n2C)s1,7.50003813440381
Cc1ncoc1-c1nnc(SCCCN2CCC3(CCc4cc(F)ccc43)C2)n1C,6.799998134593398
Cc1nc(C)c(-c2nnc(SCCCN3CCC4(CCc5ccc(F)cc54)C3)n2C)s1,7.299988937677887
Cc1ncoc1-c1nnc(SCCCN2[C@H]3CC[C@@H]2C[C@H](c2ccc(C(C)(C)C)cc2)C3)n1C,9.199970640755865
Cc1ncoc1-c1nnc(SCCCN2[C@H]3CC[C@@H]2C[C@H](c2ccc(C(F)(F)F)cc2)C3)n1C,8.0
O=C(CCCN1CCC(O)(c2cc3ccc2CCc2ccc(cc2)CC3)CC1)c1ccc(F)cc1,7.275724130399211
Cc1ccc(C)c(C2(O)CCN(CCCC(=O)c3ccc(F)cc3)CC2)c1,7.568636235841013
O=C(CCCN1CCC(O)(c2ccc(Cl)cc2)CC1)c1cc2ccc1CCc1ccc(cc1)CC2,7.769551078621726
O=C(CCCN1CCC(O)(c2cc3ccc2CCc2ccc(cc2)CC3)CC1)c1cc2ccc1CCc1ccc(cc1)CC2,7.42021640338319
O=C(CCCN1CCN(c2ccc(Cl)cc2)CC1)c1ccc(F)cc1,6.393672387532808
Cc1ccc(C)c(N2CCN(CCCC(=O)c3ccc(F)cc3)CC2)c1,7.119186407719209
O=C(CCCN1CCN(c2ccc(Cl)cc2)CC1)c1cc2ccc1CCc1ccc(cc1)CC2,6.3872161432802645
Cc1ccc(C)c(C(=O)CCCN2CCC(c3ccc(Cl)cc3)CC2)c1,6.537602002101044
O=C(CCCN1CCC(c2cc3ccc2CCc2ccc(cc2)CC3)CC1)c1cc2ccc1CCc1ccc(cc1)CC2,8.3767507096021
Cc1ccc(C)c(C(=O)CCCN2CCC(c3cc(C)ccc3C)CC2)c1,6.376750709602099
O=C(NCCCCN1CCN(c2cc3ccc2CCc2ccc(cc2)CC3)CC1)c1cc2ccccc2s1,8.795880017344075
COc1ccccc1N1CCN(CCCCNC(=O)c2cc(C)ccc2C)CC1,8.327902142064282
Cc1ccc(CNCC2(F)CCN(C(=O)c3csc4ccccc34)CC2)nc1,5.060480747381382
Cc1ccc(CNCC2(F)CCN(C(=O)c3coc4ccccc34)CC2)nc1,4.920818753952375
COc1ccccc1N1CCN(CCCCNC(=O)/C=C/c2ccc(Cl)cc2)CC1,9.356547323513812
COc1ccccc1N1CCN(CCCCNC(=O)/C=C/c2ccccc2)CC1,9.481486060122112
Cc1ccc2c(N3CCN(CCc4cccc(-n5cccn5)c4)CC3)cccc2n1,7.299988937677887
Cc1ccc2c(N3CCN(CCc4cccc(NC(=O)c5cnccn5)c4)CC3)cccc2n1,7.100015437450609
COC(=O)Nc1cccc(CCN2CCN(c3cccc4nc(C)ccc34)CC2)c1,7.0
CCNC(=O)Nc1cccc(CCN2CCN(c3cccc4nc(C)ccc34)CC2)c1,6.900008766455316
Cc1ccc2c(N3CCN(CCc4cccc(N5CCOC5=O)c4)CC3)cccc2n1,6.699991797446187
Cc1ccc2c(N3CCN(CCc4cccc(N5CCNC5=O)c4)CC3)cccc2n1,6.699991797446187
Cc1ccc2c(N3CCN(CCc4cccc(NS(C)(=O)=O)c4)CC3)cccc2n1,6.699991797446187
Fc1cccc(CN[C@H]2C3C4CC5C6C4CC3C6C52)c1,5.145390361904205
CCCN1CCc2cc(F)cc3c2[C@H]1Cc1ccc(O)c(O)c1-3,8.42021640338319
CCCN1CCc2cc(OC)cc3c2[C@H]1Cc1cccc(O)c1-3,6.886056647693163
CCN1CCc2cc(OCCCF)cc3c2[C@H]1Cc1ccc(O)c(O)c1-3,6.638272163982407
CCN1CCc2cc(OCCF)cc3c2[C@H]1Cc1ccc(O)c(O)c1-3,6.6020599913279625
CCCN1CCc2cccc3c2C1Cc1cccc(OCCCn2cc(CCCCN4CCN(c5ccccc5OC)CC4)nn2)c1-3,8.089375595110798
CCCN1CCc2cccc3c2C1Cc1cccc(OCCCn2cc(CCCN4CCN(c5ccccc5OC)CC4)nn2)c1-3,8.088309841246138
CCCN1CCc2cccc3c2C1Cc1cccc(OCc2cn(CCCN4CCN(c5ccccc5OC)CC4)nn2)c1-3,7.67778070526608
CCCN1CCc2cccc3c2C1Cc1cccc(OCc2cn(CCCN4CCN(c5cccc(Cl)c5Cl)CC4)nn2)c1-3,7.455931955649724
CCCN1CCc2cccc3c2C1Cc1cccc(OCCCn2cc(CN4CCN(c5ccccc5OC)CC4)nn2)c1-3,6.55129368009492
CCCN1CCc2cccc3c2C1Cc1cccc(OCCCNCCCO)c1-3,5.345438445258257
COc1ccccc1N1CCN(CCCCNC(=O)c2ccc(CCF)cc2)CC1,8.619788758288394
CN1c2ccccc2Sc2cc(N)ccc21,5.043063586155804
CCCN(CCCCNC(=O)c1ccc(-c2ccccc2)cc1)C1CCn2nccc2C1,9.148741651280924
CCCN(CCCCNC(=O)c1ccc(-c2ccccc2)cc1)C1CCn2ncc(Cl)c2C1,9.229147988357855
COc1ccccc1N1CCN(CCCCN2CCc3cc(F)ccc3C2=O)CC1,8.795880017344075
COc1ccccc1N1CCN(CCCCN2CCc3cc(-c4ccccc4)ccc3C2=O)CC1,9.602059991327964
COc1ccccc1N1CCN(CCCCN2CCCc3cc(-c4cccs4)ccc3C2=O)CC1,9.537602002101044
COc1ccccc1N1CCN(CCCCN2CCc3cc(-c4ccncc4)ccc3C2=O)CC1,9.920818753952377
COc1ccccc1N1CCN(CCCCN2CCc3cc(C#N)ccc3C2=O)CC1,8.886056647693163
Cc1nc(-c2ccc(C(=O)N[C@H]3CC[C@H](CCN4CCc5ccc(S(C)(=O)=O)cc5CC4)CC3)cc2)no1,8.397940008672037
Cc1nc(C)c(-c2nnc(SCCCN3CCC4(c5ccc(C(F)(F)F)cc5)CC34)n2C)s1,9.602059991327964
COc1ccccc1N1CCN(CC(F)CCNC(=O)c2ccc(-c3ccccn3)cc2)CC1,7.688246138944246
O=C(NCCC(F)CN1CCN(c2cccc(Cl)c2Cl)CC1)c1ccc(-c2ccccn2)cc1,8.207608310501746
COc1ccc2oc(C(=O)NCCC(F)CN3CCN(c4ccccc4OC)CC3)cc2c1,7.856985199745905
COc1ccc2oc(C(=O)NCCC(F)CN3CCN(c4cccc(Cl)c4Cl)CC3)cc2c1,8.096910013008056
O=C(NCCC(F)CN1CCN(c2cccc(Cl)c2Cl)CC1)c1cc2ccccc2[nH]1,8.397940008672037
COc1ccccc1N1CCN(CC(F)CCNC(=O)c2ccc3c(c2)Cc2ccccc2-3)CC1,7.995678626217358
O=C(NCCC(F)CN1CCN(c2cccc(Cl)c2Cl)CC1)c1ccc2c(c1)Cc1ccccc1-2,8.585026652029182
COc1ccccc1N1CCN(CC(F)CCNC(=O)c2cc3ccccc3s2)CC1,8.42021640338319
O=C(NCCC(F)CN1CCN(c2cccc(Cl)c2Cl)CC1)c1cc2ccccc2s1,8.537602002101044
COc1ccc2[nH]c(C(=O)NCCC(F)CN3CCN(c4ccccc4OC)CC3)cc2c1,8.337242168318426
O=C(NCCC(F)CN1CCN(c2cccc(Cl)c2Cl)CC1)c1ccc2ccccc2c1,8.214670164989233
CCCN(CCCCN1CCN(c2ccccc2OC)CC1)Cc1csc2ccccc12,7.168130225719498
CCCN(CCCCN1CCN(c2cccc(Cl)c2Cl)CC1)Cc1csc2ccccc12,6.995678626217358
CCCN(CCCCN1CCN(c2ccccc2OC)CC1)Cc1ccc2ccccc2c1,7.092588639225414
OC(CCNCc1ccc2c(c1)Cc1ccccc1-2)CN1CCN(c2cccc(Cl)c2Cl)CC1,6.872895201635193
FC(CCNCc1ccc2c(c1)Cc1ccccc1-2)CN1CCN(c2cccc(Cl)c2Cl)CC1,6.330683119433888
CN(CCC(O)CN1CCN(c2cccc(Cl)c2Cl)CC1)Cc1ccc2c(c1)Cc1ccccc1-2,6.790484985457369
CN(CCC(F)CN1CCN(c2cccc(Cl)c2Cl)CC1)Cc1ccc2c(c1)Cc1ccccc1-2,6.405607449624573
O=C(NCCCCN1CCN(c2cccc(Cl)c2Cl)CC1)c1csc2ccccc12,9.096910013008056
O=C(CCCN1C2C3C4CC5C6C4C2C6C1(O)C53)c1ccc(F)cc1,5.708187312532881
COc1cc2c(cc1OC)CN(CCNC(=O)c1cc(C)ccc1OC)CC2,5.424812155072339
COc1cc(CN2CCN(c3ccccc3OC)CC2)ccc1OCc1cn(CCCCCCCCn2cc(COc3ccc(CN4CCN(c5ccccc5OC)CC4)cc3OC)nn2)nn1,7.508638306165727
COc1cc(CN2CCN(c3ccccc3OC)CC2)ccc1OCCCc1cn(CCCCCCCCn2cc(CCCOc3ccc(CN4CCN(c5ccccc5OC)CC4)cc3OC)nn2)nn1,7.075720713938118
COc1cc(CN2CCN(c3ccccc3OC)CC2)ccc1OCCCc1cn(CCCCCCCCCCn2cc(CCCOc3ccc(CN4CCN(c5ccccc5OC)CC4)cc3OC)nn2)nn1,7.017728766960431
COc1cc(CN2CCN(c3ccccc3OC)CC2)ccc1OCCCCc1cn(CCCCCCCCCCn2cc(CCCCOc3ccc(CN4CCN(c5ccccc5OC)CC4)cc3OC)nn2)nn1,7.130768280269024
COc1cc(CN2CCN(c3ccccc3OC)CC2)ccc1OCc1cn(CCOCCOCCn2cc(COc3ccc(CN4CCN(c5ccccc5OC)CC4)cc3OC)nn2)nn1,7.443697499232712
COc1cc(CN2CCN(c3ccccc3OC)CC2)ccc1OCCCc1cn(CCOCCOCCOCCn2cc(CCCOc3ccc(CN4CCN(c5ccccc5OC)CC4)cc3OC)nn2)nn1,7.142667503568732
CCCCn1cc(COc2ccc(CN3CCN(c4ccccc4OC)CC3)cc2OC)nn1,6.494850021680094
CCOCCn1cc(CCCOc2ccc(CN3CCN(c4ccccc4OC)CC3)cc2OC)nn1,6.6020599913279625
COc1cc(CN2CCN(C)CC2)ccc1OCCCc1cn(CCCCCCCCn2cc(CCCOc3ccc(CN4CCN(c5ccccc5OC)CC4)cc3OC)nn2)nn1,6.657577319177793
COc1cc(CN2CCN(c3ccccc3OC)CC2)ccc1OCCCc1cn(CCCCCCCCn2cc(CCCOc3ccc(CN4CCN(C5CCCCC5)CC4)cc3OC)nn2)nn1,7.0
COc1cc2c(cc1OC)CN(CCCCn1cc(-c3ccc(F)cc3)c3ccccc31)CC2,6.2644011003018205
c1ccc2sc(SSc3nc4ccccc4s3)nc2c1,6.539102157243452
Clc1ccc2c(c1)C(N1CCNCC1)=Nc1ccccc1O2,7.337242168318426
NCCCNCCSP(=O)(O)O,6.183758700008217
Clc1cc(Cl)c(OCC#CI)cc1Cl,6.779891911959945
CC(C)(C)c1ccc(C(=O)CCCN2CCC(OC(c3ccccc3)c3ccccc3)CC2)cc1,7.384049948343599
Clc1ccc(COC(Cn2ccnc2)c2ccc(Cl)cc2Cl)cc1,5.791827473332878
CC(C)[C@H]1C(=O)N2CCC[C@H]2[C@]2(O)O[C@](NC(=O)[C@@H]3C=C4c5cccc6[nH]cc(c56)C[C@H]4N(C)C3)(C(C)C)C(=O)N12,9.012780770091997
C[C@@H](CO)NC(=O)[C@@H]1C=C2c3cccc4[nH]cc(c34)C[C@H]2N(C)C1,6.714442690992226
CN1C[C@H](C(=O)N[C@]2(C)O[C@@]3(O)[C@@H]4CCCN4C(=O)[C@H](Cc4ccccc4)N3C2=O)C=C2c3cccc4[nH]cc(c34)C[C@H]21,8.834458923277626
CC(C)OC(=O)C(C)(C)Oc1ccc(C(=O)c2ccc(Cl)cc2)cc1,4.330599430488514
CN1CCC[C@@H]1CCO[C@](C)(c1ccccc1)c1ccc(Cl)cc1,8.603626272463494
OC(CCCN1CCCCC1)(c1ccccc1)c1ccccc1,6.105130343254747
COc1cc(N)c(Cl)cc1C(=O)NC1CCN(CCCOc2ccc(F)cc2)CC1OC,7.309803919971486
CC1(COc2ccc(CC3SC(=O)NC3=O)cc2)CCCCC1,5.04244059810252
CCN(CC)C(=S)SSC(=S)N(CC)CC,6.434152181326482
C(=C/c1ccccc1)\CN1CCN(C(c2ccccc2)c2ccccc2)CC1,7.0655015487564325
CN(C)CCCN1c2ccccc2CCc2ccc(Cl)cc21,7.327902142064283
CN1CCC(=C2c3ccccc3C=Cc3ccccc32)CC1,7.795880017344075
CN(C)CCCN1c2ccccc2Sc2ccccc21,7.161150909262744
NC(=O)C1CCN(CCCN2c3ccccc3Sc3ccc(Cl)cc32)CC1,8.799696817018415
CNCCC=C1c2ccccc2CCc2ccccc21,7.214670164989233
CCN(CC)CCCC(C)Nc1c2ccc(Cl)cc2nc2ccc(OC)cc12,6.348721986001856
CC[C@@H](CO)NC(=O)[C@@H]1C=C2c3cccc4c3c(cn4C)C[C@H]2N(C)C1,7.229147988357855
CN1CCC(=C2c3ccccc3CC(=O)c3sccc32)CC1,6.175874166083451
Clc1ccc(COC(Cn2ccnc2)c2ccc(Cl)cc2Cl)c(Cl)c1,5.964170174747172
CC[C@H](C)[C@@H](CO[C@@H](Cc1ccccc1)C(=O)N[C@@H](CCS(C)(=O)=O)C(=O)OC(C)C)NC[C@@H](N)CS,8.016148281008528
CC(C)(O)c1ccccc1CC[C@@H](SCC1(CC(=O)O)CC1)c1cccc(/C=C/c2ccc3ccc(Cl)cc3n2)c1,5.579879151914297
CO[C@H]1C[C@@H](O[C@H]2C[C@H]([C@H]3O[C@](C)(O)[C@H](C)C[C@@H]3C)O[C@H]2[C@]2(C)CC[C@H]([C@]3(C)CC[C@]4(C[C@H](O)[C@@H](C)[C@@H]([C@@H](C)[C@@H]5O[C@](O)(CC(=O)O)[C@@H](C)[C@H](OC)[C@H]5OC)O4)O3)O2)O[C@@H](C)[C@@H]1OC,8.029839156962685
CN1CCCC(CN2c3ccccc3Sc3ccccc32)C1,6.166852888087215
CN(C)C(=O)C(CCN1CCC(O)(c2ccc(Cl)cc2)CC1)(c1ccccc1)c1ccccc1,6.342944147142896
Cc1c(C)c2c(c(C)c1O)CCC(C)(CN1CCN(c3cc(N4CCCC4)nc(N4CCCC4)n3)CC1)O2,5.753255290276159
COc1ccc(CCN(C)CCCC(C#N)(c2ccc(OC)c(OC)c2)C(C)C)cc1OC,7.200659450546418
CSc1ccc2c(c1)N(CCC1CCCCN1C)c1ccccc1S2,8.473660722610155
CC/C(=C(\c1ccccc1)c1ccc(OCCN(C)C)cc1)c1ccccc1,6.438898616350944
Clc1ccc(CSC(Cn2ccnc2)c2ccc(Cl)cc2Cl)cc1,5.977159389123472
CCN(CC)CCNC(=O)c1cc(S(C)(=O)=O)ccc1OC,6.4089353929735005
CCCCCCCCN[C@H](C)[C@@H](O)c1ccc(SC(C)C)cc1,6.145997766873011
CC(C)N1CCN(c2ccc(OC[C@H]3CO[C@](Cn4cncn4)(c4ccc(Cl)cc4Cl)O3)cc2)CC1,5.795880017344075
COCCCOc1ccnc(C[S+](O)c2nc3ccccc3[nH]2)c1C,6.102372908709558
CCCCn1cc(CCCOc2ccc(C(=O)NCCCCN3CCN(c4ccccc4OC)CC3)cc2OC)nn1,8.698970004336019
COc1cc(C(=O)NCCCCN2CCN(c3ccccc3OC)CC2)ccc1OCCCc1cn(CCCCCCCCn2cc(CCCOc3ccc(C(=O)NCCCCN4CCN(c5ccccc5OC)CC4)cc3OC)nn2)nn1,7.920818753952375
CCCN(CCCCNC(=O)c1ccc(OCCCc2cn(CCCCCCCCn3cc(CCCOc4ccc(C(=O)NCCCCN(CCC)C5Cc6ccccc6C5)cc4OC)nn3)nn2)c(OC)c1)C1Cc2ccccc2C1,8.744727494896694
Fc1ccc(CN2CCN(c3ccc4c(c3)OCCO4)CC2)cc1,5.4089353929735005
COc1cc(CN2CCN(c3ccc4c(c3)OCCO4)CC2)ccc1F,5.229147988357856
Oc1cc(CN2CCN(c3ccc4c(c3)OCCO4)CC2)ccc1F,5.376750709602099
Fc1ccc(CN2CCN(c3ccc4c(c3)OCCO4)CC2)cn1,4.769551078621726
CCOCCOc1cccc(C(=O)NCCCCN2CCN(c3ccccc3OC)CC2)c1,8.309803919971486
COc1ccccc1N1CCN(CCCNC(=O)c2cccc(OCCOCCOCCOCCOc3cccc(C(=O)NCCCN4CCN(c5ccccc5OC)CC4)c3)c2)CC1,7.958607314841775
COc1ccccc1N1CCN(CCCCNC(=O)c2cccc(OCCOCCOCCOCCOc3cccc(C(=O)NCCCCN4CCN(c5ccccc5OC)CC4)c3)c2)CC1,9.214670164989233
CCOCCOCc1ccc(C(=O)NCCCCN2CCN(c3ccccc3OC)CC2)cc1,7.795880017344075
CCOCCOCc1ccn2ncc(C(=O)NCCCN3CCN(c4ccccc4OC)CC3)c2c1,6.795880017344075
CCOCCOCc1ccn2ncc(C(=O)NCCCCN3CCN(c4ccccc4OC)CC3)c2c1,8.920818753952375
COc1ccccc1N1CCN(CCCNC(=O)c2cnn3ccc(OCCOCCOCCOCCOc4ccn5ncc(C(=O)NCCCN6CCN(c7ccccc7OC)CC6)c5c4)cc23)CC1,8.455931955649724
COc1ccccc1N1CCN(CCCCNC(=O)c2cnn3ccc(OCCOCCOCCOCCOc4ccn5ncc(C(=O)NCCCCN6CCN(c7ccccc7OC)CC6)c5c4)cc23)CC1,9.468521082957745
COc1ccccc1N1CCN(CCCNC(=O)c2cnn3ccc(COCCOCCOCCOCCOCc4ccn5ncc(C(=O)NCCCN6CCN(c7ccccc7OC)CC6)c5c4)cc23)CC1,8.0
Fc1ccc(SCCCN2CCC(c3ccc(Cl)cc3)CC2)cc1,6.886056647693163
Fc1ccc(OCCCN2CCC(c3ccc(Cl)cc3)CC2)cc1,6.157390760389438
Fc1ccc(SCCCN2CCN(c3ccc(Cl)cc3)CC2)cc1,6.374687549038326
Fc1ccc(SCCCN2CCN(c3ncccn3)CC2)cc1,7.167491087293763
Fc1ccc(SCCCN2CCN(c3ccccn3)CC2)cc1,6.795880017344075
Fc1ccc(OCCCN2CCN(c3ccccn3)CC2)cc1,6.640164517660112
O=C1c2ccc(F)cc2CC1CCN1CCCN(c2ccc(Cl)cc2)CC1,6.229147988357855
Fc1ccc(SCCCN2CCCN(c3ccc(Cl)cc3)CC2)cc1,5.991399828238082
Fc1ccc(OCCCN2CCCN(c3ccc(Cl)cc3)CC2)cc1,6.680269505669775
Clc1ccc(N2CCCN(CCCCc3nc4ccccc4s3)CC2)cc1,6.818156412055227
O=C(CCCCN1CCCN(c2ccc(Cl)cc2)CC1)c1nc2ccccc2s1,5.978397283971757
O=C(CCCN1CCCN(c2ccc(Cl)cc2)CC1)c1nc2ccccc2s1,6.1095789811990855
O=C(CCCCN1[C@H]2CC[C@@H]1CC(O)(c1ccc(Cl)cc1)C2)c1nc2ccccc2s1,7.795880017344075
OC1(c2ccc(Cl)cc2)C[C@@H]2CC[C@H](C1)N2CCCCc1nc2ccccc2s1,7.886056647693163
O=c1[nH]c2ccccc2n1C1CCN(CCCOc2ccc(F)cc2)CC1,8.899974269892137
Oc1ccc2c(c1O)C[C@@H](c1ccccc1)[C@@H]1CCNC[C@@H]21,6.6777807052660805
CCCCNC(=O)c1cc2ccccc2[nH]1,4.666713978445566
CCC(=O)NCCCCN1CCN(c2cccc(Cl)c2Cl)CC1,8.318758762624412
CCCCN1CCN(c2ccccc2OC)CC1,7.621602099051862
CCCCN1CCN(c2cccc(Cl)c2Cl)CC1,8.721246399047171
CCCN1CCN(c2cccc(Cl)c2Cl)CC1,8.200659450546418
COc1ccccc1N1CCN(C)CC1,6.229221603830852
CN1CCN(c2cccc(Cl)c2Cl)CC1,7.262807357295262
COc1ccccc1N1CCNCC1,5.645507399410564
Clc1cccc(N2CCNCC2)c1Cl,6.704652851666382
CCCCN(CCc1ccccc1)CCc1cccc(O)c1,5.940058111938045
Oc1cccc(CCN(CCc2ccccc2)CC2CCC2)c1,6.549750891680639
Oc1cccc(CCN(CCc2ccccc2)CC2CC2)c1,6.774690718274137
CCCCCN(CCc1ccccc1)CCc1cccc(O)c1,5.959397659885927
CCCN(CCc1ccccc1)CCc1cccc(O)c1,7.661543506395395
O=C(CCCN1CC[Si](O)(c2ccc(Cl)cc2)CC1)c1ccc(F)cc1,8.325138859262188
CCCN1CCC(n2c(=O)[nH]c3cc(Cl)ccc32)CC1,5.598599459218456
COc1cccc(CCN2C3C4C5CC6C7C5C3C7C2(O)C64)c1OC,5.262330372643358
COc1ccccc1N1CCN(Cc2ccc3cccccc2-3)CC1,7.080921907623926
COc1ccccc1N1CCN(Cc2cc(CN3CCN(c4ccccc4OC)CC3)c3cccccc2-3)CC1,7.481486060122112
COc1ccccc1N1CCN(Cc2cc(CN3CCN(C)CC3)c3cccccc2-3)CC1,6.337242168318426
COc1ccccc1N1CCN(Cc2cc(CN3CCOCC3)c3cccccc2-3)CC1,6.455931955649724
COc1ccccc1N1CCN(Cc2cc(CN(C)C)c3cccccc2-3)CC1,6.4089353929735005
COc1ccccc1N1CCN(Cc2cc(C#N)c3cccccc2-3)CC1,6.275724130399211
COc1ccccc1N1CCN(Cc2cc(CO)c3cccccc2-3)CC1,6.236572006437063
CCCC#Cc1cc(CN2CCN(c3ccccc3OC)CC2)c2cccccc1-2,6.431798275933005
COc1ccccc1N1CCN(Cc2cc(C#Cc3ccccc3)c3cccccc2-3)CC1,6.6777807052660805
C#Cc1cc(CN2CCN(c3ccccc3OC)CC2)c2cccccc1-2,6.431798275933005
Brc1ccc(-[n+]2cc[n+](Cc3ccccc3)cc2)c2cc[nH]c12,7.251811972993799
CC1=CC(C)=[N+]2C1=C(c1ccc(OCCCN3CCCCC3)cc1)c1c(C)cc(C)n1[B-]2(F)F,5.82623117686335
c1ccc(-n2cc(CN3CCN(c4cc5ccc4CCc4ccc(cc4)CC5)CC3)cn2)cc1,7.744727494896693
c1ccc(N2CCN(Cc3cnn(-c4cc5ccc4CCc4ccc(cc4)CC5)c3)CC2)cc1,7.667561540084395
CNc1ccc(C(=O)NCCCCN2CCCN(c3ccccc3OC)CC2)cc1,8.142667503568731
COc1ccccc1N1CCCN(CCCCNC(=O)c2cccc(OC)c2OC)CC1,7.354577730650908
COc1ccccc1N1CCCN(CCCCNC(=O)c2ccc(-c3ccc(F)cc3)s2)CC1,8.096910013008056
COc1ccccc1N1CCCN(CCCCNC(=O)c2ccc(Br)s2)CC1,8.318758762624412
COc1ccccc1N1CCCN(CCCCNC(=O)c2cccc3c2-c2ccccc2C3=O)CC1,7.935542010773082
COc1ccccc1N1CCCN(CCCCNC(=O)c2ccc(CCO)cc2)CC1,7.87942606879415
COc1ccccc1N1CCCN(CCCCNC(=O)c2ccc(-c3ccccc3)s2)CC1,8.045757490560675
COc1ccccc1N1CCCN(CCCCNC(=O)c2cc3ccccc3[nH]2)CC1,8.602059991327963
COc1ccccc1N1CCCN(CCCCNC(=O)c2ccc(F)cc2)CC1,8.05551732784983
COc1ccccc1N1CCCN(CCCCNC(=O)c2ccc(CCF)cc2)CC1,8.045757490560675
COc1ccccc1N1CCCN(CCCCNC(=O)c2cc3ccccc3o2)CC1,8.259637310505756
COc1ccccc1N1CCCN(CCCCNC(=O)c2ccc(-c3ccsc3)cc2)CC1,9.154901959985745
COc1cc(Br)cc(C(=O)NCCCCN2CCN(c3cccc(Cl)c3Cl)CC2)c1OC,8.67778070526608
C=CCN(CC=C)CCc1c[nH]c2ccc(OC)cc12,6.307690775783206
O=C(OCCN1CCCC1)N1c2ccccc2Sc2ccccc21,6.0
CC(C(=O)N1c2ccccc2Sc2ccccc21)c1ccccc1,5.050609993355087
Cn1c(=O)cnn(CCCCN2CCN(c3ccccc3OCCF)CC2)c1=O,7.657577319177793
Clc1cccc(N2CCN(Cc3c[nH]c4ccccc34)CC2)c1Cl,6.910094888560602
CCOc1ccccc1N1CCN(Cc2c[nH]c3ccccc23)CC1,6.987162775294828
Clc1cccc(N2CCN(Cc3ccccc3)CC2)c1Cl,7.387216143280264
Clc1cccc(N2CCN(Cc3csc4ccccc34)CC2)c1Cl,7.279840696594043
CCOc1ccccc1N1CCN(Cc2csc3ccccc23)CC1,7.345823458122039
Clc1cccc(N2CCN(Cc3cccnc3)CC2)c1Cl,7.387216143280264
CCOc1ccccc1N1CCN(Cc2cccnc2)CC1,7.376750709602099
Oc1ccc(N2CCN(Cc3cccs3)CC2)cc1,6.655607726314889
Clc1ccc(N2CCN(Cc3cccs3)CC2)cc1Cl,7.207608310501746
CCOc1ccccc1N1CCN(Cc2cccs2)CC1,6.950781977329818
Clc1ccccc1N1CCN(Cc2cccs2)CC1,6.369572124974976
c1ccc(N2CCN(Cc3cccs3)CC2)cc1,5.783042792638903
COc1ccccc1N1CCN(CCCCn2cc(-c3ccc(-c4cnco4)cc3)nn2)CC1,6.870954940112042
COc1ccccc1N1CCN(CCCCn2cc(-c3cccnc3)nn2)CC1,6.877784121727173
COc1ccccc1N1CCN(CCCCn2cc(-c3ccc(N)cc3)nn2)CC1,8.568636235841012
COc1ccc(-c2cn(CCCCN3CCN(c4ccccc4OC)CC3)nn2)cc1,7.396855627379818
COc1ccccc1N1CCN(CCCCn2cc(-c3ccc(Br)cc3)nn2)CC1,6.955852379121277
c1cc2c(cc1CN[C@H]1C3C4CC5C6C4CC3C6C51)OCO2,5.571055709964425
COc1ccccc1N1CCN(Cc2cn(-c3ccc(OCCCOC4O[C@H](CO)[C@@H](O)[C@H](O)[C@H]4F)cc3)nn2)CC1,5.2441251443275085
COc1ccccc1N1CCN(Cc2cn(-c3ccc(OCCCOCCF)cc3)nn2)CC1,5.537602002101044
COc1ccccc1N1CCN(Cc2cn(-c3ccc(OCCOCCOCCF)cc3)nn2)CC1,6.698970004336019
COc1ccccc1N1CCN(Cc2cn(-c3ccc(OCCCF)cc3)nn2)CC1,5.552841968657781
COc1ccccc1N1CCN(Cc2cn([C@@H]3O[C@H](CF)[C@@H](O)[C@H](O)[C@H]3O)nn2)CC1,4.6020599913279625
COc1ccccc1N1CCN(Cc2cn(CCOCCOCCOCCF)nn2)CC1,5.119186407719209
COc1ccccc1N1CCN(Cc2cn(CCOCCOCCF)nn2)CC1,5.292429823902063
COc1ccc(CNC(=O)c2cc(-c3cc(Cl)cc(Cl)c3)cnc2-c2cccnc2)cc1OC,5.489454989793388
C[C@@H]1NCCc2cc(O)c(O)cc21,6.301029995663981
CN1CCC2C(C1)c1cccc3c1N2c1ccccc1CS3,7.50003813440381
O=C1CC(CN2CCC(c3noc4cc(F)ccc34)CC2)Cc2[nH]ncc21,6.72999699989494
Cc1nc2c(o1)CC(CN1CCC(c3c[nH]c4cc(F)ccc34)CC1)CC2=O,5.870000928042575
O=C1CC(CN2CCC(c3c[nH]c4cc(F)ccc34)CC2)Cc2nc(N3CCCC3)sc21,5.95999928552668
COc1cc2c(cc1OC)CN(CCCCNC(=O)c1cc(Br)cc(OC)c1OC)CC2,6.202732459169283
COc1cccc2[nH]cc(CN3CCC(O)(c4ccc(I)cc4)CC3)c12,7.057495893831919
Fc1ccc(CN2CCC(Nc3ccc(C(F)(F)F)nn3)CC2)cc1F,5.935916564036404
CCN1C(=O)c2ccccc2[S@@+](O)c2ccc(C(=O)NCc3ccc(F)cc3)cc21,6.638272163982407
CCN1C(=O)c2ccccc2[S@@+](O)c2ccc(C(=O)N[C@H](C)c3ccc(Br)cc3)cc21,6.055517327849832
CCN1C(=O)c2ccccc2[S@@+](O)c2ccc(C(=O)N[C@H](C)c3ccc4ccccc4c3)cc21,5.468521082957745
CN1C(=O)c2ccccc2[S@@+](O)c2ccc(C(=O)NCc3ccc(Br)cc3)cc21,6.431798275933005
CN1C(=O)c2ccccc2[S@@+](O)c2ccc(C(=O)NCc3cccnc3)cc21,4.6777807052660805
CN1C(=O)c2ccccc2[S@@+](O)c2ccc(C(=O)NCCN3CCCC3)cc21,6.455931955649724
CN1CN(c2ccccc2)C2(CCN(CCCC(=O)c3ccc(F)cc3)CC2)C1=O,9.576754126063191
CCCN(CC[C@]1(O)C[C@@H](NC(=O)c2ccc3ccccc3c2)C1)[C@H]1C[C@@H]1c1ccccc1Cl,7.655607726314889
Fc1ccc2c(c1)CC(CCN1CCN(c3ccc(Cl)cc3)CC1)C2,5.557206774060231
FC(F)(F)c1ccc(OCCCN2CCN(c3ccccn3)CC2)cc1,6.449887882148284
Cc1ccc(N2CCN(CCCCc3ccc(F)cc3)CC2)nc1,6.803423155147767
Clc1ccc(N2CCN(CCCCc3nc4ccccc4s3)CC2)cc1,7.508638306165727
Clc1ccc(N2CCN(CCCCc3nc4ccccc4o3)CC2)cc1,7.481486060122112
Clc1ccc(N2CCN(CCCc3nc4ccccc4o3)CC2)cc1,6.7447274948966935
Clc1ccc(N2CCN(CCCc3cc4ccccc4o3)CC2)cc1,5.640164517660112
Clc1ccc(N2CCCN(CCCc3cc4ccccc4o3)CC2)cc1,5.835052627378158
Clc1cccc(N2CCN(CCCCOc3cccn4nccc34)CC2)c1Cl,8.0
Clc1cccc(N2CCN(CCCCOc3ccc4ccnn4c3)CC2)c1Cl,8.638272163982407
Clc1cccc(N2CCN(CCCCOc3cc4ccccn4n3)CC2)c1Cl,8.455931955649724
CCOC(=O)c1cc2cc(OCCCCN3CCN(c4cccc(Cl)c4Cl)CC3)ccn2n1,8.67778070526608
O=Cc1cnn2cc(OCCCCN3CCN(c4cccc(Cl)c4Cl)CC3)ccc12,8.698970004336019
O=Cc1c(OCCCCN2CCN(c3cccc(Cl)c3Cl)CC2)nn2ccccc12,8.229147988357855
O/N=C/c1cnn2ccc(OCCCCN3CCN(c4cccc(Cl)c4Cl)CC3)cc12,8.825358807339551
O/N=C/c1cc2cc(OCCCCN3CCN(c4cccc(Cl)c4Cl)CC3)ccn2n1,9.065501548756432
N#Cc1cnn2ccc(OCCCCN3CCN(c4cccc(Cl)c4Cl)CC3)cc12,8.823908740944319
O=C(NCCC(CF)N1CCN(c2cccc(Cl)c2Cl)CC1)c1cc2ccccc2o1,6.251811972993799
O=S(=O)(NCCCCN1CCC(c2noc3cc(F)ccc23)CC1)c1cc2ccccc2s1,8.958607314841775
COc1ccccc1N1CCN(CCCCCc2cn(-c3cccc4cnccc34)nn2)CC1,8.744727494896694
COc1ccccc1N1CCN(CCCCc2cn(-c3cccc4cnccc34)nn2)CC1,8.431798275933005
COc1ccccc1N1CCN(CCCCCc2cn(-c3ccccc3)nn2)CC1,8.508638306165727
COc1ccccc1N1CCN(CCCCc2cn(-c3ccccc3)nn2)CC1,8.2958494831602
COc1ccccc1N1CCN(CCCc2cn(-c3ccccc3)nn2)CC1,7.653647025549361
COc1ccccc1N1CCN(CCCCc2cn(-c3ccc(-c4ccsc4)cc3)nn2)CC1,8.086186147616283
COc1ccccc1N1CCN(CCCCCc2cn(-c3ccc(-c4ccsc4)cc3)nn2)CC1,8.200659450546418
COc1ccccc1N1CCN(CCCc2cn(-c3ccc(F)cc3)nn2)CC1,7.576754126063192
COc1ccccc1N1CCN(CCCCc2cn(-c3ccc(F)cc3)nn2)CC1,8.187086643357144
COc1ccccc1N1CCN(CCCCCc2cn(-c3ccc(F)cc3)nn2)CC1,8.494850021680094
COc1ccccc1N1CCN(CCCc2cn(-c3ccccc3OC)nn2)CC1,7.031050319018657
COc1ccccc1N1CCN(CCCCCc2cn(-c3ccccc3OC)nn2)CC1,7.675717544702307
COc1ccccc1N1CCN(CCCc2cn(-c3ccc(N(C)C)cc3)nn2)CC1,7.528708288941061
COc1ccccc1N1CCN(CCCCc2cn(-c3ccc(N(C)C)cc3)nn2)CC1,7.856985199745905
COc1ccccc1N1CCN(CCCCCc2cn(-c3ccc(N(C)C)cc3)nn2)CC1,8.173925197299173
COc1ccccc1N1CCN(CCCc2cn(-c3ccc(SC)cc3)nn2)CC1,8.017728766960431
COc1ccccc1N1CCN(CCCCc2cn(-c3ccc(SC)cc3)nn2)CC1,8.67778070526608
COc1ccccc1N1CCN(CCCCCc2cn(-c3ccc(SC)cc3)nn2)CC1,8.638272163982407
COc1ccccc1N1CCN(CCCCc2cn(-c3ccccc3O)nn2)CC1,8.537602002101044
CC(C)(C)c1nc(N2CCN(CCCCNC(=O)[C@H]3CC[C@H](c4ccccc4)CC3)CC2)cc(C(F)(F)F)n1,8.0268721464003
CC(C)(C)c1nc(N2CCN(CCCCNC(=O)C3CCN(Cc4ccccc4)CC3)CC2)cc(C(F)(F)F)n1,7.443697499232712
CC(C)(C)c1nc(N2CCN(CCCCNC(=O)c3cn4c(CO)cccc4n3)CC2)cc(C(F)(F)F)n1,7.346787486224656
CN(C)Cc1c(C(=O)NCCCCN2CCN(c3cc(C(F)(F)F)nc(C(C)(C)C)n3)CC2)nc2ccccn12,7.71331903064507
CN(C)Cc1c(C(=O)NCCCCN2CCN(c3cc(C(F)(F)F)nc(C(C)(C)C)n3)CC2)[nH]c2ccccc12,7.602059991327962
CC(C)(C)c1nc(N2CCN(CCCCNC(=O)c3cn4nc(Cl)ccc4n3)CC2)cc(C(F)(F)F)n1,8.0
CC(C)(C)c1nc(N2CCN(CCCCNC(=O)c3nc4ccccc4[nH]3)CC2)cc(C(F)(F)F)n1,8.366531544420413
CC(C)(C)c1nc(C2CC2)cc(N2CCN(CCCCNC(=O)c3cn4ccccc4n3)CC2)n1,8.075720713938118
Cc1cc(N2CCN(CCCCNC(=O)c3cn4ccccc4n3)CC2)nc(C(C)(C)C)n1,8.031517051446064
Cc1nc(N2CCN(CCCCNC(=O)c3cn4ccccc4n3)CC2)cc(C(C)(C)C)n1,6.872895201635193
Cc1nc(N2CCN(CCCCNC(=O)c3cn4ccccc4n3)CC2)cc(C(F)(F)F)n1,5.695940533782401
CC(C)(C)c1nc(N2CCN(CCCCNC(=O)c3cn4ccccc4n3)CC2)c2ccccc2n1,7.107905397309519
O=C(NCCCCN1CCN(c2ncnc3ccccc23)CC1)c1cn2ccccc2n1,6.596879478824183
O=C(NCCCCN1CCN(c2ccc3ccccc3n2)CC1)c1cn2ccccc2n1,7.113509274827518
O=C(NCCCCN1CCN(c2ccnc3cc(Cl)ccc23)CC1)c1cn2ccccc2n1,7.5376020021010435
O=C(NCCCCN1CCN(c2cc(C(F)(F)F)nc3ccccc23)CC1)c1cn2ccccc2n1,6.280668713016273
O=C(NCCCCN1CCN(c2ccnc3ccccc23)CC1)c1cn2ccccc2n1,7.698970004336019
CC(C)(C)c1cc(N2CCN(CCCCNC(=O)c3cn4ccccc4n3)CC2)cc(C(C)(C)C)c1,6.906578314837765
N#Cc1cc(N2CCN(CCCCNC(=O)c3cn4ccccc4n3)CC2)cc(C(F)(F)F)c1,8.193820026016112
O=C(NCCCCN1CCN(c2cccc(C(F)(F)F)c2)CC1)c1cn2ccccc2n1,8.537602002101044
O=C(NCCCCN1CCN(c2cccc(Cl)c2Cl)CC1)c1cn2ccccc2n1,9.522878745280336
O=C(CCC(=O)OC1(c2ccc(Cl)cc2)CCN(CCCC(=O)c2ccc(F)cc2)CC1)OC1(c2ccc(Cl)cc2)CCN(CCCC(=O)c2ccc(F)cc2)CC1,7.853871964321762
O=C(CCCCC(=O)OC1(c2ccc(Cl)cc2)CCN(CCCC(=O)c2ccc(F)cc2)CC1)OC1(c2ccc(Cl)cc2)CCN(CCCC(=O)c2ccc(F)cc2)CC1,7.958607314841775
O=C(CCCCCC(=O)OC1(c2ccc(Cl)cc2)CCN(CCCC(=O)c2ccc(F)cc2)CC1)OC1(c2ccc(Cl)cc2)CCN(CCCC(=O)c2ccc(F)cc2)CC1,7.958607314841775
O=C(CCCCCCCC(=O)OC1(c2ccc(Cl)cc2)CCN(CCCC(=O)c2ccc(F)cc2)CC1)OC1(c2ccc(Cl)cc2)CCN(CCCC(=O)c2ccc(F)cc2)CC1,8.040958607678906
O=C(CCCCCCCCC(=O)OC1(c2ccc(Cl)cc2)CCN(CCCC(=O)c2ccc(F)cc2)CC1)OC1(c2ccc(Cl)cc2)CCN(CCCC(=O)c2ccc(F)cc2)CC1,7.4089353929735005
Cc1ccc(C(=O)OC2(c3ccc(Cl)cc3)CCN(CCCC(=O)c3ccc(F)cc3)CC2)cc1,6.568636235841013
CC(=O)OC1(c2ccc(Cl)cc2)CCN(CCCC(=O)c2ccc(F)cc2)CC1,7.251811972993799
O=C(CCN1CCN(CCC(=O)OC2(c3ccc(Cl)cc3)CCN(CCCC(=O)c3ccc(F)cc3)CC2)CC1)OC1(c2ccc(Cl)cc2)CCN(CCCC(=O)c2ccc(F)cc2)CC1,8.022276394711152
CN(CCC(=O)OC1(c2ccc(Cl)cc2)CCN(CCCC(=O)c2ccc(F)cc2)CC1)CCN(C)CCC(=O)OC1(c2ccc(Cl)cc2)CCN(CCCC(=O)c2ccc(F)cc2)CC1,7.327902142064283
CN(C)CCC(=O)OC1(c2ccc(Cl)cc2)CCN(CCCC(=O)c2ccc(F)cc2)CC1,7.522878745280337
O=C(CCc1cn(CCCCCCCCCCn2cc(CCC(=O)OC3(c4ccc(Cl)cc4)CCN(CCCC(=O)c4ccc(F)cc4)CC3)nn2)nn1)OC1(c2ccc(Cl)cc2)CCN(CCCC(=O)c2ccc(F)cc2)CC1,8.229147988357855
CC(C)Cc1ccc(CCNC[C@H](O)c2ccc(O)c3[nH]c(=O)sc23)cc1,6.939302159646388
CCCCOc1ccc(CCNC[C@H](O)c2ccc(O)c3[nH]c(=O)sc23)cc1,6.889410289700751
CCCc1cccc(CCNC[C@H](O)c2ccc(O)c3[nH]c(=O)sc23)c1,6.818156412055227
CCc1cccc([C@H]2CCC[C@H]2NC[C@H](O)c2ccc(O)c3[nH]c(=O)sc23)c1,6.321481620959886
Cc1ccc([C@H]2CCC[C@H]2NC[C@H](O)c2ccc(O)c3[nH]c(=O)sc23)cc1,6.29929628285498
Cc1cccc([C@H]2CCC[C@H]2NC[C@H](O)c2ccc(O)c3[nH]c(=O)sc23)c1,6.554395796726403
O=c1[nH]c2c(O)ccc([C@@H](O)CN[C@@H]3CCC[C@@H]3c3ccccc3)c2s1,6.29073003902417
CC(C)[C@H]1CCC[C@H]1NC[C@H](O)c1ccc(O)c2[nH]c(=O)sc12,6.29073003902417
OCc1cc(C(O)CNCCCCCCOCCCCc2ccccc2)ccc1O,5.979224511806442
COc1ccc(CC(C)NCC(O)c2ccc(O)c(NC=O)c2)cc1,5.788879458741951
CCc1cc2c(cc1CC)CC(NC[C@H](O)c1ccc(O)c3[nH]c(=O)ccc13)C2,5.979638717352292
OC1(c2ccc(Cl)cc2)CC2CCC(C1)N2CCCSc1cccc(F)c1,7.958607314841775
OC1(c2ccc(Cl)cc2)CC2CCC(C1)N2CCCSc1ccccc1F,8.886056647693163
CCCCc1cc2c(s1)C[C@H]1c3cc(O)c(OC)cc3CCN1C2,7.399462705635531
COc1cc2c(cc1O)[C@@H]1Cc3sc(CC(C)C)cc3CN1CC2,7.700492701299512
Cc1cccc(N2CCN(CCCCNC(=O)c3cc4ccccc4o3)CC2)c1C,9.397940008672036
O=C(NCCCCN1CCN(c2ccccc2)CC1)c1cc2ccccc2o1,8.397940008672037
Cc1cccc(N2CCN(CCCCNC(=O)c3cc4ccccc4o3)CC2)n1,7.619788758288394
O=C(NCCCCN1CCN(Cc2ccccc2)CC1)c1cc2ccccc2o1,6.251811972993799
O=C(NCCCCN1CCN(c2ccccc2F)CC1)c1cc2ccccc2o1,9.522878745280336
O=C(NCCCCN1CCN(c2cccc(C(F)(F)F)c2)CC1)c1cc2ccccc2[nH]1,9.69897000433602
COc1cccc(N2CCN(CCCCNC(=O)c3cc4ccccc4n3C)CC2)c1,8.769551078621726
Cc1cccc(N2CCN(CCCCNC(=O)c3cc4ccccc4cn3)CC2)c1,8.301029995663981
COc1cccc(N2CCN(CCCCNC(=O)c3cc4ccccc4cn3)CC2)c1,8.0268721464003
O=C(NCCCCN1CCN(c2ccccc2)CC1)c1ccc2ccccc2n1,7.214670164989233
Cc1cccc(N2CCN(CCCCNC(=O)c3ccc4ccccc4n3)CC2)c1,7.275724130399211
COc1cccc(N2CCN(CCCCNC(=O)c3ccc4ccccc4n3)CC2)c1,7.508638306165727
O=C(NCCCCN1CCN(c2ccccn2)CC1)c1ccc2ccccc2n1,6.730487055782084
O=C(NCCCCN1CCN(c2ccccc2)CC1)c1ccc2ncccc2c1,9.221848749616356
Cc1cccc(N2CCN(CCCCNC(=O)c3ccccc3)CC2)n1,7.136677139879544
O=C(NCCCCN1CCN(c2cccc3ccccc23)CC1)c1ccccc1,9.045757490560677
O=C(NCCCCN1CCN(c2ccccc2)CC1)c1ccccn1,6.841637507904751
COc1cccc(N2CCN(CCCCNC(=O)c3ccccn3)CC2)n1,6.698970004336019
COc1cccc(N2CCN(CCCCNC(=O)c3cccc(C)n3)CC2)c1,7.568636235841013
N#Cc1cc(N2CCN(CC[C@H]3CC[C@H](NC(N)=O)CC3)CC2)cc(C(F)(F)F)c1,9.1249387366083
COc1ccc(CN2CCOC(CCc3ccccc3)C2)cc1,5.557520230935552
Oc1ccc(CN2CCO[C@H](CCc3ccccc3)C2)cc1,5.557520230935552
NC(=O)c1ccccc1OCCCN1CCN(c2cccc3c2ccn3S(=O)(=O)c2ccccc2)CC1,10.0
COc1ccccc1N1CCN(CCCCNC(=O)/N=N/c2ccc(F)cc2)CC1,8.515700160653214
COc1ccccc1N1CCN(CCCCNC(=O)/N=N/c2ccc(F)c(F)c2)CC1,9.142667503568733
CCCN(CCCCNC(=O)/C=C/c1ccc(F)cc1)C1Cc2ccccc2C1,9.508638306165729
CCCN(CCCCNC(=O)/N=N/c1ccc(F)cc1)C1Cc2ccccc2C1,9.070581074285707
CCCN(CCCCNC(=O)/N=N/c1ccc(F)c(F)c1)C1Cc2ccccc2C1,8.698970004336019
CCCN(CCNC(=O)/C=C/c1ccc(F)cc1)C1Cc2ccccc2C1,7.853871964321762
CCCN(CCNC(=O)/N=N/c1ccc(F)cc1)C1Cc2ccccc2C1,8.853871964321762
CCCN(CCNC(=O)/N=N/c1ccc(F)c(F)c1)C1Cc2ccccc2C1,8.55284196865778
COc1ccccc1N1CCN(CCCCc2cn(-c3ccc4c(c3)Cc3ccccc3-4)nn2)CC1,8.79860287567955
Clc1cccc(N2CCN(CCCCc3cn(-c4ccc5ccccc5c4)nn3)CC2)c1Cl,8.42021640338319
Clc1cccc(N2CCN(CCCCc3cn(-c4ccc5c(c4)Cc4ccccc4-5)nn3)CC2)c1Cl,8.296708621881338
COc1ccccc1N1CCN(CCCCn2cc(-c3ccc4ccccc4c3)nn2)CC1,7.954677021213342
COc1ccccc1N1CCN(CCCCn2cc(-c3ccc4c(c3)Cc3ccccc3-4)nn2)CC1,8.255707016877324
Clc1cccc(N2CCN(CCCCn3cc(-c4ccc5[nH]ccc5c4)nn3)CC2)c1Cl,8.832682665251824
Clc1cccc(N2CCN(CCCCn3cc(-c4ccc5ncccc5c4)nn3)CC2)c1Cl,8.869666231504993
Clc1cccc(N2CCN(CCCCn3cc(-c4ccc(-c5ccccc5)cc4)nn3)CC2)c1Cl,8.079876673709276
COc1ccccc1N1CCN(CC(O)CCn2cc(-c3ccc4ccccc4c3)nn2)CC1,7.39040559077478
COc1ccccc1N1CCN(CC(O)CCn2cc(-c3ccc(-c4ccccc4)cc3)nn2)CC1,7.515700160653214
COc1ccccc1N1CCN(CC(O)CCn2cc(-c3ccccc3)nn2)CC1,6.761953896871205
COc1ccccc1-c1cn(CCC(O)CN2CCN(c3ccccc3OC)CC2)nn1,6.30715308072277
COc1ccccc1N1CCN(CC(O)CCn2cc(-c3ccc4c(c3)Cc3ccccc3-4)nn2)CC1,7.732828271596986
COc1ccccc1N1CCN(CC(O)CCn2cc(-c3ccc4ncccc4c3)nn2)CC1,7.166215625343521
OC(CCn1cc(-c2ccc3ccccc3c2)nn1)CN1CCN(c2cccc(Cl)c2Cl)CC1,7.598599459218456
OC(CCn1cc(-c2ccc(-c3ccccc3)cc2)nn1)CN1CCN(c2cccc(Cl)c2Cl)CC1,7.253365801062421
OC(CCn1cc(-c2ccc3ncccc3c2)nn1)CN1CCN(c2cccc(Cl)c2Cl)CC1,7.744727494896693
O=C(NCCC(O)CN1CCN(c2cccc(Cl)c2Cl)CC1)c1ccc2c(c1)-c1ccccc1C2,9.63264407897398
Cc1ccc(Cl)c(N2CCN(CCCCNC(=O)c3ccc4oc(=O)[nH]c4c3)CC2)c1,8.58922276662279
COc1c(Cl)cccc1N1CCN(CCCCNC(=O)c2cc3ccccc3[nH]2)CC1,9.406713932979542
COc1c(Cl)cccc1N1CCN(CCCCNC(=O)c2cc3ccccc3o2)CC1,9.042392712939904
COc1ccc2[nH]c(C(=O)NCCCCN3CCN(c4cccc5ccccc45)CC3)cc2c1,9.761953896871203
O=C(NCCCCN1CCN(c2cccc3ccccc23)CC1)c1cc2ccccc2o1,9.61261017366127
COc1ccccc1N1CCN(CCCCNC(=O)c2ccc3ccccc3n2)CC1,8.460923901207224
COc1ccccc1N1CCN(CC(O)CCNC(=O)c2ccc3ccccc3n2)CC1,7.009217308196862
COc1ccccc1N1CCN(CCCCNC(=O)c2ccc3cc(F)ccc3n2)CC1,8.600326278518962
COc1ccccc1N1CCN(CC(O)CCNC(=O)c2cnc3ccccc3c2)CC1,7.471083299722345
COc1ccccc1N1CCN(CCCCNC(=O)c2cnc3ccc(F)cc3c2)CC1,8.669586226650809
COc1ccccc1N1CCN(CC(O)CCNC(=O)c2cnc3ccc(F)cc3c2)CC1,7.348721986001856
COc1ccc2ncc(C(=O)NCCC(O)CN3CCN(c4ccccc4OC)CC3)cc2c1,7.155522824254319
COc1ccccc1N1CCN(CC(O)CCNC(=O)c2ccc3cccnc3c2)CC1,7.423658649794207
O=C(NCCCCN1CCN(c2cccc3ccccc23)CC1)c1cnc2ccccc2c1,9.454692883534175
O=C(NCCC(O)CN1CCN(c2cccc3ccccc23)CC1)c1cnc2ccccc2c1,8.440093374963887
O=C(NCCCCN1CCN(c2cccc(Cl)c2Cl)CC1)c1cnc2ccc(F)cc2c1,9.244125144327509
O=C(CCCCN1CCN(c2ccccc2F)CC1)Nc1nc2ccccc2s1,8.4089353929735
COc1ccc2nc(NC(=O)CCCCN3CCN(c4ccc(Cl)cc4)CC3)sc2c1,8.0268721464003
OCCN1CCN(c2nc(Nc3ccc(Br)cc3)c3ccccc3n2)CC1,6.24345517163999
OCCN1CCN(c2nc(NCc3ccccc3)c3ccccc3n2)CC1,5.842936299617377
O=Cc1cnn2ccc(-n3cc(CCCN4CCN(c5cccc(Cl)c5Cl)CC4)nn3)cc12,7.920818753952375
O=Cc1cnn2ccc(-n3cc(CCN4CCN(c5cccc(Cl)c5Cl)CC4)nn3)cc12,7.494850021680094
COc1ccccc1N1CCN(CCc2cn(-c3ccn4ncc(C=O)c4c3)nn2)CC1,8.070581074285707
Clc1cccc(N2CCN(CCc3cn(-c4ccn5nccc5c4)nn3)CC2)c1Cl,8.657577319177793
Clc1cccc(N2CCN(CCCc3cn(-c4ccn5nccc5c4)nn3)CC2)c1Cl,8.070581074285707
CCCN(CCN1CCN(CCc2c[nH]c3ccccc23)CC1)c1ccc(Br)cc1,7.050609993355087
Brc1ccc(NCCN2CCN(CCc3c[nH]c4ccccc34)CC2)cc1,6.698970004336019
COc1ccc(NCCN2CCN(CCc3c[nH]c4ccccc34)CC2)cc1,6.2076083105017466
CCCN(CCN1CCN(Cc2cc3ccccc3[nH]2)CC1)c1ccc(OC)cc1,5.886056647693163
COc1ccc(NCCN2CCN(Cc3cc4ccccc4[nH]3)CC2)cc1,4.7447274948966935
O=C(Nc1ccc(Cl)cc1)N[C@H]1CC[C@H](CCN2CCC(c3cccc4c3OCO4)CC2)CC1,7.626536278367631
CC(C)(C)c1ccc(S(=O)(=O)N[C@H]2CC[C@H](CCN3CCC(c4coc5ccccc45)CC3)CC2)cc1,7.916139199133427
O=C(N[C@H]1CC[C@H](CCN2CCN(c3cccc4c3OCO4)CC2)CC1)N1CCc2ccccc21,8.69680394257951
O=C(N[C@H]1CC[C@H](CCN2CCC(c3coc4ccccc34)CC2)CC1)c1ccc(N2CCOCC2)nc1,8.45717457304082
O=C(N[C@H]1CC[C@H](CCN2CCC(c3cccc4c3OCO4)CC2)CC1)C1CCCO1,7.322758154053346
O=C(N[C@H]1CC[C@H](CCN2CCN(c3cccc4c3OCO4)CC2)CC1)C(F)(F)F,8.308918507877031
Cc1cc(C(=O)N[C@H]2CC[C@H](CCN3CCN(c4nccc5c4CCO5)CC3)CC2)on1,7.507239610973162
O=C(CC1CCOCC1)N[C@H]1CC[C@H](CCN2CCC(c3coc4ccccc34)CC2)CC1,8.503070351926786
O=C(N[C@H]1CC[C@H](CCN2CCC(c3coc4ccccc34)CC2)CC1)c1ccc(C(F)(F)F)cc1,8.655607726314889
CN(C)C(=O)CCC(=O)N[C@H]1CC[C@H](CCN2CCC(c3coc4ccccc34)CC2)CC1,8.614393726401687
Cc1cc(CC(=O)N[C@H]2CC[C@H](CCN3CCC(c4coc5ccccc45)CC3)CC2)on1,9.167491087293763
O=C(N[C@H]1CC[C@H](CCN2CCN(c3cccc4c3OCO4)CC2)CC1)C1CC(Cl)C1,8.525783735923746
CC(C)(C)Oc1ccc(C(=O)N[C@H]2CC[C@H](CCN3CCN(c4nccc5c4CCO5)CC3)CC2)cc1,7.158015195409886
CN(C)S(=O)(=O)N[C@H]1CC[C@H](CCN2CCC(c3coc4ccccc34)CC2)CC1,8.51999305704285
CCCCC(=O)N[C@H]1CC[C@H](CCN2CCC(c3coc4ccccc34)CC2)CC1,8.655607726314889
O=C(N[C@H]1CC[C@H](CCN2CCC(c3cccc4c3OCO4)CC2)CC1)C1CCOC1,8.118615343229427
O=C(N[C@H]1CC[C@H](CCN2CCC(c3coc4ccccc34)CC2)CC1)c1ccc(N2CCS(=O)(=O)CC2)cc1,8.468521082957745
Cc1cnc(N2CCN(CC[C@H]3CC[C@H](NC(=O)CC4CCOCC4)CC3)CC2)c2c1OCC2,7.158640529545145
O=C(N[C@H]1CC[C@H](CCN2CCN(c3nccc4c3CCO4)CC2)CC1)C(O)C(F)(F)F,7.421360790031928
CCC(=O)N[C@H]1CC[C@H](CCN2CCC(c3coc4ccccc34)CC2)CC1,8.910094888560602
O=C(N[C@H]1CC[C@H](CCN2CCN(c3cccc4c3OCO4)CC2)CC1)C1(O)CCCC1,7.957424487559809
Cc1cc2c(c(N3CCN(CC[C@H]4CC[C@H](NC(=O)CC5CCOCC5)CC4)CC3)n1)CCO2,7.728158393463501
O=C(N[C@H]1CC[C@H](CCN2CCC(c3cccc4c3OCO4)CC2)CC1)c1ccc(F)cc1,8.31069114087638
O=C(N[C@H]1CC[C@H](CCN2CCC(c3coc4ccccc34)CC2)CC1)C1CCCOC1,8.230622673923861
O=C(N[C@H]1CC[C@H](CCN2CCN(c3cccc4c3OCO4)CC2)CC1)C1(O)CCCCC1,7.804377056413063
CS(=O)(=O)CC(=O)N[C@H]1CC[C@H](CCN2CCC(c3cccc4occc34)CC2)CC1,8.638272163982407
O=C(N[C@H]1CC[C@H](CCN2CCC(c3cccc4c3OCO4)CC2)CC1)C1CCC1,8.096910013008056
O=C(N[C@H]1CC[C@H](CCN2CCN(c3cccc4c3OCO4)CC2)CC1)C1CCC1,8.705533773838408
Cc1cc(CC(=O)N[C@H]2CC[C@H](CCN3CCC(c4cccc5c4OCO5)CC3)CC2)on1,8.924453038607469
O=C(N[C@H]1CC[C@H](CCN2CCC(c3coc4ccccc34)CC2)CC1)c1ccc(N2CCCCC2)cc1,8.357535479757878
O=C(CO)N[C@H]1CC[C@H](CCN2CCN(c3cccc4c3OCO4)CC2)CC1,8.772113295386326
COCCC(=O)N[C@H]1CC[C@H](CCN2CCN(c3ncc(C)c4c3CCO4)CC2)CC1,7.329754146925876
COC(C)CC(=O)N[C@H]1CC[C@H](CCN2CCN(c3cccc4c3OCO4)CC2)CC1,8.559090917934782
O=C(N[C@H]1CC[C@H](CCN2CCC(c3cccc4c3OCO4)CC2)CC1)c1ccc(Cl)cc1,8.196542884351587
O=C(N[C@H]1CC[C@H](CCN2CCN(c3cccc4c3OCO4)CC2)CC1)c1ccc2c(c1)OCCO2,8.338187314462738
O=C(N[C@H]1CC[C@H](CCN2CCC(c3cccc4c3CCO4)CC2)CC1)c1ccc(N2CCCCC2)cc1,7.139661993429006
CC(C)(C)c1ccc(C(=O)N[C@H]2CC[C@H](CCN3CCC(c4cccc5c4CCO5)CC3)CC2)cc1,7.866461091629782
O=C(N[C@H]1CC[C@H](CCN2CCC(c3coc4ccccc34)CC2)CC1)c1ccc(C2CCCCC2)cc1,7.383734594718292
CC(C)CCC(=O)N[C@H]1CC[C@H](CCN2CCN(c3nccc4c3CCO4)CC2)CC1,7.643974142806877
O=C(N[C@H]1CC[C@H](CCN2CCC(c3cccc4c3CCO4)CC2)CC1)c1ccc(N2CCOCC2)cc1,7.978810700930062
O=C(N[C@H]1CC[C@H](CCN2CCC(c3cccc4c3OCO4)CC2)CC1)C1CC1(F)F,8.112382699664265
O=C(N[C@H]1CC[C@H](CCN2CCN(c3nccc4c3CCO4)CC2)CC1)c1ccnc2ccccc12,7.97061622231479
O=C(CO)N[C@H]1CC[C@H](CCN2CCN(c3nccc4occc34)CC2)CC1,7.366531544420414
CCc1ccc(C(=O)N[C@H]2CC[C@H](CCN3CCC(c4coc5ccccc45)CC3)CC2)cc1,8.876148359032914
N#CCC(=O)N[C@H]1CC[C@H](CCN2CCC(c3cccc4c3OCO4)CC2)CC1,8.505845405981557
CC(C)CC(=O)N[C@H]1CC[C@H](CCN2CCN(c3nccc4c3CCO4)CC2)CC1,7.962573502059376
O=C(N[C@H]1CC[C@H](CCN2CCN(c3cccc4c3OCO4)CC2)CC1)C1CC1(F)F,8.593459819566045
CC(C)(O)C(=O)N[C@H]1CC[C@H](CCN2CCC(c3coc4ccccc34)CC2)CC1,8.258848401148216
O=C(N[C@H]1CC[C@H](CCN2CCC(c3coc4ccccc34)CC2)CC1)C1CCOC1,8.653647025549361
Cc1cc(C(=O)N[C@H]2CC[C@H](CCN3CCC(c4coc5ccccc45)CC3)CC2)on1,8.373659632624957
O=C(N[C@H]1CC[C@H](CCN2CCN(c3nccc4c3CCO4)CC2)CC1)c1ccc(-c2ccccc2)cc1,7.730487055782084
O=C(N[C@H]1CC[C@H](CCN2CCC(c3coc4ccccc34)CC2)CC1)c1ccc2c(c1)OCO2,8.554395796726402
O=C(CC(F)(F)F)N[C@H]1CC[C@H](CCN2CCC(c3cccc4c3OCO4)CC2)CC1,8.400116927926312
CC(C)(O)CC(=O)N[C@H]1CC[C@H](CCN2CCN(c3nccc4c3CCO4)CC2)CC1,7.665546248849069
CC(C)(O)CC(=O)N[C@H]1CC[C@H](CCN2CCC(c3coc4ccccc34)CC2)CC1,8.647817481888637
O=C(N[C@H]1CC[C@H](CCN2CCN(c3nccc4c3CCO4)CC2)CC1)C1CCCO1,6.920818753952375
O=C(N[C@H]1CC[C@H](CCN2CCN(c3nccc4c3CCO4)CC2)CC1)C1(O)CCC1,6.882066164960358
COCC(=O)N[C@H]1CC[C@H](CCN2CCC(c3cccc4occc34)CC2)CC1,7.978810700930062
CC(C)C(=O)N[C@H]1CC[C@H](CCN2CCC(c3cccc4c3CCO4)CC2)CC1,8.096910013008056
O=C(N[C@H]1CC[C@H](CCN2CCN(c3cccc4c3OCO4)CC2)CC1)C1CCOCC1,8.348721986001856
CN(C)C(=O)CCC(=O)N[C@H]1CC[C@H](CCN2CCN(c3nccc4c3CCO4)CC2)CC1,7.424812155072339
COCCC(=O)N[C@H]1CC[C@H](CCN2CCN(c3nccc4c3CCO4)CC2)CC1,7.7594507517174
O=C(CC(F)(F)F)N[C@H]1CC[C@H](CCN2CCN(c3nccc4c3CCO4)CC2)CC1,8.183758700008218
COC(C)(C)C(=O)N[C@H]1CC[C@H](CCN2CCN(c3cccc4c3OCO4)CC2)CC1,7.561615892965285
COCC(=O)N[C@H]1CC[C@H](CCN2CCN(c3nccc4sccc34)CC2)CC1,8.494850021680094
CN1CCN(CC(=O)N[C@H]2CC[C@H](CCN3CCN(c4cccc5c4OCO5)CC3)CC2)CC1,8.334419008982048
O=C(CF)N[C@H]1CC[C@H](CCN2CCC(c3cccc4c3OCO4)CC2)CC1,7.906578314837765
O=C(Cc1ccc2c(c1)OCO2)N[C@H]1CC[C@H](CCN2CCN(c3nccc4c3CCO4)CC2)CC1,7.730487055782084
CCC(C)C(=O)N[C@H]1CC[C@H](CCN2CCC(c3cccc4c3CCO4)CC2)CC1,7.774690718274137
CC(C)(C)C(=O)N[C@H]1CC[C@H](CCN2CCN(c3nccc4c3CCO4)CC2)CC1,7.22767829327708
COC(C)CC(=O)N[C@H]1CC[C@H](CCN2CCC(c3cccc4c3OCO4)CC2)CC1,8.123782159408357
COC(C)CC(=O)N[C@H]1CC[C@H](CCN2CCN(c3nccc4c3CCO4)CC2)CC1,7.391473966422806
O=S(=O)(N[C@H]1CC[C@H](CCN2CCN(c3cccc4c3OCO4)CC2)CC1)N1CCOCC1,8.88941028970075
COCC(=O)N[C@H]1CC[C@H](CCN2CCN(c3cccc4c3OCO4)CC2)CC1,8.359518563029578
O=C(CC1COC1)N[C@H]1CC[C@H](CCN2CCC(c3cccc4c3CCO4)CC2)CC1,8.369572124974976
CC(C)c1ccc(C(=O)N[C@H]2CC[C@H](CCN3CCC(c4coc5ccccc45)CC3)CC2)cc1,8.318758762624412
O=C(N[C@H]1CC[C@H](CCN2CCN(c3cccc4c3OCO4)CC2)CC1)C1CCCO1,7.90274269030658
CC(C)(O)C(=O)N[C@H]1CC[C@H](CCN2CCC(c3cccc4c3CCO4)CC2)CC1,7.45717457304082
O=C(Cc1noc2ccccc12)N[C@H]1CC[C@H](CCN2CCC(c3cccc4c3CCO4)CC2)CC1,8.493494967595128
COCCC(=O)N[C@H]1CC[C@H](CCN2CCC(c3cccc4c3OCO4)CC2)CC1,8.235077015350111
C[C@@H](O)C(=O)N[C@H]1CC[C@H](CCN2CCN(c3cccc4c3OCO4)CC2)CC1,8.66354026615147
COC(=O)N[C@H]1CC[C@H](CCN2CCC(c3cccc4c3OCO4)CC2)CC1,8.48678239993206
O=C(CO)N[C@H]1CC[C@H](CCN2CCC(c3coc4ccccc34)CC2)CC1,8.832682665251824
O=C(CC1CCCO1)N[C@H]1CC[C@H](CCN2CCN(c3cccc4c3OCO4)CC2)CC1,8.508638306165727
COCCC(=O)N[C@H]1CC[C@H](CCN2CCN(c3cccc4c3OCO4)CC2)CC1,8.72584215073632
CN(C)S(=O)(=O)N[C@H]1CC[C@H](CCN2CCN(c3cccc4c3OCO4)CC2)CC1,8.473660722610155
O=C(N[C@H]1CC[C@H](CCN2CCN(c3cccc4c3OCO4)CC2)CC1)c1ccnc2ccccc12,8.619788758288394
O=C(NC1CCC(CCN2CCC(c3cccc4c3CCO4)CC2)CC1)c1ccc2ncccc2c1,8.361510743045363
O=C(N[C@H]1CC[C@H](CCN2CCN(c3nccc4c3CCO4)CC2)CC1)c1ccc(-n2cccc2)cc1,7.61261017366127
O=C(N[C@H]1CC[C@H](CCN2CCN(c3nccc4c3CCO4)CC2)CC1)c1ccc(N2CCS(=O)(=O)CC2)cc1,7.841637507904751
O=C(N[C@H]1CC[C@H](CCN2CCC(c3coc4ccccc34)CC2)CC1)C1CCCO1,8.036212172654444
COCCC(=O)N[C@H]1CC[C@H](CCN2CCN(c3nccc4sccc34)CC2)CC1,8.721246399047171
CC(=O)N[C@H]1CC[C@H](CCN2CCN(c3nc(C)cc4c3CCO4)CC2)CC1,8.120330794367947
O=C(CCC(F)(F)F)N[C@H]1CC[C@H](CCN2CCN(c3nccc4c3CCO4)CC2)CC1,7.698970004336019
CC(=O)N[C@H]1CC[C@H](CCN2CCC(c3cccc4occc34)CC2)CC1,8.537602002101044
CN(C)S(=O)(=O)N[C@H]1CC[C@H](CCN2CCC(c3cccc4c3OCO4)CC2)CC1,7.935916564036404
CC(C)=CC(=O)N[C@H]1CC[C@H](CCN2CCC(c3coc4ccccc34)CC2)CC1,8.54821356447571
O=C(CC1CCOCC1)N[C@H]1CC[C@H](CCN2CCC(c3cccc4c3OCO4)CC2)CC1,8.055024091587953
CO[C@H]1CC[C@H](CC(=O)N[C@H]2CC[C@H](CCN3CCN(c4nccc5sccc45)CC3)CC2)CC1,8.522878745280337
CS(=O)(=O)N[C@H]1CC[C@H](CCN2CCN(c3nccc4occc34)CC2)CC1,7.467245621007502
O=C(N[C@H]1CC[C@H](CCN2CCC(c3cccc4c3CCO4)CC2)CC1)C(O)C(F)(F)F,8.036212172654444
O=C(N[C@H]1CC[C@H](CCN2CCC(c3cccc4c3OCO4)CC2)CC1)C1CCOCC1,7.85949195696182
N#Cc1ccc(C(=O)N[C@H]2CC[C@H](CCN3CCN(c4nccc5c4CCO5)CC3)CC2)cc1,7.552841968657781
N#CCC(=O)N[C@H]1CC[C@H](CCN2CCN(c3nccc4c3CCO4)CC2)CC1,8.111259039317108
O=C(N[C@H]1CC[C@H](CCN2CCN(c3nccc4c3CCO4)CC2)CC1)C1CCOC1,7.739928612014925
O=C(N[C@H]1CC[C@H](CCN2CCN(c3nccc4c3CCO4)CC2)CC1)c1ccc(Cl)cc1Cl,7.573488738635425
O=C(N[C@H]1CC[C@H](CCN2CCC(c3cccc4c3CCO4)CC2)CC1)c1ccc(-c2ccccc2)cc1,8.1073489661227
O=C(N[C@H]1CC[C@H](CCN2CCC(c3coc4ccccc34)CC2)CC1)c1ccc(-n2cccc2)cc1,8.339134521996131
O=C(N[C@H]1CC[C@H](CCN2CCC(c3cccc4c3OCO4)CC2)CC1)C1CC(Cl)C1,8.196542884351587
CC#CC(=O)N[C@H]1CC[C@H](CCN2CCC(c3cccc4c3CCO4)CC2)CC1,8.136677139879543
COCCC(=O)N[C@H]1CC[C@H](CCN2CCN(c3nccc4occc34)CC2)CC1,7.619788758288394
O=C(N[C@H]1CC[C@H](CCN2CCN(c3nccc4c3CCO4)CC2)CC1)c1ccc(N2CCOCC2)cc1,7.772113295386326
Cc1cc2occc2c(N2CCN(CC[C@H]3CC[C@H](NC(=O)CC4CCOCC4)CC3)CC2)n1,8.024568191490737
CC(=O)N[C@H]1CC[C@H](CCN2CCN(c3ncc(C)c4c3CCO4)CC2)CC1,7.31695296176115
CO[C@@H]1CC[C@@H](CC(=O)N[C@H]2CC[C@H](CCN3CCN(c4cccc5c4OCO5)CC3)CC2)C1,8.602059991327963
CS(=O)(=O)N[C@H]1CC[C@H](CCN2CCN(c3nccc4c3CCO4)CC2)CC1,7.5003129173815966
CC#CC(=O)N[C@H]1CC[C@H](CCN2CCC(c3coc4ccccc34)CC2)CC1,8.679853713888946
CN(C)C(=O)N[C@H]1CC[C@H](CCN2CCN(c3cccc4c3OCO4)CC2)CC1,7.948847477552619
O=C(CCC(F)(F)F)N[C@H]1CC[C@H](CCN2CCC(c3cccc4c3CCO4)CC2)CC1,8.11690664142431
O=C(N[C@H]1CC[C@H](CCN2CCN(c3nccc4c3CCO4)CC2)CC1)c1ccccc1,8.115771230367397
COCC(=O)N[C@H]1CC[C@H](CCN2CCC(c3coc4ccccc34)CC2)CC1,8.453457336521868
O=C(CC1CC1)N[C@H]1CC[C@H](CCN2CCC(c3cccc4c3OCO4)CC2)CC1,8.595166283380062
CC(C)(O)CC(=O)N[C@H]1CC[C@H](CCN2CCN(c3cccc4c3OCO4)CC2)CC1,8.806875401645538
O=C(CC1(O)CCCCC1)N[C@H]1CC[C@H](CCN2CCN(c3cccc4c3OCO4)CC2)CC1,8.45842075605342
Cc1cc(CC(=O)N[C@H]2CC[C@H](CCN3CCN(c4cccc5c4OCO5)CC3)CC2)on1,8.872895201635192
N#Cc1ccc(C(=O)N[C@H]2CC[C@H](CCN3CCC(c4cccc5c4CCO5)CC3)CC2)cc1,8.102372908709558
C/C=C/CC(=O)N[C@H]1CC[C@H](CCN2CCC(c3coc4ccccc34)CC2)CC1,8.742321425130816
COCCC(=O)N[C@H]1CC[C@H](CCN2CCC(c3ccc(F)c4occc34)CC2)CC1,8.032452023781138
COCCC(=O)N[C@H]1CC[C@H](CCN2CCC(c3cccc4c3CCO4)CC2)CC1,8.18045606445813
O=C(N[C@H]1CC[C@H](CCN2CCN(c3nccc4c3CCO4)CC2)CC1)c1ccc(N2CCCCC2)cc1,7.35359627377693
CCC(=O)N[C@H]1CC[C@H](CCN2CCN(c3cccc4c3OCO4)CC2)CC1,8.892790030352131
O=C(N[C@H]1CC[C@H](CCN2CCC(c3cccc4c3CCO4)CC2)CC1)c1ccc(-n2cccn2)cc1,8.062983892535186
Cc1ccc(S(=O)(=O)N[C@H]2CC[C@H](CCN3CCC(c4coc5ccccc45)CC3)CC2)cc1,8.204815410317575
O=C(N[C@H]1CC[C@H](CCN2CCC(c3cccc4c3OCO4)CC2)CC1)C1(C(F)(F)F)CC1,7.387852161673513
O=C(CCC(F)(F)F)N[C@H]1CC[C@H](CCN2CCC(c3coc4ccccc34)CC2)CC1,8.531652669587842
CS(=O)(=O)CC(=O)N[C@H]1CC[C@H](CCN2CCC(c3cccc4c3CCO4)CC2)CC1,8.309803919971486
O=C(CC1CC1)N[C@H]1CC[C@H](CCN2CCN(c3nccc4c3CCO4)CC2)CC1,8.294992040666664
O=C(C[C@@H](O)C(F)(F)F)N[C@H]1CC[C@H](CCN2CCC(c3cccc4c3CCO4)CC2)CC1,8.187086643357144
CC(C)CC(=O)N[C@H]1CC[C@H](CCN2CCN(c3cccc4c3OCO4)CC2)CC1,8.642065152999546
CC(C)C(=O)N[C@H]1CC[C@H](CCN2CCC(c3coc4ccccc34)CC2)CC1,8.749579997691106
O=C(N[C@H]1CC[C@H](CCN2CCC(c3coc4ccccc34)CC2)CC1)c1ccc(-n2cccn2)cc1,8.24184537803261
O=C(CC1C[C@H](O)CO1)N[C@H]1CC[C@H](CCN2CCN(c3nccc4c3CCO4)CC2)CC1,7.847711655616943
CS(=O)(=O)N[C@H]1CC[C@H](CCN2CCC(c3cccc4c3OCO4)CC2)CC1,7.979638717352292
CCS(=O)(=O)N[C@H]1CC[C@H](CCN2CCC(c3coc4ccccc34)CC2)CC1,8.542118103266008
Cc1cc(C(=O)N[C@H]2CC[C@H](CCN3CCC(c4cccc5c4CCO5)CC3)CC2)on1,7.966576244513051
O=C(N[C@H]1CC[C@H](CCN2CCN(c3cccc4c3OCO4)CC2)CC1)C1COc2ccccc2C1,9.060480747381382
O=C(N[C@H]1CC[C@H](CCN2CCC(c3cccc4c3CCO4)CC2)CC1)C1CCCOC1,7.767003889607846
CCC(O)C(=O)N[C@H]1CC[C@H](CCN2CCN(c3cccc4c3OCO4)CC2)CC1,7.9044819576768495
CC(=O)N[C@H]1CC[C@H](CCN2CCN(c3nccc4sccc34)CC2)CC1,8.721246399047171
CC(C)C(=O)N[C@H]1CC[C@H](CCN2CCN(c3cccc4c3OCO4)CC2)CC1,8.742321425130816
CS(=O)(=O)CC(=O)N[C@H]1CC[C@H](CCN2CCN(c3cccc4c3OCO4)CC2)CC1,8.838631997765026
CC(C)CCC(=O)N[C@H]1CC[C@H](CCN2CCC(c3cccc4c3CCO4)CC2)CC1,8.001304841688345
CC#CC(=O)N[C@H]1CC[C@H](CCN2CCN(c3nccc4c3CCO4)CC2)CC1,7.764471553092451
CCC(=O)N[C@H]1CC[C@H](CCN2CCC(c3cccc4c3OCO4)CC2)CC1,8.377785977033705
CN1CCC(C(=O)N[C@H]2CC[C@H](CCN3CCC(c4cccc5c4OCO5)CC3)CC2)CC1,7.454321850207974
N#Cc1ccc(C(=O)N[C@H]2CC[C@H](CCN3CCN(c4cccc5c4OCO5)CC3)CC2)cc1,8.449771646944907
O=C(N[C@H]1CC[C@H](CCN2CCN(c3nccc4c3CCO4)CC2)CC1)C(F)(F)F,7.325138859262188
CCCC(=O)N[C@H]1CC[C@H](CCN2CCC(c3coc4ccccc34)CC2)CC1,8.767003889607846
O=C(CC1(O)CCOCC1)N[C@H]1CC[C@H](CCN2CCC(c3cccc4c3OCO4)CC2)CC1,8.145693958198919
C/C=C/CC(=O)N[C@H]1CC[C@H](CCN2CCC(c3cccc4c3CCO4)CC2)CC1,8.237321436272564
CC(C)=CC(=O)N[C@H]1CC[C@H](CCN2CCC(c3cccc4c3CCO4)CC2)CC1,8.196542884351587
O=C(CCO)N[C@H]1CC[C@H](CCN2CCC(c3cccc4c3CCO4)CC2)CC1,8.187086643357144
O=C(CCC(F)(F)F)N[C@H]1CC[C@H](CCN2CCC(c3cccc4c3OCO4)CC2)CC1,8.111259039317108
O=C(N[C@H]1CC[C@H](CCN2CCN(c3nccc4c3CCO4)CC2)CC1)C1CCC1,7.804100347590766
O=C(C[C@@H](O)C(F)(F)F)N[C@H]1CC[C@H](CCN2CCN(c3nccc4c3CCO4)CC2)CC1,7.705533773838407
COC1(C(=O)N[C@H]2CC[C@H](CCN3CCN(c4cccc5c4OCO5)CC3)CC2)CCCCC1,7.903785414653595
O=C(CC1COC1)N[C@H]1CC[C@H](CCN2CCC(c3cccc4c3OCO4)CC2)CC1,8.284832642151542
O=C(N[C@H]1CC[C@H](CCN2CCC(c3cccc4c3CCO4)CC2)CC1)c1ccc(Cl)cc1Cl,8.08196966321512
Cc1cc2occc2c(N2CCN(CC[C@H]3CC[C@H](NC(=O)C4CCOCC4)CC3)CC2)n1,7.847711655616943
CN1CCN(c2ccc(C(=O)N[C@H]3CC[C@H](CCN4CCC(c5coc6ccccc56)CC4)CC3)cc2)CC1,8.219682687859848
O=C(Cc1ccc2c(c1)OCO2)N[C@H]1CC[C@H](CCN2CCC(c3cccc4c3OCO4)CC2)CC1,8.39577394691553
CN(C)S(=O)(=O)N[C@H]1CC[C@H](CCN2CCN(c3nccc4c3CCO4)CC2)CC1,7.603800652904264
Cc1cnc(N2CCN(CC[C@H]3CC[C@H](NC(=O)CC4CCOCC4)CC3)CC2)c2ccoc12,7.42021640338319
O=C(CCO)N[C@H]1CC[C@H](CCN2CCN(c3nccc4occc34)CC2)CC1,7.701146923590294
CC(C)(C)C(=O)N[C@H]1CC[C@H](CCN2CCC(c3coc4ccccc34)CC2)CC1,7.894830572000668
O=C(CC1(O)CCC1)N[C@H]1CC[C@H](CCN2CCN(c3nccc4c3CCO4)CC2)CC1,7.58838029403677
CCC(C)C(=O)N[C@H]1CC[C@H](CCN2CCC(c3cccc4c3OCO4)CC2)CC1,7.858550226599533
CCC(=O)N[C@H]1CC[C@H](CCN2CCN(c3nccc4sccc34)CC2)CC1,8.795880017344075
CC(C)CCC(=O)N[C@H]1CC[C@H](CCN2CCC(c3coc4ccccc34)CC2)CC1,8.537602002101044
O=C(N[C@H]1CC[C@H](CCN2CCC(c3cccc4c3CCO4)CC2)CC1)c1ccccc1,8.3767507096021
O=C(N[C@H]1CC[C@H](CCN2CCN(c3cccc4c3OCO4)CC2)CC1)C1(O)CC1,8.72584215073632
O=C(N[C@H]1CC[C@H](CCN2CCC(c3cccc4c3CCO4)CC2)CC1)C1CCOCC1,7.642065152999546
O=C(N[C@H]1CC[C@H](CCN2CCN(c3nccc4sccc34)CC2)CC1)C1CCOCC1,8.443697499232712
O=C(CC1(O)CCC1)N[C@H]1CC[C@H](CCN2CCC(c3cccc4c3OCO4)CC2)CC1,8.193141970481182
CC(C)(C)CC(=O)N[C@H]1CC[C@H](CCN2CCC(c3cccc4c3CCO4)CC2)CC1,8.221848749616356
N#CCC(=O)N[C@H]1CC[C@H](CCN2CCC(c3coc4ccccc34)CC2)CC1,9.075720713938118
O=C(N[C@H]1CC[C@H](CCN2CCC(c3cccc4c3CCO4)CC2)CC1)C(F)(F)F,7.6595558851598815
O=C(CC1CCC1)N[C@H]1CC[C@H](CCN2CCC(c3cccc4c3CCO4)CC2)CC1,8.214670164989233
COC(CC(=O)N[C@H]1CC[C@H](CCN2CCC(c3coc4ccccc34)CC2)CC1)OC,8.835647144215564
O=C(CF)N[C@H]1CC[C@H](CCN2CCN(c3cccc4c3OCO4)CC2)CC1,8.73754891026957
Cc1ccc(C(=O)N[C@H]2CC[C@H](CCN3CCN(c4nccc5c4CCO5)CC3)CC2)cn1,7.283162276700476
CC(C)(C)Oc1ccc(C(=O)N[C@H]2CC[C@H](CCN3CCC(c4cccc5c4CCO5)CC3)CC2)cc1,7.653647025549361
O=C(CO)N[C@H]1CC[C@H](CCN2CCN(c3nccc4sccc34)CC2)CC1,8.853871964321762
O=C(N[C@H]1CC[C@H](CCN2CCC(c3cccc4c3CCO4)CC2)CC1)c1ccc(C(F)(F)F)cc1,7.179798540514359
CN(C)C(=O)N[C@H]1CC[C@H](CCN2CCC(c3cccc4c3CCO4)CC2)CC1,7.354577730650908
CN1CCN(c2ccc(C(=O)N[C@H]3CC[C@H](CCN4CCC(c5cccc6c5CCO6)CC4)CC3)cc2)CC1,8.221848749616356
COCCC(=O)N[C@H]1CC[C@H](CCN2CCC(c3coc4ccccc34)CC2)CC1,8.913640169325252
O=C(CC1COC1)N[C@H]1CC[C@H](CCN2CCN(c3nccc4c3CCO4)CC2)CC1,7.91721462968355
O=C(N[C@H]1CC[C@H](CCN2CCN(c3nccc4occc34)CC2)CC1)C1CC1,7.661543506395395
CC(=O)N[C@H]1CC[C@H](CCN2CCN(c3nccc4c3CCO4)CC2)CC1,7.896196279044043
CS(=O)(=O)c1ccc(C(=O)N[C@H]2CC[C@H](CCN3CCC(c4coc5ccccc45)CC3)CC2)s1,8.410050398674292
O=C(N[C@H]1CC[C@H](CCN2CCN(c3nccc4c3CCO4)CC2)CC1)C1CCCOC1,7.540607512240769
CS(=O)(=O)c1ccc(C(=O)N[C@H]2CC[C@H](CCN3CCC(c4cccc5c4CCO5)CC3)CC2)s1,8.178486471595226
O=C(N[C@H]1CC[C@H](CCN2CCC(c3cccc4c3OCO4)CC2)CC1)C(F)(F)F,7.670398751643481
O=C(CC1CCOCC1)N[C@H]1CC[C@H](CCN2CCC(c3ccc(F)c4occc34)CC2)CC1,7.696803942579511
CC(C)=CC(=O)N[C@H]1CC[C@H](CCN2CCN(c3nccc4c3CCO4)CC2)CC1,7.812479279163536
Cc1nc(-c2ccc(C(=O)N[C@H]3CC[C@H](CCN4CCC(c5coc6ccccc56)CC4)CC3)cc2)no1,8.542118103266008
O=C(N[C@H]1CC[C@H](CCN2CCC(c3cccc4c3CCO4)CC2)CC1)c1ccc(-c2cccnc2)cc1,8.271646217978772
CC(C)Cc1ccc(C(=O)N[C@H]2CC[C@H](CCN3CCC(c4coc5ccccc45)CC3)CC2)cc1,8.380906669373257
O=C(N[C@H]1CC[C@H](CCN2CCN(c3nccc4c3CCO4)CC2)CC1)c1ccc(F)cc1,7.97061622231479
O=C(N[C@H]1CC[C@H](CCN2CCC(c3coc4ccccc34)CC2)CC1)c1ccc(C2CC2)cc1,7.851397345193907
Cn1cnc(S(=O)(=O)N[C@H]2CC[C@H](CCN3CCC(c4cccc5c4OCO5)CC3)CC2)c1,7.905878404159439
Cc1ccc(C(=O)N[C@H]2CC[C@H](CCN3CCC(c4coc5ccccc45)CC3)CC2)cn1,8.596879478824182
O=C(NC1CCC(CCN2CCC(c3coc4ccccc34)CC2)CC1)c1ccc2ncccc2c1,8.616184634019568
CC(=O)N[C@H]1CC[C@H](CCN2CCC(c3coc4ccccc34)CC2)CC1,8.96657624451305
O=C(N[C@H]1CC[C@H](CCN2CCC(c3cccc4c3CCO4)CC2)CC1)C1CC1,8.050609993355087
O=C(N[C@H]1CC[C@H](CCN2CCC(c3cccc4c3OCO4)CC2)CC1)c1ccc2c(c1)OCCO2,8.431798275933005
O=C(CCO)N[C@H]1CC[C@H](CCN2CCC(c3coc4ccccc34)CC2)CC1,8.896196279044043
CCC(=O)N[C@H]1CC[C@H](CCN2CCN(c3nccc4occc34)CC2)CC1,7.928117992693875
Cc1nc(-c2cccc(C(=O)N[C@H]3CC[C@H](CCN4CCN(c5nccc6c5CCO6)CC4)CC3)c2)no1,7.709965388637482
O=S(=O)(N[C@H]1CC[C@H](CCN2CCN(c3cccc4c3OCO4)CC2)CC1)c1ccccc1,8.540607512240769
O=C(Cc1ccc2c(c1)OCO2)N[C@H]1CC[C@H](CCN2CCN(c3cccc4c3OCO4)CC2)CC1,8.675717544702307
CO[C@H]1CC[C@H](CC(=O)N[C@H]2CC[C@H](CCN3CCC(c4coc5ccccc45)CC3)CC2)CC1,8.510041520575164
CC(=O)N[C@H]1CC[C@H](CCN2CCN(c3nccc4occc34)CC2)CC1,7.73754891026957
CS(=O)(=O)c1ccc(C(=O)N[C@H]2CC[C@H](CCN3CCC(c4coc5ccccc45)CC3)CC2)cc1,7.601365675461608
CC(=O)N[C@H]1CC[C@H](CCN2CCC(c3ccc(F)c4occc34)CC2)CC1,8.012333735073724
CC(C)(C)CC(=O)N[C@H]1CC[C@H](CCN2CCC(c3coc4ccccc34)CC2)CC1,8.361510743045363
CC(C)(C)C1CCC(C(=O)N[C@H]2CC[C@H](CCN3CCC(c4coc5ccccc45)CC3)CC2)CC1,8.023191662661933
N#CCC(=O)N[C@H]1CC[C@H](CCN2CCN(c3cccc4c3OCO4)CC2)CC1,9.040958607678906
CCS(=O)(=O)N[C@H]1CC[C@H](CCN2CCN(c3nccc4c3CCO4)CC2)CC1,7.657577319177793
O=C(N[C@H]1CC[C@H](CCN2CCC(c3cccc4c3CCO4)CC2)CC1)C1CCC1,8.075720713938118
O=C(CC1COC1)N[C@H]1CC[C@H](CCN2CCC(c3coc4ccccc34)CC2)CC1,8.785156151952302
O=S(=O)(N[C@H]1CC[C@H](CCN2CCC(c3cccc4c3OCO4)CC2)CC1)c1ccc(F)cc1,8.580044251510243
O=C(CC1CCOCC1)N[C@H]1CC[C@H](CCN2CCN(c3cccc4c3OCO4)CC2)CC1,8.679853713888946
O=S(=O)(N[C@H]1CC[C@H](CCN2CCN(c3nccc4c3CCO4)CC2)CC1)c1ccc(F)cc1,8.172630726946174
CO[C@H]1CC[C@H](CC(=O)N[C@H]2CC[C@H](CCN3CCN(c4cccc5c4OCO5)CC3)CC2)CC1,8.47237009912866
C[C@@H](O)C(=O)N[C@H]1CC[C@H](CCN2CCC(c3cccc4c3OCO4)CC2)CC1,7.955460239607589
O=S(=O)(N[C@H]1CC[C@H](CCN2CCC(c3cccc4c3CCO4)CC2)CC1)c1ccc(F)cc1,8.387216143280265
O=C(N[C@H]1CC[C@H](CCN2CCN(c3nccc4c3CCO4)CC2)CC1)c1ccc2ncccc2c1,7.688246138944246
O=C(N[C@H]1CC[C@H](CCN2CCN(c3nccc4c3CCO4)CC2)CC1)c1ccc(C(F)(F)F)cc1,7.244125144327507
O=C(N[C@H]1CC[C@H](CCN2CCC(c3coc4ccccc34)CC2)CC1)c1ccc(-c2cccnc2)cc1,8.341988603342887
CCCC(=O)N[C@H]1CC[C@H](CCN2CCC(c3cccc4c3CCO4)CC2)CC1,8.287350298372788
CC(C)(O)C(=O)N[C@H]1CC[C@H](CCN2CCC(c3cccc4c3OCO4)CC2)CC1,7.60223374387355
O=C(N[C@H]1CC[C@H](CCN2CCC(c3cccc4occc34)CC2)CC1)C1CCOCC1,7.924453038607469
O=C(CC(F)(F)F)N[C@H]1CC[C@H](CCN2CCC(c3cccc4c3CCO4)CC2)CC1,8.356547323513812
O=C(N[C@H]1CC[C@H](CCN2CCC(c3coc4ccccc34)CC2)CC1)C1CCOCC1,8.343901797987169
O=C(N[C@H]1CC[C@H](CCN2CCN(c3cccc4c3OCO4)CC2)CC1)C1CCS(=O)(=O)C1,8.448550002027124
O=C(N[C@H]1CC[C@H](CCN2CCC(c3cccc4c3OCO4)CC2)CC1)c1ccnc2ccccc12,8.210419287835574
O=C(CC1CC1)N[C@H]1CC[C@H](CCN2CCC(c3coc4ccccc34)CC2)CC1,8.649751981665837
O=C(N[C@H]1CC[C@H](CCN2CCN(c3nccc4c3CCO4)CC2)CC1)c1ccc(-c2cccnc2)cc1,7.79317412396815
CC1(C(=O)N[C@H]2CC[C@H](CCN3CCC(c4cccc5c4OCO5)CC3)CC2)COC1,7.409381051793422
O=C(N[C@H]1CC[C@H](CCN2CCC(c3cccc4c3CCO4)CC2)CC1)c1ccc(N2CCOCC2)nc1,7.787812395596042
N#Cc1ccc(C(=O)N[C@H]2CC[C@H](CCN3CCC(c4coc5ccccc45)CC3)CC2)cc1,8.57186520597121
Cc1cc(CC(=O)N[C@H]2CC[C@H](CCN3CCC(c4cccc5c4CCO5)CC3)CC2)on1,8.698970004336019
COC(CC(=O)N[C@H]1CC[C@H](CCN2CCC(c3cccc4c3CCO4)CC2)CC1)OC,8.320572103387882
CO[C@H]1CC[C@H](CC(=O)N[C@H]2CC[C@H](CCN3CCN(c4nccc5c4CCO5)CC3)CC2)CC1,7.617982957425132
O=C(C[C@@H](O)C(F)(F)F)N[C@H]1CC[C@H](CCN2CCC(c3coc4ccccc34)CC2)CC1,8.640164517660113
CCOCCC(=O)N[C@H]1CC[C@H](CCN2CCC(c3cccc4c3OCO4)CC2)CC1,8.135488918941608
CCCC(=O)N[C@H]1CC[C@H](CCN2CCN(c3nccc4c3CCO4)CC2)CC1,7.812479279163536
O=C(CC1CC1)N[C@H]1CC[C@H](CCN2CCC(c3cccc4c3CCO4)CC2)CC1,8.537602002101044
CO[C@@H]1CC[C@@H](CC(=O)N[C@H]2CC[C@H](CCN3CCN(c4nccc5occc45)CC3)CC2)C1,7.540607512240769
CC(=O)N[C@H]1CC[C@H](CCN2CCC(c3cccc4c3OCO4)CC2)CC1,8.30189945437661
Cc1nc(-c2ccc(C(=O)N[C@H]3CC[C@H](CCN4CCC(c5cccc6c5CCO6)CC4)CC3)cc2)no1,7.826813731587726
O=C(N[C@H]1CC[C@H](CCN2CCC(c3coc4ccccc34)CC2)CC1)c1ccc(N2CCOCC2)cc1,8.130768280269024
Cc1cnc(N2CCN(CC[C@H]3CC[C@H](NC(=O)C4CCOCC4)CC3)CC2)c2c1OCC2,7.005682847330363
O=C(N[C@H]1CC[C@H](CCN2CCN(c3cccc4c3OCO4)CC2)CC1)c1ccc(N2CCOCC2)cc1,7.454692883534176
O=C(C[C@H]1CC[C@H](O)CC1)N[C@H]1CC[C@H](CCN2CCN(c3nccc4occc34)CC2)CC1,7.262807357295262
CN1CCN(c2ccc(C(=O)N[C@H]3CC[C@H](CCN4CCN(c5nccc6c5CCO6)CC4)CC3)cc2)CC1,7.832682665251823
O=C(N[C@H]1CC[C@H](CCN2CCN(c3nccc4c3CCO4)CC2)CC1)C1CCOCC1,7.4179366370882915
O=C(C[C@H]1C[C@H](CO)C1)N[C@H]1CC[C@H](CCN2CCN(c3cccc4c3OCO4)CC2)CC1,8.61261017366127
CC(C)(O)CC(=O)N[C@H]1CC[C@H](CCN2CCC(c3cccc4c3OCO4)CC2)CC1,8.22767829327708
COC(CC(=O)N[C@H]1CC[C@H](CCN2CCN(c3nccc4c3CCO4)CC2)CC1)OC,7.714442690992226
Cn1cnc(S(=O)(=O)N[C@H]2CC[C@H](CCN3CCN(c4cccc5c4OCO5)CC3)CC2)c1,8.647817481888637
O=CN[C@H]1CC[C@H](CCN2CCC(c3cccc4c3CCO4)CC2)CC1,7.939302159646388
CC[C@@H](O)CC(=O)N[C@H]1CC[C@H](CCN2CCC(c3cccc4c3CCO4)CC2)CC1,8.0
COCC(=O)N[C@H]1CC[C@H](CCN2CCC(c3cccc4c3OCO4)CC2)CC1,7.745451922891026
Cc1ccc(C(=O)N[C@H]2CC[C@H](CCN3CCC(c4cccc5c4CCO5)CC3)CC2)cn1,7.991399828238082
O=C(N[C@H]1CC[C@H](CCN2CCC(c3cccc4c3OCO4)CC2)CC1)c1ccccc1,8.440093374963887
CO[C@H]1CC[C@H](CC(=O)N[C@H]2CC[C@H](CCN3CCN(c4nccc5occc45)CC3)CC2)CC1,7.485452247339714
CN1CCN(CC(=O)N[C@H]2CC[C@H](CCN3CCC(c4cccc5c4OCO5)CC3)CC2)CC1,7.704432900037521
O=C(N[C@H]1CC[C@H](CCN2CCC(c3coc4ccccc34)CC2)CC1)C(O)C(F)(F)F,8.39577394691553
CCS(=O)(=O)N[C@H]1CC[C@H](CCN2CCC(c3cccc4c3CCO4)CC2)CC1,7.950781977329818
CC(C)(C)Oc1ccc(C(=O)N[C@H]2CC[C@H](CCN3CCC(c4coc5ccccc45)CC3)CC2)cc1,8.669586226650809
O=C(N[C@H]1CC[C@H](CCN2CCC(c3ccc(F)c4occc34)CC2)CC1)C1CCOCC1,7.468521082957745
COc1ccc(CCN(CCCc2ccccc2)CCc2ccc3c(c2)OCO3)cc1OC,6.302770657240282
Clc1ccc(N2CCN(CCCCNc3noc(-c4ccccc4)n3)CC2)c(Cl)c1,6.091514981121351
C=CCN(CC=C)CCc1c[nH]c2ccccc12,6.170001911302621
C=CCN(CC=C)CCc1c[nH]c2ccc(F)cc12,6.919987152892072
C=CCN(CC=C)CCc1c[nH]c2ccc(Cl)cc12,6.850011543508524
C=CCN(CC=C)CCc1c[nH]c2ccc(Br)cc12,6.620005959834258
CN1CCc2ccccc2Cc2sccc2CC1,7.619788758288394
CN1CCc2ccccc2Cc2sc3ccccc3c2CC1,7.744727494896693
O=C(NCCCCN1CCN(c2ccccc2O)CC1)c1ccc2ccccc2c1,7.896196279044043
Cc1ccccc1N1CCN(CCCCNC(=O)c2ccc3ccccc3c2)CC1,9.136677139879543
Cc1cccc(N2CCN(CCCCNC(=O)c3ccc4ccccc4c3)CC2)c1C,8.876148359032914
O=C(NCCCCN1CCN(c2cccc(C(F)(F)F)c2)CC1)c1ccc2ccccc2c1,8.958607314841775
O=C(NCCCCN1CCN(c2cccc(O)c2)CC1)c1ccc2ccccc2c1,9.69897000433602
O=C(NCCCCN1CCN(c2cccc3[nH]ccc23)CC1)c1ccc2ccccc2c1,8.886056647693163
O=C(NCCCCN1CCN(c2cccc3[nH]c(=O)[nH]c23)CC1)c1ccc2ccccc2c1,8.455931955649724
COc1ccccc1N1CCN(CCCCNC(=O)N2CCOCC2)CC1,8.744727494896694
COc1ccccc1N1CCN(CCCCNC(=O)C2CCCCC2)CC1,9.045757490560677
COc1ccccc1N1CCN(CCCCNC(=O)CC(C)C)CC1,6.910094888560602
COc1ccccc1N1CCN(CCCCCOc2ccc3ccccc3c2)CC1,7.060480747381382
Cc1ncoc1-c1nnc(SCCCN2CCOC(c3ccc(C(F)(F)F)cc3)C2)n1C,7.599980364934842
Cn1c(SCCCN2CCOC(c3ccc(C(F)(F)F)cc3)C2)nnc1C1CCCCC1,7.700057099977233
Cn1c(SCCCN2CCOC(c3ccc(C(F)(F)F)cc3F)C2)nnc1-c1ccc(C(N)=O)cc1,7.400007822415902
Cn1c(SCCCN2CCOC(c3ccc(C(F)(F)F)cc3)C2)nnc1-c1ccc(-c2ncco2)cc1,8.181708109200004
Cc1ccc(C2CN(CCCSc3nnc(-c4ccc(-c5noc(C)n5)cc4)n3C)CCO2)cc1,7.79997073344623
Cc1ncoc1-c1nnc(SCCCN2CC3OCCN(c4ccc(C(F)(F)F)cc4)C3C2)n1C,7.50003813440381
Cc1ncoc1-c1nnc(SCCCN2CC3CN(c4ccc(C(F)(F)F)cc4)C3C2)n1C,7.400007822415902
Cn1c(SCCCN2CC3CCN(c4ccc(F)cc4)C3C2)nnc1C1CCOCC1,9.4000078224159
Cn1c(SCCCN2CC3CCN(c4ccccc4)C3C2)nnc1C1CCOCC1,7.833471216502334
Cn1c(SCCCN2CC3CCN(c4ccc(C(F)(F)F)cc4)C3C2)nnc1N1CCOCC1,8.516270100999977
Cn1c(SCCCN2CC3CCN(c4c(F)cc(F)cc4F)C3C2)nnc1-c1ccn(C)c(=O)c1,8.224608028303388
Cn1c(SCCCN2CC3CCN(c4ccc(F)cc4)C3C2)nnc1-c1ccn(C)c(=O)c1,8.100015437450608
Cn1c(SCCCN2CC3CCN(c4ccc(F)cc4)C3C2)nnc1-c1cc[nH]c(=O)c1,8.0
Cn1c(SCCCN2CC3CCN(c4ccc(C(F)(F)F)cc4)C3C2)nnc1-c1ccc(=O)n(C)c1,8.199970640755867
Cn1c(SCCCN2CC3CCN(c4ccc(C(F)(F)F)cc4)C3C2)nnc1-c1ccc(=O)[nH]c1,8.400007822415901
Cn1c(SCCCN2CC3CCN(c4ccc(C(F)(F)F)cc4)C3C2)nnc1-c1cc[nH]c(=O)c1,8.100015437450608
Cn1c(SCCCN2CC3CCN(c4ccccc4C(F)(F)F)C3C2)nnc1-c1ccncc1,8.299988937677888
Cn1c(SCCCN2CC3CCN(c4ccc(C(F)(F)F)cc4)C3C2)nnc1-c1ccccn1,8.79997073344623
Cc1cc(-c2nnc(SCCCN3CC4CCN(c5ccc(C(F)(F)F)cc5)C4C3)n2C)on1,8.599980364934842
Cn1c(SCCCN2CC3CCN(c4ccc(C(F)(F)F)cc4)C3C2)nnc1-c1ccncn1,8.899974269892137
Cn1c(SCCCN2CC3CCN(c4ccc(C(F)(F)F)cc4)C3C2)nnc1-c1cncnc1,7.299988937677887
Cn1c(SCCCN2CC3CCN(c4c(F)cc(F)cc4F)C3C2)nnc1-c1cnccn1,9.0
Cn1c(SCCCN2CC3CCN(c4ccc(F)cc4F)C3C2)nnc1-c1cnccn1,8.0
Cn1c(SCCCN2CC3CCN(c4ccccc4C#N)C3C2)nnc1-c1cnccn1,8.199970640755867
Cn1c(SCCCN2CC3CCN(c4cccc(OC(F)(F)F)c4)C3C2)nnc1-c1cnccn1,9.500038134403807
Cn1c(SCCCN2CC3CCN(c4ccc(OC(F)(F)F)cc4)C3C2)nnc1-c1cnccn1,7.899974269892137
COc1ccccc1N1CCC2CN(CCCSc3nnc(-c4cnccn4)n3C)CC21,7.79997073344623
COc1cccc(N2CCC3CN(CCCSc4nnc(-c5cnccn5)n4C)CC32)c1,8.100015437450608
Cc1ccccc1N1CCC2CN(CCCSc3nnc(-c4cnccn4)n3C)CC21,6.900008766455316
Cc1ccc(N2CCC3CN(CCCSc4nnc(-c5cnccn5)n4C)CC32)cc1,8.100015437450608
Cn1c(SCCCN2CC3CCN(c4ccc(F)cc4)C3C2)nnc1-c1cnccn1,8.700057099977233
Cn1c(SCCCN2CC3CCN(c4ccccc4C(F)(F)F)C3C2)nnc1-c1cnccn1,8.547140664204148
Cn1c(SCCCN2CC3CCN(c4cccc(C(F)(F)F)c4)C3C2)nnc1-c1cnccn1,9.700057099977233
Cn1c(SCCCN2CC3CCN(c4ccc(C(F)(F)F)cc4)C3C2)nnc1-c1cnccn1,8.598542016657444
Cc1ncoc1-c1nnc(SCCCN2CC3CCN(c4ccccc4OC(F)(F)F)C3C2)n1C,9.0
Cc1ncoc1-c1nnc(SCCCN2CC3CCN(c4c(F)cccc4F)C3C2)n1C,8.599980364934842
Cc1ncoc1-c1nnc(SCCCN2CC3CCN(c4ccc(Cl)cc4Cl)C3C2)n1C,8.299988937677888
Cc1ncoc1-c1nnc(SCCCN2CC3CCN(c4cccc(C#N)c4)C3C2)n1C,8.55522678379056
Cc1ncoc1-c1nnc(SCCCN2CC3CCN(c4cccc(F)c4)C3C2)n1C,8.500038134403809
Cc1ncoc1-c1nnc(SCCCN2CC3CCN(c4ccc(OC(F)(F)F)cc4)C3C2)n1C,7.899974269892137
Cc1ncoc1-c1nnc(SCCCN2CC3CCN(c4ccc(C(F)(F)F)cc4)C3C2)n1C,8.64833250653471
CCN(CCc1ccc(O)c(OC)c1)Cc1cccc(O)c1OC,5.742081549685942
COc1cc(CCN(C)Cc2cccc(O)c2OC)ccc1O,5.571865205971212
COc1cc2c(cc1O)C(C)N(Cc1cccc(O)c1OC)CC2,5.864231485432177
CCCCCOc1ccc2c(c1OC)CN1CCc3cc(OC)c(O)cc3C1C2,6.995678626217358
CCCCOc1ccc2c(c1OC)CN1CCc3cc(OC)c(O)cc3C1C2,7.187086643357144
CCCOc1ccc2c(c1OC)CN1CCc3cc(OC)c(O)cc3C1C2,7.275724130399211
CCCN(CCC)[C@@H]1Cc2cccc3c2n(c(=O)n3CCC)C1,8.326058001365912
CN[C@@H]1Cc2cc(C#N)cc3[nH]c(=O)n(c23)C1,4.565431095965801
COc1cc(CCNCCc2ccc(O)c3c2OCC(=O)N3)ccc1OCCCc1ccccc1,8.455931955649724
COc1ccccc1OCCNCCc1ccc(O)c(O)c1,7.602059991327962
CC(C)NCC(O)c1ccc(O)c(O)c1,5.327902142064283
O=C1c2ccccc2C(=O)N1CCCCN1CCC2CCCCC2C1,6.200328685502324
c1ccc2c(c1)CCN(CCCCc1c[nH]c3ccccc13)C2,6.329410930106312
N#Cc1ccc(C(=O)CCCN2CCc3ccccc3C2)cc1,6.471829178912833
NC(=O)c1ccc(C(=O)CCCN2CCc3ccccc3C2)cc1,7.812761380168522
O=C(CCCN1CCc2ccccc2C1)c1ccc(O)cc1,6.842331727261231
O=C(CCCN1CCc2ccccc2C1)c1ccc(Cl)cc1,7.769806621130955
O=C1NCN(c2ccccc2)C12CCN(CCCCc1c[nH]c3ccccc13)CC2,7.504316932383085
O=c1[nH]c2cc(Cl)ccc2n1C1CCN(CCCCc2nc3ccccc3s2)CC1,6.788906168941037
O=c1[nH]c2cc(Cl)ccc2n1C1CCN(CCCCc2nc3ccccc3o2)CC1,6.961280513983105
O=c1[nH]c2cc(Cl)ccc2n1C1CCN(CCCCc2c[nH]c3ccccc23)CC1,7.287687091318634
Fc1ccc(C(c2ccc(F)cc2)N2CCN(CCCCc3nc4ccccc4s3)CC2)cc1,7.490663041982356
OC1(c2ccc(Cl)cc2)CCN(CCCCc2nc3ccccc3s2)CC1,6.538051504796238
OC1(c2ccc(Cl)cc2)CCN(CCCCc2nc3ccccc3o2)CC1,6.025949097207123
O=C1NCN(c2ccccc2)C12CCN(CCCCc1nc3ccccc3s1)CC2,7.492413960236989
Cc1nc(C(N)=O)ccc1-c1nnc(SCCCN2CC[C@]3(C[C@@H]3c3ccc(C(F)(F)F)cc3)C2)n1C,9.014326582729712
Cc1ncoc1-c1nnc(SCC(O)CN2CC[C@@]3(C[C@H]3c3ccc(C(F)(F)F)cc3)C2)n1C,7.700057099977233
Cn1c(SCCCN2CC[C@]3(C[C@@H]3c3ccc(C(F)(F)F)cc3)C2)nnc1-c1cccs1,9.24427755509654
Cn1c(SCCCN2CC[C@]3(C[C@@H]3c3ccc(C(F)(F)F)cc3)C2)nnc1-c1ccsc1,9.240030142445692
Cn1c(SCCCN2CC[C@]3(C[C@@H]3c3ccc(C(F)(F)F)cc3)C2)nnc1-c1ccoc1,8.779891911959945
Cn1cc(-c2nnc(SCCCN3CC[C@]4(C[C@@H]4c4ccc(C(F)(F)F)cc4)C3)n2C)cn1,8.61996975203217
Cn1nccc1-c1nnc(SCCCN2CC[C@]3(C[C@@H]3c3ccc(C(F)(F)F)cc3)C2)n1C,8.759950227887352
Cn1c(SCCCN2CC[C@]3(C[C@@H]3c3ccc(C(F)(F)F)cc3)C2)nnc1-c1cccc(C(N)=O)c1,9.288192770958808
Cn1c(SCCCN2CC[C@]3(C[C@@H]3c3ccc(C(F)(F)F)cc3)C2)nnc1-c1ccccc1C(N)=O,7.819874124835946
Cn1c(SCCCN2CC[C@]3(C[C@@H]3c3ccc(C(F)(F)F)cc3)C2)nnc1-c1ccc(S(N)(=O)=O)cc1,9.500038134403807
CC(=O)c1ccc(-c2nnc(SCCCN3CC[C@]4(C[C@@H]4c4ccc(C(F)(F)F)cc4)C3)n2C)cc1,9.680061560019691
Cn1c(SCCCN2CC[C@]3(C[C@@H]3c3ccc(C(F)(F)F)cc3)C2)nnc1-c1ccc(C#N)cc1,9.580044251510245
Cn1c(SCCCN2CC[C@]3(C[C@@H]3c3ccc(C(F)(F)F)cc3F)C2)nnc1-c1cccnc1,8.925366381703096
Cn1c(SCCCN2CC[C@]3(C[C@@H]3c3ccccc3)C2)nnc1-c1cccnc1,7.53003079050004
Cn1c(SCCCN2CC[C@]3(C[C@@H]3c3ccc(F)cc3F)C2)nnc1-c1cccnc1,8.85902083652303
Cn1c(SCCCN2CC[C@]3(C[C@@H]3c3ccc(F)cc3)C2)nnc1-c1cccnc1,8.700057099977233
COc1ncccc1-c1nnc(SCCCN2CC[C@]3(C[C@@H]3c3ccc(C(F)(F)F)cc3)C2)n1C,8.590066876668706
Cn1c(SCCCN2CC[C@]3(C[C@@H]3c3ccc(C(F)(F)F)cc3)C2)nnc1-c1ccc(C#N)nc1,8.840132152907433
Cc1ccc(-c2nnc(SCCCN3CC[C@]4(C[C@@H]4c4ccc(C(F)(F)F)cc4)C3)n2C)c(C)n1,8.480040819247932
Cn1c(SCCCN2CC[C@]3(C[C@@H]3c3ccc(C(F)(F)F)cc3)C2)nnc1C1CCN(C(N)=O)CC1,8.299166532971457
Cn1c(SCCCN2CC[C@]3(C[C@@H]3c3ccc(C(F)(F)F)cc3)C2)nnc1C1CCOCC1,8.80423867996394
Cn1c(SCCCN2CC[C@]3(C[C@@H]3c3ccc(C(F)(F)F)cc3)C2)nnc1C1CCCCC1,9.501551596826
Cn1c(SCCCN2CC[C@]3(C[C@@H]3c3ccc(C(F)(F)F)cc3)C2)nnc1C1=CC=NC(=O)C1,8.33998877871067
CC(=O)NC1CCC(c2nnc(SCCCN3CC[C@]4(C[C@@H]4c4ccc(C(F)(F)F)cc4)C3)n2C)CC1,8.560036064079094
Cn1c(SCCCN2CC[C@]3(C[C@@H]3c3ccc(C(F)(F)F)cc3)C2)nnc1-c1ccc(=O)n(C)c1,8.759950227887352
Cn1c(SCCCN2CC[C@]3(C[C@@H]3c3ccc(C(F)(F)F)cc3)C2)nnc1C1CCNC(=O)C1,8.02895620816397
O=C1c2ccc(F)cc2CC1CCN1CCc2ccccc2C1,6.6508487957849685
CCCCN1C2CCC1CC(OC(c1ccc(F)cc1)c1ccc(F)cc1)C2,7.46344155742847
Fc1ccc(C(SCCNCCCc2ccccc2)c2ccc(F)cc2)cc1,7.18111458540599
CC(O)CN1CCN(CCSC(c2ccc(F)cc2)c2ccc(F)cc2)CC1,6.372634143407267
CC(O)CN1CCN(CC[S+](O)C(c2ccc(F)cc2)c2ccc(F)cc2)CC1,6.318758762624412
OC(Cc1ccccc1)CN1CCN(CC[S+](O)C(c2ccc(F)cc2)c2ccc(F)cc2)CC1,6.185752404268079
NC(=O)C[S@+](O)C(c1ccccc1)c1ccccc1,4.4089353929735005
CNCC1Cc2ccc3c(ccn3S(=O)(=O)c3cccc4ccccc34)c21,6.599997654072044
CC(=O)Nc1ccc(CCN(C)CC2Cc3ccc4c(ccn4S(=O)(=O)c4ccccc4)c32)cc1,6.299997602857746
CN[C@H]1c2ccc3c(ccn3S(=O)(=O)c3ccccc3)c2[C@@H]1CCO,5.899998417198648
O=S(=O)(c1ccccc1)n1ccc2c3c(ccc21)[C@H]1CCNCC[C@@H]31,6.0
CNCC1Cc2cc3ccn(S(=O)(=O)c4cccc5ccccc45)c3cc21,6.0999990348465305
O=S(=O)(c1ccccc1)n1ccc2cc3c(cc21)[C@H]1CCNCC[C@@H]31,5.499999678657065
Nc1ccc2c(N3CCN(CC[C@H]4CC[C@H](NC(=O)c5ccco5)CC4)CC3)nsc2c1,8.958607314841775
O=C(NC[C@H]1CC[C@H](CN2CCN(c3nsc4ccccc34)CC2)CC1)c1ccco1,9.0
O=C(N[C@H]1CC[C@H](CCN2CCN(c3nsc4ccccc34)CC2)CC1)c1cc2ccccc2[nH]1,10.537602002101044
CN([C@H]1CC[C@H](CCN2CCN(c3nsc4ccccc34)CC2)CC1)S(=O)(=O)c1cccs1,10.337242168318426
O=S(=O)(N[C@H]1CC[C@H](CCN2CCN(c3nsc4ccccc34)CC2)CC1)c1cccs1,10.366531544420411
O=C(N[C@H]1CC[C@H](CCN2CCN(c3nsc4ccccc34)CC2)CC1)c1cccnc1,10.045757490560677
O=C(N[C@H]1CC[C@H](CCN2CCN(c3nsc4ccccc34)CC2)CC1)c1ccc[nH]1,9.508638306165729
O=C(N[C@H]1CC[C@H](CCN2CCN(c3nsc4ccccc34)CC2)CC1)c1cccs1,10.2518119729938
Cc1ccc(S(=O)(=O)N[C@H]2CC[C@H](CCN3CCN(c4nsc5ccccc45)CC3)CC2)cc1,10.207608310501746
O=C(N[C@H]1CC[C@H](CCN2CCN(c3nsc4ccccc34)CC2)CC1)c1ccccc1,10.327902142064282
CCCS(=O)(=O)N[C@H]1CC[C@H](CCN2CCN(c3nsc4ccccc34)CC2)CC1,9.657577319177792
CS(=O)(=O)N[C@H]1CC[C@H](CCN2CCN(c3nsc4ccccc34)CC2)CC1,10.022276394711152
O=C(N[C@H]1CC[C@H](CCN2CCN(c3nsc4ccccc34)CC2)CC1)C(F)(F)F,9.568636235841012
CN(C(=O)N[C@H]1CC[C@H](CCN2CCN(c3nsc4ccccc34)CC2)CC1)c1ccccc1,8.920818753952375
O=C(Nc1cccnc1)N[C@H]1CC[C@H](CCN2CCN(c3nsc4ccccc34)CC2)CC1,10.259637310505756
O=C(Nc1ccccc1)N[C@H]1CC[C@H](CCN2CCN(c3nsc4ccccc34)CC2)CC1,10.366531544420411
O=C(N[C@H]1CC[C@H](CCN2CCN(c3nsc4ccccc34)CC2)CC1)N1CCOCC1,8.795880017344075
CCN(C)C(=O)N[C@H]1CC[C@H](CCN2CCN(c3nsc4ccccc34)CC2)CC1,9.10790539730952
CC(C)N(C(=O)N[C@H]1CC[C@H](CCN2CCN(c3nsc4ccccc34)CC2)CC1)C(C)C,8.853871964321762
N[C@H]1CC[C@H](CCN2CCN(c3nsc4ccccc34)CC2)CC1,8.017728766960431
CCOc1c(O)cc(Br)c2c1CN1CCc3cc(OC)c(O)cc3[C@@H]1C2,6.428291168191312
CCCCCCOc1c(O)cc(Br)c2c1CN1CCc3cc(OC)c(O)cc3[C@@H]1C2,5.498803757972912
CCC(C)Oc1c(O)cc(Br)c2c1CN1CCc3cc(OC)c(O)cc3[C@@H]1C2,5.684029654543083
COCCOc1c(O)cc(Br)c2c1CN1CCc3cc(OC)c(O)cc3[C@@H]1C2,6.139063379299906
CCCCOc1c(O)ccc2c1CN1CCc3cc(OC)c(O)cc3[C@@H]1C2,6.882728704344236
CCCCCOc1c(O)ccc2c1CN1CCc3cc(OC)c(O)cc3[C@@H]1C2,5.493089274448482
COCCOc1c(O)ccc2c1CN1CCc3cc(OC)c(O)cc3[C@@H]1C2,7.508638306165727
COc1ccccc1N1CCN(CC(O)CCNC(=O)c2cc3cc(F)ccc3o2)CC1,9.187086643357144
COc1ccc2oc(C(=O)NCCC(O)CN3CCN(c4cccc(Cl)c4Cl)CC3)cc2c1,8.886056647693163
COc1ccc2oc(C(=O)NCCC(O)CN3CCN(c4ccccc4OC)CC3)cc2c1,9.0
CS(=O)(=O)c1ccc2c(c1)N(CCCN1CCC(C(N)=O)CC1)c1ccccc1S2,9.214670164989233
COCCC(=O)N[C@H]1CC[C@H](CCN2CCC(c3noc4cc(F)ccc34)CC2)CC1,8.323397830417981
O=C(N[C@H]1CC[C@H](CCN2CCC(c3noc4cc(F)ccc34)CC2)CC1)c1ccc(N2CCOCC2)nc1,8.099742141562222
O=C(N[C@H]1CC[C@H](CCN2CCC(c3noc4cc(F)ccc34)CC2)CC1)c1ccc(N2CCOCC2)nn1,7.596364810209452
O=C(N[C@H]1CC[C@H](CCN2CCC(c3noc4cc(F)ccc34)CC2)CC1)c1cnc(N2CCOCC2)nc1,7.814174640387038
O=C(N[C@H]1CC[C@H](CCN2CCC(c3noc4cc(F)ccc34)CC2)CC1)c1ccc(N2CCOCC2)c(F)c1,7.344093581819785
CN(C)c1ccc(C(=O)N[C@H]2CC[C@H](CCN3CCC(c4noc5cc(F)ccc45)CC3)CC2)cc1,7.938547520912807
O=C(Cc1ccc2c(c1)OCO2)N[C@H]1CC[C@H](CCN2CCC(c3noc4cc(F)ccc34)CC2)CC1,8.3963144503853
O=C(N[C@H]1CC[C@H](CCN2CCC(c3noc4cc(F)ccc34)CC2)CC1)c1ccc(Cl)cc1,8.456180194857343
O=C(N[C@H]1CC[C@H](CCN2CCC(c3noc4cc(F)ccc34)CC2)CC1)c1ccc(N2CCS(=O)(=O)CC2)cc1,8.330311291943792
O=C(N[C@H]1CC[C@H](CCN2CCC(c3noc4cc(F)ccc34)CC2)CC1)c1ccc(-n2cccc2)cc1,8.58385896883167
O=C(N[C@H]1CC[C@H](CCN2CCC(c3noc4cc(F)ccc34)CC2)CC1)C1(C(F)(F)F)CCC1,8.111259039317108
O=C(CC(F)(F)F)N[C@H]1CC[C@H](CCN2CCC(c3noc4cc(F)ccc34)CC2)CC1,8.284916329305073
COc1cc(CC(=O)N[C@H]2CC[C@H](CCN3CCC(c4noc5cc(F)ccc45)CC3)CC2)cc(OC)c1,8.056901376994515
O=C(N[C@H]1CC[C@H](CCN2CCC(c3noc4cc(F)ccc34)CC2)CC1)c1ccc2c(c1)OCO2,8.561299467099264
O=C(N[C@H]1CC[C@H](CCN2CCC(c3noc4ccc(F)cc34)CC2)CC1)c1ccc(N2CCOCC2)cc1,8.044023777751674
COCCC(=O)N[C@H]1CC[C@H](CCN2CCC(c3noc4ccc(F)cc34)CC2)CC1,8.508778423760717
O=C(N[C@H]1CC[C@H](CCN2CCC(c3noc4ccc(F)cc34)CC2)CC1)c1ccc(N2CCCCC2)cc1,8.113509274827518
CC1CN(c2ccc(C(=O)N[C@H]3CC[C@H](CCN4CCC(c5noc6ccc(F)cc56)CC4)CC3)cc2)CC(C)O1,7.066664589922349
O=C(N[C@H]1CC[C@H](CCN2CCC(c3noc4ccc(F)cc34)CC2)CC1)c1ccc(N2CCS(=O)(=O)CC2)cc1,8.22650610772903
O=C(N[C@H]1CC[C@H](CCN2CCC(c3noc4ccc(F)cc34)CC2)CC1)c1ccc2c(c1)OCO2,8.413300198375952
COCCC(=O)N[C@H]1CC[C@H](CCN2CCC(c3noc4cc(Cl)ccc34)CC2)CC1,8.070734381746934
O=C(N[C@H]1CC[C@H](CCN2CCC(c3noc4cc(Cl)ccc34)CC2)CC1)C(O)C(F)(F)F,7.957424487559809
O=C(CC1CCC2(CC1)OCCO2)N[C@H]1CC[C@H](CCN2CCC(c3noc4cc(Cl)ccc34)CC2)CC1,7.912928794093465
COC(CC(=O)N[C@H]1CC[C@H](CCN2CCC(c3noc4cc(Cl)ccc34)CC2)CC1)OC,8.044312249686493
C[C@@H](O)CC(=O)N[C@H]1CC[C@H](CCN2CCC(c3noc4cc(Cl)ccc34)CC2)CC1,7.769551078621726
CC1(C)OC[C@H](CC(=O)N[C@H]2CC[C@H](CCN3CCC(c4noc5cc(Cl)ccc45)CC3)CC2)O1,8.221848749616356
CO[C@H]1CC[C@H](CC(=O)N[C@H]2CC[C@H](CCN3CCC(c4noc5cc(Cl)ccc45)CC3)CC2)C1,8.0
COC[C@H]1CC[C@H](CC(=O)N[C@H]2CC[C@H](CCN3CCC(c4noc5cc(Cl)ccc45)CC3)CC2)CC1,8.045757490560675
CC1(O)CCC(CC(=O)N[C@H]2CC[C@H](CCN3CCC(c4noc5cc(Cl)ccc45)CC3)CC2)CC1,8.154901959985743
CC(=O)N[C@H]1CC[C@H](CCN2CCC(c3noc4cc(Cl)ccc34)CC2)CC1,8.08676912888644
O=S(=O)(N[C@H]1CC[C@H](CCN2CCC(c3noc4cc(F)ccc34)CC2)CC1)c1ccc(Cl)cc1,8.231583911783668
O=S(=O)(N[C@H]1CC[C@H](CCN2CCC(c3noc4cc(F)ccc34)CC2)CC1)c1cccnc1,8.709965388637482
N#CCCC(=O)N[C@H]1CC[C@H](CCN2CCC(c3noc4cc(Cl)ccc34)CC2)CC1,8.08676912888644
N#CCC(=O)N[C@H]1CC[C@H](CCN2CCC(c3noc4cc(Cl)ccc34)CC2)CC1,8.056901376994515
O=C(CC1CC1)N[C@H]1CC[C@H](CCN2CCC(c3noc4cc(Cl)ccc34)CC2)CC1,8.494036481981874
CS(=O)(=O)CC(=O)N[C@H]1CC[C@H](CCN2CCC(c3noc4cc(Cl)ccc34)CC2)CC1,7.830325565941193
O=C(CC1OCCCO1)N[C@H]1CC[C@H](CCN2CCC(c3noc4cc(Cl)ccc34)CC2)CC1,8.212539525481585
COCCC(=O)N[C@H]1CC[C@H](CCN2CCC(c3noc4cc(Cl)c(F)cc34)CC2)CC1,7.868381335650874
O=C(CC1CCCO1)N[C@H]1CC[C@H](CCN2CCC(c3noc4cc(Cl)c(F)cc34)CC2)CC1,7.751291264399082
COCC(=O)N[C@H]1CC[C@H](CCN2CCC(c3noc4cc(F)c(F)cc34)CC2)CC1,7.485850865524562
CO[C@@H]1CC[C@@H](CC(=O)N[C@H]2CC[C@H](CCN3CCC(c4noc5cc(F)c(F)cc45)CC3)CC2)C1,7.699187205881883
COCCC(=O)N[C@H]1CC[C@H](CCN2CCC(c3noc4cc(F)c(F)cc34)CC2)CC1,7.944621668624999
CC(=O)N[C@H]1CC[C@H](CCN2CCC(c3noc4cc(F)c(F)cc34)CC2)CC1,7.944239535312265
O=C(CCO)N[C@H]1CC[C@H](CCN2CCC(c3noc4cc(F)c(F)cc34)CC2)CC1,7.931072388317928
O=C(C[C@@H]1CC[C@@H](O)C1)N[C@H]1CC[C@H](CCN2CCC(c3noc4cc(F)c(F)cc34)CC2)CC1,7.70421305974839
O=C(CC1OCCCO1)N[C@H]1CC[C@H](CCN2CCC(c3noc4cc(F)c(F)cc34)CC2)CC1,7.869344650977969
O=C1CCc2ccc(OCCCCN3CCCN(c4cccc(Cl)c4Cl)CC3)cc2N1,8.048176964684089
COc1cc2c(cc1O)CCN1Cc3c(ccc(OC)c3OC)C[C@@H]21,6.581698708680254
O=C(CCCN1CCN(c2cccc(Cl)c2Cl)CC1)Nc1ccn2nccc2c1,8.2518119729938
COc1ccccc1N1CCN(CCCC(=O)Nc2ccn3nccc3c2)CC1,7.013228265733755
O=Cc1cnn2ccc(NC(=O)CCCN3CCN(c4cccc(Cl)c4Cl)CC3)cc12,8.769551078621726
O=C(CCCN1CCN(c2cccc(Cl)c2Cl)CC1)Nc1ccn2ncc(/C=N\O)c2c1,8.657577319177793
COc1ccccc1N1CCN(CCCC(=O)Nc2ccn3ncc(/C=N\O)c3c2)CC1,7.886056647693163
N#Cc1cnn2ccc(NC(=O)CCCN3CCN(c4cccc(Cl)c4Cl)CC3)cc12,8.638272163982407
COc1ccccc1N1CCN(CCCC(=O)Nc2ccn3ncc(C#N)c3c2)CC1,7.552841968657781
COc1ccccc1N1CCN(CCCCOc2ccn3nc(C=O)cc3c2)CC1,8.130768280269024
COc1ccccc1N1CCN(CCCCOc2ccc3c(C=O)cnn3c2)CC1,7.769551078621726
CCCN(CCCCOc1ccn2ncc(C=O)c2c1)[C@H]1CCc2c(O)cccc2C1,8.958607314841775
COc1ccccc1N1CCN(CCCCOc2ccc3c(/C=N/O)cnn3c2)CC1,8.638272163982407
COc1ccccc1N1CCN(CCCCOc2ccn3ncc(/C=N/O)c3c2)CC1,8.4089353929735
CCCN(CCCCOc1ccc2c(/C=N/O)cnn2c1)[C@H]1CCc2c(O)cccc2C1,9.387216143280265
CCCN(CCCCOc1ccn2ncc(/C=N\O)c2c1)[C@H]1CCc2c(O)cccc2C1,9.229147988357855
COc1ccccc1N1CCN(CCCCOc2ccn3ncc(C#N)c3c2)CC1,8.537602002101044
CN(CCCCOc1ccc2c(c1)NC(=O)CC2)[C@@H]1Cc2cccc3[nH]c(=O)n(c23)C1,6.417936637088292
CN[C@@H]1Cc2cccc3c2n(c(=O)n3CCOCCOCCOCCOc2ccc3c(c2)NC(=O)CC3)C1,6.1938200260161125
CN[C@@H]1Cc2cccc3c2n(c(=O)n3CCOCCOCCOCCCCc2ccccc2)C1,6.253365801062421
CN[C@@H]1Cc2cccc3c2n(c(=O)n3CCOCCOCCCCc2ccccc2)C1,6.6439741428068775
CCCN(CCC)[C@@H]1Cc2cccc3c2n(c(=O)n3CCCCNC(=O)c2cc3ccccc3[nH]2)C1,7.0762380391713
CN[C@@H]1Cc2cccc3c2n(c(=O)n3CCCCOc2ccc3c(c2)NC(=O)CC3)C1,5.8696662315049934
CN[C@@H]1Cc2cccc3c2n(c(=O)n3CCCCOCCCCc2ccccc2)C1,6.423658649794207
O=C1CCc2ccc(OCCCCN3CCN(c4ccc(O)c5c4OCCO5)CC3)cc2N1,7.42021640338319
O=C1CCc2ccc(OCCCCN3CCN(c4ccc(O)c5ncccc45)CC3)cc2N1,7.568636235841013
O=C1CCc2ccc(OCCCCN3CCCN(c4ccc(O)c5oc(=O)ccc45)CC3)cc2N1,6.619788758288394
O=C1CCc2ccc(OCCCCN3CCCN(c4ccc(O)c5c4OCC(=O)N5)CC3)cc2N1,8.698970004336019
O=c1ccc2c(N3CCN(CCCCOc4ccn5nccc5c4)CC3)ccc(O)c2[nH]1,8.42021640338319
O=c1ccc2c(N3CCN(CCCCOc4ccn5nccc5c4)CC3)ccc(O)c2o1,8.070581074285707
Oc1ccc(N2CCN(CCCCOc3ccn4nccc4c3)CC2)c2cccnc12,7.301029995663981
CCCCn1cc(CCCOc2ccc(C(=O)NCCCN3CCCN(c4ccc(O)c5[nH]c(=O)ccc45)CC3)cc2OC)nn1,8.795880017344075
CCCCn1cc(CCCOc2ccc(C(=O)NCCCCN3CCCN(c4ccc(O)c5[nH]c(=O)ccc45)CC3)cc2OC)nn1,8.494850021680094
Cn1c(SCCCN2CCC3(CC2)CCN(c2cccc(Cl)c2Cl)CC3)nnc1-c1ccccc1,7.084072788302884
Cn1c(SCCCN2CCC3(CC2)CCN(c2cccc(C#N)c2)CC3)nnc1-c1ccccc1,6.3585258894959
Cn1c(SCCCN2CCC3(CC2)CCN(c2ccccn2)CC3)nnc1-c1ccccc1,6.059981844992337
Cn1c(SCCCN2CCC3(CC2)CCN(c2ccc(F)cc2)CC3)nnc1-c1ccccc1,7.59176003468815
COc1ccc(N2CCC3(CCN(CCCSc4nnc(-c5ccccc5)n4C)CC3)CC2)cc1,7.0101054362812265
COc1ccccc1N1CCC2(CCN(CCCSc3nnc(-c4ccccc4)n3C)CC2)C1,7.707743928643524
COc1ccccc1N1CCC12CCN(CCCSc1nnc(-c3ccccc3)n1C)CC2,6.772113295386326
COc1ccccc1N1CC2(CCN(CCCSc3nnc(-c4ccccc4)n3C)CC2)C1,6.628932137728263
COc1ccccc1N1CCC2(CCN(CCCSc3nnc(-c4ccccc4)n3C)C2)C1,7.616184634019569
COc1ccccc1N1CCC2(CN(CCCSc3nnc(-c4ccccc4)n3C)C2)C1,6.716698771296451
COc1ccccc1N1CCC12CN(CCCSc1nnc(-c3ccccc3)n1C)C2,5.319664486585437
COc1ccccc1N1CC2(CN(CCCSc3nnc(-c4ccccc4)n3C)C2)C1,6.079354998593212
c1ccc2c(c1)CC(CN1CCN(c3ccc4c(c3)OCCO4)CC1)C2,5.546681659952962
Cc1ccc(N2CCN(CCC3C(=O)Nc4ccccc43)CC2)cc1C,5.57154122648442
CC(C)Oc1cccnc1N(C)C1CCN(Cc2ccc(I)cc2)CC1,6.838631997765025
c1ccc(CCC2CN(Cc3c[nH]c4ccccc34)CCO2)cc1,5.493494967595128
c1ccc(OCC2CN(Cc3c[nH]c4ccccc34)CCO2)cc1,5.8297382846050425
COc1ccccc1OCCNCC1COCC(c2ccccc2)(c2ccccc2)O1,7.880084589742009
Oc1ccccc1OCCNCC1COCC(c2ccccc2)(c2ccccc2)O1,7.470056598341331
COCOc1ccccc1OCCNCC1COCC(c2ccccc2)(c2ccccc2)O1,7.179995693191682
COc1cc2c(cc1OC)C(C)=C(C(=O)NCCCCN1CCN(c3ccccc3F)CC1)C2,9.30102999566398
O=C(NCCCCN1CCN(c2cccc(Cl)c2Cl)CC1)c1cncc(Br)c1,8.55284196865778
O=Cc1cnn2ccc(OCCCCN3CCN(c4ccc(O)c5[nH]c(=O)ccc45)CC3)cc12,8.638272163982407
O=Cc1cnn2ccc(OCCCCN3CCN(c4ccc(O)c5c4OCC(=O)N5)CC3)cc12,8.920818753952375
O=c1ccc2c(N3CCN(CCCCOc4ccn5ncc(/C=N/O)c5c4)CC3)ccc(O)c2[nH]1,8.55284196865778
O=C1COc2c(N3CCNCC3)ccc(O)c2N1,6.795880017344075
O=C1COc2c(N3CCCNCC3)ccc(O)c2N1,6.292429823902063
Oc1ccc(N2CCNCC2)c2c1OCCO2,6.958607314841775
CN1CCN(c2ccc(O)c3c2OCC(=O)N3)CC1,7.318758762624412
CN1CCCN(c2ccc(O)c3c2OCC(=O)N3)CC1,7.376750709602099
CN1CCN(c2ccc(O)c3c2OCCO3)CC1,6.102372908709558
CCCN1CCN(c2ccc(O)c3[nH]c(=O)ccc23)CC1,6.376750709602099
CCCN1CCCN(c2ccc(O)c3c2OCC(=O)N3)CC1,8.431798275933005
CCCN1CCN(c2ccc(O)c3c2OCCO3)CC1,5.552841968657781
CCCCC1CCN(CCCN2C(=O)CCc3ccccc32)CC1,6.209996479609511
CC1CCN(CCCN2C(=O)CCc3ccccc32)CC1,5.430000267796054
CCCC1CCN(CCCN2C(=O)CCc3ccccc32)CC1,5.809999051930338
CCCCCC1CCN(CCCN2C(=O)CCc3ccccc32)CC1,6.549997369826814
O=C1CCc2ccccc2N1CCCN1CCC(CCCO)CC1,6.23000269597146
O=C1CCc2ccccc2N1CCCN1CCC(CCCCCO)CC1,6.170001911302621
O=C1CCc2ccccc2N1CCCN1CCC(CCCCCCCO)CC1,6.020001176026261
O=C1CCc2ccccc2N1CCCN1CCC(c2ccccc2)CC1,6.149997413907539
O=C1CCc2ccccc2N1CCCN1CCC(Cc2ccccc2)CC1,5.740000204918113
O=C1CCc2ccccc2N1CCCN1CCC(CCc2ccccc2)CC1,6.390000296157769
O=C1CCc2ccccc2N1CCCN1CCN(c2ccccc2)CC1,5.879998925531604
O=C1CCc2ccccc2N1CCCN1CCN(CCc2ccccc2)CC1,5.40000018605658
N#Cc1cccc(N2CCNCC2)c1,6.235823867609669
N#Cc1ccc2c(c1)CNCC2,5.818156412055227
CCCCN1CCc2cc(C#N)ccc2C1,5.962573502059376
CCCCN1CCc2ccc(C#N)cc2C1,6.826813731587726
N#Cc1ccc2c(c1)CN(CC[C@H]1CC[C@H](NC(=O)c3cc4ccccc4[nH]3)CC1)CC2,8.4089353929735
O=C(NC[C@@H]1C[C@H]1CN1CCN(c2cccc(Cl)c2Cl)CC1)c1cc2ccccc2[nH]1,9.346787486224656
N#Cc1ccc2c(c1)CCN(C[C@@H]1C[C@H]1CNC(=O)c1ccnc3ccccc13)C2,5.982966660701219
N#Cc1ccc2c(c1)CN(C[C@@H]1C[C@H]1CNC(=O)c1cc3ccccc3[nH]1)CC2,7.494850021680094
N#Cc1ccc2c(c1)CN(C[C@@H]1C[C@H]1CCNC(=O)c1cc3ccccc3[nH]1)CC2,9.050609993355089
N#Cc1ccc2c(c1)CN(C[C@@H]1C[C@H]1CCNC(=O)c1cc3cccnc3[nH]1)CC2,8.607303046740334
N#Cc1ccc2c(c1)CN(CC[C@@H]1C[C@H]1CNC(=O)c1cc3cccnc3[nH]1)CC2,7.6307841425898575
CC(C)(C)c1nc(N2CCN(CCCCNC(=O)c3cc4ccccn4n3)CC2)cc(C(F)(F)F)n1,8.920818753952375
CC(C)(C)c1nc(N2CCN(CCCCNC(=O)c3cc4ccccc4s3)CC2)cc(C(F)(F)F)n1,8.619788758288394
COc1cccc(-c2ccc3c(c2)CCN(Cc2ccccc2)C3)c1,6.756961951313706
C=C(C)CN1CCN(c2ccc3c(c2)CN(C(=O)OCc2ccccc2)CC3)CC1,6.578396073130169
O=C(OCc1ccccc1)N1CCc2ccc(N3CCN(C4CCCC4)CC3)cc2C1,6.021819483062586
CCCCCCN1CCC(c2cccc(O)c2)C1,6.790484985457369
CCCCCCCCCCN1CCC(c2cccc(O)c2)C1,7.387216143280264
CN(C)c1ccc(C(=O)NCCCCN2CCC(c3cccc(O)c3)C2)cc1,7.73988884327886
OC1(c2ccc(Cl)c(C(F)(F)F)c2)CCN(CCCN(c2ccc(F)cc2)c2ccc(F)cc2)CC1,6.324221658325915
OC1(c2ccc(Cl)c(C(F)(F)F)c2)CCN(CCCCN(c2ccc(F)cc2)c2ccc(F)cc2)CC1,6.106793246940152
OC1(c2ccc(Cl)c(C(F)(F)F)c2)CCN(CCCCC(c2ccc(F)cc2)c2ccc(F)cc2)CC1,6.679853713888946
OC1(c2ccc(Cl)c(C(F)(F)F)c2)CCN(CCCC(c2ccccc2)c2ccccc2)CC1,7.207608310501746
COc1ccc(N(CCCCN2CCC(O)(c3ccc(Cl)c(C(F)(F)F)c3)CC2)c2ccc(OC)cc2)cc1,6.359518563029578
OC1(c2ccc(Cl)c(C(F)(F)F)c2)CCN(CCCC(c2ccc(F)cc2)c2ccc(F)cc2)CC1,6.866461091629782
COc1cc2c(cc1O)CN(CCCCNC(=O)c1ccc(C#N)cc1)CC2,8.200659450546418
COc1cc2c(cc1O)CN(CCCCNC(=O)c1ccc(C(N)=O)cc1)CC2,7.552841968657781
COc1cc2c(cc1O)CN(CCCCNC(=O)c1ccc(Br)cc1)CC2,8.468521082957745
COc1cc2c(cc1O)CN(CCCCNC(=O)c1ccc(Cl)cc1)CC2,8.67778070526608
COc1cc2c(cc1O)CN(CCCCNC(=O)c1ccc(F)cc1)CC2,8.356547323513812
COc1ccc(C(=O)NCCCCN2CCc3cc(OC)c(O)cc3C2)cc1,8.229147988357855
COc1cc2c(cc1O)CN(CCCCNC(=O)c1ccnc3ccccc13)CC2,7.657577319177793
COc1cc2c(cc1O)CN(CCCCNC(=O)c1ccc3ccccc3c1)CC2,8.568636235841012
COc1cc2c(cc1O)CN(CCCCNC(=O)c1ccc(-c3ccccc3)cc1)CC2,8.568636235841012
CCCCCCCCCCC[C@@H]1CCN[C@H](C(=O)NCC(O)CO)C1,5.327902142064283
COc1ccccc1N1CCN(CCCNC(=O)/N=N/c2ccc(F)cc2)CC1,6.853871964321762
COc1ccccc1N1CCN(CCNC(=O)NN(Cc2ccccc2)c2ccc(F)cc2)CC1,6.154901959985743
COc1ccccc1N1CCN(CCCNC(=O)NN(Cc2ccccc2)c2ccc(F)cc2)CC1,7.602059991327962
COc1ccccc1N1CCN(CCCCNC(=O)NN(Cc2ccccc2)c2ccc(F)cc2)CC1,7.119186407719209
COc1ccccc1N1CCN(CCCNC(=O)NN(Cc2ccccc2)c2ccccc2)CC1,6.769551078621726
COc1ccccc1N1CCN(CCCNC(=O)NN(Cc2ccc(F)cc2)c2ccccc2)CC1,6.508638306165727
COc1ccccc1N1CCN(CCCNC(=O)NN(Cc2ccccc2F)c2ccc(F)cc2)CC1,6.795880017344075
COc1cccc(CN(NC(=O)NCCCN2CCN(c3ccccc3OC)CC2)c2ccc(F)cc2)c1,6.823908740944319
COc1ccccc1N1CCN(CCCNC(=O)NN(Cc2ccc(-c3ccccc3)cc2)c2ccc(F)cc2)CC1,6.958607314841775
COc1ccccc1N1CCN(CCCNC(=O)NN(Cc2ccccc2F)c2ccc(Cl)cc2)CC1,7.022276394711152
COc1ccccc1N1CCN(CCCNC(=O)NN(Cc2ccccc2)c2ccc(Br)cc2)CC1,6.886056647693163
COc1ccccc1N1CCN(CCCNC(=O)NN(Cc2ccccc2F)c2ccc(Br)cc2)CC1,7.036212172654444
COc1ccc(N(Cc2ccccc2)NC(=O)NCCCN2CCN(c3ccccc3OC)CC2)cc1,6.920818753952375
COc1ccc(N(Cc2ccc(C#N)cc2)NC(=O)NCCCN2CCN(c3ccccc3OC)CC2)cc1,6.657577319177793
C=CCN(NC(=O)NCCCN1CCN(c2ccccc2OC)CC1)c1ccc(OC)cc1,6.180456064458132
C=C(C)CN(NC(=O)NCCCN1CCN(c2ccccc2OC)CC1)c1ccc(OC)cc1,6.0655015487564325
O=C(NCCCN1CCN(c2ccc(Br)cc2)CC1)NN(Cc1ccccc1)c1ccccc1,5.823908740944319
O=C(NCCCN1CCN(c2ncccn2)CC1)NN(Cc1ccccc1)c1ccccc1,5.698970004336019
O=C(NCCCN1CCN(c2ncccn2)CC1)NN(Cc1ccc(F)cc1)c1ccccc1,5.721246399047171
O=C(NCCCN1CCN(c2ccc(I)cc2)CC1)NN(Cc1ccccc1)c1ccccc1,5.886056647693163
O=C(NCCN1CCN(c2ccc(I)cc2)CC1)NN(Cc1ccccc1)c1ccccc1,5.7447274948966935
COc1ccccc1N1CCN(CCCCOc2ccc3scnc3c2)CC1,8.070019409484486
COc1ccccc1N1CCN(CCCCOc2ccc3sc(N)nc3c2)CC1,8.51999305704285
C=CCN1CCc2nc(N)sc2CC1,7.169989064063882
Clc1cccc(N2CCN(CCCCN3CCc4ncsc4CC3)CC2)c1Cl,7.550059011226662
O=C(c1ccccc1)N1CCN(CCN2CCc3ncsc3CC2)CC1,4.909999919094989
COc1ccccc1N1CCN(CCCN2CCc3ncsc3CC2)CC1,6.779996573843064
COc1ccccc1N1CCN(CCCCN2CCc3ncsc3CC2)CC1,6.509999358109048
c1nc2c(s1)CCN(CCCCN1CCc3ncsc3CC1)CC2,5.420000452721523
O=C(NCCCCN1CCc2ncsc2CC1)C12CC3CC(CC(C3)C1)C2,6.350003492533959
COc1ccccc1N1CCN(CCCN2CCCc3ncsc3C2)CC1,6.589999287456538
CN1CCc2cc(O)c(O)c3c2C1Cc1ccccc1-3,6.078375942579873
CN1CCc2cc(O)c(O)cc2C1Cc1ccccc1Br,6.707766087090525
COc1ccc(N2CCN(CCCCNC(=O)c3ccc(-c4ccsc4)cc3)CC2)cc1,7.703334809738469
O=C(NCCCCN1CCN(c2ccccc2)CC1)c1ccc(-c2ccsc2)cc1,8.096910013008056
O=C(NCCCCN1CCN(c2ccccc2Cl)CC1)c1ccc(-c2ccsc2)cc1,9.259637310505756
O=C(NCCCCN1CCN(c2cccc(Cl)c2)CC1)c1ccc(-c2ccsc2)cc1,8.080921907623926
O=C(NCCCCN1CCN(c2ccc(Cl)cc2)CC1)c1ccc(-c2ccsc2)cc1,7.485452247339714
O=C(NCCCCN1CCN(c2cccc(Cl)c2Cl)CC1)c1ccc(-c2ccsc2)cc1,9.050609993355089
O=C(NCCCCN1CCN(c2ccc(Cl)cc2Cl)CC1)c1ccc(-c2ccsc2)cc1,8.42021640338319
O=C(NCCCCN1CCN(c2cc(Cl)cc(Cl)c2)CC1)c1ccc(-c2ccsc2)cc1,9.356547323513812
COc1ccccc1N1CCN(CCCCNC(=O)c2ccc(-c3ccsc3)cc2)CC1,9.69897000433602
COc1cccc(N2CCN(CCCCNC(=O)c3ccc(-c4ccsc4)cc3)CC2)c1,7.744727494896693
O=C(NCCCCN1CCN(c2ccccc2O)CC1)c1ccc(-c2ccsc2)cc1,7.777283528852417
O=C(NCCCCN1CCN(c2cccc(O)c2)CC1)c1ccc(-c2ccsc2)cc1,9.327902142064282
O=C(NCCCCN1CCN(c2ccc(O)cc2)CC1)c1ccc(-c2ccsc2)cc1,7.866461091629782
Cc1ccccc1N1CCN(CCCCNC(=O)c2ccc(-c3ccsc3)cc2)CC1,9.167491087293763
Cc1cccc(N2CCN(CCCCNC(=O)c3ccc(-c4ccsc4)cc3)CC2)c1,7.6595558851598815
Cc1ccc(N2CCN(CCCCNC(=O)c3ccc(-c4ccsc4)cc3)CC2)cc1,7.442492798094342
N#Cc1ccccc1N1CCN(CCCCNC(=O)c2ccc(-c3ccsc3)cc2)CC1,9.602059991327964
N#Cc1cccc(N2CCN(CCCCNC(=O)c3ccc(-c4ccsc4)cc3)CC2)c1,9.30102999566398
O=C(NCCCCN1CCN(c2ccccc2C(F)(F)F)CC1)c1ccc(-c2ccsc2)cc1,8.823908740944319
O=C(NCCCCN1CCN(c2ccc(C(F)(F)F)cc2)CC1)c1ccc(-c2ccsc2)cc1,7.106238237942057
CCCN1CCO[C@@H]2c3cc(OCCCCNC(=O)c4ccc5c(c4)Cc4ccccc4-5)ccc3OC[C@H]21,6.09366495819491
CCCN1CCO[C@@H]2c3cc(OCCCCNC(=O)c4nc5ccccc5s4)ccc3OC[C@H]21,5.876148359032914
CCCN1CCO[C@@H]2c3cc(OCCCCNC(=O)c4ccc5scnc5c4)ccc3OC[C@H]21,5.671620396561262
CCCN1CCO[C@@H]2c3cc(OCCCCOc4ccc5c(c4)NC(=O)CC5)ccc3OC[C@H]21,5.798602875679548
Oc1ccc2c(c1)[C@H]1OCCN[C@@H]1CO2,6.394694953858891
CCCN1CC(c2ccc(N)nc2)OC[C@@H]1C,6.732828271596986
CCCN(CCC)c1ccc(C2CN(CCC)[C@@H](C)CO2)cn1,4.675717544702307
C[C@H]1CO[C@H](c2ccc(N)nc2)CN1CCCCNC(=O)c1cc2ccccc2[nH]1,5.189095719331299
COc1ccc2[nH]cc(C3=CCN(Cc4cc(=O)[nH]c5ccccc45)CC3)c2c1,6.211831628858833
COc1cc2c(cc1OC)C(=O)N(CCCCN1CCN(c3ccccn3)CC1)CCC2,8.522878745280337
Cc1cc(Oc2nccc3occc23)ccc1-c1c(C)ncc2nccn12,5.102372908709558
Cc1ncc2nccn2c1-c1ccc(Oc2nccc3occc23)cc1C(F)(F)F,5.091514981121351
Cc1ccc(C2CCN(CC(=O)Nc3cccc(C)c3)CC2)cc1,5.434034182553333
Cc1cccc(NC(=O)CN2CCC(c3ccc(Cl)cc3)CC2)c1,4.579714115058082
Cc1cccc(NC(=O)CN2CCN(c3ncccn3)CC2)c1,5.2225731776106885
CCc1cccc(NC(=O)CN2CCN(c3ccccn3)CC2)c1,5.826813731587726
COc1ccccc1N1CCC2(CCN(CCCSc3nnc(-c4ccc(N(C)C)cc4)n3C)CC2)CC1,6.860120913598763
COc1ccccc1N1CCC2(CCN(CCCSc3nnc(-c4ccc(-c5ccsc5)cc4)n3C)CC2)CC1,6.995678626217358
COc1ccccc1N1CCC2(CCN(CCCSc3nnc(-c4ccccc4F)n3C)CC2)CC1,7.586700235918748
COc1ccccc1N1CCC2(CCN(CCCSc3nnc(-c4ccc(F)cc4)n3C)CC2)CC1,7.400116927926312
COc1ccccc1N1CCC2(CCN(CCCSc3nnc(-c4ccccc4)n3N)CC2)CC1,7.1249387366083
COc1ccccc1N1CCC2(CCN(CCCSc3nnc(-c4ccccc4)[nH]3)CC2)CC1,7.488116639021126
COc1ccccc1N1CCC2(CCN(CCCSc3ncc(-c4ccccc4)n3C)CC2)CC1,6.3788237182249645
COc1ccccc1N1CCC2(CCN(CCSc3nnc(-c4ccccc4)n3C)CC2)CC1,7.047207556955908
Cn1c(SCCCN2CCC3(CC2)CCN(c2ccccc2O)CC3)nnc1-c1ccccc1,6.402304814074488
COc1ccc(N2CCC3(CCN(CCCSc4nnc(-c5ccccc5)n4C)CC3)CC2)c(OC)c1,6.950781977329818
Cn1c(SCCCN2CCC3(CC2)CCN(c2ccccc2F)CC3)nnc1-c1ccccc1,6.681936665037238
COc1cc(F)ccc1N1CCC2(CCN(CCCSc3nnc(-c4ccccc4)n3C)CC2)CC1,7.67778070526608
COc1ccccc1N1C=CC2(CCN(CCCSc3nnc(-c4ccccc4)n3C)CC2)CC1,8.494850021680094
COc1ccccc1N1CCC2(CCN(CCCSc3nnc(-c4ccccc4)n3C)C2)CC1,7.555955204081924
COc1ccccc1N1CCC2(CCN(CCCCNC(=O)c3ccc(-c4ccsc4)cc3)CC2)CC1,7.031984286006358
COc1ccccc1N1CCC2(CCN(CCCCNC(=O)c3ccc(N(C)C)cc3)CC2)CC1,7.211124884224583
COc1ccccc1N1CCC2(CCN(CCCOc3ccc4c(c3)NC(=O)CC4)CC2)CC1,4.836034017045116
CCCCN1CCC2(CC1)CCN(c1ccccc1OC)CC2,5.557050130422138
CCCCN1CCC2(CC1)CCN(c1ccccc1OC)C2,5.17737432122586
Cn1c(SCCCN2CCC(C)(C)CC2)nnc1-c1ccccc1,6.199970640755866
Cn1c(SCCCN2CCNCC2)nnc1-c1ccccc1,4.138149093660504
NC(=O)c1ccn(-c2cccc(OC(=O)NCCN3CCN(c4ccccc4)CC3)c2)c1,6.979410855416706
Cc1cc(C(N)=O)c(-c2cccc(OC(=O)NCCN3CCN(c4ccccc4)CC3)c2)o1,6.979410855416706
Cn1c(C(N)=O)ccc1-c1cccc(OC(=O)NCCN2CCN(c3ccccc3)CC2)c1,7.119586600122084
Cc1cc(C(N)=O)c(-c2cccc(OC(=O)NCCCN3CCN(c4ccccc4)CC3)c2)o1,7.71556926615548
CCc1cc(Cl)c(OC)c(N2CCN(CC(F)CCNC(=O)c3cc4ccccc4o3)CC2)c1,7.000434511774017
CCc1cccc(N2CCN(CC(F)CCNC(=O)c3cc4ccccc4o3)CC2)c1Cl,8.610833915635467
CCc1cc(Cl)c(OC)c(N2CCN(CC(O)CCNC(=O)c3ccc4c(c3)OCO4)CC2)c1,7.610833915635467
CCc1cccc(N2CCN(CC(O)CCNC(=O)c3ccc4c(c3)OCO4)CC2)c1Cl,8.51999305704285
CCc1cc2c(cc1N1CCN(CC(O)CCNC(=O)c3cc4ccccc4[nH]3)CC1)OCO2,8.365522729839268
COc1ccc2c(c1)c(C1=CCNCC1)cn2S(=O)(=O)c1ccc2cccnc2c1,7.494850021680094
CCCCN1CCN(c2cccc(CC)c2Cl)CC1,9.440093374963888
CCc1cc(Cl)c(OC)c(N2CCN(CCCCNC(=O)c3cc4ccccc4[nH]3)CC2)c1,9.467245621007502
CCc1cc(Cl)c(OC)c(N2CCN(CCCCNC(=O)c3cc4ccccc4o3)CC2)c1,8.496209316942819
CCc1cccc(N2CCN(CCCCNC(=O)c3cn4ccccc4n3)CC2)c1Cl,9.48017200622428
CCc1cccc(N2CCN(CCCCNC(=O)c3nc(C)c[nH]3)CC2)c1Cl,9.20690839982342
CCc1cccc(N2CCN(C/C=C/CNC(=O)c3nc(C)c[nH]3)CC2)c1Cl,8.892790030352131
CCc1cccc(N2CCN(CCC(O)CNC(=O)c3cc4ccccc4[nH]3)CC2)c1Cl,9.69897000433602
O=S(=O)(c1ccccc1)N1CCc2ccc(N3CCNCC3)cc21,6.481486060122113
CN1CCN(c2ccc3c(c2)N(S(=O)(=O)c2ccccc2)CC3)CC1,7.167491087293763
CCCN1CCN(c2ccc3c(c2)N(S(=O)(=O)c2ccccc2)CC3)CC1,8.244125144327509
O=S(=O)(c1ccccc1)N1CCc2ccc(N3CCN(C4CCC4)CC3)cc21,6.761953896871205
CCCN1CCC(c2cccc3c2CN(S(=O)(=O)c2ccccc2)C3)CC1,6.673664139071248
CN1CCN(c2cccc3c2CN(S(=O)(=O)c2ccccc2)C3)CC1,6.795880017344075
CCN1CCN(c2cccc3c2CN(S(=O)(=O)c2ccccc2)C3)CC1,7.136677139879544
CCCN1CCN(c2cccc3c2CN(S(=O)(=O)c2ccccc2)C3)CC1,7.568636235841013
CCCN1CCC(c2ccc3c(c2)CN(S(=O)(=O)c2ccccc2)C3)CC1,6.147520006363144
CCN1CCN(c2ccc3c(c2)CN(S(=O)(=O)c2ccccc2)C3)CC1,6.162411561764489
CCCN1CCN(c2ccc3c(c2)CN(S(=O)(=O)c2ccccc2)C3)CC1,6.987162775294828
CCN1CCC(c2cccc3c2CCN3S(=O)(=O)c2ccccc2)CC1,6.228412519118745
CCN1CCN(c2cccc3c2CCN3S(=O)(=O)c2ccccc2)CC1,7.142667503568732
CCCN1CCN(c2cccc3c2CCN3S(=O)(=O)c2ccccc2)CC1,7.769551078621726
CN1CCC(c2ccc3c(c2)CCN3S(=O)(=O)c2ccccc2)CC1,6.396855627379818
CCN1CCC(c2ccc3c(c2)CCN3S(=O)(=O)c2ccccc2)CC1,6.493494967595128
O=S(=O)(c1ccccc1)N1CCc2cc(C3CCN(C4CCC4)CC3)ccc21,5.776763726897002
CN1CCN(c2ccc3c(c2)CCN3S(=O)(=O)c2ccccc2)CC1,6.966576244513051
CCN1CCN(c2ccc3c(c2)CCN3S(=O)(=O)c2ccccc2)CC1,7.318758762624412
O=S(=O)(c1ccccc1)N1CCc2ccc(C3CCNCC3)cc21,6.286509456906058
CN1CCC(c2ccc3c(c2)N(S(=O)(=O)c2ccccc2)CC3)CC1,6.91721462968355
CCN1CCC(c2ccc3c(c2)N(S(=O)(=O)c2ccccc2)CC3)CC1,7.022276394711152
O=S(=O)(c1ccccc1)N1CCc2ccc(C3CCN(C4CCC4)CC3)cc21,6.441291429466834
O=C(O)c1cc(-c2ccc(C3CCNCC3)cc2)c2ccc(-c3ccc(C(F)(F)F)cc3)cc2c1,5.168130225719498
CN1CCc2cccc3c2C1Cc1ccc(NC(N)=O)cc1-3,5.609064892896621
CCCN1CCc2cccc3c2C1Cc1cc2sc(N)nc2cc1-3,5.675717544702307
CNc1cc(OC)c(C(=O)N[C@@H]2CCN(Cc3ccccc3)[C@@H]2C)cc1Cl,8.928117992693874
COc1ccc(NS(=O)(=O)c2sc3ccc(Cl)cc3c2C)cc1N1CCN(C)CC1,6.699991797446187
c1ccc(CN2CCN(c3cccc4[nH]ccc34)CC2)cc1,7.450996737974212
C=CCN1C2CCC1CC(OC(c1ccc(F)cc1)c1ccc(F)cc1)C2,6.886056647693163
Fc1ccc(C(OC2CC3CCC(C2)N3Cc2cccc3ccccc23)c2ccc(F)cc2)cc1,6.950781977329818
Fc1ccc(C(OC2CC3CCC(C2)N3Cc2cc3ccccc3[nH]2)c2ccc(F)cc2)cc1,7.274088367704952
CCCN1CCC[C@@H](c2cccc(S(C)(=O)=O)c2)C1,5.8843894883257
O=C(NCN1CCN(c2ccccc2Cl)CC1)c1ccccc1,6.752026733638194
CCN1CCC[C@@H](c2cccc(C#N)c2)C1,6.289036881004725
CC(C)N1CCC[C@@H](c2cccc(C#N)c2)C1,6.571865205971212
C1=C(c2ccccc2)CCN(C[C@@H]2CCC=C(c3ccccc3)C2)C1,7.779891911959945
CCCN1CCC[C@@H](c2cccc(-c3ccsc3)c2)C1,7.107905397309519
CCCN1CCC[C@@H](c2ccc(OS(=O)(=O)C(F)(F)F)cc2)C1,5.944621668625
C=CCN1CCC[C@@H](c2cccc(C#N)c2)C1,6.181774106386045
O=C(NCN1CCN(c2ccccc2Cl)CC1)c1ccc(Cl)cc1,7.180456064458132
O=C(NCN1CCN(c2ccccc2Cl)CC1)c1cccc(Cl)c1,6.438898616350944
CCCN1CCC[C@@H](c2cccc(C=O)c2)C1,7.080921907623926
Clc1ccc(N2CCN(Cc3cccc4ccnn34)CC2)cc1,5.0
CN(C)[C@@H]1Cc2cccc3nc(O)n(c23)C1,5.7146677723561154
Cc1ccc(OCCNCCCOc2ccccc2)cc1Cl,8.409492537991417
COc1c(C(=O)NCCN2CCN(c3cccc(Cl)c3)CC2)cc(Br)c2ccccc12,7.398972684855514
COc1c(C(=O)NCCN2CCN(c3ccccc3)CC2)ccc2ccccc12,6.568636235841013
COc1c(C(=O)NCCN2CCN(c3ccccc3)CC2)cc(Br)c2ccccc12,7.60977163753087
Cc1ccc(OCCNCCCOc2ccccc2)cc1C,7.138346129786089
COc1c(C(=O)NCCN2CCN(c3ccc([N+](=O)[O-])cc3)CC2)cc(Br)c2ccccc12,6.13608262304214
Clc1ccc(OCCNCCCSc2ccccc2)cc1,7.022276394711152
COc1c(C(=O)NCCN2CCN(c3ccccc3Cl)CC2)cc(Br)c2ccccc12,7.404448668158248
N#Cc1ccc2cc(CN3CCN(c4ccc(Cl)c(Cl)c4)CC3)[nH]c2c1,4.481486060122113
Nc1ccc(C#CCCN2CC=C(c3ccccc3)CC2)cc1,7.619788758288394
N#Cc1ccc2[nH]cc(CN3CCN(c4ccc(F)cc4)CC3)c2c1,5.2839966563652006
Oc1ccc2[nH]cc(CCCCN3CC=C(c4ccccc4)CC3)c2c1,9.397940008672036
N#Cc1ccc2[nH]cc(CN3CCN(c4ccccc4)CC3)c2c1,5.356547323513812
O=C(NCCCCN1CCC[C@H]2c3ccc(O)cc3CC[C@@H]21)c1ccc(-c2ccccc2)cc1,8.100015437450608
c1ccc(CNCCOc2cccc3[nH]ncc23)cc1,8.05551732784983
CCCN(CCC)[C@@H]1CCc2c(ccc(CCc3ccc(C(F)(F)F)cc3)c2OC)C1,8.199970640755867
FC(F)(F)c1nc2c(OCCNCc3ccccc3)cccc2[nH]1,8.939302159646388
Sc1nc2c(OCCNCc3ccccc3)cccc2[nH]1,8.698970004336019
Sc1nc2c(OCCNCc3ccccc3)cc(Cl)cc2[nH]1,7.913640169325252
O=C(NCCCCN(CCCN1CCN(c2ccccc2)CC1)C1CCc2ccc(O)cc2C1)c1ccccc1,6.121478204498794
Oc1cccc(OCCNCc2ccccc2)c1,7.958607314841775
CCCN(CCN1CCN(c2cccc(Cl)c2Cl)CC1)C1CCc2ccc(O)cc2C1,8.94692155651658
C(#Cc1cccn1C1CCN(Cc2ccccc2)CC1)c1ccccc1,5.060480747381382
Clc1ccc(N2CCN(CCCOc3ccc(-c4nc5ccccc5[nH]4)cc3)CC2)cc1,7.568636235841013
CCCN[C@@H]1CCc2c(F)cccc2C1,7.446116973356125
O=Cc1cccn1C1CCN(Cc2ccccc2)CC1,5.6020599913279625
CCCCN[C@@H]1CCc2c(F)cccc2C1,6.801342913045577
c1ccc(N2CCN(CCCOc3ccc(-c4nc5ccccc5[nH]4)cc3)CC2)nc1,8.096910013008056
O=C1NCCN1CCN1CCC(c2cn(-c3ccc(F)cc3)c3ccc(Cl)cc23)CC1,8.267606240177031
COc1cc(NC(=O)C2CC2)c(Cl)cc1C(=O)NC1CCN(Cc2ccccc2)C1,7.67778070526608
Cc1ccc(N2CCN(CC[C@H]3CC[C@H](NC(=O)c4cccs4)CC3)CC2)cc1,8.366531544420413
Fc1ccc(N2CCN(CC[C@H]3CC[C@H](Nc4ncccn4)CC3)CC2)cc1,7.318758762624412
O=C(N[C@H]1CC[C@H](CCN2CCN(c3ccc(Cl)cc3)CC2)CC1)c1cccs1,8.096910013008056
Cc1ccsc1C(=O)N[C@H]1CC[C@H](CCN2CCN(c3cccc(Cl)c3Cl)CC2)CC1,7.705533773838407
c1ccc(N2CCN(C[C@H]3CC[C@H](Nc4ncccn4)CC3)CC2)cc1,7.050609993355087
Clc1cccc(N2CCN(CC[C@H]3CC[C@H](Nc4ncccn4)CC3)CC2)c1Cl,8.301029995663981
CN(C(=O)c1cccs1)[C@H]1CC[C@H](CCN2CCN(c3cccc(Cl)c3Cl)CC2)CC1,8.3767507096021
CCCN(CCC)C1CCc2ccc3occc3c2C1,7.346787486224656
FC(F)(F)c1cccc(N2CCN(CC[C@H]3CC[C@H](Nc4ncccn4)CC3)CC2)c1,7.494850021680094
O=C(N[C@H]1CC[C@H](CCN2CCN(c3cccc(Cl)c3Cl)CC2)CC1)c1ccco1,8.853871964321762
O=C(N[C@H]1CC[C@H](CCN2CCN(c3ccccc3Cl)CC2)CC1)c1cccs1,9.30102999566398
COc1ccc(N2CCN(CC[C@H]3CC[C@H](NC(=O)c4cccs4)CC3)CC2)cc1,7.906578314837765
CN(c1ncccn1)[C@H]1CC[C@H](CCN2CCN(c3ccccc3)CC2)CC1,7.619788758288394
CCCN(CCC)CC[C@H]1CC[C@H](Nc2ncccn2)CC1,6.096910013008056
O=C(NCCCCN1CCN(c2cccc(Cl)c2Cl)CC1)c1cc2ccccc2s1,9.2344533600696
COc1ccccc1N1CCN(CCCCNC(=O)c2ccn3nccc3c2)CC1,8.551448260798422
Cc1nnn(C2CCN(Cc3ccccc3)CC2)c1-c1ccccc1,5.657577319177793
COc1ccc(/C=C/C(=O)NCCCCN2CCN(c3ccccc3OC)CC2)cc1,9.42021640338319
COc1ccccc1N1CCN(CCCCNC(=O)c2ccccc2I)CC1,8.10790539730952
CCCN(CCC)C1CCC(=CC#N)CC1,4.886056647693163
COc1ccccc1N1CCN(CCCCNC(=O)/C=C/c2ccc(-c3ccccc3)cc2)CC1,7.795880017344075
Clc1ccc2c(c1)C1CN(Cc3ccccc3)CC1CO2,7.79997073344623
COc1ccc2c(c1)OCC1CN(Cc3ccccc3)CC21,7.100015437450609
COc1ccccc1N1CCN(CCCCNC(=O)/C=C/C=C/c2ccccc2)CC1,8.823908740944319
COc1ccccc1N1CCN(CCCCNC(=O)c2cccc3c2-c2ccccc2C3=O)CC1,8.528708288941061
CCN(Cc1ccc(-c2cc(S(=O)(=O)CC)ccc2OC)[nH]1)Cc1ccccc1Cl,8.199970640755867
CCS(=O)(=O)c1ccc(OC)c(-c2ccc(CN3CCCCCC3c3ccc(C)cc3)[nH]2)c1,9.100015437450608
CCN(Cc1ccc(Cl)cc1)Cc1ccc(-c2cc(S(=O)(=O)CC)ccc2OC)[nH]1,9.4000078224159
CCN(Cc1cccc(OC)c1)Cc1ccc(-c2cc(S(=O)(=O)CC)ccc2OC)[nH]1,8.100015437450608
O=C(Nc1ccccc1)NC1CCN(Cc2ccccc2)CC1,6.154901959985743
C(#Cc1c[nH]c(CN2CCN(c3ccccc3)CC2)c1)c1ccccc1,6.173925197299173
O=C(Nc1ccccn1)NC1CCN(Cc2ccccc2)CC1,6.022276394711152
Cc1c(-c2ccccc2)nc(O)n1C1CCN(CCCc2ccccc2)CC1,5.721246399047171
CCCN(CCC)CC1CCc2sccc2C1,6.607303046740334
CC(=O)NCC1(c2ccccc2)CCN(CCCC(=O)c2ccc(F)cc2)CC1,5.0
CCN1CCC[C@H]1CNC(=O)c1c(O)c(Cl)cc(Cl)c1OC,7.855944972944627
Cc1ccc2c(c1)Sc1c(ccc3ccccc13)N2CCCN(C)C,5.848017604542526
COc1ccccc1N1CCC(CNCC2COc3ccc(Cl)cc3O2)CC1,8.795880017344075
O=c1[nH]c2ccccc2n1CCCN1CCN(C(c2ccccc2)c2ccccc2)CC1,7.202732459169283
O=C(CCCN1CCN2c3ccccc3CCC2C1)c1ccc(F)cc1,7.078313524516398
Oc1ccc2c(c1)O[C@@H](CNCc1ccccc1)CC2,8.619788758288394
CCN(CC)CCCN(C)Cc1c(-c2ccccc2)oc(-c2ccccc2)c1Cl,5.8598063214213685
CCCCN1CN(CCCC)CN(C(=S)c2c(Cl)cccc2Cl)C1,5.0
CCCN(CCC#N)CN1C(=O)c2ccccc2C1=O,5.0
CC1CCN(CC[C@H]2CCCN2S(=O)(=O)c2cccc(Br)c2)CC1,6.199998172182031
CN(C)CCCN1c2ccccc2Sc2ccc(Cl)cc21,8.22554873084253
COc1ccc(/C=C/C(=O)NCCCCN2CCc3ccc(OS(=O)(=O)C(F)(F)F)cc3C2)cc1,8.400007822415901
COc1ccc(OC)c(N2CCN(CCCCNC(=O)c3ccc(Br)cc3)CC2)c1,8.500038134403809
O=C(NCCCCN1CCc2ccc(OS(=O)(=O)C(F)(F)F)cc2C1)c1ccc(-c2ccc(N3CCCC3=O)cc2)cc1,8.599980364934842
COc1cccc(/C=C/C(=O)NCCCCN2CCc3ccc(OS(=O)(=O)C(F)(F)F)cc3C2)c1,8.500038134403809
Cc1c(-c2ccc(Cl)cc2)noc1C1CCN(CCc2ccccc2)CC1,6.318758762624412
CCN1CCCCCC1c1ccc(-c2cc(S(=O)(=O)CC)ccc2OC)[nH]1,8.700057099977233
CCS(=O)(=O)c1ccc(OC)c(-c2ccc(CN3CCCCC3c3ccccc3)[nH]2)c1,8.899974269892137
COc1c(C(=O)N[C@@H]2CCN(Cc3ccccc3)C2)cc(C#Cc2ccccc2)c2ccccc12,6.0
CNc1cc(OC)c(C(=O)NC2CCN(Cc3ccccc3)CC2)cc1Cl,6.795880017344075
CCS(=O)(=O)c1ccc(OC)c(-c2ccc(C(C)N3CCCC3)[nH]2)c1,7.700057099977233
COc1c(C(=O)NCCN2CCN(c3ccccc3)CC2)cc2ccccc2c1Br,6.499996931948306
COc1ccccc1N1CCN(CC2CN=C3c4ccccc4NC(=O)N32)CC1,6.006563769502388
CCCN(CCc1ccccc1)C1CCc2ccc(O)cc2C1,8.703334809738468
NC1CCc2c(O)cccc2C1,6.464705879957229
COc1c(C(=O)NCCN2CCC(c3ccccc3)CC2)cc(Br)c2ccccc12,7.100015437450609
CCN(CC)CCCOc1ccc(-c2nc3ccccc3n2Cc2ccc(Cn3c(-c4ccc(OCCCN(CC)CC)cc4)nc4ccccc43)cc2)cc1,6.735182176990463
COc1ccccc1N1CCN(CC2CN3C(=O)Nc4ccccc4C3=N2)CC1,5.657577319177793
CCCN(CCc1ccccc1)C1CCc2c(O)cccc2C1,8.47237009912866
CCN(CC)CCCOc1ccc(-c2nc3ccccc3n2CCCCn2c(-c3ccc(OCCCN(CC)CC)cc3)nc3ccccc32)cc1,7.552841968657781
CCN(C)C1CCc2ccc(O)cc2C1,9.148741651280924
COc1ccc(Br)c(O)c1C(=O)NCCN1CCN(c2ccccc2)CC1,6.399996913372259
CNC1CCc2c(cccc2OC)C1,6.388276691992658
COc1ccccc1N1CCN(CCn2c(=O)[nH]c3ccccc3c2=O)CC1,7.136677139879544
COc1ccc2c3c(c(=O)oc2c1)CN(Cc1ccccc1Cl)CC3,5.581698708680254
O=S(=O)(Nc1ccc2nccc(N3CCNCC3)c2c1)c1ccc2c(Cl)cccc2c1,5.59999938302362
Cc1nn2c(N3CCN(Cc4ccccc4)CC3)cccc2c1CN1CCN(c2ccc(Cl)cc2)CC1,6.568636235841013
c1ccc(CCN2CCC(c3cc(-c4cccs4)[nH]n3)CC2)cc1,5.958607314841775
Cc1nn2c(-c3ccccc3)cccc2c1CN1CCN(c2ccc(Cl)cc2)CC1,5.508638306165727
c1ccc(Cc2cc(C3CCN(Cc4ccccc4)CC3)[nH]n2)cc1,5.6777807052660805
CCCN(CCC)C1CCc2n[nH]cc2C1,7.443697499232712
N#CC(C#N)=Cc1ccc(CN2CCN(c3ccc(Cl)cc3)CC2)[nH]1,4.508638306165727
c1ccc(CNC[C@H]2CCc3ccc4[nH]ccc4c3O2)cc1,7.468521082957745
N#Cc1ccc2c(c1)CCN(CC[C@H]1CC[C@H](NC(=O)/C=C/c3ccccc3F)CC1)CC2,8.0
NCCc1cccc2c1ccn2S(=O)(=O)c1ccccc1,6.026872146400302
O=C(NCCCCN1CCN(c2cccc(Cl)c2Cl)CC1)c1ccc2c(c1)Cc1ccccc1-2,8.76579215325274
N#Cc1ccc2c(c1)CCN(CC[C@H]1CC[C@H](NC(=O)c3cccc4ccccc34)CC1)CC2,7.700057099977233
CCCN(CCC)[C@H]1CCn2c(CO)ccc2C1,6.378371996054898
CCCN(CCC)[C@@H]1CCn2cc(CO)cc2C1,5.851931287955853
CCCN(CCCCNC(=O)c1ccc(-c2ccccc2)cc1)C1CCc2n[nH]cc2C1,8.500038134403809
C1=C(/C=C/c2ccccc2)CCN(CCc2c[nH]c3ncccc23)C1,6.7447274948966935
C[C@H](CN1CCN(c2cc(F)c(F)cc2F)CC1)N1C(=O)CC2(CCCC2)CC1=O,7.229147988357855
Cn1nnc(-c2ccc3c(c2)c(C2CCN(CCN4CCOC4=O)CC2)cn3-c2ccc(F)cc2)n1,5.853871964321762
Cn1cnc(-c2ccc3c(c2)c(C2CCN(CCN4CCOC4=O)CC2)cn3-c2ccc(F)cc2)n1,5.508638306165727
Cn1ccc(-c2ccc3c(c2)c(C2CCN(CCN4CCNC4=O)CC2)cn3-c2ccc(F)cc2)n1,5.6777807052660805
COc1ccc(S(=O)(=O)Oc2ccccc2)cc1-c1ccc(CN2CCCCCC2c2ccccc2)[nH]1,8.0
COc1ccc(S(=O)(=O)N2CCCc3ccccc32)cc1-c1ccc(CN2CCCCCC2c2ccccc2)[nH]1,8.199970640755867
COc1ccc(S(=O)(=O)N2CCc3ccccc3C2)cc1-c1ccc(CN2CCCCCC2c2ccccc2)[nH]1,8.700057099977233
COc1ccc(C2CCN(Cc3ccc4c(c3)OCC(=O)N4)CC2)cc1,6.368556230986828
O=C1COc2cc(CN3CCN(c4ccc(Cl)cc4)CC3)ccc2N1,6.168130225719498
O=C(NC/C=C/CN1CCN(c2cccc(Cl)c2Cl)CC1)c1ccc(-c2ncc[nH]2)cc1,9.522878745280336
O=C(NCCCCN1CCN(c2cccc(Cl)c2Cl)CC1)c1ccc(I)cc1,8.795880017344075
O=C(NCCCCN1CCN(c2cccc(Cl)c2Cl)CC1)c1ccc(-c2cccnc2)cc1,9.30102999566398
O=C(NC/C=C/CN1CCN(c2cccc(Cl)c2Cl)CC1)c1cccc(I)c1,8.494850021680094
O=C(NC/C=C/CN1CCN(c2cccc(Cl)c2Cl)CC1)c1ccc(I)cc1,8.468521082957745
COc1ccccc1N1CCN(CCCCNC(=O)c2cc3cc(I)ccc3s2)CC1,9.065501548756432
COc1ccc2c(c1)OCCN(C)CCc1ccccc1C2,5.795608668080701
O=C(NCCCCN1CCN(c2cccc(Cl)c2Cl)CC1)c1ccc(F)nc1,8.958607314841775
COc1cccc2cc(C(=O)NCCCCN3CCN(c4cccc(Cl)c4Cl)CC3)oc12,9.886056647693165
Cn1c(=O)cnn(CCCCN2CCN(c3cccc4ccc(O[11CH3])cc34)CC2)c1=O,7.202040356262804
COc1ccc2onc(N3CCN(CCCCNC(=O)c4ccc5c(c4)OCO5)CC3)c2c1,6.928117992693875
CC(C)(C)c1nc(N2CCN(CCCCn3cc(Cl)c(=O)[nH]c3=O)CC2)cc(C(F)(F)F)n1,8.638272163982407
CC(C)(C)c1nc(N2CCN(CCCCn3cc(F)c(=O)[nH]c3=O)CC2)cc(C(F)(F)F)n1,8.522878745280337
CC(C)(C)c1nc(N2CCN(CCCCn3ccc(N4CCC4)nc3=O)CC2)cc(C(F)(F)F)n1,8.356547323513812
CC(C)(C)c1nc(N2CCN(CCCCn3ccc(C4CCCCC4)nc3=O)CC2)cc(C(F)(F)F)n1,8.318758762624412
CC(C)(C)c1nc(N2CCN(CCCCN3C(=O)CCCc4ccccc43)CC2)cc(C(F)(F)F)n1,7.774690718274137
CN1CCc2ccccc2Cc2c(ccc(O)c2Cl)CC1,8.72584215073632
CC(C)(C)c1nc(N2CCN(CCCCNC(=O)CCc3ccccc3)CC2)cc(C(F)(F)F)n1,8.795880017344075
CC(C)(C)c1nc(N2CCN(CCCCCC(=O)NCc3ccccc3)CC2)cc(C(F)(F)F)n1,8.207608310501746
CCN(Cc1ccccc1)C(=O)NCCCCN1CCN(c2cc(C(F)(F)F)nc(C(C)(C)C)n2)CC1,8.080921907623926
CC(C)(C)c1nc(N2CCN(CCCCn3ccc(-c4ccccc4)cc3=O)CC2)cc(C(F)(F)F)n1,8.102372908709558
COc1ccccc1N1CCN(CCCCNC(=O)c2cc3c4ccc(c3o2)CCc2ccc(cc2)CC4)CC1,7.795880017344075
COc1c(Cl)cccc1N1CCN(CCCCNC(=O)c2cc3ccc2CCc2ccc(cc2)CC3)CC1,9.337242168318426
Fc1ccccc1N1CCN(Cc2cnn(-c3ccccc3)c2)CC1,7.171952671411244
Fc1ccc(N2CCN(Cc3cnn(-c4ccccc4)c3)CC2)cc1,6.268802195195154
Clc1ccc(N2CCN(Cc3cnn(-c4ccccc4)c3)CC2)cc1,5.720622834324311
COc1ccccc1N1CCN(Cc2cn3cc(C)cc(I)c3n2)CC1,6.327902142064283
COc1ccccc1N1CCN(Cc2cn3cc(C)cc(Br)c3n2)CC1,6.173925197299173
Clc1ccc(N2CCN(Cc3cn4nc(Cl)ccc4n3)CC2)cc1,5.113509274827518
CCCc1c(C(=O)NCCCCN2CCN(c3ccccc3OC)CC2)nnn1Cc1ccccc1,7.96018944585165
Cc1c(C(=O)NCCCCCN2CCN(c3cccc(Cl)c3Cl)CC2)nnn1Cc1ccccc1,8.070019409484486
CN1CCc2cc(Cl)c(NS(=O)(=O)c3ccc(-c4ccc(Cl)cc4)cc3)cc2CC1,8.599980364934842
CN1CCc2cc(Br)c(NS(=O)(=O)c3ccc(-c4ccc(Cl)cc4)cc3)cc2CC1,8.299988937677888
CN1CCc2ccc(NS(=O)(=O)c3ccc(-c4ccc(C#N)cc4)cc3)cc2CC1,7.79997073344623
CCCCc1ccc(S(=O)(=O)Nc2ccc3c(c2)CCNCC3)cc1,7.79997073344623
CCCCc1ccc(S(=O)(=O)Nc2ccc3c(c2)CN(C)CC3)cc1,7.599980364934842
CCCCc1ccc(S(=O)(=O)Nc2ccc3c(c2)CN(C)C3)cc1,7.700057099977233
Cc1ccc2c(-c3nnc(SCCCN4CCc5ccc(-c6cc(C)nn6C)cc5CC4)n3C)cccc2n1,8.827543025599413
Cc1ccc2c(-c3nnc(SCCN4CCc5ccc(-c6cc(C)nn6C)cc5CC4)n3C)cccc2n1,7.79997073344623
COc1ccccc1N1CCN(C/C=C/CNC(=O)c2ccc(-c3ccccn3)cc2)CC1,8.537602002101044
O=C(NC/C=C/CN1CCN(c2cccc(Cl)c2Cl)CC1)c1ccc(-c2cccc[n+]2[O-])cc1,8.958607314841775
Cc1cccn2cc(-c3ccc(OCCCCN4CCN(c5cccc(Cl)c5Cl)CC4)cc3)nc12,7.26440110030182
COc1ccccc1N1CCN(CCCCOc2ccc(-c3cn4cccc(C)c4n3)cc2)CC1,6.414539270491499
COc1ccccc1N1CCN(CCCCOc2ccc(-c3cn4ccc(C)cc4n3)cc2)CC1,7.397940008672037
COc1ccccc1N1CCN(CCCOc2ccc(-c3cn4ccccc4n3)cc2)CC1,8.795880017344075
Cc1cccn2cc(-c3ccc(OCCCN4CCN(c5cccc(Cl)c5Cl)CC4)cc3)nc12,6.647817481888637
Cc1ccn2cc(-c3ccc(OCCCN4CCN(c5cccc(Cl)c5Cl)CC4)cc3)nc2c1,8.096910013008056
Clc1cccc(N2CCN(CCCOc3ccc(-c4cn5ccccc5n4)cc3)CC2)c1Cl,6.806875401645538
COc1ccc2c(c1)Cc1ccccc1CCCN(C)CC2,4.62154758852125
C[C@H]1Oc2c(cccc2N2CCN(CCCc3c[nH]c4ccc(F)cc34)CC2)NC1=O,9.299988937677888
Cc1cc(-c2ccc3c(c2)CCN(CCCSc2nnc(-c4cccc(F)c4)n2C)CC3)no1,8.79997073344623
Cc1cc(-c2ccc3c(c2)CCN(CCCSc2nnc(-c4ccc(Cl)cc4)n2C)CC3)no1,9.199970640755865
Cc1cc(-c2ccc3c(c2)CCN(CCCSc2nnc(-c4cccc(Cl)c4)n2C)CC3)no1,8.79997073344623
Cc1cc(-c2ccc3c(c2)CCN(CCCSc2nnc(-c4cccs4)n2C)CC3)no1,8.899974269892137
Cc1cc(-c2ccc3c(c2)CCN(CCCSc2nnc(-c4ccncc4)n2C)CC3)no1,7.599980364934842
Cc1ccc2cc(-c3nnc(SCCCN4CCc5ccc(-c6cc(C)on6)cc5CC4)n3C)ccc2n1,9.0
Cc1ccc2c(-c3nnc(SCCCN4CCc5ccc(-c6cc(C)on6)cc5CC4)n3C)cccc2n1,8.700057099977233
O=c1c2ccccc2ncn1CCCCN1CCN(c2ccc(Cl)cc2)CC1,5.749579997691106
O=C1c2ccccc2S(=O)(=O)N1CCCCN1CCN(c2ccc(Cl)cc2)CC1,6.542118103266008
O=C(NCCCCN1CCC(=C2c3ccccc3CC(=O)c3sccc32)CC1)c1ccc2ccccc2c1,7.962573502059376
O=C(NCCCCN1CCN2c3ccccc3Cc3ccccc3C2C1)c1cccs1,6.301029995663981
O=C(NCCCCN1CCCN(C(c2ccccc2)c2ccccc2)CC1)c1cccs1,6.468521082957745
O=C(NCCCCN1CCCN(C(c2ccccc2)c2ccccc2)CC1)c1ccc2ccccc2c1,7.486782399932061
O=C(NCCCCN1CCN(C(c2ccccc2)c2ccc(Cl)cc2)CC1)C1CCCCC1,7.910094888560602
O=C(NCCCCN1CCN(C(c2ccccc2)c2ccc(Cl)cc2)CC1)c1cc2ccccc2s1,7.752026733638194
OCC1(c2ccc(Cl)cc2)CCN(Cc2c[nH]c3ccccc23)CC1,6.97469413473523
CC(=O)NC1(c2ccc(Cl)cc2)CCN(Cc2c[nH]c3ccccc23)CC1,6.714442690992226
OC1(Cc2ccc(Cl)cc2)CCN(Cc2c[nH]c3ccccc23)CC1,5.261219441515631
OC1(c2ccc(F)cc2)CCN(Cc2c[nH]c3ccccc23)CC1,6.309803919971486
Cc1ccc2c(OCCN3CCC(Cc4ccc5c(c4F)NC(=O)CO5)CC3)cc(Cl)cc2n1,6.0
COc1ccc2[nH]c3c(c2c1)CCN(C)CCc1ccccc1C3,6.323306390375134
C=CCN1CCC[C@H]1CNC(=O)c1cc(Br)ccc1OC,7.657577319177793
C=CCN1CCC[C@H]1CNC(=O)c1cc(Br)cc(OC)c1OC,9.221848749616356
CCN1CCC[C@H]1CNC(=O)c1c(O)c(Br)cc(OC)c1OC,9.3767507096021
C=CCN1CCC[C@H]1CNC(=O)c1cc(CCCF)ccc1OC,7.481486060122112
CCCN(CCN1CCN(c2ccccc2OC)CC1)C1CCc2c(O)cccc2C1,8.13351574661549
Oc1ccc2c(c1)CC(N(CCc1cccs1)CCN1CCN(c3ccccc3)CC1)CC2,7.621602099051862
COc1ccccc1N1CCN(Cc2cccc(OCCF)c2)CC1,6.568636235841013
Cc1ccc2c(-c3nnc(SCCCN4CCc5c(Cl)cc6oc(C)nc6c5CC4)n3C)cccc2n1,6.499996931948306
Cc1nc(C)c(-c2nnc(SCCCN3CCc4ccc5oc(C(F)(F)F)nc5c4CC3)n2C)s1,8.299988937677888
Cc1ncccc1-c1nnc(SCCCN2CCc3ccc4oc(C(F)(F)F)nc4c3CC2)n1C,7.79997073344623
Cc1ncoc1-c1nnc(SCCCN2CCc3ccc4oc(C(F)(F)C(F)(F)F)nc4c3CC2)n1C,9.100015437450608
Cc1ncoc1-c1nnc(SCCCN2CCc3ccc4nc(C(F)(F)F)oc4c3CC2)n1C,7.700057099977233
Cc1ccc2c(-c3nnc(SCCCN4CCc5ccc6nc(C(F)(F)F)oc6c5CC4)n3C)cccc2n1,8.299988937677888
Cc1ccc2c(-c3nnc(SCCCN4CCc5cc6c(cc5CC4)OCC(=O)N6)n3C)cccc2n1,6.599997654072044
CC(=O)N1CCOc2cc3c(cc21)CCN(CCCSc1nnc(-c2cccc4nc(C)ccc24)n1C)CC3,6.799998134593398
Cc1ncoc1-c1nnc(SCCCN2CCc3cc4c(cc3CC2)OCC(=O)N4)n1C,5.59999938302362
Cc1ncoc1-c1nnc(SCCCN2CCc3cc4onc(C)c4cc3CC2)n1C,6.799998134593398
Cc1ncoc1-c1nnc(SCCCN2CCc3cc4nc(C(F)(F)C(F)(F)F)oc4cc3CC2)n1C,8.500038134403809
Cc1ccc2c(-c3nnc(SCCCN4CCc5cc6nc(CC(F)(F)F)oc6cc5CC4)n3C)cccc2n1,7.400007822415902
CCc1nc2cc3c(cc2o1)CCN(CCCSc1nnc(-c2cccnc2)n1C)CC3,7.0
Cc1nc2cc3c(cc2o1)CCN(CCCSc1nnc(C2CCOCC2)n1C)CC3,7.0
CCc1nc2cc3c(cc2o1)CCN(CCCSc1nnc(-c2ocnc2C)n1C)CC3,7.50003813440381
Cc1nc2cc3c(cc2o1)CCN(CCCSc1nnc(-c2ocnc2C)n1C)CC3,6.799998134593398
Cc1ccc2c(-c3nnc(SCCCCN4CCc5cc6nc(C(F)(F)F)oc6c(Br)c5CC4)n3C)cccc2n1,7.700057099977233
Cc1ccc2c(-c3nnc(SCCCCN4CCc5cc6nc(C)oc6c(Br)c5CC4)n3C)cccc2n1,7.400007822415902
Cc1nc2cc3c(cc2o1)CCN(CCCCSc1nnc(-c2ocnc2C)n1C)CC3,6.499996931948306
CCc1nc2cc3c(cc2s1)CCN(CCCSc1nnc(-c2cccc4nc(C)ccc24)n1C)CC3,8.599980364934842
Cc1nc2cc3c(cc2s1)CCN(CCCSc1nnc(-c2ocnc2C)n1C)CC3,7.100015437450609
Cc1ccc2c(-c3nnc(SCCC(C)N4CCc5cc6c(cc5CC4)C(=O)N(C(C)C)C6)n3C)cccc2n1,6.900008766455316
Oc1ccc(N2CCN(Cc3cnn4ccccc34)CC2)cc1,5.468521082957745
FCCOc1ccc(N2CCN(Cc3cnn4ccccc34)CC2)cc1,5.060480747381382
FCCOc1ccccc1N1CCN(Cc2cnn3ccccc23)CC1,6.494850021680094
Fc1cccc(N2CCN(Cc3cc4ccccn4n3)CC2)n1,5.468521082957745
O=C(NCCCCN1CCN(c2ccc(Cl)cc2Cl)CC1)c1cc2cc(Cl)ccc2[nH]1,9.42021640338319
Clc1cccc(N2CCN(CCCCOc3cc4ccccc4cn3)CC2)c1Cl,7.482540173459768
O[C@]1(c2ccc(Cl)c(Cl)c2)C[C@@H]2CC[C@H](C1)N2Cc1coc2ccc(F)cc12,9.275724130399212
O[C@]1(c2ccc(Cl)cc2)C[C@@H]2CC[C@H](C1)N2Cc1coc2ccccc12,9.148741651280924
O[C@]1(c2ccc(Cl)cc2)C[C@@H]2CC[C@H](C1)N2Cc1csc2ccccc12,8.441291429466835
COc1ccc2[nH]cc(CN3[C@H]4CC[C@@H]3C[C@@](O)(c3ccc(Cl)cc3)C4)c2c1,7.673664139071248
O[C@]1(c2ccc(F)cc2)C[C@@H]2CC[C@H](C1)N2Cc1c[nH]c2ccccc12,7.508638306165727
O[C@]1(c2cccc(Cl)c2Cl)C[C@@H]2CC[C@H](C1)N2Cc1c[nH]c2ccccc12,6.318758762624412
COc1c(C(=O)NCCCCN2CCN(c3cccc(Cl)c3Cl)CC2)ccc2ccccc12,9.221848749616356
COc1cccc(N2CCN(CCCCNC(=O)c3ccc4nonc4c3)CC2)c1,6.769551078621726
COc1ccc(N2CCN(CCCCNC(=O)c3ccc4nonc4c3)CC2)cc1,5.2064191326318445
COc1cc(F)cc(N2CCN(CCCCNC(=O)c3ccc4nonc4c3)CC2)c1,6.181774106386045
COc1ccccc1N1CCN(CCCN2CCc3ccccc3C2=O)CC1,5.800000874803203
O=C1c2ccccc2CCN1CCCN1CCN(c2cccc(Cl)c2Cl)CC1,6.679999195735272
O=C1c2ccccc2CCCN1CCCN1CCN(c2cccc(C(F)(F)F)c2)CC1,5.979999397807417
O=C1c2ccccc2CCN1CCCCN1CCN(c2ccccc2Cl)CC1,8.169989064063882
COc1ccccc1N1CCN(CC(O)CCNC(=O)c2cc3ccccc3s2)CC1,8.337242168318426
COc1ccccc1N1CCN(CC(O)CCNC(=O)c2cc3cc(F)ccc3[nH]2)CC1,8.61798295742513
CC#CC1=CCC(N(CCC)CCCCn2cc(C)nn2)CC1,6.552841968657781
CCCN(CCC)CCCCNC(=O)c1ccc(-c2ccccc2)cc1,6.022276394711152
O=C(Nc1cccc(Cn2ncc(N3CCNCC3)c(Cl)c2=O)c1)c1ccc(-c2ccccc2)cc1,6.090000275786018
CCCN1CCO[C@@H]2c3cc4c(cc3CC[C@H]21)CCOC4=O,6.919987152892072
CCCN1CCO[C@@H]2c3cc(C(=O)O)ccc3CC[C@H]21,5.480000159330324
CCCN1CCO[C@@H]2c3cc(C(=O)Nc4ccc(OC)cc4)ccc3CC[C@H]21,5.559999795538785
O=C(CCCN1C2CCC1CN(c1ccc(Cl)cc1)CC2)c1ccc(F)cc1,6.2611401979278
OC1(c2ccc(Cl)cc2)CC2CCC(C1)N2Cc1ccc(F)cc1,6.764471553092451
OC1(c2ccc(Cl)cc2)CC2CCC(C1)N2Cc1c[nH]c2ncccc12,6.892790030352131
OC1(c2ccc(Cl)cc2)CCN(CCc2c[nH]c3ccccc23)C1,5.512296136836274
O=C1N(CCN2Cc3ccccc3C2)CCN1c1cccc(C(F)(F)F)c1,8.599980364934842
CC(C)c1cccc(N2CCN(CCN3Cc4ccccc4C3)C2=O)c1,8.199970640755867
N#Cc1cccc(N2CCN(CCN3Cc4ccccc4C3)C2=O)c1,8.599980364934842
O=C1N(CCN2Cc3ccccc3C2)CCN1Cc1ccccc1Cl,6.299997602857746
CC1CCCN(CCN2CCN(c3cccc(Cl)c3)C2=O)C1,8.199970640755867
O=C1N(CCN2CCC(C(F)(F)F)CC2)CCN1c1cccc(OC(F)(F)F)c1,8.299988937677888
CC(C)N1CCN(CCN2CCN(c3cccc(Cl)c3)C2=O)CC1,8.100015437450608
CN1CCN(CCN2CCN(c3cccc(Cl)c3)C2=O)CC1,6.799998134593398
COc1ccccc1N1CCN(Cc2c(C)[nH]c3nc(N(C)C)ncc23)CC1,5.214670164989233
COc1ccccc1N1CCN(Cc2c(C)nc3cc(C)ncn23)CC1,4.173925197299174
COc1ccc(N2CCN(Cc3c(C)nc4cc(C)ncn34)CC2)cc1,4.886056647693163
COc1ccccc1N1CCN(Cc2cc3c(=O)[nH]c(N(C)C)nc3[nH]2)CC1,6.017728766960431
Cc1cc2nc(C)c(CN3CCN(c4ccc(Cl)c(Cl)c4)CC3)n2c(C)n1,5.886056647693163
Cc1cc2nc(C)c(CN3CCN(c4ccc(F)cc4)CC3)n2c(C)n1,4.657577319177793
Cn1c(N2CCCC2)nc2c(CN3CCN(c4ccc(Cl)c(Cl)c4)CC3)c[nH]c2c1=O,6.318758762624412
Cn1c(N2CCOCC2)nc2c(CN3CCN(c4ccccc4)CC3)c[nH]c2c1=O,5.568636235841013
Cc1cccc(N2CCN(CCN(C)C[C@]34CC[C@H](CC3)C4(C)C)C2=O)c1,7.700057099977233
COc1ccc(-n2cc(CCCC(=O)NCCCCN3CCN(c4cccc(Cl)c4Cl)CC3)nn2)cc1,7.080921907623926
CCCN(CCN1CCN(c2ccnc3ccccc23)CC1)C1CCc2ccc(O)cc2C1,8.576754126063193
CCCN(CCN1CCN(c2ccnc3ccccc23)CC1)[C@H]1CCc2nc(N)sc2C1,8.58335949266172
Cn1c(CN2CCC(c3ccccc3)CC2)nc2ccccc21,6.900008766455316
CCCN(CCN1CCN(c2ccnc3ccccc23)CC1)[C@H]1CCc2c(O)cccc2C1,9.730487055782085
CCCN(CCN1CCN(c2ccc(O)c3ncccc23)CC1)C1CCc2ccc(O)cc2C1,8.254144804826272
O=C1N(CCN2CCCCCC2)CCN1c1cccc(Cl)c1,8.299988937677888
O=C1N(CCN2CCCCCC2)CCN1c1ccc(Cl)cc1,7.100015437450609
Cc1ncoc1-c1nnc(SCCCN2CC3CC3(c3cccc(C(F)(F)F)c3)C2)n1C,9.299988937677888
Cn1c(SCCCN2C[C@@H]3C[C@]3(c3ccc(C(F)(F)F)cc3)C2)nnc1-c1cncnc1,8.79997073344623
Cc1ccoc1-c1nnc(SCCCN2C[C@@H]3C[C@]3(c3ccc(C(F)(F)F)cc3)C2)n1C,9.299988937677888
O=S(=O)(Nc1ccc2c(c1)CCN(Cc1cc[nH]n1)CC2)c1ccc(N2CCOCC2)nc1,6.199998172182031
COc1ccc2[nH]cc(CN3CCC(O)(c4ccc(Br)cc4)CC3)c2c1,7.013676222949234
Cc1ncoc1-c1nnc(SCCCN2CC3CC3(c3ccc(S(F)(F)(F)(F)F)cc3)C2)n1C,9.047134938532212
CCN1C[C@H]2C[C@@]2(c2ccc(NS(=O)(=O)c3ccc(C(C)C)cc3)cc2)C1,8.100015437450608
C=CCN1C[C@H]2C[C@@]2(c2ccc(NS(=O)(=O)c3ccc(C(C)C)cc3)cc2)C1,8.599980364934842
CC(C)c1ccc(S(=O)(=O)Cc2ccc([C@]34CNC[C@H]3C4)cc2)cc1,7.599980364934842
CC(C)c1ccc(CS(=O)(=O)c2ccc([C@]34CNC[C@H]3C4)cc2)cc1,7.599980364934842
CCCCc1ccc(S(=O)(=O)Nc2ccc([C@]34CNC[C@H]3C4)cc2)cc1,8.299988937677888
COc1ccccc1N1CCN(CCCCNc2ccc3ccccc3n2)CC1,7.823908740944319
Clc1cccc(N2CCN(CCCCNc3ccc(-c4ccccc4)cn3)CC2)c1Cl,7.387216143280264
Fc1ccccc1N1CCN(CCCCNc2cc(-c3ccccc3)ccn2)CC1,6.510041520575165
FC(F)(F)c1cccc(N2CCN(CCCCNc3ncc(-c4ccccc4)o3)CC2)c1,5.634137784597445
FC(F)(F)c1cccc(N2CCN(CCCCNc3nc(-c4ccccc4)cs3)CC2)c1,5.6142150411566645
Cc1ncoc1-c1nnc(SCCCNC2CC3CC3(c3ccccc3)C2)n1C,7.299988937677887
Cc1ncoc1-c1nnc(SCCCN2CCC3(CCc4ccc(Br)cc43)C2)n1C,8.599980364934842
Cc1nc(C)c(-c2nnc(SCCCN3CCC4(CCc5cc(Cl)ccc54)C3)n2C)s1,7.50003813440381
O=C(CCCN1CCN(c2cc3ccc2CCc2ccc(cc2)CC3)CC1)c1ccc(F)cc1,8.00436480540245
Cc1ccc(C)c(N2CCN(CCCCNC(=O)c3cc4ccccc4s3)CC2)c1,8.602059991327963
O=C(NCCCCN1CCN(c2cc3ccc2CCc2ccc(cc2)CC3)CC1)c1cc2ccc1CCc1ccc(cc1)CC2,8.397940008672037
Cc1ccc(C)c(C(=O)NCCCCN2CCN(c3cc(C)ccc3C)CC2)c1,7.552841968657781
Cc1ccc2c(N3CCN(CCc4cccc(NC(=O)c5ccccc5)c4)CC3)cccc2n1,7.0
Fc1cccc(CCN[C@H]2C3C4CC5C6C4CC3C6C52)c1,5.28274568723745
CN1CCc2cc(OCCF)cc3c2[C@H]1Cc1cccc(O)c1-3,6.050609993355087
CCCN1CCc2cccc3c2[C@H]1Cc1ccc(O)c(O)c1-3,9.356547323513812
CCCN1CCc2cc(OC)cc3c2[C@H]1Cc1ccc(O)c(O)c1-3,8.991399828238082
CCCN1CCc2cccc3c2C1Cc1cccc(OCc2cn(CCCN4CCN(c5ccccc5)CC4)nn2)c1-3,6.718966632752273
CCCN1CCc2cccc3c2C1Cc1cccc(OCc2cn(CCCN4CCN(c5ncccn5)CC4)nn2)c1-3,6.268411234813262
COc1ccccc1N1CCN(CCCCNC(=O)c2ccc(N(C)C)cc2)CC1,9.096910013008056
COc1ccc2c(c1)CCCN(CCCCN1CCN(c3ccccc3OC)CC1)C2=O,9.568636235841012
COc1ccccc1N1CCN(CCCCN2CCc3c(cccc3-c3ccccc3)C2=O)CC1,7.920818753952375
CCCN(CCCCN1CCN(c2ccccc2OC)CC1)Cc1ccc2c(c1)Cc1ccccc1-2,7.14569395819892
CCCN(CCCCN1CCN(c2cccc(Cl)c2Cl)CC1)Cc1ccc2c(c1)Cc1ccccc1-2,6.889410289700751
CCCN(CCCCN1CCN(c2cccc(Cl)c2Cl)CC1)Cc1ccc2ccccc2c1,6.982966660701219
CCCCn1cc(CCCOc2ccc(CN3CCN(c4ccccc4OC)CC3)cc2OC)nn1,6.214670164989233
CCOCCn1cc(COc2ccc(CN3CCN(c4ccccc4OC)CC3)cc2OC)nn1,6.356547323513812
CCCc1cn(CCCCCCCCn2cc(CCCOc3ccc(CN4CCN(c5ccccc5OC)CC4)cc3OC)nn2)nn1,6.638272163982407
CC(C)(C)c1ccc(S(=O)(=O)/C=C/C#N)cc1,5.9299621333922445
Oc1c(Cl)cc(Cl)cc1Sc1cc(Cl)cc(Cl)c1O,5.843753809602656
CN1[C@H]2CC[C@@H]1C[C@H](OC(c1ccccc1)c1ccccc1)C2,6.653647025549361
CC(C)C[C@H]1C(=O)N2CCC[C@H]2[C@]2(O)O[C@](NC(=O)[C@@H]3C=C4c5cccc6[nH]cc(c56)C[C@H]4N(C)C3)(C(C)C)C(=O)N12,9.69897000433602
Fc1ccc(C(c2ccc(F)cc2)N2CCN(C/C=C/c3ccccc3)CC2)cc1,7.481486060122112
CCN(CC)CCOC(=O)C1(C2CCCCC2)CCCCC1,6.386158178123931
Clc1ccccc1C(c1ccccc1)(c1ccccc1)n1ccnc1,6.046240308266771
CN1C[C@H](C(=O)N[C@]2(C)O[C@@]3(O)[C@@H]4CCCN4C(=O)[C@H](Cc4ccccc4)N3C2=O)C[C@@H]2c3cccc4[nH]cc(c34)C[C@H]21,8.741841806659206
Clc1ccc2c(c1)CCc1cccnc1C2=C1CCNCC1,6.189095719331299
CC(CCc1ccc(O)cc1)NCCc1ccc(O)c(O)c1,5.771343041891065
CCN(CC)CCOc1ccc(/C(=C(/Cl)c2ccccc2)c2ccccc2)cc1,6.348721986001856
COc1ccccc1OCCNCC(O)COc1cccc2[nH]c3ccccc3c12,6.707743928643524
N=C(N)c1ccc(OCCCCCOc2ccc(C(=N)N)cc2)cc1,5.8671002300555175
CC(CN1c2ccccc2Sc2ccccc21)N(C)C,6.721246399047171
Clc1ccc(CO/N=C(\Cn2ccnc2)c2ccc(Cl)cc2Cl)c(Cl)c1,6.169347186202575
CN1C[C@H](CNC(=O)OCc2ccccc2)C[C@@H]2c3cccc4c3c(cn4C)C[C@H]21,8.583193128177056
CCOC(=O)C1=C(C)NC(C)=C(C(=O)OCC)C1c1ccccc1/C=C/C(=O)OC(C)(C)C,5.678608721688311
O=c1n(CCCN2CCN(c3cccc(Cl)c3)CC2)nc2ccccn12,5.895854449445992
CCCN(CCCCNC(=O)c1ccc(OCCCc2cn(CCCCCCCCn3cc(CCCOc4ccc(CN5CCN(c6ccccc6OC)CC5)cc4OC)nn3)nn2)c(OC)c1)C1Cc2ccccc2C1,8.920818753952375
CCOCCOc1cccc(C(=O)NCCCN2CCN(c3ccccc3OC)CC2)c1,6.769551078621726
CCOCCOc1ccn2ncc(C(=O)NCCCN3CCN(c4ccccc4OC)CC3)c2c1,7.107905397309519
CCOCCOc1ccn2ncc(C(=O)NCCCCN3CCN(c4ccccc4OC)CC3)c2c1,9.18045606445813
CCOCCOCc1ccc(N2CCN(CCCCNC(=O)c3ccccc3)CC2)c(OC)c1,6.031517051446065
Clc1ccc(N2CCN(CCCOc3ccccc3)CC2)cc1,6.139063379299906
c1ccc(OCCCN2CCN(c3ccccc3)CC2)cc1,7.100726812682396
Fc1ccc(CCCCN2CCCN(c3ccc(Cl)cc3)CC2)cc1,5.516698047641833
Clc1ccc(N2CCCN(CCCc3nc4ccccc4s3)CC2)cc1,6.06398920428479
OCCN1CCN(c2cccc(Cl)c2Cl)CC1,7.440093374963888
CCCCCCN(CCc1ccccc1)CCc1cccc(O)c1,5.940436582098732
COc1ccccc1N1CCN(Cc2cc(CN3CCCCC3)c3cccccc2-3)CC1,6.795880017344075
FC(F)(F)c1nc2c(-[n+]3cc[n+](Cc4ccccc4)cc3)cccc2[nH]1,7.832682665251823
COc1ccccc1N1CCCN(CCCCNC(=O)c2ccc(Cl)nc2)CC1,7.823908740944319
COc1ccccc1N1CCCN(CCCCNC(=O)c2ccc(C)s2)CC1,8.1249387366083
C=Cc1ccc(C(=O)NCCCCN2CCCN(c3ccccc3OC)CC2)cc1,8.744727494896694
COc1ccccc1N1CCCN(CCCCNC(=O)c2ccc(SC)cc2)CC1,8.537602002101044
COc1ccccc1N1CCCN(CCCCNC(=O)c2ccc(N(C)C)cc2)CC1,8.4089353929735
CCN(CC)CCCOC(=O)N1c2ccccc2Sc2ccccc21,6.0
CCOc1ccccc1N1CCN(Cc2ccccc2)CC1,7.369572124974976
CCOc1ccccc1N1CCN(Cc2cccc3ccccc23)CC1,7.229147988357855
Fc1ccccc1N1CCN(Cc2cccs2)CC1,5.721475035262983
C1C2C3CC4C2C2C1C3[C@H](NCC13C5C6C7C5C1C7C63)C42,5.27043027369803
COc1cc(CN[C@H]2C3C4CC5C6C4CC3C6C52)cc(OC)c1OC,5.979638717352292
COc1ccccc1N1CCN(Cc2cn([C@@H]3O[C@H](CO)[C@@H](O)[C@H](O)[C@H]3F)nn2)CC1,4.769551078621726
COc1ccccc1N1CCN(Cc2cn(CCOCCF)nn2)CC1,5.769551078621726
CCN1C(=O)c2ccccc2[S@@+](O)c2ccc(C(=O)NCc3ccc(C#N)cc3)cc21,6.886056647693163
CCCN(CC[C@]1(O)C[C@@H](NC(=O)c2ccc3ccccc3c2)C1)[C@H]1C[C@@H]1c1cccc(Cl)c1,7.421360790031928
Clc1ccc(N2CCN(CCCCCc3nc4ccccc4o3)CC2)cc1,6.924453038607469
Clc1ccc(N2C[C@H]3C[C@@H]2CN3CCCc2cc3ccccc3o2)cc1,6.173471693659349
Clc1cccc(N2CCN(CCCCOc3cccc4ccnn34)CC2)c1Cl,8.142667503568731
OCc1cc2cc(OCCCCN3CCN(c4cccc(Cl)c4Cl)CC3)ccn2n1,8.886056647693163
COc1ccccc1N1CCN(CCCCc2cn(-c3ccccc3OC)nn2)CC1,7.595166283380062
CC(C)(C)c1nc(N2CCN(CCCCNC(=O)c3cn4cccnc4n3)CC2)cc(C(F)(F)F)n1,7.920818753952375
CC(C)(C)c1cc(N2CCN(CCCCNC(=O)c3cn4ccccc4n3)CC2)nc(C(C)(C)C)n1,7.721246399047171
O=C(NCCCCN1CCN(c2ccnc3cc(C(F)(F)F)ccc23)CC1)c1cn2ccccc2n1,7.00436480540245
O=C(CCCC(=O)OC1(c2ccc(Cl)cc2)CCN(CCCC(=O)c2ccc(F)cc2)CC1)OC1(c2ccc(Cl)cc2)CCN(CCCC(=O)c2ccc(F)cc2)CC1,7.508638306165727
CCC(=O)OC1(c2ccc(Cl)cc2)CCN(CCCC(=O)c2ccc(F)cc2)CC1,7.387216143280264
CCCCOc1cccc(CCNC[C@H](O)c2ccc(O)c3[nH]c(=O)sc23)c1,6.841637507904751
Cc1ccccc1[C@H]1CCC[C@H]1NC[C@H](O)c1ccc(O)c2[nH]c(=O)sc12,6.2403321553103694
O=c1[nH]c2c(O)ccc([C@@H](O)CN[C@H]3CCC[C@@H]3OCc3ccccc3)c2s1,6.048176964684088
O=C(NCCCCN1CCN(c2cnc3ccccc3c2)CC1)c1cc2ccccc2cn1,7.853871964321762
O=C(NCCCCN1CCN(c2cccc(F)c2)CC1)c1cc2ccccc2cn1,8.522878745280337
O=C(NCCCCN1CCN(c2ccc(F)cc2)CC1)c1cc2ccccc2cn1,7.795880017344075
O=C(NCCCCN1CCN(c2ccc(O)cc2)CC1)c1cc2ccccc2cn1,7.619788758288394
O=C(NCCCCN1CCN(c2cnc3ccccc3c2)CC1)c1ccccc1,7.397940008672037
COc1cccc(N2CCN(CCCCNC(=O)c3ccccn3)CC2)c1,6.669586226650809
N#Cc1cc(N2CCN(CC[C@H]3CC[C@H](NS(N)(=O)=O)CC3)CC2)cc(C(F)(F)F)c1,9.173925197299171
COc1ccccc1N1CCN(CCCCNC(=O)/N=N/c2cc(F)c(F)c(F)c2)CC1,8.853871964321762
COc1ccccc1N1CCN(CCCCc2cn(-c3ccc4cnccc4c3)nn2)CC1,7.882728704344236
Clc1cccc(N2CCN(CCCCc3cn(-c4ccc5[nH]ccc5c4)nn3)CC2)c1Cl,9.0
COc1ccccc1N1CCN(CCCCn2cc(-c3ccc(-c4ccccc4)cc3)nn2)CC1,8.230622673923861
Clc1cccc(N2CCN(CCCCn3cc(-c4ccc5ccccc5c4)nn3)CC2)c1Cl,8.113509274827518
COc1ccccc1N1CCN(CC(O)CCn2cc(-c3ccc4[nH]ccc4c3)nn2)CC1,7.473660722610156
OC(CCn1cc(-c2ccc3[nH]ccc3c2)nn1)CN1CCN(c2cccc(Cl)c2Cl)CC1,8.232844133917819
O=C(NCCCCN1CCN(c2cccc3ccccc23)CC1)c1cc2ccccc2[nH]1,9.928117992693874
O=C(NCCCCN1CCN(c2cccc3ccccc23)CC1)c1cc2ccccc2s1,9.892790030352131
COc1ccccc1N1CCN(CC(O)CCNC(=O)c2ccc3cc(F)ccc3n2)CC1,7.274905478918531
COc1c(Cl)cccc1N1CCN(CCCCNC(=O)c2cnc3ccccc3c2)CC1,8.701146923590294
O=C(NCCC(O)CN1CCN(c2cccc(Cl)c2Cl)CC1)c1cnc2ccc(F)cc2c1,8.094204119632131
CCCN(CCN1CCN(CCc2c[nH]c3ccccc23)CC1)c1ccc(OC)cc1,6.552841968657781
Brc1ccc(NCCN2CCN(Cc3cc4ccccc4[nH]3)CC2)cc1,5.638272163982407
O=C(CC1CC1)N[C@H]1CC[C@H](CCN2CCN(c3cccc4c3OCO4)CC2)CC1,8.910094888560602
O=C(N[C@H]1CC[C@H](CCN2CCN(c3nccc4occc34)CC2)CC1)c1ccnc2ccccc12,7.634512015109101
Cc1cc2c(c(N3CCN(CC[C@H]4CC[C@H](NC(=O)C5CCOCC5)CC4)CC3)n1)CCO2,7.460923901207224
O=C(CC1CCOCC1)N[C@H]1CC[C@H](CCN2CCN(c3nccc4occc34)CC2)CC1,7.518557371497695
O=C(N[C@H]1CC[C@H](CCN2CCC(c3cccc4c3CCO4)CC2)CC1)c1ccnc2ccccc12,8.214670164989233
O=C(C[C@H]1CC[C@H](O)CC1)N[C@H]1CC[C@H](CCN2CCN(c3nccc4sccc34)CC2)CC1,8.221848749616356
CN(C)C(=O)N[C@H]1CC[C@H](CCN2CCN(c3nccc4c3CCO4)CC2)CC1,7.032452023781138
O=C(Cc1ccc2c(c1)OCO2)N[C@H]1CC[C@H](CCN2CCC(c3cccc4c3CCO4)CC2)CC1,8.437707135543524
O=C(CC1COC1)N[C@H]1CC[C@H](CCN2CCN(c3cccc4c3OCO4)CC2)CC1,8.686132779630846
CCC(=O)N[C@H]1CC[C@H](CCN2CCN(c3nccc4c3CCO4)CC2)CC1,8.013228265733755
O=C(N[C@H]1CC[C@H](CCN2CCC(c3cccc4c3OCO4)CC2)CC1)C1(O)CC1,8.215382707367125
O=C(Cc1noc2ccccc12)N[C@H]1CC[C@H](CCN2CCC(c3coc4ccccc34)CC2)CC1,6.838003474577554
O=C(CO)N[C@H]1CC[C@H](CCN2CCN(c3nccc4c3CCO4)CC2)CC1,7.798602875679548
O=C(N[C@H]1CC[C@H](CCN2CCN(c3nccc4c3CCO4)CC2)CC1)C1CC1,7.732828271596986
CCCCC(=O)N[C@H]1CC[C@H](CCN2CCN(c3nccc4c3CCO4)CC2)CC1,7.716698771296451
O=C(N[C@H]1CC[C@H](CCN2CCC(c3cccc4c3CCO4)CC2)CC1)c1ccc(Cl)cc1,8.309803919971486
CC(C)(O)C(=O)N[C@H]1CC[C@H](CCN2CCN(c3cccc4c3OCO4)CC2)CC1,8.05551732784983
O=C(CC1CCOCC1)N[C@H]1CC[C@H](CCN2CCC(c3cccc4c3CCO4)CC2)CC1,7.982966660701219
COC1(C(=O)N[C@H]2CC[C@H](CCN3CCN(c4cccc5c4OCO5)CC3)CC2)CC1,7.845576026885353
CC(C)(C)C(=O)N[C@H]1CC[C@H](CCN2CCC(c3cccc4c3CCO4)CC2)CC1,7.186419011431808
COCC(=O)N[C@H]1CC[C@H](CCN2CCN(c3nccc4c3CCO4)CC2)CC1,7.342944147142896
CC1(C(=O)N[C@H]2CC[C@H](CCN3CCN(c4cccc5c4OCO5)CC3)CC2)COC1,8.16621562534352
CCCC(=O)N[C@H]1CC[C@H](CCN2CCN(c3cccc4c3OCO4)CC2)CC1,8.801342913045577
O=C(CO)N[C@H]1CC[C@H](CCN2CCC(c3cccc4c3CCO4)CC2)CC1,8.0
O=C(N[C@H]1CC[C@H](CCN2CCC(c3coc4ccccc34)CC2)CC1)c1ccc(-c2ccccc2)cc1,8.47237009912866
CS(=O)(=O)CC(=O)N[C@H]1CC[C@H](CCN2CCC(c3coc4ccccc34)CC2)CC1,8.838631997765026
O=C(N[C@H]1CC[C@H](CCN2CCC(c3coc4ccccc34)CC2)CC1)c1ccccc1,8.872895201635192
Cc1ccc(C(=O)N[C@H]2CC[C@H](CCN3CCC(c4cccc5c4OCO5)CC3)CC2)cn1,7.934420285271551
O=S(=O)(N[C@H]1CC[C@H](CCN2CCN(c3cccc4c3OCO4)CC2)CC1)c1ccc(F)cc1,8.657577319177793
O=C(N[C@H]1CC[C@H](CCN2CCC(c3coc4ccccc34)CC2)CC1)c1cnc(N2CCOCC2)cn1,8.112382699664265
COCCC(=O)N[C@H]1CC[C@H](CCN2CCC(c3cccc4occc34)CC2)CC1,8.508638306165727
O=C(N[C@H]1CC[C@H](CCN2CCN(c3nccc4c3CCO4)CC2)CC1)c1ccc(Cl)cc1,7.877784121727173
O=C(N[C@H]1CC[C@H](CCN2CCC(c3cccc4c3CCO4)CC2)CC1)C1CCOC1,8.259637310505756
N#Cc1ccc(C(=O)N[C@H]2CC[C@H](CCN3CCC(c4cccc5c4OCO5)CC3)CC2)cc1,8.108462542327436
O=C(N[C@H]1CC[C@H](CCN2CCN(c3cccc4c3OCO4)CC2)CC1)c1ccccc1,8.000434511774017
O=C(N[C@H]1CC[C@H](CCN2CCC(c3coc4ccccc34)CC2)CC1)C(F)(F)F,8.38933983691012
C/C=C/CC(=O)N[C@H]1CC[C@H](CCN2CCN(c3nccc4c3CCO4)CC2)CC1,7.889410289700751
CC(C)C(=O)N[C@H]1CC[C@H](CCN2CCC(c3cccc4c3OCO4)CC2)CC1,8.083019952679617
CN1CCC(C(=O)N[C@H]2CC[C@H](CCN3CCN(c4cccc5c4OCO5)CC3)CC2)CC1,7.602929450040591
CCC(C)C(=O)N[C@H]1CC[C@H](CCN2CCC(c3coc4ccccc34)CC2)CC1,8.316052869248487
O=C(N[C@H]1CC[C@H](CCN2CCC(c3cccc4c3CCO4)CC2)CC1)C1(O)CC1,8.075720713938118
O=C(N[C@H]1CC[C@H](CCN2CCC(c3coc4ccccc34)CC2)CC1)C1CC1(F)F,8.452225294612177
O=C(N[C@H]1CC[C@H](CCN2CCC(c3cccc4c3OCO4)CC2)CC1)c1ccc(N2CCOCC2)cc1,7.995248844408999
CCC(C)C(=O)N[C@H]1CC[C@H](CCN2CCN(c3nccc4c3CCO4)CC2)CC1,7.595166283380062
O=CN[C@H]1CC[C@H](CCN2CCC(c3coc4ccccc34)CC2)CC1,8.57186520597121
CO[C@H]1CC[C@H](CC(=O)N[C@H]2CC[C@H](CCN3CCN(c4nccc5c4CCO5)CC3)CC2)C1,7.712198270069774
O=C(N[C@H]1CC[C@H](CCN2CCN(c3nccc4c3CCO4)CC2)CC1)c1ccc(N2CCOCC2)nc1,7.349692476868063
O=C(N[C@H]1CC[C@H](CCN2CCC(c3cccc4c3OCO4)CC2)CC1)C1(O)CCCCC1,7.757210190521324
O=C(N[C@H]1CC[C@H](CCN2CCC(c3cccc4c3CCO4)CC2)CC1)C1CCCO1,7.3819519032879075
O=C(N[C@H]1CC[C@H](CCN2CCN(c3nccc4c3CCO4)CC2)CC1)C1CC1(F)F,7.623423042943488
COC(=O)N[C@H]1CC[C@H](CCN2CCN(c3cccc4c3OCO4)CC2)CC1,8.88941028970075
COC(CCC(=O)N[C@H]1CC[C@H](CCN2CCN(c3nccc4c3CCO4)CC2)CC1)OC,7.167491087293763
O=C(CC1CCC1)N[C@H]1CC[C@H](CCN2CCC(c3coc4ccccc34)CC2)CC1,8.688246138944246
O=C(CC1CCC1)N[C@H]1CC[C@H](CCN2CCN(c3nccc4c3CCO4)CC2)CC1,8.049635145623878
O=C(N[C@H]1CC[C@H](CCN2CCC(c3coc4ccccc34)CC2)CC1)C1(O)CC1,8.829738284605043
Cc1cc(CC(=O)N[C@H]2CC[C@H](CCN3CCN(c4nccc5c4CCO5)CC3)CC2)on1,8.396855627379818
O=C(CC(F)(F)F)N[C@H]1CC[C@H](CCN2CCN(c3cccc4c3OCO4)CC2)CC1,8.804100347590767
O=C(N[C@H]1CC[C@H](CCN2CCN(c3nccc4c3CCO4)CC2)CC1)c1cnc(N2CCOCC2)cn1,6.92299567320665
Cc1cnc(N2CCN(CC[C@H]3CC[C@H](NC(=O)C4CCOCC4)CC3)CC2)c2ccoc12,7.138465589140962
O=C(N[C@H]1CC[C@H](CCN2CCC(c3cccc4c3CCO4)CC2)CC1)c1ccc(-n2cccc2)cc1,7.978810700930062
O=C(N[C@H]1CC[C@H](CCN2CCC(c3coc4ccccc34)CC2)CC1)c1ccc(F)cc1,8.515700160653214
O=C(N[C@H]1CC[C@H](CCN2CCC(c3coc4ccccc34)CC2)CC1)C1CCC1,8.732828271596986
O=C(N[C@H]1CC[C@H](CCN2CCN(c3nccc4c3CCO4)CC2)CC1)c1ccc2c(c1)OCO2,7.661543506395395
O=C(N[C@H]1CC[C@H](CCN2CCC(c3coc4ccccc34)CC2)CC1)c1ccc(Cl)cc1,8.492144128304169
CN1CCc2ccccc2Cc2ccsc2CC1,7.060480747381382
O=C(NCCCCN1CCN(c2ccccc2F)CC1)c1ccc2ccccc2c1,8.910094888560602
O=C(NCCCCN1CCN(c2cccc(Cl)c2)CC1)c1ccc2ccccc2c1,8.327902142064282
O=C1Cc2c(cccc2N2CCN(CCCCNC(=O)c3ccc4ccccc4c3)CC2)N1,9.30102999566398
CS(=O)(=O)Nc1cccc(N2CCN(CCCCNC(=O)c3ccc4ccccc4c3)CC2)c1,8.795880017344075
COc1ccccc1N1CCN(CCCCNC(=O)Nc2cccc(Cl)c2)CC1,8.886056647693163
COc1ccccc1N1CCN(CCCCNC(=O)N(C)c2ccccc2)CC1,7.920818753952375
COc1ccccc1N1CCN(CCCCNC(=O)CC2CCCCC2)CC1,8.698970004336019
Cn1c(SCCCN2CCOC(c3ccc(C(F)(F)F)cc3)C2)nnc1-c1ccc(C(N)=O)nc1,7.79997073344623
Cc1ncoc1-c1nnc(SCCCN2CC3CCN(c4ccc(C(F)(F)F)cc4F)C3C2)n1C,8.608579672257965
Cc1ncoc1-c1nnc(SCCCN2CC3CCCN(c4ccc(C(F)(F)F)cc4)C3C2)n1C,7.899974269892137
Cn1c(SCCCN2CC3CCN(c4ccc(C(F)(F)F)cc4)C3C2)nnc1C1CCCC1,9.333513219882066
Cn1c(SCCCN2CC3CCN(c4ccc(C(F)(F)F)cc4)C3C2)nnc1-c1ccncc1,8.700057099977233
Cn1cc(-c2nnc(SCCCN3CC4CCN(c5ccc(C(F)(F)F)cc5)C4C3)n2C)cn1,8.500038134403809
Cn1c(SCCCN2CC3CCN(c4c(F)cccc4C(F)(F)F)C3C2)nnc1-c1cnccn1,8.400007822415901
COc1cc(N2CCC3CN(CCCSc4nnc(-c5cnccn5)n4C)CC32)ccc1F,8.500038134403809
Cn1c(SCCCN2CC3CCN(c4cccc(C#N)c4)C3C2)nnc1-c1cnccn1,8.700057099977233
Cn1c(SCCCN2CC3CCN(c4ccccc4OC(F)(F)F)C3C2)nnc1-c1cnccn1,9.100015437450608
COc1ccc(N2CCC3CN(CCCSc4nnc(-c5cnccn5)n4C)CC32)cc1,7.50003813440381
Cn1c(SCCCN2CC3CCN(c4cccc(F)c4)C3C2)nnc1-c1cnccn1,8.299988937677888
Cc1ncoc1-c1nnc(SCCCN2CC3CCN(c4cc(Cl)cc(Cl)c4)C3C2)n1C,9.4000078224159
COc1cc2c(cc1O)C1Cc3ccc(OCCCO)c(OC)c3CN1CC2,6.958607314841775
CCOc1ccc2c(c1OC)CN1CCc3cc(OC)c(O)cc3C1C2,7.356547323513812
CCCN(CCC)[C@@H]1Cc2cccc3nc(O)n(c23)C1,7.567030709125595
O=C1c2ccccc2C(=O)N1CCCCN1CCc2ccccc2C1,6.304435150071963
O=C(CCCN1CCc2ccccc2C1)c1ccc(F)cc1,7.142667503568732
O=C(CCCCN1CCC(n2c(=O)[nH]c3cc(Cl)ccc32)CC1)c1nc2ccccc2s1,7.196884445109973
Cc1ncoc1-c1nnc(SCCN2CC[C@@]3(C[C@@H]3c3ccc(C(F)(F)F)cc3)C2)n1C,7.64994590642097
Cc1cc(-c2nnc(SCCCN3CC[C@]4(C[C@@H]4c4ccc(C(F)(F)F)cc4)C3)n2C)on1,8.569924944448061
Cc1ncccc1-c1nnc(SCCCN2CC[C@]3(C[C@@H]3c3ccc(C(F)(F)F)cc3)C2)n1C,8.480040819247932
Cn1c(SCCCN2CC[C@]3(C[C@@H]3c3ccc(C(F)(F)F)cc3)C2)nnc1-c1ccc(C(N)=O)nc1,9.364717362001787
Cc1nc(C(=O)O)ccc1-c1nnc(SCCCN2CC[C@]3(C[C@@H]3c3ccc(C(F)(F)F)cc3)C2)n1C,7.439973751087107
O=C1Cc2cc(C(=O)CCCN3CCc4ccccc4C3)ccc2N1,7.180225817823184
CN[C@H]1c2c(ccc3c2ccn3S(=O)(=O)c2ccccc2)[C@@H]1CCO,5.899998417198648
O=C(NC[C@H]1CC[C@H](CN2CCN(c3nsc4cc(Cl)ccc34)CC2)CC1)c1ccco1,10.292429823902063
O=S(=O)(N[C@H]1CC[C@H](CCN2CCN(c3nsc4ccccc34)CC2)CC1)c1cccnc1,10.236572006437065
O=C(N[C@H]1CC[C@H](CCN2CCN(c3nsc4ccccc34)CC2)CC1)C1CCCCC1,9.721246399047171
CCC(=O)N[C@H]1CC[C@H](CCN2CCN(c3nsc4ccccc34)CC2)CC1,10.2839966563652
CCCOc1c(O)cc(Br)c2c1CN1CCc3cc(OC)c(O)cc3[C@@H]1C2,6.709965388637482
CCCOc1c(O)ccc2c1CN1CCc3cc(OC)c(O)cc3[C@@H]1C2,6.756961951313706
CCCCCCOc1c(O)ccc2c1CN1CCc3cc(OC)c(O)cc3[C@@H]1C2,6.709965388637482
O=C(NCCC(O)CN1CCN(c2cccc(Cl)c2Cl)CC1)c1cc2cc(F)ccc2o1,8.795880017344075
O=C(N[C@H]1CC[C@H](CCN2CCC(c3noc4cc(F)ccc34)CC2)CC1)C1CCOCC1,8.0112627247112
O=C(N[C@H]1CC[C@H](CCN2CCC(c3noc4cc(F)ccc34)CC2)CC1)c1ccc(N2CCOCC2)cc1,7.550367349529925
O=C(N[C@H]1CC[C@H](CCN2CCC(c3noc4cc(F)ccc34)CC2)CC1)c1cnc(N2CCOCC2)cn1,7.711303739409744
O=C(N[C@H]1CC[C@H](CCN2CCC(c3noc4cc(F)ccc34)CC2)CC1)c1ccc(N2CCCCC2)cc1,8.061230177216883
CC(=O)N[C@H]1CC[C@H](CCN2CCC(c3noc4ccc(F)cc34)CC2)CC1,8.612966298717637
O=C(CO)N[C@H]1CC[C@H](CCN2CCC(c3noc4cc(Cl)ccc34)CC2)CC1,7.774432286560529
O=C(C[C@H]1CC[C@H](O)CC1)N[C@H]1CC[C@H](CCN2CCC(c3noc4cc(F)c(F)cc34)CC2)CC1,7.679645967182328
COc1cc2c(cc1OC)[C@@H]1Cc3ccc(O)c(OC)c3CN1CC2,5.766242637034489
COc1cc2c(cc1OC)[C@@H]1Cc3ccc(OC)c(OC)c3CN1CC2,5.862962545210487
COc1ccccc1N1CCN(CCCC(=O)Nc2ccn3ncc(C=O)c3c2)CC1,7.154901959985743
COc1ccccc1N1CCN(CCCCOc2ccc3ccnn3c2)CC1,8.301029995663981
COc1ccccc1N1CCN(CCCCOc2ccn3nc(CO)cc3c2)CC1,7.823908740944319
CCCN(CCCCOc1ccc2c(C=O)cnn2c1)[C@H]1CCc2c(O)cccc2C1,8.795880017344075
CN[C@@H]1Cc2cccc3c2n(c(=O)n3CCCCCCCCCCCCOc2ccc3c(c2)NC(=O)CC3)C1,6.223298816011589
CN[C@@H]1Cc2cccc3c2n(c(=O)n3CCCCCCOCCCCc2ccccc2)C1,6.856985199745905
CCCN[C@@H]1Cc2cccc3c2n(c(=O)n3CCCCCCOCCCCc2ccccc2)C1,7.09366495819491
O=c1ccc2c(N3CCCN(CCCCOc4ccn5nccc5c4)CC3)ccc(O)c2[nH]1,8.468521082957745
O=Cc1cnn2ccc(OCCCCN3CCN(c4ccc(O)c5c4OCCO5)CC3)cc12,7.619788758288394
CCCCN1CCN(CCCN2C(=O)CCc3ccccc32)CC1,5.410000161858408
O=C(NCCCCN1CCN(c2cccc(Cl)c2Cl)CC1)c1cnc2ccccc2c1,9.76447155309245
N#Cc1ccc2c(c1)CN(C[C@@H]1C[C@H]1CNC(=O)c1ccnc3ccccc13)CC2,6.59176003468815
O=C1c2ccccc2C(=O)N1CCCCN1CCN(c2cccc(F)c2F)CC1,7.714442690992226
COc1cc2c(cc1O)CN(CCCCNC(=O)c1ccc(O)cc1)CC2,8.060480747381382
COc1cc2c(cc1OC)CN(CCCCNC(=O)c1ccc(C#N)cc1)CC2,6.3872161432802645
COc1ccccc1N1CCN(CCCNC(=O)NN(Cc2cccc(F)c2)c2ccc(F)cc2)CC1,7.055517327849832
COc1ccccc1N1CCN(CCCNC(=O)NN(Cc2ccc(F)cc2)c2ccc(F)cc2)CC1,7.070581074285707
COc1ccccc1N1CCN(CCCNC(=O)NN(Cc2ccc(C#N)cc2)c2ccc(F)cc2)CC1,6.1938200260161125
COc1ccccc1N1CCN(CCCNC(=O)NN(Cc2ccccc2)c2ccc(Cl)cc2)CC1,6.886056647693163
COc1ccccc1N1CCN(CCCNC(=O)NN(Cc2ccccc2)c2ccc(Cl)cc2Cl)CC1,7.214670164989233
O=C(NCCCN1CCN(c2ccc(Cl)cc2)CC1)NN(Cc1ccc(F)cc1)c1ccccc1,6.070581074285707
O=C(NCCCN1CCN(c2ccc(Br)cc2)CC1)NN(Cc1ccc(F)cc1)c1ccccc1,5.853871964321762
Nc1nc2c(s1)CCN(CCCCN1CCN(c3cccc(Cl)c3Cl)CC1)CC2,7.590066876668706
Nc1nc2c(s1)CCN(CCCCN1CCN(c3ncccn3)CC1)CC2,5.420000452721523
c1cnc(N2CCN(CCCCN3CCc4ncsc4CC3)CC2)nc1,5.509999358109048
CCCCN1CCN(c2ccccc2OCCF)CC1,7.732828271596986
O=C(NCCCCN1CCN(c2cccc(C(F)(F)F)c2)CC1)c1ccc(-c2ccsc2)cc1,9.387216143280265
CCCN1CCO[C@@H]2c3cc(OCCCCN4C(=O)c5ccccc5C4=O)ccc3OC[C@H]21,5.924453038607469
CCCN1CCO[C@@H]2c3cc(OCCCCNC(=O)c4cc5ccccc5[nH]4)ccc3OC[C@H]21,6.212539525481585
CCCN1CCO[C@@H]2c3cc(OCCCCNC(=O)c4cc5ccccc5o4)ccc3OC[C@H]21,5.221125527997261
CCc1cccc(N2CCN(CCCCOc3ccc4c(c3)NC(=O)CC4)CC2)c1Cl,8.616184634019568
C[C@H]1CO[C@@H](c2ccc(N)nc2)CN1C[C@H]1C[C@@H]1CCNC(=O)c1cc2ccccc2[nH]1,8.443094730944551
COc1ccccc1OCCNCC1OCCOC1(c1ccccc1)c1ccccc1,6.270001452716577
COc1ccccc1N1CCN(C[C@H]2OCCOC2(c2ccccc2)c2ccccc2)CC1,5.540000226349733
CCc1cccc(NC(=O)CN2CCC(c3ccccn3)CC2)c1,6.304518323509803
COc1ccccc1N1CCC2(CCN(CCCSc3nnc(-c4ccc(-c5ncco5)cc4)n3C)CC2)CC1,7.595166283380062
COc1ccccc1N1CCC2(CCN(CCCSc3nnc(C4CCCCC4)n3C)CC2)CC1,7.244125144327507
CCn1c(SCCCN2CCC3(CC2)CCN(c2ccccc2OC)CC3)nnc1-c1ccccc1,7.312471038785365
COc1ccccc1N1CCC2(CCN(CCCCSc3nnc(-c4ccccc4)n3C)CC2)CC1,7.22767829327708
Cn1c(SCCCN2CCC3(CC2)CCN(c2ccccc2OCCF)CC3)nnc1-c1ccccc1,7.47755576649368
CCCCN1CCC2(CCN(c3ccccc3OC)C2)C1,4.633464981237629
CCc1cc2c(cc1N1CCN(CC(O)CCNC(=O)c3cc4ccccc4o3)CC1)OCO2,7.627087997029894
COc1ccc2c(c1)c(C1=CCNCC1)cn2S(=O)(=O)c1cncc2ccccc12,6.823908740944319
CCc1cccc(N2CCNCC2)c1Cl,7.507239610973162
CCCCN1CCN(c2cc(CC)cc(Cl)c2OC)CC1,7.647817481888637
CCc1cccc(N2CCN(CC(O)CCNC(=O)c3cc4ccccc4o3)CC2)c1Cl,9.006563769502389
CCc1cccc(N2CCN(CCCCNC(=O)c3nc4sccn4c3C)CC2)c1Cl,9.026410376572745
CCN1CCC(c2cccc3c2CN(S(=O)(=O)c2ccccc2)C3)CC1,6.250263684430939
CN1CCN(c2cccc3c2CCN3S(=O)(=O)c2ccccc2)CC1,6.761953896871205
CCCN1CCC(c2ccc3c(c2)CCN3S(=O)(=O)c2ccccc2)CC1,6.6439741428068775
O=S(=O)(c1ccccc1)N1CCc2cc(N3CCN(C4CCC4)CC3)ccc21,6.681936665037238
