smiles,y
CC(=N)N1CCC(Oc2ccc3c(c2)nc(C(C)C)n3Cc2ccc3ccc(C(=N)N)cc3c2)CC1,8.698970004336019
CC1CCN(C(=O)[C@H](Cc2cccc(C(=N)N)c2)NS(=O)(=O)c2c(C(C)C)cc(C(C)C)cc2C(C)C)CC1,5.699000406013823
N=C(N)c1cccc(C[C@H](NS(=O)(=O)c2ccc3ccccc3c2)C(=O)N2CCC[C@H](C(=O)NCc3ccccc3)C2)c1,4.769999911123512
Cc1c(F)c(Oc2cccc(C(=N)N)c2)cc(Oc2cccc(C(=N)N)c2)c1F,7.920818753952375
Cc1c(C)c(S(=O)(=O)N[C@@H](Cc2cccc(C(=N)N)c2)C(=O)N2CCC(C)CC2)c(C)c2c1OC(C)(C)CC2,4.09699997556969
COC(=O)[C@H]1CCCN(C(=O)[C@H](Cc2cccc(C(=N)N)c2)NS(=O)(=O)c2ccc3ccccc3c2)C1,4.744999979509871
N=C(N)c1cccc(C[C@H](NS(=O)(=O)c2ccc3ccccc3c2)C(=O)N2CCCC[C@@H]2C(=O)O)c1,4.419999995796937
COC(=O)CCCN(c1ccc2c(c1)nc(C)n2Cc1ccc2ccc(C(=N)N)cc2c1)C1CCN(C(C)=N)CC1,7.522878745280337
CC1CCN(C(=O)[C@H](Cc2cccc(C(=N)N)c2)NS(=O)(=O)c2ccc3ccccc3c2)CC1,4.387000003162004
CC(C)OC(=O)[C@H]1CCCN(C(=O)[C@H](Cc2cccc(C(=N)N)c2)NS(=O)(=O)c2ccc3ccccc3c2)C1,4.796000007769141
CC(=N)N1CCC(N(CC(N)=O)c2ccc3nc(C)n(Cc4ccc5ccc(C(=N)N)cc5c4)c3c2)CC1,9.337242168318426
CC(C)(C)c1ccc(S(=O)(=O)N[C@@H](Cc2cccc(C(=N)N)c2)C(=O)N2CCN(S(C)(=O)=O)CC2)cc1,5.169999984192581
CC(=N)N1CCC(Oc2ccc3c(c2)nc(CCC(=O)O)n3Cc2ccc3ccc(C(=N)N)cc3c2)CC1,8.229147988357855
N=C(N)c1cccc(C[C@H](NS(=O)(=O)c2ccc3ccccc3c2)C(=O)N2CCCCC2)c1,4.419999995796937
CNC(=O)[C@H]1CCCCN1C(=O)[C@H](Cc1cccc(C(=N)N)c1)NS(=O)(=O)c1ccc2ccccc2c1,4.219999989963101
N=C(N)c1cccc(C[C@H](NS(=O)(=O)c2ccc3ccccc3c2)C(=O)N2CC(C(=O)O)=Cc3ccccc32)c1,4.387000003162004
CS(=O)(=O)N1CCN(C(=O)[C@H](Cc2cccc(C(=N)N)c2)NS(=O)(=O)c2ccc3ccccc3c2)CC1,4.6579999748624346
CC(=N)N1CCC(Oc2ccc3c(c2)nc(CCC(N)=O)n3Cc2ccc3ccc(C(=N)N)cc3c2)CC1,8.443697499232712
N=C(N)c1cccc(C[C@H](NS(=O)(=O)c2ccc3ccccc3c2)C(=O)N2CCC(C(=O)O)CC2)c1,4.362999978348463
N=C(N)c1cccc(C[C@H](NS(=O)(=O)c2ccc3ccccc3c2)C(=O)N2CCC(N3CCCCC3)CC2)c1,4.6579999748624346
N=C(N)c1cccc(C[C@H](NS(=O)(=O)c2ccc3ccccc3c2)C(=O)N2CCCCCC2)c1,4.58499992703721
COc1cc(C)c(S(=O)(=O)N[C@@H](Cc2cccc(C(=N)N)c2)C(=O)N2CCC(C)CC2)c(C)c1C,4.0
COC(=O)C1CCN(C(=O)[C@H](Cc2cccc(C(=N)N)c2)NS(=O)(=O)c2c(C(C)C)cc(C(C)C)cc2C(C)C)CC1,5.58499992703721
CS(=O)(=O)N1CCN(C(=O)[C@H](Cc2cccc(C(=N)N)c2)NS(=O)(=O)c2cccc3ccccc23)CC1,5.012999985342652
COC(=O)N1CCN(C(=O)[C@H](Cc2cccc(C(=N)N)c2)NS(=O)(=O)c2ccc3ccccc3c2)CC1,4.110000009303415
Cc1cc(C)c(S(=O)(=O)N[C@@H](Cc2cccc(C(=N)N)c2)C(=O)N2CCC(C)CC2)c(C)c1,4.019999993643078
N=C(N)c1cccc(C[C@H](NS(=O)(=O)c2ccc3ccccc3c2)C(=O)N2CCCC2)c1,4.30100003037852
COC(=O)C(C)CN(c1ccc2nc(C)n(Cc3ccc4ccc(C(=N)N)cc4c3)c2c1)C1CCN(C(C)=N)CC1,8.958607314841775
N=C(N)c1cccc(C[C@H](NS(=O)(=O)c2ccc3ccccc3c2)C(=O)N2CCN(c3ccccc3)CC2)c1,4.569000069616974
N=C(N)c1cccc(C[C@H](NS(=O)(=O)c2ccc3ccccc3c2)C(=O)N2CCN(C(=O)CO)CC2)c1,4.455999959081013
N=C(N)c1cccc(C[C@H](NS(=O)(=O)c2ccc3ccccc3c2)C(=O)N2CCC[C@H]2C(=O)OCc2ccccc2)c1,4.698999971689156
CC(C)c1cc(C(C)C)c(S(=O)(=O)N[C@@H](Cc2cccc(C(=N)N)c2)C(=O)N2CCC[C@H](C(=O)NCc3ccccc3)C2)c(C(C)C)c1,5.59999938302362
CCCCOC(=O)[C@H](Cc1cccc(C(=N)N)c1)NS(=O)(=O)c1ccc2ccccc2c1,5.508999901741964
COC(=O)[C@H]1CCCCN1C(=O)[C@H](Cc1cccc(C(=N)N)c1)NS(=O)(=O)c1ccc2ccccc2c1,4.336999975071576
CN(C)C(=O)N1CCN(C(=O)[C@H](Cc2cccc(C(=N)N)c2)NS(=O)(=O)c2ccc3ccccc3c2)CC1,4.619999985338959
COC(=O)[C@H](Cc1cccc(C(=N)N)c1)NS(=O)(=O)c1ccc2ccccc2c1,5.59999938302362
CNC(=O)[C@H](Cc1cccc(C(=N)N)c1)NS(=O)(=O)c1c(C)c(C)c2c(c1C)CCC(C)(C)O2,5.0
N=C(N)c1cccc(C[C@H](NS(=O)(=O)c2ccc3ccccc3c2)C(=O)N2CC[C@@H]3CCCC[C@H]32)c1,4.88599985905086
CC(C)c1cc(C(C)C)c(S(=O)(=O)N[C@@H](Cc2cccc(C(=N)N)c2)C(=O)N2CCC[C@H](C(=O)O)C2)c(C(C)C)c1,4.88599985905086
CC(=N)N1CCC(Oc2ccc3c(c2)ncn3Cc2ccc3ccc(C(=N)N)cc3c2)CC1,8.200659450546418
COC(=O)CN(c1ccc2c(c1)nc(C)n2Cc1ccc2ccc(C(=N)N)cc2c1)C1CCN(C(C)=N)CC1,7.657577319177793
Cc1c(C)c(S(=O)(=O)N[C@@H](Cc2cccc(C(=N)N)c2)C(=O)N2CCN(S(C)(=O)=O)CC2)c(C)c2c1OC(C)(C)CC2,4.130000024196025
N=C(N)c1cccc(C[C@H](NS(=O)(=O)c2ccc3ccccc3c2)C(=O)OCc2ccccc2)c1,5.6579999748624346
CNC(=O)[C@H]1CCCN(C(=O)[C@H](Cc2cccc(C(=N)N)c2)NS(=O)(=O)c2c(C(C)C)cc(C(C)C)cc2C(C)C)C1,5.820000358220839
CC(=N)N1CCC(Oc2ccc3nc(CCC(N)=O)n(Cc4ccc5ccc(C(=N)N)cc5c4)c3c2)CC1,9.0
CCC(C)c1nc2ccc(OC3CCN(C(C)=N)CC3)cc2n1Cc1ccc2ccc(C(=N)N)cc2c1,9.920818753952377
CC(=N)N1CCC(Oc2ccc3c(c2)nc(C)n3Cc2ccc3ccc(C(=N)N)cc3c2)CC1,8.207608310501746
CC(=N)N1CCC(Oc2ccc3c(c2)nc(C(C)(C)C)n3Cc2ccc3ccc(C(=N)N)cc3c2)CC1,8.698970004336019
COC(=O)C1CCN(C(=O)[C@H](Cc2cccc(C(=N)N)c2)NS(=O)(=O)c2ccc3ccccc3c2)CC1,4.370000019141632
COC(=O)C1CCN(C(=O)[C@H](Cc2cccc(C(=N)N)c2)NS(=O)(=O)c2c(C)cc(C)cc2C)CC1,4.079999984911641
CC(=N)N1CCC(Oc2ccc3nc(C)n(Cc4ccc5ccc(C(=N)N)cc5c4)c3c2)CC1,9.568636235841012
CC(=N)N1CCC(N(CC(C)C(=O)O)c2ccc3c(c2)nc(C)n3Cc2ccc3ccc(C(=N)N)cc3c2)CC1,7.096910013008056
CCOC(=O)CCC(=O)N(c1ccc2c(c1)nc(C)n2Cc1ccc2ccc(C(=N)N)cc2c1)C1CCN(C(C)=N)CC1,6.431798275933005
N=C(N)c1cccc(C[C@H](NS(=O)(=O)c2ccc3ccccc3c2)C(=O)N2CCC(C(=O)OC3CCCCC3)CC2)c1,5.119000158186845
CNC(=O)[C@H]1CCCN(C(=O)[C@H](Cc2cccc(C(=N)N)c2)NS(=O)(=O)c2ccc3ccccc3c2)C1,4.480000028175458
CC(=N)N1CCC(Oc2ccc3nc(C(C)C)n(Cc4ccc5ccc(C(=N)N)cc5c4)c3c2)CC1,10.585026652029182
CN1CCN(C(=O)[C@H](Cc2cccc(C(=N)N)c2)NS(=O)(=O)c2ccc3ccccc3c2)CC1,4.522999930346892
CNC(=O)[C@H](Cc1cccc(C(=N)N)c1)NS(=O)(=O)c1ccc(C)cc1,4.398000054034892
COC(=O)CN(c1ccc2nc(C)n(Cc3ccc4ccc(C(=N)N)cc4c3)c2c1)C1CCN(C(C)=N)CC1,9.522878745280336
N=C(N)c1cccc(C[C@H](NS(=O)(=O)c2ccc3ccccc3c2)C(=O)N2Cc3ccccc3C=C2C(=O)O)c1,4.268000018124195
Cc1ccc(S(=O)(=O)N[C@@H](Cc2cccc(C(=N)N)c2)C(=O)N2CCOCC2)cc1,4.283999997104834
Cc1ccc(S(=O)(=O)N[C@@H](Cc2cccc(C(=N)N)c2)C(=O)N2CCC(C)CC2)cc1,4.14899998039211
N=C(N)c1cccc(C[C@H](NS(=O)(=O)c2ccc3ccccc3c2)C(=O)N2CCCCCCC2)c1,4.6579999748624346
CC(=N)N1CCC(N(C(=O)CCC(=O)O)c2ccc3nc(C)n(Cc4ccc5ccc(C(=N)N)cc5c4)c3c2)CC1,6.379863945026242
COC(=O)[C@H]1[C@@H](C)CCCN1C(=O)[C@H](Cc1cccc(C(=N)N)c1)NS(=O)(=O)c1ccc2ccccc2c1,4.444000042440511
CN(C)c1cccc2c(S(=O)(=O)N[C@@H](Cc3cccc(C(=N)N)c3)C(=O)N3CCN(S(C)(=O)=O)CC3)cccc12,5.410000161858408
N=C(N)c1cccc(C[C@H](NS(=O)(=O)c2ccc3ccccc3c2)C(=O)N2CCOCC2)c1,4.796000007769141
N=C(N)c1cccc(C[C@H](NS(=O)(=O)c2ccc3ccccc3c2)C(=O)N2CCC[C@H](C(=O)O)C2)c1,4.360000032076103
CC(C)OC(=O)C1CCN(C(=O)[C@H](Cc2cccc(C(=N)N)c2)NS(=O)(=O)c2ccc3ccccc3c2)CC1,4.600000074606178
CC(=N)N1CCC(Oc2ccc3ncn(Cc4ccc5ccc(C(=N)N)cc5c4)c3c2)CC1,8.537602002101044
CC(C)c1cc(C(C)C)c(S(=O)(=O)N[C@@H](Cc2cccc(C(=N)N)c2)C(=O)N2CCN(S(C)(=O)=O)CC2)c(C(C)C)c1,5.131000161513581
CC(=N)N1CCC(Oc2ccc3nc(C(C)(C)C)n(Cc4ccc5ccc(C(=N)N)cc5c4)c3c2)CC1,10.337242168318426
CCCCNC(=O)[C@H](Cc1cccc(C(=N)N)c1)NS(=O)(=O)c1ccc2ccccc2c1,4.330000038335378
CC(=N)NCc1cccc(-c2ccc(C(=O)Nc3ccc(Cl)cc3C(=O)Nc3ccc(Cl)cn3)cc2)c1,8.744727494896694
O=C(Nc1ccc(Cl)cc1C(=O)Nc1ccc(Cl)cn1)c1ccc(-c2ccccc2N2CCC(C(=O)O)CC2)cc1,10.920818753952377
O=C(Nc1ccc(Cl)cc1C(=O)Nc1ccc(Cl)cn1)c1ccc(-c2ccccc2N2CCNCC2)cc1,9.0
N=C(N)NCc1ccccc1-c1ccc(C(=O)Nc2ccc(Cl)cc2C(=O)Nc2ccc(Cl)cn2)cc1,9.522878745280336
N=C(N)c1cccc(-c2ccc(C(=O)Nc3ccc(Cl)cc3C(=O)Nc3ccc(Cl)cn3)cc2)c1,9.154901959985745
CN1CCN(c2ccccc2-c2ccc(C(=O)Nc3ccc(Cl)cc3C(=O)Nc3ccc(Cl)cn3)cc2)CC1,9.045757490560677
CN(C)c1ccccc1-c1ccc(C(=O)Nc2ccc(Cl)cc2C(=O)Nc2ccc(Cl)cn2)cc1,10.0
N=C(N)c1cccc(CN2CC[C@H](NS(=O)(=O)c3ccc4ccccc4c3)C2=O)c1,6.638272163982407
Nc1ccccc1-c1ccc(C(=O)Nc2ccc(Cl)cc2C(=O)Nc2ccc(Cl)cn2)cc1,9.69897000433602
CN(C)C(=N)c1ccccc1-c1ccc(C(=O)Nc2ccc(Cl)cc2C(=O)Nc2ccc(Cl)cn2)cc1,10.0
CC(=N)N1CCC(Oc2ccc(C(Cc3ccc4ccc(C(=N)N)cc4c3)C(=O)O)cc2)CC1,7.886056647693163
N=C(N)c1ccc(O)c(CN2CC[C@H](NS(=O)(=O)c3cc4ncccc4s3)C2=O)c1,9.154901959985745
CCCCCCCCCCC1=NOC(C(=O)Nc2ccc(-c3ccccc3S(N)(=O)=O)cc2)C1,4.769551078621726
NS(=O)(=O)c1ccccc1-c1ccc(NC(=O)C2CC(c3ccccc3Cl)=NO2)cc1,5.769551078621726
N=C(N)c1ccc(CNC(=O)CNC(=O)[C@@H](CO)NS(=O)(=O)CCc2ccccc2)cc1,4.552841968657781
Cc1cc(C)c(C2=NOC(C(=O)Nc3ccc(-c4ccccc4S(N)(=O)=O)cc3)C2)cc1C,4.585026652029182
NS(=O)(=O)c1ccccc1-c1ccc(NC(=O)C2CC(c3ccc(Cl)cc3)=NO2)cc1,6.0
COC(=O)OC[C@@H](NS(=O)(=O)Cc1ccccc1)C(=O)NCC(=O)NCc1ccc(C(=N)N)cc1,6.468521082957745
NS(=O)(=O)c1ccccc1-c1ccc(NC(=O)C2CC(c3cccc(C(F)(F)F)c3)=NO2)cc1,4.769551078621726
COc1cccc(C2=NOC(C(=O)Nc3ccc(-c4ccccc4S(N)(=O)=O)cc3)C2)c1,5.1249387366083
N=C(N)c1ccc(CNC(=O)[C@H]2CCCN2C(=O)[C@@H](CO)NS(=O)(=O)Cc2ccccc2)cc1,5.698970004336019
CCCCCC1=NOC(C(=O)Nc2ccc(-c3ccccc3S(N)(=O)=O)cc2)C1,5.346787486224656
NS(=O)(=O)c1ccccc1-c1ccc(NC(=O)C2CC(c3ccc4ccccc4c3)=NO2)cc1,4.698970004336019
N=C(N)c1ccc(CNC(=O)CNS(=O)(=O)c2ccc3ccccc3c2)cc1,4.97469413473523
CC(C)c1cc(S(=O)(=O)N[C@H](CO)C(=O)NCC(=O)NCc2ccc(C(=N)N)cc2)cc(C(C)C)c1C(C)C,4.0
Nc1cc(C2=NOC(C(=O)Nc3ccc(-c4ccccc4S(N)(=O)=O)cc3)C2)ccc1Cl,6.886056647693163
NS(=O)(=O)c1ccccc1-c1ccc(NC(=O)C2CC(c3ccc4c(c3)OCO4)=NO2)cc1,6.309803919971486
NS(=O)(=O)c1ccccc1-c1ccc(NC(=O)C2CC(c3ccc(Cl)c(F)c3)=NO2)cc1,5.6020599913279625
NS(=O)(=O)c1ccccc1-c1ccc(NC(=O)C2CC(c3cccc(Cl)c3)=NO2)cc1,5.229147988357856
N=C(N)c1cccc(C2=NOC(C(=O)Nc3ccc(-c4ccccc4S(N)(=O)=O)cc3)C2)c1,8.142667503568731
Cc1ccc(C2=NOC(C(=O)Nc3ccc(-c4ccccc4S(N)(=O)=O)cc3)C2)cc1,5.6777807052660805
CC(C)COC(=O)OC[C@@H](NS(=O)(=O)Cc1ccccc1)C(=O)N[C@@H](C)C(=O)NCc1ccc(C(=N)N)cc1,6.3872161432802645
COc1ccc(C2=NOC(C(=O)Nc3ccc(-c4ccccc4S(N)(=O)=O)cc3)C2)cc1,6.154901959985743
NS(=O)(=O)c1ccccc1-c1ccc(NC(=O)C2CC(c3ccc(Cl)c(Cl)c3)=NO2)cc1,5.568636235841013
NS(=O)(=O)c1ccccc1-c1ccc(NC(=O)C2CC(c3cccc(OCCOCCCl)c3)=NO2)cc1,4.823908740944319
NS(=O)(=O)c1ccccc1-c1ccc(NC(=O)C2CC(c3ccc4c(c3Cl)OCO4)=NO2)cc1,5.769551078621726
NS(=O)(=O)c1ccccc1-c1ccc(NC(=O)C2CC(c3cccc(F)c3)=NO2)cc1,5.107905397309519
NS(=O)(=O)c1ccccc1-c1ccc(NC(=O)C2CC(c3cccs3)=NO2)cc1,5.886056647693163
NS(=O)(=O)c1ccccc1-c1ccc(NC(=O)C2CC(c3ccc(F)c(F)c3)=NO2)cc1,5.337242168318426
N=C(N)c1ccc(CNC(=O)CNC(=O)[C@@H](CO)NS(=O)(=O)/C=C/c2ccccc2)cc1,4.823908740944319
NS(=O)(=O)c1ccccc1-c1ccc(NC(=O)C2CC(c3ccc(O)cc3)=NO2)cc1,4.657577319177793
NS(=O)(=O)c1ccccc1-c1ccc(NC(=O)C2CC(c3ccc(-c4ccccc4)cc3)=NO2)cc1,5.958607314841775
NS(=O)(=O)c1ccccc1-c1ccc(NC(=O)C2CC(c3ccccc3)=NO2)cc1,4.958607314841775
NS(=O)(=O)c1ccccc1-c1ccc(NC(=O)C2CC(/C=C/c3ccco3)=NO2)cc1,5.638272163982407
NS(=O)(=O)c1ccccc1-c1ccc(NC(=O)C2CC(c3ccc4c(c3[N+](=O)[O-])OCO4)=NO2)cc1,5.619788758288394
N=C(N)c1ccc(CNC(=O)CNC(=O)[C@@H](CO)NS(=O)(=O)Cc2ccccc2)cc1,5.522878745280337
Nc1ncc2c(n1)CCC(CNC(=O)[C@@H]1CCCN1C(=O)[C@H](N)C(c1ccccc1)c1ccccc1)C2,4.239577516576788
CC1(C)[C@H]2C[C@@H]1[C@]1(C)OB([C@H](CCCCN)NC(=O)Cn3nc(-c4cccc([N+](=O)[O-])c4)nc3Cc3ccccc3)O[C@@H]1C2,5.376750709602099
C[S+](O)Cc1nc(Cc2ccccc2)n(CC(=O)N[C@@H](CCCCN)B2O[C@@H]3C[C@@H]4C[C@@H](C4(C)C)[C@]3(C)O2)n1,5.221848749616356
CC1(C)[C@H]2C[C@@H]1[C@]1(C)OB([C@H](CCCCN)NC(=O)Cn3nc(COCc4ccccc4)nc3Cc3ccccc3)O[C@@H]1C2,5.795880017344075
N[C@@H](C(=O)N1CCC[C@H]1C(=O)NCC1CCc2n[nH]cc2C1)C(c1ccccc1)c1ccccc1,4.085656842880559
CCc1nc2ccc(OC3CCN(C(C)=N)CC3)cc2n1C/C(C)=C/c1cccc(N)c1,8.886056647693163
COC(=O)C1C/C(=C/c2ccc(C(=N)N)cc2)C(=O)/C(=C\c2ccc(C(=N)N)cc2)C1,8.318758762624412
CS(=O)(=O)c1ccccc1-c1ccc(NC(=O)c2cc(C(F)(F)F)nn2-c2cccc(CN)c2)cc1,6.42021640338319
CCc1nc2ccc(OC3CCN(C(C)=N)CC3)cc2n1C/C=C/c1ccc(N)cc1,7.1938200260161125
CCc1nc2c(NC(C)=O)c(OC3CCN(C(C)=N)CC3)ccc2n1Cc1ccc2ccc(C(=N)N)cc2c1,7.301029995663981
CCc1nc2cc(OC3CCN(C(C)=N)CC3)ccc2n1C/C(C)=C/c1cccc(N)c1,9.508638306165729
CCc1nc2cc(OC3CCN(C(C)=N)CC3)ccc2n1C/C=C/c1cc(N)ccc1OC,7.236572006437063
Cc1cc(C(=O)Nc2ccc(-c3ccccc3S(C)(=O)=O)cc2F)n(-c2cccc(CN)c2)n1,6.318758762624412
CN1CCN=C1c1cccc(Oc2nc(Oc3cc(C(=N)N)ccc3O)c(F)c(N(C)CC(=O)O)c2F)c1,9.97469413473523
Cc1cc(C(=O)Nc2ccc(-c3ccccc3S(C)(=O)=O)cc2)n(-c2cccc(CN)c2)n1,6.050609993355087
Cc1cc(C(=O)Nc2ccc(-c3ccccc3F)cc2)n(-c2cccc(C(=N)N)c2)n1,9.337242168318426
CCc1nc2cc(OC3CCN(C(C)=N)CC3)ccc2n1Cc1ccc(-c2ccc(C(=N)N)cc2)cc1,6.173925197299173
CCc1nc2ccc(OC3CCN(C(C)=N)CC3)cc2n1C/C=C/c1cc(N)ccc1O,10.0
CCc1nc2cc(OC3CCN(C(C)=N)CC3)ccc2n1Cc1ccc(-c2cccc(C(=N)N)c2)cc1,7.769551078621726
CCc1nc2ccc(OC3CCN(C(C)=N)CC3)cc2n1C/C=C/c1cccc(N)c1,10.55284196865778
CCc1nc2cc(OC3CCN(C(C)=N)CC3)ccc2n1C/C=C/c1cccc(N)c1,9.397940008672036
NCc1cccc(-n2nc(C(F)(F)F)cc2C(=O)Nc2ccc(-c3ccccc3S(N)(=O)=O)cc2)c1,6.040958607678906
Cc1cc(C(=O)Nc2ccc(-c3ccccc3S(C)(=O)=O)cc2F)n(-c2cccc(C(=N)N)c2)n1,10.69897000433602
CCc1nc2c([N+](=O)[O-])c(OC3CCN(C(C)=N)CC3)ccc2n1Cc1ccc2ccc(C(=N)N)cc2c1,10.0
CCc1nc2ccc(OC3CCN(C(C)=N)CC3)cc2n1Cc1cccc(-c2ccc(C(=N)N)cc2)c1,6.823908740944319
CCc1nc2cc(OC3CCN(C(C)=N)CC3)ccc2n1Cc1cccc(-c2cccc(C(=N)N)c2)c1,9.337242168318426
CCc1nc2ccc(OC3CCN(C(C)=N)CC3)cc2n1Cc1ccc(-c2cccc(C(=N)N)c2)cc1,8.657577319177793
CCc1nc2c(N(CC(=O)O)CC(=O)O)c(OC3CCN(C(C)=N)CC3)ccc2n1Cc1ccc2ccc(C(=N)N)cc2c1,7.301029995663981
Cc1cc(C(=O)Nc2ccc(-c3ccccc3S(N)(=O)=O)cc2F)n(-c2cccc(CN)c2)n1,5.795880017344075
COC(=O)CNC(=O)CC(CCc1ccc(C(=N)N)cc1)c1cccc(C(=N)N)c1,5.619788758288394
COC(=O)CC(CCc1ccc(N)cc1)c1cccc(C(=N)N)c1,5.301029995663981
CCC1CCN(C(=O)C(Cc2nc3ccccc3s2)NS(=O)(=O)c2cccc3c2NCC(C)(C)C3)CC1,4.036212172654444
COC(=O)CC(CCc1ccc(NC(=N)N)cc1)c1cccc(C(=N)N)c1,8.045757490560675
C/C(=C(\F)C(=O)Nc1ccc(-c2ccccc2S(N)(=O)=O)cc1Cl)c1ccc(F)c(C(=N)N)c1,9.744727494896694
CCOC(=O)CC(CCc1ccc(C(=N)N)cc1)c1ccc(C(=N)N)cc1,4.640164517660112
COC(=O)CC(CCc1ccc(NS(=O)(=O)c2ccccc2)cc1)c1cccc(C(=N)N)c1,5.958607314841775
CC1(C)CNc2c(cccc2S(=O)(=O)N[C@@H](CSCCCN)C(=O)N2CCC(CCO)CC2)C1,4.060480747381382
CCOC(=O)CC(CCc1ccc(C(=N)N)cc1)c1cccc(C(=N)N)c1,7.376750709602099
N=C(N)c1ccc(CCC(=O)c2cccc(C(=N)N)c2)cc1,5.292429823902063
N=C(N)c1ccc(CCC(CC(=O)O)c2cccc(C(=N)N)c2)cc1,5.853871964321762
COC(=O)CC(CCc1ccc(C(=O)OC)cc1)c1cccc(C(=N)N)c1,5.552841968657781
COC(=O)CC(CCc1cccc(C(=N)N)c1)c1cccc(C(=N)N)c1,5.552841968657781
COC(=O)CC(CCCCc1ccc(NC(=N)N)cc1)c1cccc(C(=N)N)c1,7.244125144327507
CC1CNc2c(cccc2S(=O)(=O)N[C@@H](Cc2nc3ccccc3s2)C(=O)N2CCC(CCO)CC2)C1,4.346787486224656
Nc1ncnc2cc(CN3CCN(Cc4nc5cc(Cl)ccc5s4)CC3=O)ccc12,5.920818753952375
N=C(N)c1ccc2[nH]c(-c3cccc(-c4ccccc4)c3O)cc2c1,7.107905397309519
CCOC(=O)[C@@H](Cc1ccc2ccccc2c1)NC(=O)c1cccc(C(=N)N)c1,5.698970004336019
Nc1ncnc2cc(CN3CCN(Cc4cc5cc(Cl)ccc5[nH]4)CC3=O)ccc12,7.619788758288394
NC1CCC(CNC(=O)[C@@H]2CCCN2C(=O)[C@H](N)C(C2CCCCC2)C2CCCCC2)CC1,4.022276394711152
Nc1ncnc2cc(CN3CCN(Cc4nc5cc(Br)ccc5[nH]4)CC3=O)ccc12,7.769551078621726
N=C(N)c1ccc2[nH]c(-c3cc(Cl)cc(-c4ccccc4)c3O)nc2c1,6.026872146400302
N=C(N)c1ccc(CN2CCN(S(=O)(=O)c3cc4ccc(Cl)cc4s3)CC2=O)cc1,8.886056647693163
N=C(N)c1cccc(C(=O)N[C@@H](C(=O)N2CCC(C(=O)c3ccccc3)CC2)c2ccccc2)c1,7.795880017344075
N=C(N)c1ccc2[nH]c(-c3cccc([N+](=O)[O-])c3O)nc2c1,5.886056647693163
Nc1ncnc2cc(CN3CCN(Cc4cc5ccc(Cl)cc5[nH]4)CC3=O)ccc12,6.4089353929735005
Nc1ncnc2cc(CN3CCN(S(=O)(=O)c4cc5ccc(Cl)cc5s4)CC3=O)ccc12,9.045757490560677
Cn1cncc1CCNC(=O)CN1CCN(S(=O)(=O)c2cc3ccc(Cl)cc3s2)CC1=O,7.920818753952375
N=C(N)c1ccc2[nH]c(-c3cc(F)ccc3O)nc2c1,5.167491087293763
N=C(N)c1ccc2[nH]c(-c3cccc(Br)c3O)cc2c1,7.366531544420414
N=C(N)c1ccc2[nH]c(-c3cc(Cl)cc(-c4ccccc4)c3O)cc2c1,6.468521082957745
N=C(N)c1ccc2[nH]c(-c3cccc(Br)c3O)nc2c1,6.522878745280337
Nc1ncnc2cc(CN3CCN(S(=O)(=O)c4nc5cc(Cl)ccc5[nH]4)CC3=O)ccc12,8.522878745280337
Cc1ccc2[nH]c(CN3CCN(Cc4ccc5c(N)ncnc5c4)C(=O)C3)nc2c1,6.920818753952375
N=C(N)c1ccc2[nH]c(-c3ccc4ccccc4c3O)nc2c1,5.00436480540245
N=C(N)c1ccc2[nH]c(-c3cc([N+](=O)[O-])ccc3O)nc2c1,5.107905397309519
N=C(N)c1ccc2[nH]c(-c3ccccc3O)nc2c1,4.853871964321762
N=C(N)c1ccc2[nH]c(-c3ccccc3O)cc2c1,5.568636235841013
N=C(N)c1ccc2[nH]c(-c3cc(Br)ccc3O)nc2c1,5.2441251443275085
N=C(N)c1cccc(C(=O)N[C@@H](C(=O)N2CCN(c3ccc(Cl)cc3)CC2)c2ccccc2)c1,7.795880017344075
N=C(N)c1ccc(CN2CCN(Cc3nc4cc(Cl)ccc4[nH]3)CC2=O)cc1,7.397940008672037
Cc1ccc(O)c(-c2nc3cc(C(=N)N)ccc3[nH]2)c1,4.795880017344075
N=C(N)c1cccc(C(=O)N[C@@H](C(=O)OCCC2CCN(C(=N)N)CC2)c2ccccc2)c1,7.585026652029182
N=C(N)c1ccc2oc(-c3cccc(-c4ccccc4)c3O)cc2c1,5.167491087293763
N=C(N)c1ccc2[nH]c(-c3cc(Br)cc(Br)c3O)cc2c1,7.050609993355087
N=C(N)c1ccc2[nH]c(-c3cccc(-c4ccccc4)c3)cc2c1,4.366531544420414
COc1cccc(-c2nc3cc(C(=N)N)ccc3[nH]2)c1O,4.795880017344075
Cc1cc(Br)c(O)c(-c2nc3cc(C(=N)N)ccc3[nH]2)c1,6.2441251443275085
Cc1cccc(-c2nc3cc(C(=N)N)ccc3[nH]2)c1O,5.0
COc1c(-c2ccccc2)cccc1-c1cc2cc(C(=N)N)ccc2[nH]1,4.721246399047171
Cc1ccc(-c2nc3cc(C(=N)N)ccc3[nH]2)c(O)c1,5.026872146400302
CN(C)C(=O)c1cccc(Oc2nc(Oc3cc(C(=N)N)ccc3O)c(F)c(N(C)CC(=O)O)c2F)c1,9.387216143280265
Nc1cc(C2=NOC(Cn3cccn3)(C(=O)Nc3ccc(-c4ccccc4S(N)(=O)=O)cn3)C2)ccc1Cl,7.838631997765025
NC(=O)NCC1(C(=O)Nc2ccc(-c3ccccc3S(N)(=O)=O)cn2)CC(c2ccc(Cl)c(N)c2)=NO1,8.602059991327963
CS(=O)(=O)NCC1(C(=O)Nc2ccc(-c3ccccc3S(N)(=O)=O)cn2)CC(c2ccc(Cl)c(N)c2)=NO1,8.769551078621726
Nc1cc(C2=NOC(CNS(N)(=O)=O)(C(=O)Nc3ccc(-c4ccccc4S(N)(=O)=O)cn3)C2)ccc1Cl,8.259637310505756
CC(=N)N1CCC(Oc2ccc3c(c2)OCC(=O)N3Cc2ccc3ccc(C(=N)N)cc3c2)CC1,8.469800301796917
Nc1cc(C2=NOC(Cn3cnnn3)(C(=O)Nc3ccc(-c4ccccc4S(N)(=O)=O)cn3)C2)ccc1Cl,8.068033885271827
Cc1nc2c(Oc3cccc(C(=O)N(C)C)c3)nc(Oc3cc(C(=N)N)ccc3O)nc2n1Cc1ccccc1,8.0
Nc1cc(C2=NOC(CNS(=O)(=O)c3cccnc3)(C(=O)Nc3ccc(-c4ccccc4S(N)(=O)=O)cn3)C2)ccc1Cl,8.522878745280337
COc1ccc(C2=NOC(CNS(C)(=O)=O)(C(=O)Nc3ccc(-c4ccccc4S(N)(=O)=O)cn3)C2)cc1,8.0
CN(C)C(=O)c1cccc(Oc2nc(Oc3cc(C(=N)N)ccc3O)nc3c2NC(=O)CN3)c1,7.091514981121351
Nc1cc(C2=NOC(CNS(=O)(=O)Cc3ccccc3)(C(=O)Nc3ccc(-c4ccccc4S(N)(=O)=O)cn3)C2)ccc1Cl,8.657577319177793
Nc1cc(C2=NOC(CNS(=O)(=O)c3ccsc3)(C(=O)Nc3ccc(-c4ccccc4S(N)(=O)=O)cn3)C2)ccc1Cl,8.920818753952375
Cc1c(F)c(Oc2cccc(C(=N)N)c2)nc(Oc2cccc(C(=O)N(C)C)c2)c1F,7.096910013008056
CCNC(=O)NCC1(C(=O)Nc2ccc(-c3ccccc3S(N)(=O)=O)cn2)CC(c2ccc(Cl)c(N)c2)=NO1,7.161150909262744
CN(C)C(=O)c1cccc(Oc2nc3c(c(Oc4cc(C(=N)N)ccc4O)n2)NC(=O)CN3)c1,7.721246399047171
Cc1cc(N)nc(C)c1CNC(=O)[C@@H]1CCCN1C(=O)[C@@H](Cc1ccc(Cl)c(Cl)c1)NS(=O)(=O)Cc1ccccc1,4.2839966563652006
Cc1cc(N)nc(C)c1CNC(=O)[C@@H]1CCCN1C(=O)[C@H](NC(=O)OC(C)(C)C)C(C1CCCCC1)C1CCCCC1,4.795880017344075
N=C(N)c1ccc(CN(NS(=O)(=O)c2ccc3ccccc3c2)C(=O)N2CCCCCC2)cc1,4.161150909262744
N=C(N)c1ccc(CN(NS(=O)(=O)c2ccc3ccccc3c2)C(=O)N2CCCCC2)cc1,4.180456064458132
CC1CCCCN1C(=O)N(Cc1cccc(C(=N)NO)c1)NS(=O)(=O)c1ccc2ccccc2c1,5.267606240177032
Nc1ccc(CNC(=O)[C@@H]2CCCN2C(=O)[C@@H](Cc2ccc(Cl)c(Cl)c2)NS(=O)(=O)Cc2ccccc2)cn1,5.119186407719209
O=C(NCc1ccccc1)[C@@H]1CCCN1C(=O)[C@@H](Cc1ccc(Cl)c(Cl)c1)NS(=O)(=O)Cc1ccccc1,4.853871964321762
CC(C)(C)OC(=O)N[C@@H](C(=O)N1CCC[C@H]1C(=O)NCc1ccc(N)nc1)C(C1CCCCC1)C1CCCCC1,5.356547323513812
CC(C)(C)OC(=O)N[C@@H](C(=O)N1CCC[C@H]1C(=O)NCc1csc(N)c1)C(C1CCCCC1)C1CCCCC1,4.568636235841013
N=C(N)c1cccc(CN(NS(=O)(=O)c2ccc3ccccc3c2)C(=O)N2CCCCCC2)c1,5.4089353929735005
COc1ccc2cc(S(=O)(=O)NN(Cc3cccc(C(=N)N)c3)C(=O)N3CCCCCC3)ccc2c1,5.522878745280337
Nc1ccc(CNC(=O)[C@@H]2CCCN2C(=O)[C@H](N)C(c2ccccc2)c2ccccc2)cn1,4.026872146400302
CC1CCCCN1C(=O)N(Cc1ccc(C(=N)N)cc1)NS(=O)(=O)c1ccc2ccccc2c1,4.275724130399211
CN1CCN=C1c1ccc(NC(=O)c2cc(C(F)(F)F)nn2-c2ccc3cc(Cl)ccc3c2)c(F)c1,8.920818753952375
CN(C)C(=N)c1ccc(NC(=O)c2cc(C(F)(F)F)nn2-c2ccc3cc(Cl)ccc3c2)c(F)c1,9.045757490560677
Cc1cc(C)cc(C(C)(C)CN(CC(=O)NC(CCCN=C(N)N)B(O)O)C(=O)CCc2ccccc2)c1,7.207608310501746
Cc1cc(C)cc(CCN(CC(=O)NC(CCC/N=C/N)B(O)O)C(=O)CCc2ccccc2)c1,7.522878745280337
Cc1cc(C(=O)Nc2ccc(C3=NCCN3C)cc2F)n(-c2cc3ccccc3cc2F)n1,8.096910013008056
N/C=N/CCCC(NC(=O)CN(CCc1ccccc1)C(=O)CCc1ccccc1)B(O)O,7.657577319177793
Cc1cc(C)cc(C(C)(C)CN(CC(=O)NC(CCC/N=C/N)B(O)O)C(=O)CCc2ccccc2)c1,6.406713932979542
Cc1cc(C(=O)Nc2ccc(C(=N)N(C)C)cc2F)n(-c2ccc3cc(Cl)ccc3c2)n1,9.154901959985745
CC(C)(CN(CC(=O)NC(CCCN=C(N)N)B(O)O)C(=O)CCc1ccccc1)c1ccccc1,7.00436480540245
CN(C)C(=N)c1ccc(NC(=O)c2cc(C(F)(F)F)nn2-c2cc3ccccc3cc2F)c(F)c1,9.154901959985745
Cc1cc(C(=O)Nc2ccc(C(=N)N(C)C)cc2F)n(-c2cc3ccccc3cc2F)n1,8.4089353929735
Cc1cc(C)cc(CCN(CC(=O)NC(CCCCN)B(O)O)C(=O)CCc2ccccc2)c1,7.267606240177032
Cc1cc(C)cc(CCN(CC(=O)NC(CCCN=C(N)N)B(O)O)C(=O)CCc2ccccc2)c1,7.823908740944319
CC(C)(CN(CC(=O)NC(CCCCN)B(O)O)C(=O)CCc1ccccc1)c1ccccc1,6.494850021680094
Cc1cc(C(=O)Nc2ccc(C(=N)N(C)C)cc2F)n(-c2cc3ccccc3cc2S(C)(=O)=O)n1,8.55284196865778
NCCCCC(NC(=O)CN(CC1(c2ccccc2)CC1)C(=O)CCc1ccccc1)B(O)O,6.3585258894959
CN(C)C(=N)c1ccc(NC(=O)c2nnnn2-c2ccc3cc(Cl)ccc3c2)c(F)c1,9.154901959985745
NCCCCC(NC(=O)CN(CCc1ccccc1)C(=O)CCc1ccccc1)B(O)O,6.886056647693163
CC(C)COc1cccc(-c2nc3cc(C(=N)N)c(Cl)cc3[nH]2)c1O,4.468521082957745
N=C(N)c1ccc2[nH]c(-c3cccc(OC4CCCC4)c3O)cc2c1,6.00436480540245
N=C(N)c1cc2[nH]c(-c3cccc(OC4CCCC4)c3O)nc2cc1Cl,4.366531544420414
CC(C)COc1cccc(-c2nc3cc(C(=N)N)c(F)cc3[nH]2)c1O,4.508638306165727
COCCC[C@@H](NC(=O)[C@@H]1CCCN1C(=O)[C@@H](Cc1ccccc1)NC(=O)OCc1ccccc1)B1O[C@@H]2CC3CC(C3(C)C)[C@]2(C)O1,8.508638306165727
C[C@H]1CC(C)(C)C[C@@H]1Oc1cccc(-c2nc3cc(C(=N)N)c(F)cc3[nH]2)c1O,4.080921907623926
COc1cccc(S(=O)(=O)Nc2cccn(CC(=O)NCc3ccc(C(=N)N)cc3F)c2=O)c1,6.604498875694374
COc1cccc(S(=O)(=O)Nc2cccn(CC(=O)NCc3ccc(C(=N)N)cc3OC)c2=O)c1,7.114638779968488
CC1(C)C2CC1[C@]1(C)OB(C(Cc3ccccc3)NC(=O)[C@@H]3CCCN3C(=O)[C@@H](NC(=O)OCc3ccccc3)C(c3ccccc3)c3ccccc3)O[C@@H]1C2,8.366531544420413
N=C(N)c1cc2[nH]c(-c3cccc(OC4CCCC4)c3O)nc2cc1F,4.494850021680094
N=C(N)c1cc2[nH]c(-c3cccc(OC4CCNC4)c3O)nc2cc1F,4.026872146400302
COCCCC(NC(=O)[C@@H]1CCCN1C(=O)[C@@H](NC(=O)OCc1ccccc1)C(c1ccccc1)c1ccccc1)B1O[C@@H]2CC3CC(C3(C)C)[C@]2(C)O1,8.142667503568731
CCC(C)(C)C(NC(=O)[C@@H]1CCCN1C(=O)[C@H](Cc1ccccc1)NC(=O)OCc1ccccc1)B1O[C@@H]2CC3CC(C3(C)C)[C@]2(C)O1,8.585026652029182
COc1cccc(S(=O)(=O)Nc2cccn(CC(=O)NCc3ccc(C(=N)N)cc3)c2=O)c1,6.816160962943579
N=C(N)c1ccc2[nH]c(-c3cccc(OC4CCCC4)c3O)nc2c1,5.823908740944319
N=C(N)NCCC[C@@H](NC(=O)Cn1cccc(NS(=O)(=O)Cc2ccccc2F)c1=O)C(=O)O,6.716698771296451
CC(C)COc1cccc(-c2cc3cc(C(=N)N)ccc3[nH]2)c1O,5.769551078621726
C[C@H]1CCC[C@@H]1Oc1cccc(-c2nc3cc(C(=N)N)c(F)cc3[nH]2)c1O,4.468521082957745
N=C(N)c1ccc2[nH]c(-c3cccc(Oc4ccccc4)c3O)nc2c1,5.6777807052660805
CCCCCC(NC(=O)[C@@H]1CCCN1C(=O)[C@H](Cc1ccccc1)NC(=O)OCc1ccccc1)B1O[C@@H]2CC3CC(C3(C)C)[C@]2(C)O1,9.236572006437065
Cc1ccc(NS(=O)(=O)Cc2ccccc2F)c(=O)n1CC(=O)N[C@H](CCCN=C(N)N)C(=O)O,6.17134010346468
CC(C)COc1cccc(-c2nc3cc(C(=N)N)ccc3[nH]2)c1O,5.619788758288394
C[C@H]1CCC[C@H](Oc2cccc(-c3nc4cc(C(=N)N)c(F)cc4[nH]3)c2O)C1,4.42021640338319
CCC(C)(C)C(NC(=O)[C@@H]1CCCN1C(=O)[C@H](Cc1ccc2ccccc2c1)NC(=O)OCc1ccccc1)B1O[C@@H]2CC3CC(C3(C)C)[C@]2(C)O1,7.638272163982407
CC1(C)C2CC1[C@]1(C)OB(C(Cc3ccccc3)NC(=O)[C@@H]3CCCN3C(=O)[C@H](Cc3ccccc3)NC(=O)OCc3ccccc3)O[C@@H]1C2,8.920818753952375
COC(=O)c1ccc(F)cc1CS(=O)(=O)Nc1ccc(C)n(CC(=O)N[C@H](CCCN=C(N)N)C(=O)O)c1=O,5.742321425130816
N=C(N)c1cccc(N2CCCN(C3CCN(Cc4ccccc4)CC3)C2=O)c1,6.3979400086720375
COc1c(O)c(C(=O)Nc2ccc(NC(=N)N)cc2)cc2cc3ccccc3cc12,4.886056647693163
N=C(N)c1ccc(N2CCCCN(C3CCN(Cc4ccccc4)CC3)C2=O)cc1,5.1249387366083
C[C@H]1ON=C(c2cccc(C(=N)N)c2)[C@@H]1C(=O)Nc1ccc(-c2ccccc2S(N)(=O)=O)cc1,8.744727494896694
COCc1onc(-c2cccc(C(=N)N)c2)c1C(=O)Nc1ccc(-c2ccccc2S(N)(=O)=O)cc1,9.200659450546418
Cc1cc(C(=O)Nc2ccc(-c3ccccc3S(N)(=O)=O)cc2)n(-c2ccc3ccnc(N)c3c2)n1,9.481486060122112
N=C(N)c1ccc(NC(=O)c2cc3cc4ccccc4cc3cc2O)cc1,4.920818753952375
CC(C)Oc1c(O)c(C(=O)Nc2ccc(N=C(N)N)nc2)cc2cc3ccccc3cc12,4.055517327849831
Cc1cc(C(=O)Nc2ccc(-c3ccccc3S(N)(=O)=O)cc2)n(-c2ccccc2N)n1,6.221848749616356
N=C(N)c1cccc(-c2noc(N)c2C(=O)Nc2ccc(-c3ccccc3S(N)(=O)=O)cc2)c1,8.468521082957745
N=C(N)Nc1ccc(NC(=O)c2cc3cc4ccccc4cc3cc2O)cn1,4.259637310505756
Cc1cc(C(=O)Nc2ccc(-c3ccccc3S(N)(=O)=O)cc2)n(-c2ccc(N)nc2)n1,5.886056647693163
N=C(N)c1cccc(C2=NOC(Cn3cnnn3)(C(=O)Nc3ccc(-c4ccccc4S(N)(=O)=O)cc3)C2)c1,8.97469413473523
N=C(N)c1cccc(-c2noc(CO)c2C(=O)Nc2ccc(-c3ccccc3S(N)(=O)=O)cc2)c1,9.30102999566398
Cc1ccc(C(=O)Nc2ccc(C(=N)N)cc2)c(O)c1,5.638272163982407
N=C(N)c1cc2cc(-c3cccc(-c4ccccc4)c3O)[nH]c2cc1F,5.886056647693163
N=C(N)c1cccc(-c2noc(C(F)(F)F)c2C(=O)Nc2ccc(-c3ccccc3S(N)(=O)=O)cc2)c1,8.022276394711152
CS(=O)(=O)c1ccccc1-c1ccc(NC(=O)c2conc2-c2cccc(C(=N)N)c2)cc1,10.0
COc1cc2[nH]c(-c3cccc(-c4ccccc4)c3O)cc2cc1C(=N)N,4.585026652029182
N=C(N)c1cc2cc(-c3cccc(-c4ccccc4)c3O)[nH]c2cc1Cl,4.721246399047171
Cc1cc(C(=O)Nc2ccc(-c3ccccc3S(N)(=O)=O)cc2)n(-c2cccc(S(C)=N)c2)n1,5.568636235841013
Cc1cc(C(=O)Nc2ccc(-c3ccccc3S(N)(=O)=O)cc2)n(-c2ccc3ccncc3c2)n1,6.431798275933005
Cc1cc(C(=O)Nc2ccc(-c3ccccc3S(N)(=O)=O)cc2)n(C2CCCNC2)n1,4.6777807052660805
Cc1cc(C(=O)Nc2ccc(-c3ccccc3S(N)(=O)=O)cc2)n(-c2ccc3[nH]nc(N)c3c2)n1,7.5376020021010435
Cc1cc(C(=O)Nc2ccc(-c3ccccc3S(N)(=O)=O)cc2)n(-c2cccc(B(O)O)c2)n1,7.214670164989233
COc1ccc(O)c(C(=O)Nc2ccc(C(=N)N)cc2)c1,5.2839966563652006
Cc1cc(Br)c(O)c(C(=O)Nc2ccc(C(=N)N)cc2)c1,6.356547323513812
N=C(N)c1cccc(C2=NO[C@H](Cn3cnnn3)[C@H]2C(=O)Nc2ccc(-c3ccccc3S(N)(=O)=O)cc2)c1,8.638272163982407
Cc1cc(C(=O)Nc2ccc(-c3ccccc3S(N)(=O)=O)cc2)n(CCCCN)n1,4.920818753952375
COc1ccc(-n2nc(C)cc2C(=O)Nc2ccc(-c3ccccc3S(N)(=O)=O)cc2)cc1,7.958607314841775
Cc1cc(C(=O)Nc2ccc(-c3ccccc3S(N)(=O)=O)cc2)n(-c2cccc(S(N)(=O)=O)c2)n1,5.301029995663981
N=C(N)c1ccc(NC(=O)c2cc([N+](=O)[O-])ccc2O)cc1,4.00436480540245
Cc1cc(C(=O)Nc2ccc(-c3ccccc3S(N)(=O)=O)cc2)n(-c2ccccc2)n1,6.703334809738469
COCc1onc(-c2cccc(C(=N)N)c2)c1C(=O)Nc1ccc(-c2ccccc2S(N)(=O)=O)cn1,9.1249387366083
Cc1cc(I)c(O)c(C(=O)Nc2ccc(C(=N)N)cc2)c1,6.337242168318426
N=C(N)c1cccc(N2CCN(C3CCN(Cc4ccccc4)CC3)C2=O)c1,5.6777807052660805
Cc1cc(C(=O)Nc2ccc(-c3ccccc3S(N)(=O)=O)cc2)n(-c2ccc3c(N)[nH]nc3c2)n1,5.552841968657781
Cc1cc(C(=O)Nc2ccc(-c3ccccc3S(N)(=O)=O)cc2)n(-c2cccc(C(N)=O)c2)n1,7.721246399047171
Cc1cc(C(=O)Nc2ccc(-c3ccccc3S(N)(=O)=O)cc2)n(-c2cccc(Cl)c2)n1,7.431798275933005
Cc1cc(I)c(O)c(C(=O)Nc2ccc(C(=N)N)c(F)c2)c1,6.2839966563652006
Cc1cc(C(=O)Nc2ccc(-c3ccccc3S(N)(=O)=O)cc2)n(-c2ccc(N)cc2)n1,5.522878745280337
Cc1cc(C(=O)Nc2ccc(-c3ccccc3S(N)(=O)=O)cc2)n(-c2ccc3onc(N)c3c2)n1,8.853871964321762
N=C(N)c1cccc(N2CCCCN(C3CCN(Cc4ccccc4)CC3)C2=O)c1,6.991399828238082
COC(=O)CC1(C(=O)Nc2ccc(-c3ccccc3S(N)(=O)=O)cc2)CC(c2cccc(C(=N)N)c2)=NO1,8.200659450546418
Cc1ccc(NS(=O)(=O)Cc2ccccc2)c(=O)n1CC(=O)NC1CCc2nc(N)sc2C1,4.036212172654444
Cc1ccc(CS(=O)(=O)Nc2ccc(C)n(CC(=O)NC3CCc4nc(N)sc4C3)c2=O)cc1,4.096910013008056
N=C(N)c1ccc2[nH]cc(CC(=O)Nc3ccc(-c4ccccc4S(N)(=O)=O)cc3Cl)c2c1,9.154901959985745
N=C(N)c1ccc2[nH]cc(CC(=O)Nc3ccc(-c4ccccc4S(N)(=O)=O)cc3F)c2c1,8.508638306165727
Cc1cc(-c2ccccc2S(N)(=O)=O)ccc1NC(=O)Cc1c[nH]c2ccc(C(=N)N)cc12,8.638272163982407
N=C(N)c1ccc2[nH]c(-c3cc(Cl)cc(-c4cccc(N)c4)c3O)nc2c1,9.30102999566398
CCOC(=O)C(CCc1ccc(C(=N)N)cc1)Cn1cnc2cc(C(=N)N)ccc21,5.657577319177793
CCOC(=O)C(CCc1ccc(C(=N)N)cc1)Cn1cnc2ccc(C(=N)N)cc21,4.924453038607469
N=C(N)c1ccc2ncn(CC(=O)Nc3ccc(-c4ccccc4)cc3)c2c1,6.657577319177793
N=C(N)c1ccc2[nH]cc(CC(=O)Nc3ccc(-c4ccccc4S(N)(=O)=O)cc3I)c2c1,9.221848749616356
CCCNS(=O)(=O)c1ccccc1-c1ccc(NC(=O)Cc2c[nH]c3ccc(C(=N)N)cc23)cc1,8.096910013008056
N=C(N)c1ccc2[nH]cc(CC(=O)Nc3ccc(-c4ccccc4S(N)(=O)=O)cc3Br)c2c1,9.494850021680094
N=C(N)c1ccc2cnn(CC(=O)Nc3ccc(-c4ccccc4S(N)(=O)=O)cn3)c2c1,8.508638306165727
N=C(N)c1ccc2[nH]cc(CC(=O)Nc3ccc(-c4ccccc4S(N)(=O)=O)cc3)c2c1,8.576754126063191
CCOC(=O)C(CCc1cccc(C(=N)N)c1)Cn1cnc2ccc(C(=N)N)cc21,6.154901959985743
N=C(N)c1ccc2[nH]cc(CC(=O)Nc3ccc(-c4ccccc4S(N)(=O)=O)cn3)c2c1,9.167491087293763
N=C(N)c1ccc2ncn(CC(=O)c3ccc(-c4ccccc4S(N)(=O)=O)cc3)c2c1,6.619788758288394
Cc1ccc(NS(=O)(=O)Cc2ccc(F)cc2Cl)c(=O)n1CC(=O)NCC1CCc2n[nH]cc2C1,4.1249387366083
N=C(N)c1ccc2c(c1)ncn2CC(=O)Nc1ccc(-c2ccccc2S(N)(=O)=O)cc1,6.3979400086720375
N=C(N)c1cccc(CN2CC[C@H](NS(=O)(=O)c3cc4cccnc4s3)C2=O)c1,7.055517327849832
COc1ccc2ccc(S(=O)(=O)N[C@H]3CCN(Cc4cccc(C(=N)N)c4)C3=O)cc2n1,6.318758762624412
N=C(N)c1cccc(CN2CC[C@H](NS(=O)(=O)c3ccc4nc(Cl)ccc4c3)C2=O)c1,6.958607314841775
CN1CCN=C1c1cccc(Oc2cc(C(=O)O)cc(Oc3cc(C(=N)N)ccc3O)n2)c1,8.619788758288394
N=C(N)c1ccc(O)c(CN2CC[C@H](NS(=O)(=O)c3cc4ccncc4s3)C2=O)c1,8.698970004336019
COc1ccc(C(=N)N2CCC(Oc3ccc(C(Oc4ccc5c(c4)CN(C(=N)N)CC5)C(=O)O)cc3)CC2)cc1,7.585026652029182
N=C(N)NCCC[C@@H](CCl)NC(=O)[C@@H]1CCN2CC[C@@](N)(Cc3ccccc3)CN12,6.414539270491499
CNC(=O)c1cccc(Oc2nc(Oc3cccc(C(=N)N)c3)c(F)c(C)c2F)c1,5.920818753952375
N=C(N)c1cccc(Oc2nc(Oc3cccc(C(=N)N)c3)c(F)cc2F)c1,7.619788758288394
N=C(N)c1cccc(CN2CC[C@H](NS(=O)(=O)c3ccc4cnccc4c3)C2=O)c1,6.42021640338319
N=C(N)c1cccc(CN2CC[C@H](NS(=O)(=O)c3ccc4ccc(Cl)nc4c3)C2=O)c1,6.142667503568732
CCOC(=O)[C@@H]1C[C@@H](Oc2c(F)c(Oc3cccc(C(=O)N(C)C)c3)nc(Oc3cc(C(=N)N)ccc3O)c2F)CN1,9.148741651280924
N=C(N)c1cccc(CN2CC[C@H](NS(=O)(=O)c3ccc4ccnc(N)c4c3)C2=O)c1,6.309803919971486
N=C(N)c1ccc(O)c(CN2CC[C@H](NS(=O)(=O)c3cc4nc(Cl)ccc4s3)C2=O)c1,8.823908740944319
N=C(N)c1cccc(CN2CC[C@H](NS(=O)(=O)c3ccc4nc(N)ccc4c3)C2=O)c1,6.795880017344075
Cc1c(F)c(Oc2cccc(C(=N)N)c2)nc(Oc2cccc(N(C)C)c2)c1F,6.795880017344075
N=C(N)c1cccc(CN2CC[C@H](NS(=O)(=O)c3ccc4ncccc4c3)C2=O)c1,6.698970004336019
N=C(N)c1ccc(O)c(Oc2cc(C(=O)O)cc(Oc3cccc(C4=NCCN4)c3)n2)c1,7.070581074285707
CCOC(=O)CN(C)c1c(F)c(Oc2cccc(C3=NCCN3C)c2)nc(Oc2cc(C(=N)N)ccc2O)c1F,9.585026652029182
CCOC(=O)[C@@H]1C[C@@H](Oc2c(F)c(Oc3cccc(C4=NCCN4C)c3)nc(Oc3cc(C(=N)N)ccc3O)c2F)CN1,9.366531544420411
N=C(N)c1cccc(CN2CC[C@H](NS(=O)(=O)c3ccc4ccncc4c3)C2=O)c1,6.292429823902063
N=C(N)c1cccc(CN2CC[C@H](NS(=O)(=O)c3cc4ccc(Cl)nc4s3)C2=O)c1,6.920818753952375
CN(C)C(=O)c1cccc(Oc2nc(Oc3cc(C(=N)N)ccc3O)c(F)c(OC3CCN(CC(=O)O)CC3)c2F)c1,9.187086643357144
COc1ccc(C(=N)N)cc1Oc1nc(Oc2cccc(C(=O)N(C)C)c2)c(F)c(C)c1F,6.142667503568732
N=C(N)c1ccc(O)c(CN2CC[C@H](NS(=O)(=O)c3cc4cnccc4s3)C2=O)c1,8.522878745280337
N=C(N)c1ccc(O)c(Oc2cc(C(=O)O)cc(Oc3cccc(-n4ccnc4)c3)n2)c1,7.585026652029182
N=C(N)c1ccc(O)c(CN2CC[C@H](NS(=O)(=O)c3cc4c(Cl)nccc4s3)C2=O)c1,8.698970004336019
N=C(N)c1cccc(Oc2cccc(Oc3cccc(C(=N)N)c3)n2)c1,7.275724130399211
N=C(N)c1ccc(Oc2nc(Oc3ccc(C(=N)N)cc3)c(Cl)cc2Cl)cc1,6.2076083105017466
N=C(N)c1cccc(Oc2nc(Oc3cccc(C(=N)N)c3)c(Cl)cc2Cl)c1,6.886056647693163
CN(C)C(=O)c1cccc(Oc2cc(C(=O)O)cc(Oc3cc(C(=N)N)ccc3O)n2)c1,8.455931955649724
Cn1ccnc1-c1cccc(Oc2cc(C(=O)O)cc(Oc3cc(C(=N)N)ccc3O)n2)c1,8.045757490560675
N=C(N)c1ccc(Oc2cccc(Oc3ccc(C(=N)N)cc3)n2)cc1,6.3979400086720375
Cc1c(F)c(Oc2cccc(C(=N)N)c2)nc(Oc2cccc(C(=N)N)c2)c1F,7.886056647693163
N=C(N)c1cccc(CN2CC[C@H](NS(=O)(=O)c3cc4nc(Cl)ccc4s3)C2=O)c1,7.508638306165727
Cc1c(F)c(Oc2cccc(C(=O)N(C)C)c2)nc(Oc2cc(C(=N)N)ccc2O)c1F,8.744727494896694
CCOC(=O)CCC(=O)N(C/C=C/c1cccc(C(=N)N)c1)c1ccc(OC2CCN(C(C)=N)CC2)c(C(F)(F)F)c1,9.259637310505756
CC(=N)N1CCC(Oc2ccc(NCc3ccc4ccc(C(=N)N)cc4c3)cc2[N+](=O)[O-])CC1,10.096910013008056
CC(=N)N1CCC(Oc2ccc(NCc3cccc(-c4cccc(C(=N)N)c4)c3)cc2[N+](=O)[O-])CC1,9.769551078621726
CC(=N)N1CCC(Oc2ccc(NC/C=C/c3cccc(C(=N)N)c3)cc2)CC1,8.1249387366083
CN1CCC(Oc2ccc(NC/C=C/c3cc(C(=N)N)ccc3O)cc2C(F)(F)F)CC1,9.236572006437065
CCOC(=O)c1cc(NC/C=C/c2cccc(C(=N)N)c2)ccc1OC1CCN(C(C)=N)CC1,8.167491087293763
CC(=N)N1CCC(Oc2ccc(NC/C=C/c3cccc(C(=N)N)c3)cc2F)CC1,8.387216143280265
COC(=O)[C@H](Cc1cccc(C(=N)N)c1)[C@@H](C)NC(=O)c1ccc(-c2ccccc2)cc1,8.275724130399212
CN(CC(=O)N[C@@H](CCCCN)B(O)O)C(=O)c1ccccc1Sc1ccccc1C#N,8.958607314841775
CN(CC(=O)N[C@@H](CCCCN)C(=O)C(=O)Nc1ccc(Oc2cccnc2)cc1)C(=O)c1ccccc1Sc1ccccc1C#N,7.221848749616356
COC(=O)[C@H](Cc1cccc(C(=N)N)c1)[C@@H](CC(C)C)NC(=O)c1ccc(-c2cccc(CN)c2)cc1,9.397940008672036
CN(CC(=O)N[C@@H](CCCCN)C(=O)C(=O)Nc1cccc(N)c1)C(=O)c1ccccc1Sc1ccccc1C#N,6.920818753952375
C[C@H](NC(=O)CNC(=O)Nc1ccc(C(=N)N)cc1)c1ccc2ccccc2c1,5.205511953340831
CN(CC(=O)N[C@@H](CCCCN)C(=O)C(=O)Nc1ccc(Oc2ccc(N)cc2)cc1)C(=O)c1ccccc1Sc1ccccc1C#N,6.920818753952375
COc1ccc(Oc2ccc(C(C)NC(=O)CNC(=O)Nc3ccc(C(=N)N)cc3)cc2)cc1,4.97061622231479
COC(=O)[C@H](Cc1cccc(C(=N)N)c1)[C@@H](C)NC(=O)c1ccc(-c2ccc(C(=O)O)cc2)cc1,7.161150909262744
CN(CC(=O)N[C@@H](CCCCN)B(O)O)C(=O)c1ccccc1Sc1ccccc1,7.769551078621726
COC(=O)[C@H](Cc1cccc(C(=N)N)c1)[C@@H](CCc1ccccc1)NC(=O)c1ccc(-c2ccccc2)cc1,7.67778070526608
COC(=O)[C@H](Cc1cccc(C(=N)N)c1)[C@H](NC(=O)c1ccc(-c2cccc(CN)c2)cc1)C(C)C,8.096910013008056
CN(CC(=O)N[C@@H](CCCCN)B(O)O)C(=O)c1ccccc1Cc1ccccc1,7.0
COC(=O)[C@H](Cc1cccc(C(=N)N)c1)[C@@H](C)NC(=O)c1ccc(-c2cccc(CN(C)C)c2)cc1,9.0
CN(CC(=O)N[C@@H](CCCCN)C(=O)C(=O)Nc1ccc(Oc2cccc(N)c2)cc1)C(=O)c1ccccc1Sc1ccccc1C#N,6.920818753952375
COC(=O)[C@H](Cc1cccc(C(=N)N)c1)[C@@H](CC1CCCCC1)NC(=O)c1ccc(-c2cccc(CN)c2)cc1,8.397940008672037
CN(CC(=O)N[C@@H](CCCCN)C(=O)C(=O)NCCN1CCOCC1)C(=O)c1ccccc1Sc1ccccc1C#N,6.698970004336019
CN(CC(=O)N[C@@H](CCCCN)C(=O)C(=O)NCc1ccccn1)C(=O)c1ccccc1Sc1ccccc1C#N,6.443697499232712
COC(=O)[C@H](Cc1cccc(C(=N)N)c1)[C@@H](/C=C/c1ccccc1)NC(=O)c1ccc(-c2ccccc2)cc1,8.0268721464003
COC(=O)[C@H](Cc1cccc(C(=N)N)c1)[C@@H](C)NC(=O)c1ccc(-c2cccc(C(N)=O)c2)cc1,9.30102999566398
CN1CCN=C1N(C)Cc1ccc(C(=O)Nc2ccc(Cl)cc2C(=O)Nc2ccc(Cl)cn2)cc1,9.522878745280336
CN(C)Cc1ccc(C(=O)Nc2ccc(Cl)cc2C(=O)Nc2ccc(Cl)cn2)cc1,8.886056647693163
CN(Cc1ccc(C(=O)Nc2ccc(Cl)cc2C(=O)Nc2ccc(Cl)cn2)cc1)C(=N)N,10.0
C[N+](C)(C)Cc1ccc(C(=O)Nc2ccc(Cl)cc2C(=O)Nc2ccc(Cl)cn2)cc1,9.0
N=C(N)c1cccc(OCCNC(=O)c2ccc(C(=O)N3CCCC3)cc2)c1,7.698970004336019
CC(=N)N1CCC(Oc2ccc(C(=O)NCCOc3cc(C(=N)N)ccc3CCC(=O)O)cc2)CC1,6.481486060122113
N=C(N)c1ccc(CC(=O)C(=O)O)c(OCCNC(=O)c2ccc(C(=O)N3CCCC3)cc2)c1,8.522878745280337
N=C(N)c1ccc(C(=O)NCCOc2cc(C(=N)N)ccc2CC(=O)C(=O)O)cc1,7.585026652029182
N=C(N)c1cccc(OCCNC(=O)c2ccccc2)c1,5.552841968657781
N=C(N)c1ccc(CC(=O)C(=O)O)c(OCCNC(=O)C2CCN(c3ccncc3)CC2)c1,7.67778070526608
CC(=N)N1CCC(Oc2ccc(C(=O)N[C@@H](COc3cc(C(=N)N)ccc3CC(=O)C(=O)O)CC(=O)O)cc2)CC1,7.958607314841775
N=C(N)c1ccc(C(=O)NCCOc2cccc(C(=N)N)c2)cc1,6.657577319177793
O=C1CN(S(=O)(=O)c2cc3ccc(Cl)cc3s2)CCN1Cc1cc2cnccc2n1CCO,8.522878745280337
N=C(N)c1cccc(OCCNC(=O)C2CCN(c3ccncc3)CC2)c1,6.537602002101044
O=C1CN(S(=O)(=O)/C=C/c2ccc(Cl)s2)CCN1Cc1cc2c[nH]ccc-2n1,8.958607314841775
CN(C)C(=O)COc1ccc2c3ccccc3n(Cc3ccc4ccc(C(=N)N)cc4c3)c2c1,8.301029995663981
N=C(N)c1cccc(Cn2c(C(=O)NCc3cc(F)cc(F)c3)cc3c(O)cccc32)c1,6.718966632752273
Cc1cccc2c1cc(C(=O)NCc1cccc3ccccc13)n2Cc1cccc(C(=N)N)c1,7.017728766960431
N=C(N)c1cccc(Cn2c(C(=O)NCCc3ccc(Br)cc3)cc3c(O)cccc32)c1,5.788345599446817
Cc1cc(C)cc(CNC(=O)c2cc3c(C)cccc3n2Cc2cccc(C(=N)N)c2)c1,8.045757490560675
N=C(N)c1cccc(Cn2c(C(=O)NCc3ccc(Cl)cc3)cc3ccccc32)c1,5.443697499232712
COC(=O)c1cc2cc(F)ccc2n1Cc1cccc(C(=N)N)c1,4.886056647693163
COC(=O)c1cccc(CNC(=O)c2cc3c(O)cccc3n2Cc2cccc(C(=N)N)c2)c1,5.689731633367552
Cc1nccn1-c1cccc(Oc2cc(C(=O)O)cc(Oc3cc(C(=N)N)ccc3O)n2)c1,8.096910013008056
COC(=O)c1c(C)c2ccccc2n1Cc1cccc(C(=N)N)c1,5.055517327849832
Cc1c(F)c(Oc2cccc(C(=N)N)c2)nc(Oc2cccc(C(=O)N(C)Cc3ccccc3)c2)c1F,5.619788758288394
CCN(CC)c1cccc(Oc2nc(Oc3cccc(C(=N)N)c3)c(F)c(C)c2F)c1,6.3979400086720375
Cc1c(F)c(Oc2cccc(C(=N)N)c2)nc(Oc2ccc(Cl)c(N(C)C)c2)c1F,6.301029995663981
N=C(N)c1cccc(Cn2c(C(=O)NCc3ccccn3)cc3c(O)cccc32)c1,5.477947199131178
Cc1c(F)c(Oc2cccc(C(=N)N)c2)nc(Oc2cccc(N3CCCCC3)c2)c1F,6.187086643357144
Cc1c(F)c(Oc2cccc(OC(F)(F)F)c2)nc(Oc2cccc(C(=N)N)c2)c1F,5.7447274948966935
Cc1cn(-c2cccc(Oc3cc(C(=O)O)cc(Oc4cc(C(=N)N)ccc4O)n3)c2)cn1,7.886056647693163
N=C(N)c1cccc(CNC(=O)c2c(Br)c3ccccc3n2Cc2cccc(C(=N)N)c2)c1,7.585026652029182
Cc1cccc2c1cc(C(=O)NCc1cccc(-c3ccccc3)c1)n2Cc1cccc(C(=N)N)c1,6.488116639021126
CN1CCC([C@@H](NC(=O)c2cc3ccccc3n2Cc2cccc(C(=N)N)c2)c2ccc3cc(Cl)ccc3c2)CC1,6.214670164989233
CC(=N)N1CCC(Oc2ccc3cc(C(=O)NC(CC(=O)O)C(=O)O)n(Cc4ccc5ccc(C(=N)N)cc5c4)c3c2)CC1,7.698970004336019
Cc1cccc2c1cc(C(=O)NCc1cc(Cl)cc(Cl)c1)n2Cc1cccc(C(=N)N)c1,7.602059991327962
N=C(N)c1cccc(COC(=O)c2cc3cc(OCc4ccccc4)ccc3n2Cc2cccc(C(=N)N)c2)c1,7.214670164989233
N=C(N)c1cccc(Cn2c(C(=O)NCc3cccc(C(=O)O)c3)cc3c(O)cccc32)c1,5.0
Cc1c(F)c(Oc2cccc(N)c2)nc(Oc2cccc(C(=N)N)c2)c1F,5.481486060122113
N=C(N)c1cccc(Cn2c(C(=O)NCc3cc(Cl)cc(Cl)c3)c(Br)c3ccccc32)c1,7.070581074285707
COc1cccc2c1cc(C(=O)NCCc1ccc(O)cc1)n2Cc1cccc(C(=N)N)c1,6.013228265733755
N=C(N)c1cccc(Cn2c(C(=O)NCc3cccc(Br)c3)cc3c(O)cccc32)c1,6.931814138253839
N=C(N)c1cccc(Cn2c(C(=O)NCc3cccc(C(F)(F)F)c3)cc3c(O)cccc32)c1,6.3223930472795065
Cc1c(F)c(Oc2cccc(C(=N)N)c2)nc(Oc2ccc(O)c(C(=O)N(C)C)c2)c1F,5.698970004336019
N=C(N)c1cccc(Cn2c(C(=O)NCc3cc(Cl)cc(Cl)c3Cl)cc3c(O)cccc32)c1,7.00436480540245
N=C(N)c1ccc(CNC(=O)c2cc3c(O)cccc3n2Cc2cccc(C(=N)N)c2)cc1,6.681936665037238
N=C(N)c1ccc(Oc2ccc3c4ccccc4n(Cc4ccc5ccc(C(=N)N)cc5c4)c3c2)cc1,8.221848749616356
COc1cc(Oc2nc(Oc3cccc(C(=N)N)c3)c(F)c(C)c2F)cc(C(=O)N(C)C)c1,6.853871964321762
Cc1cc(C)cc(CNC(=O)c2c(Br)c3ccccc3n2Cc2cccc(C(=N)N)c2)c1,7.886056647693163
Cc1c(Oc2nc(Oc3cccc(C(=N)N)c3)c(F)c(C)c2F)cccc1N(C)C,6.494850021680094
Cc1cn(C)c(-c2cccc(Oc3cc(C(=O)O)cc(Oc4cc(C(=N)N)ccc4O)n3)c2)n1,8.075720713938118
COc1ccc(CNC(=O)c2cc3c(O)cccc3n2Cc2cccc(C(=N)N)c2)cc1,5.866461091629782
CC(=N)N1CCC(Oc2ccc3cc(C(=O)O)n(Cc4ccc5ccc(C(=N)N)cc5c4)c3c2)CC1,8.337242168318426
CCOC(=O)Cc1cccc(Oc2nc(Oc3cccc(C(=N)N)c3)c(F)c(C)c2F)c1,6.091514981121351
N=C(N)c1cccc(Cn2c(C(=O)O)cc3cc(O)ccc32)c1,5.0
N=C(N)c1cccc(Cn2c(C(=O)NCc3cccc(NC(N)=O)c3)cc3c(O)cccc32)c1,6.7447274948966935
Cc1cc(CNC(=O)c2cc3c(O)cccc3n2Cc2cccc(C(=N)N)c2)cc(C(F)(F)F)c1,7.886056647693163
N=C(N)c1ccc(CNc2ccc3ccn(Cc4ccc(C(=N)N)cc4)c3c2)cc1,5.978810700930062
N=C(N)c1ccc(CNc2ccc3ccn(-c4ccc(C(=N)N)cc4)c3c2)cc1,6.075720713938118
CCOC(=O)c1cccc(Oc2nc(Oc3cccc(C(=N)N)c3)c(F)c(C)c2F)c1,5.2839966563652006
N=C(N)c1cccc(Cn2c(C(=O)NCc3ccc4ccccc4c3)cc3c(O)cccc32)c1,5.764471553092451
N=C(N)c1cccc(Cn2c(C(=O)NCc3ccccc3)cc3c(O)cccc32)c1,5.692076296388119
COc1ccc(C(=N)N)cc1Oc1nc(Oc2cccc(N(C)C)c2)c(F)c(C)c1F,5.853871964321762
COc1cc(CNC(=O)c2cc3c(O)cccc3n2Cc2cccc(C(=N)N)c2)cc(OC)c1,6.714442690992226
Cc1cccc2c1cc(C(=O)NCc1nccc3ccccc13)n2Cc1cccc(C(=N)N)c1,7.823908740944319
N=C(N)c1cccc(Cn2c(C(=O)NCc3cccc(Cl)c3)cc3c(O)cccc32)c1,6.581698708680254
Cc1ccc(NS(=O)(=O)Cc2ccccc2)c(=O)n1CC(=O)NC1CCc2sc(N)nc2C1,4.036212172654444
CC(=O)Cc1cccc(Oc2nc(Oc3cccc(C(=N)N)c3)c(F)c(C)c2F)c1,5.853871964321762
COc1ccc2c(cc(C(=O)NCc3ccncc3)n2Cc2cccc(C(=N)N)c2)c1OC,5.274905478918531
N=C(N)c1cccc(Cn2c(C(=O)NCc3nccc4ccccc34)cc3c(O)cccc32)c1,7.698970004336019
N=C(N)c1ccc(C(=O)N2CCc3c(n(Cc4cccc(C(=N)N)c4)c4ccccc34)C2)cc1,6.045757490560675
N=C(N)c1ccc(-n2ccc3ccc(NC(=O)c4cccc(C(=N)N)c4)cc32)cc1,6.795880017344075
COc1cc(Oc2nc(Oc3cccc(C(=O)N(C)C)c3)c(F)c(C)c2F)cc(C(=N)N)c1,5.568636235841013
Cc1cccc(CNC(=O)c2cc3c(O)cccc3n2Cc2cccc(C(=N)N)c2)c1,6.882728704344236
CC(=N)N1CCC(Oc2ccc3c4ccccc4n(Cc4ccc5ccc(C(=N)N)cc5c4)c3c2)CC1,8.795880017344075
Cc1c(F)c(Oc2cccc(CC(=O)N(C)C)c2)nc(Oc2cccc(C(=N)N)c2)c1F,6.337242168318426
Cc1c(F)c(Oc2cccc(C(=N)N)c2)nc(Oc2cccc(C(F)(F)F)c2)c1F,5.795880017344075
N=C(N)c1cccc(Cn2c(C(=O)NCc3cccc4ccccc34)cc3c(O)cccc32)c1,7.167491087293763
CCOC(=O)c1cc2c(C)cccc2n1Cc1cccc(C(=N)N)c1,6.023191662661934
N=C(N)c1cccc(Cn2c(C(=O)NCc3cccc(I)c3)cc3c(O)cccc32)c1,7.376750709602099
Cc1ccc(NS(=O)(=O)Cc2ccccc2)c(=O)n1CC(=O)NCC1CCc2nn(C)cc2C1,4.022276394711152
Cc1c(F)c(Oc2cccc(Cl)c2)nc(Oc2cccc(C(=N)N)c2)c1F,5.769551078621726
N=C(N)c1cccc(Cn2c(C(=O)NCCc3ccc(Cl)c(Cl)c3)cc3c(O)cccc32)c1,6.037157318798758
N=C(N)c1cccc(Cn2c(C(=O)NCc3ccnc4ccccc34)cc3c(O)cccc32)c1,6.522878745280337
N=C(N)c1cccc(Cn2c(C(=O)NCc3cc(F)cc(C(F)(F)F)c3)cc3c(O)cccc32)c1,7.4089353929735005
N=C(N)c1cccc(Oc2ccc3c4ccccc4n(Cc4ccc5ccc(C(=N)N)cc5c4)c3c2)c1,9.045757490560677
Cc1c(F)c(Oc2cccc(O)c2)nc(Oc2cccc(C(=N)N)c2)c1F,5.301029995663981
N=C(N)c1cccc(Cn2c(C(=O)NCc3cc(C(F)(F)F)cc(C(F)(F)F)c3)cc3c(O)cccc32)c1,7.00436480540245
Cc1c(F)c(Oc2cccc(CO)c2)nc(Oc2cccc(C(=N)N)c2)c1F,5.886056647693163
COc1ccc(CNC(=O)c2cc3c(O)cccc3n2Cc2cccc(C(=N)N)c2)cc1OC,4.760700520873107
CCNc1cccc(Oc2nc(Oc3cccc(C(=N)N)c3)c(F)c(C)c2F)c1,6.275724130399211
N=C(N)c1cccc(CNc2ccc3ccn(-c4cccc(C(=N)N)c4)c3c2)c1,6.721246399047171
Cc1c(F)c(Oc2cccc(NS(C)(=O)=O)c2)nc(Oc2cccc(C(=N)N)c2)c1F,5.419759491734624
CC(=O)Nc1cccc(Oc2nc(Oc3cccc(C(=N)N)c3)c(F)c(C)c2F)c1,5.236572006437063
COc1cccc(Oc2nc(Oc3cccc(C(=N)N)c3)c(F)c(C)c2F)c1,5.8696662315049934
Cc1c(F)c(Oc2cccc(C(=O)N(C)C)c2)nc(Oc2cc(C(=N)N)cc(O)c2O)c1F,7.638272163982407
N=C(N)c1ccc(CNC(=O)c2cn(Cc3cccc(C(=N)N)c3)c3ccccc23)cc1,5.951558196449596
N=C(N)c1cccc(CNC(=O)c2cc3c(O)cccc3n2Cc2cccc(C(=N)N)c2)c1,8.045757490560675
COc1c(Oc2nc(Oc3cccc(C(=N)N)c3)c(F)c(C)c2F)cccc1C(=O)N(C)C,5.619788758288394
CCOC(=O)c1cc2ccccc2n1Cc1cccc(C(=N)N)c1,5.376750709602099
C[N+]1(C)CCC(C(NC(=O)c2cc3ccccc3n2Cc2cccc(C(=N)N)c2)c2ccc3cc(Cl)ccc3c2)CC1,5.882728704344236
N=C(N)c1cccc(CNC(=O)c2cn(Cc3cccc(C(=N)N)c3)c3ccccc23)c1,5.910094888560602
COc1cccc2c1cc(C(=O)NC(c1ccccc1)c1ccncc1)n2Cc1cccc(C(=N)N)c1,5.168130225719498
N=C(N)c1cccc(Cn2c(C(=O)NCc3cccc(C(N)=O)c3)cc3ccccc32)c1,6.619788758288394
N=C(N)c1ccc2ccc(Cn3c4ccccc4c4ccc(OC5CCNCC5)cc43)cc2c1,8.397940008672037
Cc1c(F)c(Oc2cccc(C(=N)N)c2)nc(Oc2cccc(C(=O)N3CCCCC3)c2)c1F,6.086186147616283
N=C(N)c1ccc(CNC(=O)c2cc3ccccc3n2Cc2cccc(C(=N)N)c2)cc1,6.585026652029182
N=C(N)c1cccc(Cn2c(C(=O)NCC3CCCCC3)cc3c(O)cccc32)c1,5.953895212753961
CCOC(=O)c1cc2ccccc2n1Cc1ccc(C(=N)N)cc1,4.259637310505756
Cc1ccc(NS(=O)(=O)Cc2ccccc2)c(=O)n1CC(=O)NC1CCc2nn(C)cc2C1,4.044793462458058
Cc1ccc(NS(=O)(=O)Cc2ccccc2)c(=O)n1CC(=O)NC1CCc2n[nH]cc2C1,4.00436480540245
COC(=O)c1cc2ccc(OC3CCN(C(C)=N)CC3)cc2n1Cc1ccc2ccc(C(=N)N)cc2c1,9.69897000433602
CN1CC(C)(C)N=C1c1cccc(Oc2cc(C(=O)O)cc(Oc3cc(C(=N)N)ccc3O)n2)c1,6.091514981121351
Cc1cccc2c1cc(C(=O)NCC1CCC(C(=N)N)CC1)n2Cc1cccc(C(=N)N)c1,7.346787486224656
COc1cccc(CCOc2cc(C(=O)NCC3CCN(c4ccncc4)CC3)ccc2F)c1,5.4752145506787775
O=CNc1ccc(C(=O)NCC2CCN(c3ccncc3)CC2)cc1OCCc1ccc(Cl)cc1Cl,7.1249387366083
Cc1ccc(NC(=O)c2cc(C)ccc2NC(=O)c2sc3ccccc3c2Cl)cc1,8.148741651280925
O=C(NCC1CCN(c2ccncc2)CC1)c1ccc(Cl)c(OCCc2ccc(Br)cc2)c1,7.443697499232712
Nc1noc2ccc(-n3nnnc3C(=O)Nc3ccc(-c4ccccc4S(N)(=O)=O)cc3)cc12,9.008773924307503
NC(=O)Nc1ccc(C(=O)NCC2CCN(c3ccncc3)CC2)cc1OCCc1ccc(Cl)cc1Cl,5.753747687700678
N=C(N)c1cccc(-n2nnnc2C(=O)Nc2ccc(-c3ccccc3S(N)(=O)=O)cc2)c1,10.431798275933003
NCc1cccc(-n2nnnc2C(=O)Nc2ccc(-c3ccccc3S(N)(=O)=O)cc2)c1,7.886056647693163
Cc1ccc(NC(=O)c2sc3ccccc3c2Cl)c(C(=O)Nc2ccc(Cl)cn2)c1,8.638272163982407
Cc1ccc(C(=O)Nc2ccc(Cl)cc2)c(NC(=O)c2sc3ccccc3c2Cl)c1,8.142667503568731
O=C(NCC1CCN(c2ccncc2)CC1)c1ccc(F)c(OCCc2ccc(Br)cc2)c1,7.1487416512809245
O=C(NCC1CCN(c2ccncc2)CC1)c1cc(OCCc2ccc(Cl)cc2Cl)c2c(c1)OCO2,7.4089353929735005
CCOC(=O)COc1cccc(C(=O)Nc2ccc(Cl)cc2)c1NC(=O)c1sc2ccccc2c1Cl,7.657577319177793
O=C(Nc1ccc(Cl)cc1)c1ccc(F)cc1NC(=O)c1sc2ccccc2c1Cl,7.823908740944319
Cc1cccc(C(=O)Nc2ccc(Cl)cc2)c1NC(=O)c1sc2ccccc2c1Cl,7.236572006437063
Cc1ccc(NC(=O)c2ccc3ccccc3c2)c(C(=O)Nc2ccc(Cl)cc2)c1,7.107905397309519
COc1ccc(C(=O)NCC2CCN(c3ccncn3)CC2)cc1OCCc1ccc(Cl)cc1Cl,6.958607314841775
O=C(NCC1CCN(c2ccncc2)CC1)c1ccc(Cl)c(OCCc2ccc(Cl)cc2)c1,7.886056647693163
COc1cc(C(=O)NCC2CCN(c3ccncc3)CC2)cc(OCCc2ccc(Cl)cc2Cl)c1OC,7.301029995663981
COc1ccc(C(=O)NCC2CCN(c3ccnc(C)c3)CC2)cc1OCCc1ccc(Cl)cc1Cl,7.244125144327507
O=C(NCC1CCN(c2ccncc2)CC1)c1ccc(F)c(OCCc2ccc(Cl)cc2Cl)c1,7.301029995663981
CC(C)(C)OC(=O)Nc1ccc(CCOc2cc(C(=O)NCC3CCN(c4ccncc4)CC3)ccc2Cl)cc1,5.343805937820815
Cc1ccc(CCOc2cc(C(=O)NCC3CCN(c4ccncc4)CC3)ccc2F)cc1,6.686132779630847
O=C(Nc1ccc(Cl)cc1)c1cc(Cl)ccc1NC(=O)c1sc2ccccc2c1Cl,9.221848749616356
O=C(NCC1CCN(c2ccncc2)CC1)c1ccc(Br)c(OCCc2ccc(Cl)cc2Cl)c1,7.119186407719209
O=C(NCC1CCN(c2ccncc2)CC1)c1ccc(I)c(OCCc2ccc(Cl)cc2Cl)c1,6.806875401645538
NC(=O)c1cc(OCCc2ccc(Cl)cc2Cl)cc(C(=O)NCC2CCN(c3ccncc3)CC2)c1,7.292429823902063
O=C(Nc1ccc(Cl)cc1)c1cccc(O)c1NC(=O)c1sc2ccccc2c1Cl,7.744727494896693
O=C(NCC1CCN(c2ccncc2)CC1)c1ccc(F)c(OCCc2cccc(Cl)c2)c1,6.147520006363144
CCOc1ccc(C(=O)NCC2CCN(c3ccncc3)CC2)cc1OCCc1ccc(Cl)cc1Cl,7.214670164989233
CCOc1cc(C(=O)NCC2CCN(c3ccncc3)CC2)cc(OCCc2ccc(Cl)cc2Cl)c1Br,7.0655015487564325
O=C(Nc1ccc(Cl)cc1)c1ccc(Cl)cc1NC(=O)c1sc2ccccc2c1Cl,7.585026652029182
Cc1ccc(NC(=O)c2sccc2Cl)c(C(=O)Nc2ccc(Cl)cc2)c1,6.886056647693163
O=C(NCC1CCN(c2ccncc2)CC1)c1ccc(Cl)c(OCCc2ccc(Cl)cn2)c1,7.698970004336019
COc1ccc(CCOc2cc(C(=O)NCC3CCN(c4ccncc4)CC3)ccc2Cl)cc1,6.503070351926785
N#Cc1ccc(CCOc2cc(C(=O)NCC3CCN(c4ccncc4)CC3)ccc2Cl)cc1,5.809108283077831
O=C(NCC1CCN(c2ccncc2)CC1)c1ccc(C(F)(F)F)c(OCCc2ccc(Cl)cc2Cl)c1,6.853871964321762
COc1cc(C(=O)NCC2CCN(c3ccncc3)CC2)cc(OCCc2ccc(Cl)cc2Cl)c1C,7.886056647693163
O=C(Nc1ccc(Cl)cc1)c1ccc(C(F)(F)F)cc1NC(=O)c1sc2ccccc2c1Cl,7.0
COc1ccc(C(=O)NCC2CCN(c3ccncc3)CC2)cc1OCCc1ccc(Cl)cc1Cl,7.744727494896693
COc1ccc(C(=O)N2CCN(Cc3ccncc3)CC2)cc1OCCc1ccc(Cl)cc1Cl,6.221848749616356
O=C(NCC1CCN(c2ccncc2)CC1)c1ccc(F)c(OCCc2ccc(Cl)cn2)c1,7.431798275933005
Nc1cc(-n2nnnc2C(=O)Nc2ccc(C(=O)N3CCCC3)cc2F)ccc1Cl,8.522878745280337
Cc1ccc(NC(=O)c2sc3ccccc3c2Cl)c(C(=O)Nc2ccccn2)c1,7.522878745280337
COc1c(Br)csc1C(=O)Nc1ccc(C)cc1C(=O)Nc1ccc(Cl)cc1,7.267606240177032
COc1ccc(CCOc2cc(C(=O)NCC3CCN(c4ccncc4)CC3)ccc2F)cc1,6.512861624522813
Cc1cc(NC(=O)c2sc3ccccc3c2Cl)c(C(=O)Nc2ccc(Cl)cc2)cc1Cl,7.958607314841775
Cc1ccc(NC(=O)c2sc(C)nc2C)c(C(=O)Nc2ccc(Cl)cc2)c1,6.6777807052660805
O=C(NCC1CCN(c2ccncc2)CC1)c1ccc(Cl)c(OCCc2ccc(F)cc2)c1,6.991399828238082
Cc1ccc(NC(=O)c2ccccc2Br)c(C(=O)Nc2ccc(Cl)cc2)c1,6.017728766960431
Nc1cc(-n2nnnc2C(=O)Nc2ccc(-c3ccccc3S(N)(=O)=O)cn2)ccc1Cl,8.096910013008056
O=C(Nc1ccc(Cl)cc1)c1cccc(Cl)c1NC(=O)c1sc2ccccc2c1Cl,7.619788758288394
COc1ccc(C(=O)NCC2CCN(C(C)C)CC2)cc1OCCc1ccc(Cl)cc1Cl,6.187086643357144
Cc1ccc(NC(=O)c2sc3ccccc3c2Cl)c(C(=O)Nc2ccc(CN)cc2)c1,5.853871964321762
CN1CCN(c2ccc(NC(=O)c3sc4ccccc4c3Cl)c(C(=O)Nc3ccc(Cl)cc3)c2)CC1,6.327902142064283
Cc1ccc(NC(=O)c2scc(S(C)(=O)=O)c2Cl)c(C(=O)Nc2ccc(Cl)cc2)c1,7.853871964321762
O=C(NCC1CCN(c2ccncc2)CC1)c1ccc(F)c(OCCc2ccc(F)cc2)c1,6.692503962086787
Cc1ccc(C(=O)NCC2CCN(c3ccncc3)CC2)cc1OCCc1ccc(Cl)cc1Cl,7.431798275933005
COc1ccc(-n2nnnc2C(=O)Nc2ccc(-c3ccccc3S(N)(=O)=O)cc2)cc1N,7.721246399047171
COc1ccc(C(=O)NCC2CCN(c3ccncc3)CC2)cc1OCCc1ccc(Cl)cn1,7.267606240177032
Nc1ccc(C(=O)NCC2CCN(c3ccncc3)CC2)cc1OCCc1ccc(Cl)cc1Cl,7.5376020021010435
CC(=O)Nc1ccc(C(=O)NCC2CCN(c3ccncc3)CC2)cc1OCCc1ccc(Cl)cc1Cl,6.5003129173815966
CCOc1cc(C(=O)NCC2CCN(c3ccncc3)CC2)cc(OCCc2ccc(Cl)cc2Cl)c1OCC,6.580044251510242
Nc1cc(-n2nnnc2C(=O)Nc2ccc(-c3ccccc3S(N)(=O)=O)cc2)ccc1Cl,8.267606240177031
Cc1ccc(NC(=O)c2sc3ccccc3c2C)c(C(=O)Nc2ccc(F)cc2)c1,7.602059991327962
Cc1ccc(NC(=O)c2sccc2Cl)c(C(=O)Nc2ccc(F)cc2)c1,6.4089353929735005
COc1ccc(C(=O)NCC2CCN(Cc3ccnc(O)c3)CC2)cc1OCCc1ccc(Cl)cc1Cl,6.022276394711152
N#Cc1ccc(CCOc2cc(C(=O)NCC3CCN(c4ccncc4)CC3)ccc2F)cc1,5.336770365467133
Nc1noc2ccc(-n3nnnc3C(=O)Nc3ccc(C(=O)N4CCCC4)cc3F)cc12,8.537602002101044
Cc1ccc(NC(=O)c2sc3ccccc3c2Cl)c(C(=O)Nc2ccc(C(=O)O)cc2)c1,5.327902142064283
COc1c(C(=O)Nc2ccc(C)cc2C(=O)Nc2ccc(Cl)cc2)sc2ccccc12,8.229147988357855
O=C(NCC1CCN(c2ccncc2)CC1)c1cccc(OCCc2ccc(Cl)cc2Cl)c1,6.97469413473523
N#Cc1ccc(C(=O)NCC2CCN(c3ccncc3)CC2)cc1OCCc1ccc(Cl)cc1Cl,7.356547323513812
CNc1ccc(C(=O)NCC2CCN(c3ccncc3)CC2)cc1OCCc1ccc(Cl)cc1Cl,7.318758762624412
O=C(Nc1ccc(Cl)cc1)c1cc(F)ccc1NC(=O)c1sc2ccccc2c1Cl,8.301029995663981
COc1ccc(C(=O)NCC2CCN(c3ccncc3)CC2)cc1OCCc1ccc(Cl)cc1,7.387216143280264
O=C(NCC1CCN(c2ccncc2)CC1)c1ccc(Cl)c(OCCc2ccc(Cl)cc2Cl)c1,7.387216143280264
CSc1ccc(C(=O)NCC2CCN(c3ccncc3)CC2)cc1OCCc1ccc(Cl)cc1Cl,7.552841968657781
CS(=O)(=O)c1ccccc1-c1ccc(NC(=O)c2nnnn2-c2ccc3onc(N)c3c2)c(F)c1,9.4089353929735
Cc1ccc(NC(=O)c2sc3ccccc3c2Cl)c(C(=O)Nc2ccc(N)cc2)c1,6.552841968657781
COc1cccc(CCOc2cc(C(=O)NCC3CCN(c4ccncc4)CC3)ccc2Cl)c1,5.603103550857476
Cc1cc(Cl)cc(C(=O)Nc2ccc(Cl)cc2)c1NC(=O)c1sc2ccccc2c1Cl,8.744727494896694
N=C(N)N1CCC(CNC(=O)[C@@H]2CC[C@H]3CN(C(=O)CCc4ccccc4)CC(=O)N32)CC1,6.7447274948966935
N[C@H]1CC[C@H](CNC(=O)[C@@H]2CC[C@H]3CN(S(=O)(=O)CC(c4ccccc4)c4ccccc4)CC(=O)N32)CC1,8.301029995663981
N=C(N)[C@H]1CC[C@H](CNC(=O)[C@@H]2CC[C@H]3CN(S(=O)(=O)C(c4ccccc4)c4ccccc4)CC(=O)N32)CC1,8.698970004336019
Cc1nc(N)ccc1CNC(=O)[C@@H]1CC[C@H]2CN(S(=O)(=O)CC(c3ccccc3)c3ccccc3)CC(=O)N21,7.318758762624412
C/C(=C(\F)C(=O)Nc1ccc(-c2ccccc2S(N)(=O)=O)cc1Br)c1ccc2ccnc(N)c2c1,8.886056647693163
N=C(N)N1CCC(CNC(=O)[C@@H]2CC[C@H]3CN(C(=O)CC(c4ccccc4)c4ccccc4)CC(=O)N32)CC1,7.096910013008056
C/C(=C(\F)C(=O)Nc1ccc(-c2ccccc2S(N)(=O)=O)cc1F)c1ccc2ccnc(N)c2c1,8.795880017344075
N=C(N)N1CCC(CNC(=O)[C@@H]2CC[C@H]3CN(S(=O)(=O)C(c4ccccc4)c4ccccc4)CC(=O)N32)CC1,8.045757490560675
Nc1nc(CCNC(=O)[C@@H]2CC[C@H]3CN(S(=O)(=O)C(c4ccccc4)c4ccccc4)CC(=O)N32)c[nH]1,6.8696662315049934
N/C(=N/O)N1CCC(CNC(=O)[C@@H]2CC[C@H]3CN(C(=O)CC(c4ccccc4)c4ccccc4)CC(=O)N32)CC1,7.602059991327962
Nc1ccc(CNC(=O)[C@@H]2CC[C@H]3CN(S(=O)(=O)CC(c4ccccc4)c4ccccc4)CC(=O)N32)cn1,7.455931955649724
Cc1cc(C(=N)N)ccc1CNC(=O)[C@@H]1CC[C@H]2CN(S(=O)(=O)C(c3ccccc3)c3ccccc3)CC(=O)N21,8.698970004336019
N=C(N)c1ccc(CNC(=O)[C@@H]2CC[C@H]3CN(S(=O)(=O)CC(c4ccccc4)c4ccccc4)CC(=O)N32)cc1,9.0
Cc1nc(N)ccc1CNC(=O)[C@@H]1CC[C@H]2CN(S(=O)(=O)C(c3ccccc3)c3ccccc3)CC(=O)N21,8.0
O=C(CN1CCN(S(=O)(=O)c2cc3ccc(Cl)cc3s2)CC1=O)Nc1ccncn1,7.013228265733755
O=C1CN(S(=O)(=O)/C=C/c2ccc(Cl)cc2)CCN1Cc1cc2c[nH]ccc-2n1,7.318758762624412
O=C1CN(S(=O)(=O)c2cc3ccc(Cl)nc3s2)CCN1Cc1cc2c[nH]ccc-2n1,8.397940008672037
Cc1ncsc1CCNC(=O)CN1CCN(S(=O)(=O)c2cc3ccc(Cl)cc3s2)CC1=O,6.568636235841013
Nc1cc(CCNC(=O)CN2CCN(S(=O)(=O)c3cc4ccc(Cl)cc4s3)CC2=O)ccn1,6.853871964321762
O=C(O)Cn1c(CN2CCN(S(=O)(=O)c3cc4ccc(Cl)cc4s3)CC2=O)cc2cnccc21,6.812479279163537
O=C1CN(S(=O)(=O)c2ccc(-c3ccc(Cl)s3)s2)CCN1Cc1cc2c[nH]ccc-2n1,7.638272163982407
O=C1CN(S(=O)(=O)c2cc3ccc(Cl)cc3s2)CCN1Cc1cc2c[n+]([O-])ccc2[nH]1,7.42021640338319
O=C(CN1CCN(S(=O)(=O)c2cc3ccc(Cl)cc3s2)CC1=O)NCCc1cscn1,6.795880017344075
O=C1CN(S(=O)(=O)CCc2ccc(Cl)s2)CCN1Cc1cc2c[nH]ccc-2n1,6.892790030352131
O=C(CN1CCN(S(=O)(=O)c2cc3ccc(Cl)cc3s2)CC1=O)NCCc1cccnc1,6.6020599913279625
O=C1CN(S(=O)(=O)c2cc3ccc(Cl)cc3s2)CCN1Cc1cc2cnccc2o1,5.913996294381618
O=C1CN(S(=O)(=O)c2cc3ccc(Cl)cc3s2)CCN1Cc1cc2cc[nH]cc-2n1,7.346787486224656
COC(=O)Cn1c(CN2CCN(S(=O)(=O)c3cc4ccc(Cl)cc4s3)CC2=O)cc2cnccc21,7.744727494896693
O=C1CN(S(=O)(=O)c2cc3ccc(Br)cc3s2)CCN1Cc1cc2c[nH]ccc-2n1,8.522878745280337
O=C(CN1CCN(S(=O)(=O)c2cc3ccc(Cl)cc3s2)CC1=O)Nc1ccncc1,6.769551078621726
N=C(N)NCCCC(NC(=O)CN1CCN(S(=O)(=O)c2cccc3cccnc23)CC1=O)C(=O)c1nccs1,8.356547323513812
N=C(N)NCCC[C@@H](NC(=O)CN1CCN(S(=O)(=O)Cc2ccccc2)CC1=O)C(=O)c1nccs1,8.853871964321762
N=C(N)NCCCC(NC(=O)CN1CCN(S(=O)(=O)c2ccc3ccccc3c2)CC1=O)C(=O)c1nccs1,8.568636235841012
N=C(N)NCCC[C@@H](NC(=O)CN1CCN(S(=O)(=O)c2ccc(Cl)cc2)CC1=O)C(=O)c1nccs1,8.638272163982407
N=C(N)c1ccc(O)c(CCCNC(=O)c2ccc(-c3ccccc3)cc2)c1,7.055517327849832
N=C(N)c1ccc(O)c(/C=C/CNC(=O)c2ccc(-c3cccc(S(N)(=O)=O)c3)cc2)c1,8.045757490560675
N=C(N)c1ccc(O)c(/C=C/CNC(=O)c2ccc(-c3ccccc3S(N)(=O)=O)cc2)c1,8.698970004336019
CN(C(=O)[C@H](Cc1ccc(C(=N)NN)cc1)NS(=O)(=O)c1ccc2ccccc2c1)C1CCCC1,5.958607314841775
N=C(N)c1ccc(O)c(/C=C/CNC(=O)c2ccc(-c3ccccn3)s2)c1,7.431798275933005
N=C(N)c1ccc(O)c(CCCNC(=O)c2ccc(-c3ccccn3)s2)c1,6.882728704344236
N=C(N)c1ccc(O)c(CCCNC(=O)c2ccc(-c3cccc(C(N)=O)c3)cc2)c1,8.154901959985743
N=C(N)c1ccc(O)c(/C=C/CNC(=O)c2ccc(-c3ccc(S(N)(=O)=O)cc3)cc2)c1,7.920818753952375
N=C(N)c1ccc(O)c(CCCNC(=O)c2ccc(-c3ncc[nH]3)cc2)c1,7.236572006437063
N=C(N)c1ccc(O)c(/C=C/CNC(=O)c2cc3nnc(O)cc3s2)c1,6.735182176990463
CC(C)(C)c1ccc(C(=O)NCCCc2cc(C(=N)N)ccc2O)cc1,7.229147988357855
N=C(N)c1ccc(O)c(CCCNC(=O)c2cc3ccc(Cl)cc3s2)c1,6.742321425130816
N=C(N)c1ccc(O)c(/C=C/CNC(=O)c2ccc(-c3cccc(C(N)=O)c3)cc2)c1,8.301029995663981
COc1ccc2ccc(S(=O)(=O)N[C@H]3CCN(Cc4ccc(C(=N)N)cc4)C3=O)cc2c1,6.013228265733755
CCCCS(=O)(=O)N[C@H](Cc1ccccc1)C(=O)N1CCC[C@H]1C(=O)N[C@@H](CCCn1ccnc1[N+](=O)[O-])B1O[C@@H]2CC3CC(C3(C)C)[C@]2(C)O1,5.221848749616356
COc1ccc2ccc(S(=O)(=O)N(Cc3ccsc3)[C@H]3CCN(Cc4cccc(C(=N)N)c4)C3=O)cc2c1,7.721246399047171
N=C(N)c1cccc(CN2CC[C@H](NS(=O)(=O)c3ccc(Oc4ccccc4)cc3)C2=O)c1,6.42021640338319
N=C(N)c1cccc(CN2CC[C@H](NS(=O)(=O)c3ccc(Cc4ccccc4)cc3)C2=O)c1,5.958607314841775
Cc1ccc2ccc(S(=O)(=O)N[C@H]3CCN(Cc4cccc(C(=N)N)c4)C3=O)cc2c1,7.0
COc1ccc2ccc(S(=O)(=O)N[C@H]3CCN(Cc4coc(C(=N)N)c4)C3=O)cc2c1,6.7447274948966935
CCCCS(=O)(=O)N[C@H](Cc1ccccc1)C(=O)N1CCC[C@H]1C(=O)N[C@@H](CCCn1ccnc1N)B1O[C@@H]2CC3CC(C3(C)C)[C@]2(C)O1,6.013228265733755
N=C(N)c1cccc(CN2CCC[C@H](NS(=O)(=O)c3ccc4ccccc4c3)C2=O)c1,5.886056647693163
Cc1c(F)c(Oc2cccc(C(=N)N)c2)nc(N2CCN(C3CCCCC3)CC2)c1F,6.305394801066432
N=C(N)c1cccc(COc2ccccc2)c1,8.167491087293763
CC(=O)N[C@H](Cc1ccccc1)C(=O)N1CCC[C@H]1C(=O)N[C@@H](CCCn1ccnc1)B1O[C@@H]2CC3CC(C3(C)C)[C@]2(C)O1,5.221848749616356
N=C(N)c1cccc(CN2CC[C@H](NS(=O)(=O)c3cccc4ccccc34)C2=O)c1,6.1249387366083
COc1ccc2ccc(S(=O)(=O)N[C@H]3CCN(Cc4ccc(C(=N)N)s4)C3=O)cc2c1,6.657577319177793
COc1ccc2ccc(S(=O)(=O)N(CC(=O)O)[C@H]3CCN(Cc4cccc(C(=N)N)c4)C3=O)cc2c1,6.920818753952375
COc1ccc2ccc(S(=O)(=O)N[C@H]3CCN(Cc4ccc(C(=N)N)o4)C3=O)cc2c1,6.2441251443275085
COc1ccccc1-c1ccc(S(=O)(=O)N[C@H]2CCN(Cc3cccc(C(=N)N)c3)C2=O)cc1,6.721246399047171
COc1ccc2ccc(S(=O)(=O)N(Cc3ccccc3)[C@H]3CCN(Cc4cccc(C(=N)N)c4)C3=O)cc2c1,7.387216143280264
N=C(N)c1cccc(C2=NOC(Cn3cnnn3)(C(=O)Nc3ncc(-c4ccccc4S(N)(=O)=O)cn3)C2)c1,9.494850021680094
Cc1c(F)c(Oc2cccc(C(=N)N)c2)nc(N2CCC(C)(c3ccccc3)CC2)c1F,6.251811972993799
Cc1cccc(-c2ccc(S(=O)(=O)N[C@H]3CCN(Cc4cccc(C(=N)N)c4)C3=O)cc2)c1,6.920818753952375
N=C(N)c1cccc(CN2C[C@@H](NS(=O)(=O)c3ccc4ccccc4c3)CC2=O)c1,5.008773924307505
N=C(N)c1cccc(CN2CC[C@H](NS(=O)(=O)c3ccc4ccc(O)cc4c3)C2=O)c1,6.301029995663981
N=C(N)c1cccc(Cn2cc(CCc3ccc4ccccc4c3)c3ccccc32)c1,6.045757490560675
COc1ccc2ccc(S(=O)(=O)N(Cc3cc[nH]n3)[C@H]3CCN(Cc4cccc(C(=N)N)c4)C3=O)cc2c1,7.67778070526608
CCc1ccc2ccc(S(=O)(=O)N[C@H]3CCN(Cc4cccc(C(=N)N)c4)C3=O)cc2c1,6.431798275933005
N=C(N)c1cccc(CN2CC[C@H](NS(=O)(=O)c3ccc4cc(Cl)ccc4c3)C2=O)c1,7.154901959985743
CCOCC1(C(=O)Nc2ccc(-c3ccccc3S(N)(=O)=O)cn2)CC(c2cccc(C(=N)N)c2)=NO1,9.096910013008056
N=C(N)c1cccc(CN2CC[C@H](NS(=O)(=O)c3cccc(-c4ccccc4)c3)C2=O)c1,6.356547323513812
COc1ccc2ccc(S(=O)(=O)N(CCC(N)=O)[C@H]3CCN(Cc4cccc(C(=N)N)c4)C3=O)cc2c1,7.251811972993799
COc1ccc2ccc(S(=O)(=O)N(Cc3cccs3)[C@H]3CCN(Cc4cccc(C(=N)N)c4)C3=O)cc2c1,7.468521082957745
CC(=O)N[C@H](Cc1ccccc1)C(=O)N1CCC[C@H]1C(=O)N[C@@H](CCCn1nnnc1N)B1O[C@@H]2CC3CC(C3(C)C)[C@]2(C)O1,5.221848749616356
CCOCC1(C(=O)Nc2ccc(-c3ccccc3S(N)(=O)=O)cc2)CC(c2cccc(C(=N)N)c2)=NO1,8.481486060122112
COc1ccc2ccc(S(=O)(=O)N(CC(N)=O)[C@H]3CCN(Cc4cccc(C(=N)N)c4)C3=O)cc2c1,7.602059991327962
N=C(N)c1cccc(CNC(=O)CNS(=O)(=O)c2ccc3ccccc3c2)c1,6.468521082957745
N=C(N)c1cccc(CN2CC[C@H](NS(=O)(=O)c3ccc4ccc(Cl)cc4c3)C2=O)c1,7.107905397309519
COc1cccc(-c2ccc(S(=O)(=O)N[C@H]3CCN(Cc4cccc(C(=N)N)c4)C3=O)cc2)c1,7.0
CCN([C@H]1CCN(Cc2cccc(C(=N)N)c2)C1=O)S(=O)(=O)c1ccc2ccc(OC)cc2c1,7.366531544420414
COc1ccc2ccc(S(=O)(=O)N[C@H]3CCN(Cc4ccnc(C(=N)N)c4)C3=O)cc2c1,6.958607314841775
N=C(N)c1cccc(CN2CC[C@H](NS(=O)(=O)c3ccc(-c4ccccc4)cc3)C2=O)c1,6.795880017344075
COc1ccc2ccc(S(=O)(=O)N[C@H]3CCN(Cc4cc(C(=N)N)cs4)C3=O)cc2c1,7.080921907623926
COc1ccc2ccc(S(=O)(=O)N(C)[C@H]3CCN(Cc4csc(C(=N)N)c4)C3=O)cc2c1,8.154901959985743
N=C(N)c1cccc(C(=O)N[C@@H](C(=O)NCCCc2ccccc2)c2ccccc2)c1,6.838631997765025
N=C(N)c1ccc(F)c(CN2CC[C@H](NS(=O)(=O)c3ccc(-c4cccnc4)s3)C2=O)c1,6.886056647693163
Cc1c(F)c(Oc2cccc(C(=N)N)c2)nc(Oc2cccc([S+](O)N(C)C)c2)c1F,6.142667503568732
Cc1cc(C(=O)Nc2ccc(-c3ccccc3S(N)(=O)=O)cc2F)n(-c2cc3ccccc3cc2S(C)(=O)=O)n1,8.958607314841775
N=C(N)c1cccc(C(=O)NCC(=O)NCC2CCC(CN)CC2)c1,4.920818753952375
N=C(N)c1cccc(C(=O)NC(C(=O)NCC2CCC(CN)CC2)c2ccc(-c3ccccc3)cc2)c1,6.096910013008056
Cc1ccc(O)c(-c2cc3cc(C(=N)N)ccc3[nH]2)c1,5.366531544420414
Cc1c(F)c(Oc2cccc(CCC(N)=O)c2)nc(Oc2cccc(C(=N)N)c2)c1F,6.154901959985743
Cc1cc(C(=O)Nc2ccc(-c3ccccc3S(C)(=O)=O)cc2F)n(-c2cc3ccccc3cc2S(C)(=O)=O)n1,8.769551078621726
N=C(N)c1ccc2[nH]c(-c3cc(Cc4nn[nH]n4)cc(Br)c3O)c(Cc3ccccc3)c2c1,7.698970004336019
N=C(N)c1ccc(O)c(CN2CC[C@H](NS(=O)(=O)c3ccc(-c4ccon4)s3)C2=O)c1,8.522878745280337
CC(=O)c1cccc(Oc2nc(Oc3cccc(C(=N)N)c3)c(F)c(C)c2F)c1,5.853871964321762
Cc1cc(C(=O)Nc2ccc(-c3ccccc3CN(C)C)cc2F)n(-c2ccc3cc(Cl)ccc3c2)n1,8.823908740944319
Cc1cc(C(=O)Nc2ccc(N3CCOCC3=O)cc2F)n(-c2cc3ccccc3cc2F)n1,9.30102999566398
N=C(N)c1ccc(NC(=O)C2(CC(=O)O)CC(c3cccc(C(=N)N)c3)=NO2)cc1,6.844663962534939
COC(=O)CC1(C(=O)Nc2cccc(C(=N)N)c2)CC(c2cccc(C(=N)N)c2)=NO1,6.096910013008056
N=C(N)c1cccc(CN2CC[C@H](NS(=O)(=O)c3ccc(-c4ccccn4)cc3)C2=O)c1,6.823908740944319
Cc1cc(Br)c(O)c(-c2[nH]c3ccc(C(=N)N)cc3c2Cc2ccccc2)c1,7.698970004336019
CC(C)(C(=O)O)c1cc(Br)c(O)c(-c2[nH]c3ccc(C(=N)N)cc3c2Cc2ccccc2)c1,8.0
Cc1c(F)c(Oc2cccc(C(=N)N)c2)nc(Oc2cccc(C(=O)C(C)C)c2)c1F,5.6777807052660805
N=C(N)c1ccc(NC(=O)C2CC(c3cccc(C(=N)N)c3)=NO2)cc1,6.568636235841013
N=C(N)c1cccc(C(=O)NC(C(=O)NCC2CCC(CN)CC2)c2ccc(Cl)cc2)c1,5.6020599913279625
N=C(N)c1cccc(C(=O)N[C@@H](C(=O)N2CCN(c3ccc(F)cc3)CC2)c2ccccc2)c1,7.823908740944319
N=C(N)c1ccc(NC(=O)CC2CC(c3ccc(C(=N)N)cc3)=NO2)cc1,5.769551078621726
N=C(N)c1cccc(CN2CC[C@H](NS(=O)(=O)c3ccc(-c4ccon4)s3)C2=O)c1,7.309803919971486
CN(C)C(=O)Cc1cc(Br)c(O)c(-c2[nH]c3ccc(C(=N)N)cc3c2Cc2ccccc2)c1,8.698970004336019
Cc1c(F)c(Oc2cccc(C(=N)N)c2)nc(Oc2cccc(C(O)C(N)=O)c2)c1F,6.431798275933005
Cc1c(F)c(Oc2cccc(Nc3ccccc3)c2)nc(Oc2cccc(C(=N)N)c2)c1F,5.7447274948966935
Cc1c(F)c(Oc2cccc(C(=N)N)c2)nc(Oc2cccc(N3CCOCC3)c2)c1F,6.187086643357144
N=C(N)c1ccc(O)c(CN2CC[C@H](NS(=O)(=O)c3ccc(-c4cccnc4)s3)C2=O)c1,8.698970004336019
Cc1cc(C(=O)Nc2ccc(N3CCOCC3=O)cc2F)n(-c2ccc3cc(Cl)ccc3c2)n1,9.30102999566398
Cc1cc(C(=O)Nc2ccc(-n3ccnc3C)cc2)n(-c2ccc3cc(Cl)ccc3c2)n1,8.537602002101044
Cc1cc(C(=O)Nc2ccc(C(=O)N3CCCC3)cc2)n(-c2ccc3cc(Cl)ccc3c2)n1,8.744727494896694
Cc1cc(C(=O)Nc2ccc(-c3ccccc3S(N)(=O)=O)cn2)n(-c2ccc3cc(Cl)ccc3c2)n1,8.721246399047171
Cc1cc(C(=O)Nc2ccc(-n3ccnc3CN(C)C)cc2F)n(-c2ccc3cc(Cl)ccc3c2)n1,8.886056647693163
N=C(N)c1cccc(C(=O)N[C@@H](C(=O)N2CCC(Cc3ccccc3)CC2)c2ccccc2)c1,7.522878745280337
Cc1c(F)c(Oc2cccc(CN)c2)nc(Oc2cccc(C(=N)N)c2)c1F,5.853871964321762
Cc1c(F)c(Oc2cccc(C(=N)N)c2)nc(Oc2cc(N(C)C)ccc2C(=O)O)c1F,5.619788758288394
CN(C)c1cccc(Oc2cc(C(=O)O)cc(Oc3cc(C(=N)N)ccc3O)n2)c1,7.920818753952375
N=C(N)c1cccc(CN2CC[C@H](NS(=O)(=O)c3ccc(-c4cccnc4)s3)C2=O)c1,7.387216143280264
Cc1ccc(CNC(=O)[C@H](NC(=O)c2cccc(C(=N)N)c2)c2ccccc2)cc1,7.376750709602099
Cc1cc(C)c(O)c(-c2cc3cc(C(=N)N)ccc3[nH]2)c1,5.920818753952375
Cc1cc(Br)c(O)c(-c2[nH]c3ccc(C(=N)N)cc3c2CCCc2ccccc2)c1,5.119186407719209
Cc1cc(C(=O)Nc2ccc(-n3ccnc3CN(C)C)cc2F)n(-c2cc3ccccc3cc2S(C)(=O)=O)n1,8.494850021680094
Cc1c(F)c(Oc2cccc(C(=N)N)c2)nc(Oc2cccc(C(=O)O)c2)c1F,5.301029995663981
N=C(N)c1cccc(Cn2c(C(=O)NCc3cc(Cl)cc(Cl)c3)cc3c(O)cccc32)c1,8.301029995663981
Cc1cc(Br)c(O)c(-c2[nH]c3ccc(C(=N)N)cc3c2CCc2ccccc2)c1,6.455931955649724
N=C(N)c1ccc2[nH]c(-c3cc(CC(=O)O)cc(Br)c3O)c(Cc3ccccc3)c2c1,8.522878745280337
CC1(C)CN=C(c2cccc(Oc3cc(C(=O)O)cc(Oc4cc(C(=N)N)ccc4O)n3)c2)N1,6.091514981121351
Cc1cc(C(=O)Nc2ccc(N3CCOCC3=O)cc2F)n(-c2cc3ccccc3cc2S(C)(=O)=O)n1,9.096910013008056
Cc1cc(Cl)c(O)c(-c2cc3cc(C(=N)N)ccc3[nH]2)c1,6.886056647693163
C[n+]1ccc(-c2ccc(S(=O)(=O)N[C@H]3CCN(Cc4cccc(C(=N)N)c4)C3=O)cc2)cc1,6.886056647693163
Cc1c(F)c(Oc2cccc(C(=N)N)c2)nc(Oc2cccc(-n3ccnc3)c2)c1F,6.903089986991944
Cc1cc(C(=O)Nc2ccc(-c3ccccc3S(N)(=O)=O)cc2F)n(-c2ccc3cc(Cl)ccc3c2)n1,8.468521082957745
N=C(N)c1cccc(NC(=O)CC2CC(c3cccc(C(=N)N)c3)=NO2)c1,5.7447274948966935
Cn1c(CNc2ccc(C(=N)N)cc2)nc2cc(C(=O)N(CCC(=O)O)c3ccccn3)ccc21,5.424812155072339
Cc1cc(C(=O)Nc2ncc(-c3ccccc3S(N)(=O)=O)cn2)n(-c2ccc3cc(Cl)ccc3c2)n1,8.602059991327963
NC(=O)c1ccc2[nH]c(-c3cc(CCC(=O)O)cc(Br)c3O)c(Cc3ccccc3)c2c1,5.075720713938118
N=C(N)c1cccc(C(=O)N[C@@H](C(=O)NCc2ccc(CN)cc2)c2ccccc2)c1,6.301029995663981
Cc1c(F)c(Oc2cccc(N(C)C)c2)nc(Oc2cc(C(=N)N)ccc2NS(C)(=O)=O)c1F,5.259637310505756
N=C(N)c1ccc(C2=NOC(CC(=O)Nc3cccc(C(=N)N)c3)C2)cc1,6.060480747381382
COC(=O)CNC(=O)CC1(C(=O)Nc2ccc(C(=N)N)cc2)CC(c2cccc(C(=N)N)c2)=NO1,7.744727494896693
COC(=O)CC1(C(=O)Nc2cccc(C(=N)N)c2)CC(c2ccc(C(=N)N)cc2)=NO1,6.931814138253839
N=C(N)c1cccc(C(=O)N[C@@H](C(=O)N2CCN(c3ccncc3)CC2)c2ccccc2)c1,7.886056647693163
COc1ccc2ccc(S(=O)(=O)N(C)[C@H]3CCN(Cc4cc(C(=N)N)ccc4NC(C)=O)C3=O)cc2c1,6.036684488613889
O=C(Cn1ccnc(NCC(F)(F)c2cccc[n+]2[O-])c1=O)NCc1ccccc1-n1cnnn1,6.431798275933005
N=C(N)c1cccc(Oc2ccc(NC(=O)c3ccccc3)c(Oc3cccc(C(=N)N)c3)n2)c1,6.920818753952375
CC(=O)Nc1ccc(Oc2cccc(C(=N)N)c2)nc1Oc1cccc(C(=N)N)c1,7.2839966563652
N=C(N)c1cccc(Oc2ccc(C(N)=O)c(Oc3cccc(C(=N)N)c3)n2)c1,6.221848749616356
N=C(N)c1cccc(Oc2ccc(C(=O)NCC(N)=O)c(Oc3cccc(C(=N)N)c3)n2)c1,6.161150909262744
N=C(N)c1cccc(Oc2c[n+]([O-])cc(Oc3cccc(C(=N)N)n3)n2)c1,6.7447274948966935
CCOC(=O)c1ccc(Oc2cccc(C(=N)N)c2)nc1Oc1cccc(C(=N)N)c1,6.721246399047171
N=C(N)c1ccc(CC(=O)CN2CCCC[C@H](NS(=O)(=O)Cc3ccccc3)C2=O)cc1,6.501689446210399
CNC(=O)c1cc(Oc2cccc(C(=N)N)c2)nc(Oc2cccc(C(=N)N)c2)c1,7.221848749616356
N=C(N)c1cccc(OC2N=C(Oc3cccc(C(=N)N)n3)CNC2=O)c1,6.721246399047171
O=C(Cn1ccnc(NCC(F)(F)c2ccccn2)c1=O)NCc1cc(Cl)ccc1-n1cnnn1,8.0
COC(=O)[C@H](Cc1cccc(C(=N)N)c1)[C@@H](C)NC(=O)c1ccc(-c2ncc[nH]2)cc1,7.337242168318426
COC(=O)[C@H](Cc1cccc(C(=N)N)c1)[C@@H](C)NC(=O)c1ccc(-c2cccnc2)cc1,8.096910013008056
COC(=O)[C@H](Cc1cccc(C(=N)N)c1)[C@@H](C)NC(=O)c1ccc(-c2cc[n+]([O-])cc2)cc1,9.346787486224656
CCOC(=O)c1cc(Oc2cccc(C(=N)N)c2)nc(Oc2cccc(C(=N)N)c2)c1,7.468521082957745
COC(=O)[C@H](Cc1cccc(C(=N)N)c1)[C@@H](C)NC(=O)c1ccc(-c2ccccn2)cc1,9.050609993355089
N=C(N)c1ccc(Oc2cccc(Oc3ccccc3C(=N)N)n2)cc1,6.886056647693163
Cc1ccc(NS(=O)(=O)Cc2ccccc2)c(=O)n1CC(=O)NCc1cc(Cl)ccc1-n1cnnn1,7.958607314841775
COC(=O)[C@H](Cc1cccc(C(=N)N)c1)[C@@H](C)NC(=O)c1ccc(-c2cccc[n+]2C)cc1,8.920818753952375
COC(=O)[C@H](Cc1cccc(C(=N)N)c1)[C@@H](C)NC(=O)c1ccc(-n2ccnc2)cc1,8.221848749616356
N=C(N)c1cccc(Oc2nccc(Oc3cccc(C(=N)N)n3)n2)c1,6.920818753952375
CCOC(=O)C(Cc1cccc(C(=N)N)c1)NC(=O)CNS(=O)(=O)c1ccc(C)cc1,5.886056647693163
N=C(N)c1ccc(CC(=O)CN2CCCC[C@H](NS(=O)(=O)c3ccc4c(c3)CCO4)C2=O)s1,7.278189384787454
COc1c(F)c(Oc2cccc(C(=N)N)c2)nc(Oc2cccc(C(=N)N)c2)c1F,7.638272163982407
Cc1c(F)c(Nc2cccc(C(=N)N)c2)nc(Oc2cccc(C(=N)N)c2)c1F,6.180456064458132
Cc1c(F)c(N(C)c2cccc(C(=N)N)c2)nc(N(C)c2cccc(C(=N)N)c2)c1F,7.008773924307505
COC(=O)[C@H](Cc1cccc(C(=N)N)c1)[C@@H](C)NC(=O)c1ccc(-c2ccncc2)cc1,9.30102999566398
COC(=O)[C@H](Cc1cccc(C(=N)N)c1)[C@@H](C)NC(=O)c1ccc(-c2ccc[n+]([O-])c2)cc1,8.698970004336019
COC(=O)[C@H](Cc1cccc(C(=N)N)c1)[C@@H](C)NC(=O)c1ccc(-c2cc[n+](C)cc2)cc1,8.568636235841012
N=C(N)c1ccc(Oc2cccc(Oc3ccc(C(=N)N)cc3)c2)cc1,6.013228265733755
CNC(=O)Nc1ccc(Oc2cccc(C(=N)N)c2)nc1Oc1cccc(C(=N)N)c1,7.229147988357855
CCOC(=O)C(Cc1cccc(C(=N)N)c1)NC(=O)CNS(=O)(=O)c1ccc(C(=N)S)cc1,6.1938200260161125
COC(=O)c1ccccc1CS(=O)(=O)N[C@H]1CCCCN(CC(=O)N[C@@H](CCCNC(=N)N)C(=O)O)C1=O,7.031517051446065
N=C(N)c1cccc(Oc2ccc(C(=O)O)c(Oc3cccc(C(=N)N)c3)n2)c1,7.022276394711152
N=C(N)c1cccc(Oc2ccc(NC(=O)Nc3ccccc3)c(Oc3cccc(C(=N)N)c3)n2)c1,7.207608310501746
N=C(N)c1ccc(CC(NC(=O)CNS(=O)(=O)c2ccc(C(=N)N)cc2)C(=O)O)cc1,5.443697499232712
COC(=O)[C@H](Cc1cccc(C(=N)N)c1)[C@@H](C)NC(=O)c1ccc(-c2cccc[n+]2[O-])cc1,9.236572006437065
COC(=O)[C@H](Cc1cccc(C(=N)N)c1)[C@@H](C)NC(=O)c1ccc(-c2c[nH]cn2)cc1,8.522878745280337
CCOC(=O)C(Cc1ccc(C(=N)N)cc1)NC(=O)CNS(=O)(=O)c1ccc(C(=N)S)cc1,5.1487416512809245
N=C(N)c1cccc(Oc2ccc(N)c(Oc3cccc(C(=N)N)c3)n2)c1,7.275724130399211
N=C(N)N1CCC(CC(=O)[C@@H]2Cc3cccc4c3N2C(=O)[C@@H](NS(=O)(=O)c2ccc3c(c2)CCO3)CC4)CC1,7.308034897232639
CNC(=O)c1ccc(Oc2cccc(C(=N)N)c2)nc1Oc1cccc(C(=N)N)c1,6.638272163982407
CCOC(=O)C(Oc1ccc2c(c1)CN(C(=N)N)CC2)c1ccc(OC2CCN(C(C)=N)CC2)cc1,7.522878745280337
CC1(C)CC(=O)C=C(N2CC[C@H](Oc3ccc(C(Oc4ccc5c(c4)CN(C(=N)N)CC5)C(=O)O)cc3)C2)C1,6.698970004336019
CCOC(=O)C(Oc1ccc2c(c1)CN(C(=N)N)CC2)c1ccc(OC2CCOCC2)cc1,5.698970004336019
N=C(N)N1CCc2ccc(OC(C(=O)O)c3ccc(O[C@H]4CCN(C(=N)N)C4)cc3)cc2C1,6.698970004336019
N=C(N)N1CCc2ccc(OC(C(=O)O)c3ccc(OC4CCOCC4)cc3)cc2C1,5.522878745280337
CCOC(=O)C(Oc1ccc2c(c1)CN(C(=N)N)CC2)c1ccc(O[C@H]2CCN(C3=CC(=O)CC(C)(C)C3)C2)cc1,6.698970004336019
CCOC(=O)C(Oc1ccc2c(c1)CN(C(=N)N)CC2)c1ccc(OC2CCN(C(C)=O)CC2)cc1,5.522878745280337
CC(=O)N1CCC(Oc2ccc(C(Oc3ccc4c(c3)CN(C(=N)N)CC4)C(=O)O)cc2)CC1,6.3979400086720375
C=CCN1CC[C@H](Oc2ccc(C(Oc3ccc4c(c3)CN(C(=N)N)CC4)C(=O)OCC)cc2)C1,6.0
CCOC(=O)C(Oc1ccc2c(c1)CN(C(=N)N)CC2)c1ccc(OC2CCNCC2)cc1,5.698970004336019
CCOC(=O)C(Oc1ccc2c(c1)CN(C(=N)N)CC2)c1ccc(OC2CCN(C(=N)c3ccc(OC)cc3)CC2)cc1,7.67778070526608
N=C(N)N1CCC(Oc2ccc(C(Oc3ccc4c(c3)CN(C(=N)N)CC4)C(=O)O)cc2)CC1,7.356547323513812
CCOC(=O)C(Oc1ccc2c(c1)CN(C(=N)N)CC2)c1ccc(O[C@H]2CCN(C(=N)N)C2)cc1,6.698970004336019
CC(=N)N1CCC(Oc2ccc(C(Oc3ccc4c(c3)CN(C(=N)N)CC4)C(=O)O)cc2)CC1,7.259637310505756
NCc1ccccc1-n1nc(C(F)(F)F)cc1C(=O)Nc1ccc(-c2ccccc2S(N)(=O)=O)cc1F,9.040958607678906
CN(C)Cc1ccccc1-n1nc(C(F)(F)F)cc1C(=O)Nc1ccc(-c2ccccc2S(C)(=O)=O)cc1F,6.096910013008056
COc1ccc(-n2nc(C(F)(F)F)cc2C(=O)Nc2ccc(-c3ccccc3S(N)(=O)=O)cc2F)cc1,8.3767507096021
COc1ccc(-n2nc(C)cc2C(=O)Nc2ccc(-c3ccccc3S(N)(=O)=O)cc2)cc1CN,6.568636235841013
COc1ccc(-n2nc(C(F)(F)F)cc2C(=O)Nc2ccc(-c3ccccc3S(N)(=O)=O)cn2)cc1,8.55284196865778
NCc1ccccc1-n1nc(C(F)(F)F)cc1C(=O)Nc1ccc(-c2ccccc2S(N)(=O)=O)cc1,8.744727494896694
COc1ccc(-n2nc(C(F)(F)F)cc2C(=O)Nc2ccc(-c3ccccc3S(C)(=O)=O)cc2)c(CN)c1,8.769551078621726
CC(C)NCc1ccccc1-n1nc(C(F)(F)F)cc1C(=O)Nc1ccc(-c2ccccc2S(C)(=O)=O)cc1F,7.42021640338319
CS(=O)(=O)c1ccccc1-c1ccc(NC(=O)c2cc(C(F)(F)F)nn2-c2ccccc2CNCc2ccccc2)c(F)c1,7.214670164989233
CNCc1ccccc1-n1nc(C(F)(F)F)cc1C(=O)Nc1ccc(-c2ccccc2S(C)(=O)=O)cc1F,7.552841968657781
Cc1cc(C(=O)Nc2ccc(-c3ccccc3S(N)(=O)=O)cc2)n(-c2cccc(O)c2)n1,6.785156151952302
COc1ccc(-n2nc(C)cc2C(=O)Nc2ccc(-c3ccccc3S(N)(=O)=O)cn2)cc1,7.795880017344075
COc1ccc(-n2nc(C(F)(F)F)cc2C(=O)Nc2ccc(-c3ccccc3S(N)(=O)=O)cc2)c(CN)c1,8.619788758288394
CS(=O)(=O)c1ccccc1-c1ccc(NC(=O)c2cc(C(F)(F)F)nn2-c2ccccc2CN)cc1,9.0
COc1ccc(-n2nc(C(F)(F)F)cc2C(=O)Nc2ccc(-c3ccccc3S(C)(=O)=O)cc2F)cc1,8.443697499232712
COc1ccc(-n2nc(C(F)(F)F)cc2C(=O)Nc2ccc(-c3ccccc3S(C)(=O)=O)cc2F)c(CN)c1,9.267606240177033
CS(=O)(=O)c1ccccc1-c1ccc(NC(=O)c2cc(C(F)(F)F)nn2-c2ccccc2CCCN)c(F)c1,6.221848749616356
COc1ccc(-n2nc(C(F)(F)F)cc2C(=O)Nc2ccc(-c3ccccc3S(N)(=O)=O)cc2F)c(CN)c1,9.05551732784983
COc1cccc(-n2nc(C)cc2C(=O)Nc2ccc(-c3ccccc3S(N)(=O)=O)cc2)c1,6.958607314841775
Cc1cc(C(=O)Nc2ccc(-c3ccccc3S(N)(=O)=O)cc2)n(-c2ccc(O)cc2)n1,6.045757490560675
CS(=O)(=O)N[C@@H](C(=O)N1CCC[C@H]1C(=O)NCc1cc(C(=N)NN)cs1)C(c1ccccc1)c1ccccc1,4.229147988357856
CS(=O)(=O)N[C@@H](C(=O)N1CCC[C@H]1C(=O)NCc1ccc(C(=N)N)cc1)C(c1ccccc1)c1ccccc1,6.522878745280337
CS(=O)(=O)N[C@H](Cc1ccc(Cl)c(Cl)c1)C(=O)N1CCC[C@H]1C(=O)NCc1ccc(C(=N)N)cc1,6.920818753952375
CS(=O)(=O)N[C@@H](C(=O)N1CCC[C@H]1C(=O)NCc1ccc(C(=N)N)s1)C(c1ccccc1)c1ccccc1,6.443697499232712
Nc1noc2ccc(-n3nc(C(F)(F)F)cc3C(=O)Nc3ccc(-c4ccccc4S(N)(=O)=O)cc3F)cc12,9.795880017344077
Cn1ccnc1-c1ccc(NC(=O)c2cc(C(F)(F)F)nn2-c2ccc3onc(N)c3c2)c(F)c1,9.292429823902063
Nc1noc2ccc(-n3nc(C(F)(F)F)cc3C(=O)Nc3ccc(C(=O)N4CCCC4)cc3F)cc12,9.036212172654444
COc1cc(-n2ccnc2C)ccc1NC(=O)c1cc(C(F)(F)F)nn1-c1ccc2onc(N)c2c1,8.55284196865778
Cc1nccn1-c1ccc(NC(=O)c2cc(C(F)(F)F)nn2-c2ccc3onc(N)c3c2)c(C(N)=O)c1,8.113509274827518
Cc1nccn1-c1ccc(NC(=O)c2cc(C(F)(F)F)nn2-c2ccc3onc(N)c3c2)c(F)c1,9.154901959985745
Nc1noc2ccc(-n3nc(C(F)(F)F)cc3C(=O)Nc3ccc(-n4ccnc4CO)cc3F)cc12,9.0
CNCc1nccn1-c1ccc(NC(=O)c2cc(C(F)(F)F)nn2-c2ccc3onc(N)c3c2)c(F)c1,9.769551078621726
Nc1noc2ccc(-n3nc(C(F)(F)F)cc3C(=O)Nc3ccc(-n4ccnc4CN4CCCC4)cc3F)cc12,9.431798275933003
CS(=O)(=O)c1ccccc1-c1ccc(NC(=O)c2cc(C(F)(F)F)nn2-c2ccc3onc(N)c3c2)c(F)c1,10.045757490560677
COc1cc([C@@H](Nc2ccc(C(=N)N)cc2)C(=O)N[C@H](C(=O)O)c2ccccc2)c(S(=O)(=O)c2ccccc2)cc1OCc1ccccc1,4.906578314837765
COc1cc([C@@H](Nc2ccc(C(=N)N)cc2)C(=O)N[C@H](C(=O)O)c2ccccc2)c(C(=O)Cc2ccccc2)cc1OCc1ccccc1,4.721246399047171
CCOc1ccc(C(Nc2ccc(C(=N)N)cc2)C(=O)NCc2ccccc2)cc1OCC,4.721246399047171
CCOc1cc(C(Nc2ccc(C(=N)N)cc2)C(=O)NCc2ccccc2)ccc1OCc1ccccc1,5.346787486224656
CCOc1ccc(CNc2ccc(C(=N)N)cc2)cc1OCC,4.4089353929735005
N=C(N)c1ccc2[nH]cc(C(Cc3ccccc3)C(=O)Nc3ccc(-c4ccccc4S(N)(=O)=O)cc3)c2c1,9.200659450546418
COC(=O)[C@@H]1CCCCC1NC(=O)C(Cc1ccccc1)c1c[nH]c2ccc(C(=N)N)cc12,7.721246399047171
CCOC(=O)[C@@H]1CCCCC1NC(=O)C(Cc1ccccc1)c1coc2ccc(C(=N)N)cc12,6.568636235841013
CCOC(=O)[C@@H]1CCCCC1NC(=O)C(Cc1ccccc1)c1cccc2ccc(C(=N)N)cc12,6.275724130399211
CC(C)N1CC(NC(=O)c2cc3ccccc3n2Cc2cc(-c3ccc(Cl)s3)on2)C1,6.647817481888637
CC(C)CN1CC(NC(=O)c2cc3ccccc3n2Cc2cc(-c3ccc(Cl)s3)on2)C1,6.462180904926726
O=C(NC1CCN(c2ccncc2)CC1)c1cc2ccccc2n1Cc1cc(-c2ccc(Cl)s2)on1,7.853871964321762
O=C(NC1CCN(c2ccncn2)CC1)c1cc2ccccc2n1Cc1cc(-c2ccc(Cl)s2)on1,7.022276394711152
O=C(NCC1CCN(c2ccncc2)CC1)c1cc2ccccc2n1Cc1cc(-c2ccc(Cl)s2)on1,7.1938200260161125
O=C(c1cc2ccccc2n1Cc1cc(-c2ccc(Cl)s2)on1)N1CCC(Nc2ccncc2)CC1,7.744727494896693
O=C(c1cc2ccccc2n1Cc1cc(-c2ccc(Cl)s2)on1)N1CCC(Oc2ccncc2)CC1,5.537602002101044
O=C(NC1CN(c2ccncc2)C1)c1cc2ccccc2n1Cc1cc(-c2ccc(Cl)s2)on1,7.920818753952375
CC(C)N1CCC(NC(=O)c2cc3ccccc3n2-c2ccc(Cl)cc2)CC1,5.6777807052660805
COc1cccc(-n2c(C(=O)NC3CCN(C(C)C)CC3)cc3ccccc32)c1,5.605548319173784
CC(C)N1CCC(NC(=O)c2cc3ccccc3n2Cc2cccc(Cl)c2)CC1,6.184422251675732
CC(C)N1CCC(NC(=O)c2cc3ccccc3n2CCc2ccc(Cl)cc2Cl)CC1,6.324221658325915
CC(C)N1CCC(NC(=O)c2cc3ccccc3n2Cc2cc(-c3ccc(Cl)cc3)on2)CC1,6.091514981121351
CC(C)N1CCC(NC(=O)c2cc3ccccc3n2Cc2nc(-c3ccc(Cl)cc3)no2)CC1,5.651695136951839
CC(C)N1CCC(NC(=O)c2cc3ccccc3n2Cc2cnc(-c3ccc(Cl)s3)s2)CC1,7.244125144327507
CC(C)N1CCC(NC(=O)c2cc3ccccc3n2CC(=O)Nc2ccc(Cl)cc2)CC1,8.522878745280337
CC(C)N1CCC(NC(=O)c2cc3ccccc3n2CC(=O)Nc2ccc(Cl)cn2)CC1,9.0
CCN1CCC(NC(=O)c2cc3ccccc3n2Cc2cc(-c3ccc(Cl)s3)on2)CC1,7.744727494896693
CCCN1CCC(NC(=O)c2cc3ccccc3n2Cc2cc(-c3ccc(Cl)s3)on2)CC1,7.1938200260161125
CCC(CC)N1CCC(NC(=O)c2cc3ccccc3n2Cc2cc(-c3ccc(Cl)s3)on2)CC1,6.657577319177793
O=C(NC1CCN(C2CC2)CC1)c1cc2ccccc2n1Cc1cc(-c2ccc(Cl)s2)on1,7.568636235841013
CC(C)N1CCC(CNC(=O)c2cc3ccccc3n2Cc2cc(-c3ccc(Cl)s3)on2)CC1,6.79317412396815
O=C(NC1CCN(CCO)CC1)c1cc2ccccc2n1Cc1cc(-c2ccc(Cl)s2)on1,6.882728704344236
O=C(NC1CCN(C2CCOCC2)CC1)c1cc2ccccc2n1Cc1cc(-c2ccc(Cl)s2)on1,7.022276394711152
CS(=O)(=O)N1CCC(NC(=O)c2cc3ccccc3n2Cc2cc(-c3ccc(Cl)s3)on2)CC1,6.903089986991944
NC(=O)N1CCC(NC(=O)c2cc3ccccc3n2Cc2cc(-c3ccc(Cl)s3)on2)CC1,5.968591535748375
N=C(N)c1cccc(-n2nc(C(F)(F)F)cc2C(=O)Nc2ccc(-n3cnc4cccnc43)cc2F)c1,10.69897000433602
N=C(N)c1cccc(-n2nc(C(F)(F)F)cc2C(=O)Nc2ccc(-n3cnc4ccc(Cl)cc43)cc2F)c1,9.602059991327964
N=C(N)c1cccc(-n2nc(C(F)(F)F)cc2C(=O)Nc2ccc(-n3cnc4cc(C(F)(F)F)ccc43)cc2F)c1,9.537602002101044
N=C(N)c1cccc(-n2nc(C(F)(F)F)cc2C(=O)Nc2ccc(-n3cnc4cc([N+](=O)[O-])ccc43)cc2F)c1,10.096910013008056
N=C(N)c1cccc(-n2nc(C(F)(F)F)cc2C(=O)Nc2ccc(-n3cnc4cc(Cl)c(Cl)cc43)cc2F)c1,9.568636235841012
N=C(N)c1cccc(-n2nc(C(F)(F)F)cc2C(=O)Nc2ccc(-n3ccc4ccccc43)cc2F)c1,8.267606240177031
N=C(N)c1cccc(-n2nc(C(F)(F)F)cc2C(=O)Nc2ccc(N3C(=O)N=C4C=CC=CC43)cc2)c1,10.30102999566398
N=C(N)c1cccc(-n2nc(C(F)(F)F)cc2C(=O)Nc2ccc(-n3ccnc3)cc2)c1,10.045757490560677
N=C(N)c1cccc(-n2nc(Cn3ccnc3)cc2C(=O)Nc2ccc(-n3cnc4ccccc43)cc2)c1,9.236572006437065
N=C(N)c1cccc(-n2nc(Cn3cncn3)cc2C(=O)Nc2ccc(-n3cnc4ccccc43)cc2)c1,9.721246399047171
N=C(N)c1cccc(-n2nc(Cn3ccnn3)cc2C(=O)Nc2ccc(-n3cnc4ccccc43)cc2)c1,9.585026652029182
N=C(N)c1cccc(-n2nc(Cn3cnnn3)cc2C(=O)Nc2ccc(-n3cnc4ccccc43)cc2)c1,9.508638306165729
N=C(N)c1cccc(-n2nc(-c3cccnc3)cc2C(=O)Nc2ccc(-n3cnc4cc(Cl)ccc43)cc2)c1,9.187086643357144
CC(C(=O)Nc1ccc(-n2cnc3ccccc32)cc1)c1c[nH]c2ccc(C(=N)N)cc12,8.522878745280337
CC(C)(C(=O)Nc1ccc(-n2cnc3ccccc32)cc1)c1c[nH]c2ccc(C(=N)N)cc12,8.657577319177793
CCC(C(=O)Nc1ccc(-n2cnc3ccccc32)cc1)c1c[nH]c2ccc(C(=N)N)cc12,8.55284196865778
N=C(N)c1ccc2[nH]cc(C(CC3CC3)C(=O)Nc3ccc(-n4cnc5ccccc54)cc3)c2c1,7.853871964321762
N=C(N)c1ccc2[nH]cc(C(Cc3ccc4ccccc4c3)C(=O)Nc3ccc(-n4cnc5ccccc54)cc3F)c2c1,7.552841968657781
N=C(N)c1ccc2[nH]cc(C(Cc3cccc(C(=O)O)c3)C(=O)Nc3ccc(-n4cnc5ccccc54)cc3F)c2c1,8.744727494896694
N=C(N)c1ccc2[nH]cc(C(Cc3ccc(N)cc3)C(=O)Nc3ccc(-n4cnc5ccccc54)cc3)c2c1,8.397940008672037
N=C(N)c1ccc2[nH]cc(C(Cc3cccnc3)C(=O)Nc3ccc(-n4cnc5ccccc54)cc3)c2c1,8.154901959985743
N=C(N)c1ccc2[nH]cc(C(Cc3ccc(NC(=O)c4ccccc4)cc3)C(=O)Nc3ccc(-n4cnc5ccccc54)cc3)c2c1,7.744727494896693
N=C(N)c1ccc2[nH]cc(C(Cc3ccc(NS(=O)(=O)c4ccccc4)cc3)C(=O)Nc3ccc(-n4cnc5ccccc54)cc3)c2c1,7.721246399047171
N=C(N)c1ccc2ccn(C(Cc3ccccc3)C(=O)Nc3ccc(-n4cnc5ccccc54)cc3F)c2c1,8.2518119729938
Cn1cc(C(Cc2ccccc2)C(=O)Nc2ccc(-n3cnc4ccccc43)cc2F)c2cc(C(=N)N)ccc21,6.795880017344075
N=C(N)c1ccc2[nH]cc(CC(Cc3ccccc3)C(=O)Nc3ccc(-n4cnc5ccccc54)cc3)c2c1,7.346787486224656
N=C(N)c1ccc2[nH]cc(C(CC(=O)Nc3ccc(-n4cnc5ccccc54)cc3)Cc3ccccc3)c2c1,7.443697499232712
N=C(N)c1ccc2[nH]cc(C(Cc3ccccc3)C(=O)NCc3ccc(C(=O)Nc4nc5ccccc5[nH]4)cc3)c2c1,6.091514981121351
N=C(N)c1ccc2[nH]cc(C(Cc3ccccc3)C(=O)Nc3ccc(-n4cnc(-c5ccccc5)c4)cc3)c2c1,7.102372908709558
CS(=O)(=O)c1ccc2[nH]c(NC(=O)c3ccc(CNC(=O)C(Cc4ccccc4)c4c[nH]c5ccc(C(=N)N)cc45)cc3)nc2c1,5.958607314841775
Cc1cc(C(=O)Nc2ccc(-n3cnc4ccccc43)cc2)n(-c2cccc(C(=N)N)c2)n1,9.42021640338319
N=C(N)c1cccc(-n2nc(C(F)(F)F)cc2C(=O)Nc2ccc(-n3cnc4ccccc43)cc2)c1,10.045757490560677
N=C(N)c1cccc(-n2nc(C(F)(F)F)cc2C(=O)Nc2ccc(-n3cnc4ccccc43)cc2F)c1,10.0
N=C(N)c1cccc(-n2nc(C(F)(F)F)cc2C(=O)Nc2ccc(-n3cnc4ncccc43)cc2F)c1,10.69897000433602
N=C(N)c1cccc(-n2nc(C(F)(F)F)cc2C(=O)Nc2ccc(-n3cnc4cnccc43)cc2F)c1,10.522878745280336
CC(C)N1CCC(NC(=O)c2cc3cc(F)ccc3n2Cc2cc(-c3ccc(Cl)s3)on2)CC1,8.522878745280337
CC(C)N1CCC(NC(=O)c2cc3cc(OCc4ccccc4)ccc3n2Cc2cc(-c3ccc(Cl)s3)on2)CC1,6.078313524516398
CC(C)N1CCC(NC(=O)c2cc3cc([N+](=O)[O-])ccc3n2Cc2cc(-c3ccc(Cl)s3)on2)CC1,9.0
CC(C)N1CCC(NC(=O)c2cc3cccc(Cl)c3n2Cc2cc(-c3ccc(Cl)s3)on2)CC1,9.154901959985745
Cc1ccc2cc(C(=O)NC3CCN(C(C)C)CC3)n(Cc3cc(-c4ccc(Cl)s4)on3)c2c1,7.744727494896693
Cc1cccc2cc(C(=O)NC3CCN(C(C)C)CC3)n(Cc3cc(-c4ccc(Cl)s4)on3)c12,9.602059991327964
Cc1ccc(C)c2c1cc(C(=O)NC1CCN(C(C)C)CC1)n2Cc1cc(-c2ccc(Cl)s2)on1,9.0
CC(C)N1CCC(NC(=O)c2cc3cccc([N+](=O)[O-])c3n2Cc2cc(-c3cc(Cl)cs3)on2)CC1,10.0
CC(C)N1CCC(NC(=O)c2c(F)c3ccccc3n2Cc2cc(-c3ccc(Cl)s3)on2)CC1,8.698970004336019
CC(C)N1CCC(NC(=O)c2c(-c3ccccc3)c3ccccc3n2Cc2cc(-c3ccc(Cl)s3)on2)CC1,7.259637310505756
Cc1cccc2c(C#N)c(C(=O)NC3CCN(C(C)C)CC3)n(Cc3cc(-c4ccc(Cl)s4)on3)c12,10.154901959985745
CC(C)N1CCC(NC(=O)c2c(C#N)c3cc(S(C)(=O)=O)ccc3n2Cc2cc(-c3ccc(Cl)s3)on2)CC1,8.154901959985743
COc1cccc(Cn2c(C(=O)NC3CCN(C(C)C)CC3)c(C#N)c3cccc(C)c32)c1,6.391473966422806
Cc1cccc2cc(C(=O)NC3CCN(C(C)C)CC3)n(CC(=O)Nc3ccc(Cl)cc3)c12,8.522878745280337
Cc1cccc2c(C#N)c(C(=O)NC3CCN(C(C)C)CC3)n(CC(=O)Nc3ccc(Cl)cc3)c12,7.585026652029182
Cc1cccc2c1cc(C(=O)NC1CCN(C(C)C)CC1)n2CC(=O)Nc1ccc(C(=N)N)cc1,7.602059991327962
CC(=O)Nc1ccc(CCOc2cc(C(=O)NCC3CCN(c4ccncc4)CC3)ccc2Cl)cc1,5.0
CC(C)(C)OC(=O)Nc1ccc(CCOc2cc(C(=O)NCC3CCN(c4ccncc4)CC3)ccc2F)cc1,5.0
CC(=O)Nc1ccc(CCOc2cc(C(=O)NCC3CCN(c4ccncc4)CC3)ccc2F)cc1,5.0
COc1cc(C(=O)NCC2CCN(c3ccncc3)CC2)cc(OCCc2ccc(Cl)cc2)c1Cl,7.602059991327962
COc1ccc(C(=O)NCC2CCN(C(=N)N)CC2)cc1OCCc1ccc(Cl)cc1Cl,6.723538195826756
COc1ccc(C(=O)NCC2CCN(c3ccnc(O)c3)CC2)cc1OCCc1ccc(Cl)cc1Cl,6.022276394711152
COc1ccc(C(=O)NCC2CC(c3ccncc3)=NO2)cc1OCCc1ccc(Cl)cc1Cl,5.947690900352677
COc1ccc(C(=O)N2CCN(Cc3ccccn3)CC2)cc1OCCc1ccc(Cl)cc1Cl,5.812479279163537
Cc1ccc(C(=O)N2CCN(Cc3cc[n+]([O-])cc3)CC2)cc1OCCc1ccc(Cl)cc1Cl,6.39040559077478
O=C(c1ccc(CO)c(OCCc2ccc(Cl)cc2Cl)c1)N1CCN(Cc2cc[n+]([O-])cc2)CC1,5.207608310501746
COc1ccc(C(=O)NCC2CCN(c3cc(C)nc(N)n3)CC2)cc1OCCc1ccc(Cl)cc1Cl,5.0
COc1ccc(C(=O)NCC2CCN(c3ccnc(SC)n3)CC2)cc1OCCc1ccc(Cl)cc1Cl,5.0
Cc1ccc(C(=O)NCC2CCN(C(=N)N)CC2)cc1OCCc1ccc(Cl)cc1Cl,6.761953896871205
Cc1ccc(C(=O)NCC2CCN(C(=N)NC(=O)OCc3ccccc3)CC2)cc1OCCc1ccc(Cl)cc1Cl,5.294392836595395
COc1ccc(C(=O)NCC2CCN(c3cccc(C#N)c3)CC2)cc1OCCc1ccc(Cl)cc1Cl,5.0
COc1ccc(C(=O)NCC2CCN(c3ccc(S(C)(=O)=O)cc3)CC2)cc1OCCc1ccc(Cl)cc1Cl,5.0
COc1ccc(C(=O)N2CCN(Cc3ccc(C#N)cc3)CC2)cc1OCCc1ccc(Cl)cc1Cl,5.860750782428393
COc1ccc(C(=O)NC2CCN(c3cc[n+]([O-])cc3)CC2)cc1OCCc1ccc(Cl)cc1Cl,5.897909474488163
COc1ccc(C(=O)NCC2CCN(c3cnccn3)CC2)cc1OCCc1ccc(Cl)cc1Cl,5.0
COc1ccc(C(=O)NCC2CCN(c3cncnc3)CC2)cc1OCCc1ccc(Cl)cc1Cl,5.0
COc1ccc(C(=O)NCC2CCN(C3CCCCC3)CC2)cc1OCCc1ccc(Cl)cc1Cl,5.363813104801276
COc1ccc(C(=O)N2CCN(CC(=O)N(C)C)CC2)cc1OCCc1ccc(Cl)cc1Cl,5.850165303284215
COc1ccc(C(=O)NCC2CCN(c3ccccc3)CC2)cc1OCCc1ccc(Cl)cc1Cl,5.0
COc1ccc(C(=O)NCC2CCN(C3CCOCC3)CC2)cc1OCCc1ccc(Cl)cc1Cl,5.978397283971757
COc1ccc(C(=O)NC2CCN(C3CCCCC3)CC2)cc1OCCc1ccc(Cl)cc1Cl,5.394156460941911
COc1ccc(C(=O)NCC2CCN(C3CCNCC3)CC2)cc1OCCc1ccc(Cl)cc1Cl,5.239954672034189
CCOc1ccc(C(=O)N2CCN(Cc3ccncc3)CC2)cc1OCCc1ccc(Cl)cc1Cl,6.51427857351842
COc1ccc(C(=O)Nc2ccc(-c3ccccc3C#N)cc2)cc1OCCc1ccc(Cl)cc1Cl,5.0
COc1ccc(C(=O)N2CCN(c3ccncc3)CC2)cc1OCCc1ccc(Cl)cc1Cl,5.266802734893431
COc1ccc(C(=O)NCC2CCN(c3ccccn3)CC2)cc1OCCc1ccc(Cl)cc1Cl,5.517126416391246
COc1ccc(C(=O)N2CCN(CC(=O)N3CCCC3)CC2)cc1OCCc1ccc(Cl)cc1Cl,5.660747365967301
COc1ccc(C(=O)NCCN2CCCCC2)cc1OCCc1ccc(Cl)cc1Cl,5.374790474618119
COc1ccc(C(=O)NCC2CCN(C3CCCC3)CC2)cc1OCCc1ccc(Cl)cc1Cl,5.1860855799513965
O=C(c1cccc(OCCc2ccc(Cl)cc2Cl)c1)N1CCN(Cc2ccncc2)CC1,5.549750891680639
CC1CCCCN1CCCN(Cc1ccc2ccc(C(=N)N)cc2c1)C(=O)c1cccc2ccccc12,6.863279432843593
CC(C)CCN(Cc1ccc2ccc(C(=N)N)cc2c1)C(=O)c1ccc2ccccc2c1,6.29073003902417
COc1ccc(CCN(Cc2ccc3ccc(C(=N)N)cc3c2)C(=O)c2cccc3ccccc23)cc1OC,6.379863945026242
CN1CCCC1CCN(Cc1ccc2ccc(C(=N)N)cc2c1)C(=O)c1cccc2ccccc12,6.954677021213342
N=C(N)c1ccc2ccc(CN(CCc3ccc(F)cc3)C(=O)c3cccc4ccccc34)cc2c1,7.397940008672037
N=C(N)c1ccc2ccc(CN(CCc3ccccn3)C(=O)c3cccc4ccccc34)cc2c1,6.982966660701219
N=C(N)c1ccc2ccc(CN(CCCc3ccccc3)C(=O)c3cccc4ccccc34)cc2c1,6.199282921717615
N=C(N)c1ccc2ccc(CN(CCC[n+]3cc[nH]c3)C(=O)c3cccc4ccccc34)cc2c1,6.13608262304214
N=C(N)c1ccc2ccc(CN(CCc3c[nH]cn3)C(=O)c3cccc4ccccc34)cc2c1,6.578396073130169
FC(F)(CNc1nccc2oc(Cc3ccccc3-n3cncn3)nc12)C1CCCCN1,7.296708621881338
FC(F)(CNc1nccc2oc(Cc3cc(Cl)ccc3-n3cncn3)nc12)C1CCCCN1,8.920818753952375
Clc1ccc(-n2cncn2)c(Cc2nc3c(NCCC4CCCCN4)nccc3o2)c1,8.4089353929735
Clc1ccc(-n2cncn2)c(Cc2nc3c(NCCC4CCCCN4Cc4ccccc4)nccc3o2)c1,8.431798275933005
FC(F)(CNc1nccc2oc(Cc3cc(Cl)ccc3-n3cncn3)nc12)c1ccccn1,9.113509274827518
OCCN1CCCCC1CCNc1nccc2oc(Cc3cc(Cl)ccc3-n3cncn3)nc12,8.619788758288394
Cc1cc2oc(Cc3cccc(Cl)c3)nc2c(NCCC2CCCCN2)n1,6.3979400086720375
COc1cc(C(Nc2ccc(C(=N)N)cc2)C(=O)O)ccc1OCc1ccccc1,6.136677139879544
CCOc1cc(-c2cccnc2)cc(C(Nc2ccc(C(=N)N)cc2)C(=O)O)c1,5.657577319177793
CCOc1cc(-c2ccccc2)cc(C(Nc2ccc(C(=N)N)cc2)C(=O)O)c1,5.853871964321762
CCOc1cc(OC2CCN(C)CC2)cc(C(Nc2ccc(C(=N)N)cc2)C(=O)O)c1,5.795880017344075
CCOc1cc(OC2CCN(S(C)(=O)=O)CC2)cc(C(Nc2ccc(C(=N)N)cc2)C(=O)O)c1,5.356547323513812
CCOc1cc(OC2CCOCC2)cc(C(Nc2ccc(C(=N)N)cc2)C(=O)O)c1,5.537602002101044
CCOc1cc(C(Nc2ccc(C(=N)N)cc2)C(=O)O)ccc1OCc1ccccc1,6.102372908709558
Cc1cc2cc(NC(=N/[C@H]3CCCCN(CC(=O)N4CCCC4)C3=O)/C(C#N)=C(\O)OCCCCO)ccc2o1,7.920818753952375
N=C(N)c1ccc2[nH]c(Cc3nc4c(Cl)cc(Cl)cc4[nH]3)nc2c1,8.522878745280337
COc1cc2nc(Cc3nc4cc(C(=N)N)ccc4[nH]3)[nH]c2cc1OC,7.096910013008056
COc1ccc2[nH]c(Cc3nc4cc(C(=N)N)ccc4[nH]3)nc2c1,7.397940008672037
N=C(N)c1ccc2[nH]c(Cc3nc4cc(Cl)ccc4[nH]3)nc2c1,9.0
N=C(N)c1ccc2[nH]c(Cc3ccccn3)nc2c1,7.221848749616356
Nc1noc2ccc(-n3nc(C(F)(F)F)cc3C(=O)Nc3ccc(-c4ccccc4Cn4ccnc4)cc3F)cc12,9.18045606445813
Nc1noc2ccc(-n3nc(C(F)(F)F)cc3C(=O)Nc3ccc(-c4ccccc4CN4CCNCC4)cc3F)cc12,8.943095148663527
Nc1noc2ccc(-n3nc(C(F)(F)F)cc3C(=O)Nc3ccc(-c4ccccc4CN4CCCCC4)cc3F)cc12,9.82390874094432
Nc1noc2ccc(-n3nc(C(F)(F)F)cc3C(=O)Nc3ccc(-c4ccccc4CN4CCC[C@H]4CO)cc3F)cc12,9.69897000433602
Nc1noc2ccc(-n3nc(C(F)(F)F)cc3C(=O)Nc3ccc(-c4ccccc4CN4CCCC4)cc3F)cc12,10.0
Nc1noc2ccc(-n3nc(C(F)(F)F)cc3C(=O)Nc3ccc(-c4ccccc4CNC4CCCC4)cc3F)cc12,9.522878745280336
Nc1noc2ccc(-n3nc(C(F)(F)F)cc3C(=O)Nc3ccc(-c4ccccc4CNC4CCC4)cc3F)cc12,9.69897000433602
Nc1noc2ccc(-n3nc(C(F)(F)F)cc3C(=O)Nc3ccc(-c4ccccc4CNCC4CC4)cc3F)cc12,9.602059991327964
N=C(N)c1ccc2[nH]c(-c3cc(CC(=O)O)cc(-c4cccc([N+](=O)[O-])c4)c3O)nc2c1,6.494850021680094
N=C(N)c1ccc2[nH]c(-c3cc(CC(=O)O)cc(-c4cccc([N+](=O)[O-])c4)c3O)cc2c1,7.301029995663981
CSc1sc(C(=N)N)cc1S(=O)(=O)c1cc(Br)c2c(c1)ncn2Cc1cc(F)ccc1F,4.943095148663527
C[C@@H](C(=O)N1CCOCC1)N1CC[C@H](N(CC(N)=O)S(=O)(=O)c2ccc3cc(Cl)ccc3c2)C1=O,8.522878745280337
C[C@@H](C(=O)N1CCOCC1)N1CC[C@H](N(C)S(=O)(=O)c2ccc3cc(Cl)ccc3c2)C1=O,8.0
C[C@@H](C(=O)N1CC2CNCC(C2)C1)N1CC[C@H](NS(=O)(=O)c2ccc3cc(Cl)ccc3c2)C1=O,7.886056647693163
C[C@@H](C(=O)N1CC2CCC1CC2)N1CC[C@H](NS(=O)(=O)c2ccc3cc(Cl)ccc3c2)C1=O,8.522878745280337
C[C@@H](C(=O)N1CCCC1)N1CC[C@H](NS(=O)(=O)c2ccc3cc(Cl)ccc3c2)C1=O,7.301029995663981
CC(C)(C(=O)N1CCCCC1)N1CCC(NS(=O)(=O)c2ccc3cc(Cl)ccc3c2)C1=O,4.97469413473523
O=C(CN1CC[C@H](NS(=O)(=O)c2ccc3cc(Cl)ccc3c2)C1=O)N1CCCCC1,7.200659450546418
CN([C@H]1CCN(CC(=O)N2CCCCC2)C1=O)S(=O)(=O)c1ccc2cc(Cl)ccc2c1,7.142667503568732
CN([C@H]1CCN(CC(=O)N2CCCCCC2)C1=O)S(=O)(=O)c1ccc2cc(Cl)ccc2c1,7.221848749616356
COc1ccc(-n2nc(C(F)(F)F)c3c(C)nn(-c4ccc(-c5ccccc5CN5CCCC5)cc4)c(=O)c32)cc1,8.55284196865778
COc1ccc(-n2nc(Cn3ccnc3)c3nc(C)n(-c4ccc(-c5ccccc5CN5CCCC5)cc4)c(=O)c32)cc1,8.67778070526608
COc1ccc(-n2nc(C#N)c3nc(C)n(-c4ccc(-c5ccccc5CN(C)C)cc4)c(=O)c32)cc1,8.744727494896694
COc1ccc(-n2nc(C#N)c3ncn(-c4ccc(-c5ccccc5CN(C)C)cc4)c(=O)c32)cc1,8.67778070526608
COc1ccc(-n2nc(C#N)c3ncn(-c4ccc(-c5ccccc5CN5CCCC5)cc4)c(=O)c32)cc1,8.769551078621726
COc1ccc(-n2nc(C(N)=O)c3ncn(-c4ccc(-c5ccccc5CN5CCCC5)cc4F)c(=O)c32)cc1,9.130768280269024
COc1ccc(-n2nc(C(N)=O)c3ncn(-c4ccc(-c5ccccc5CN5CCCC5)cc4)c(=O)c32)cc1,8.958607314841775
CCOC(=O)c1nn(-c2ccc(OC)cc2)c2c(=O)n(-c3ccc(-c4ccccc4CO)cc3)cnc12,7.346787486224656
CCOC(=O)c1nn(-c2ccc(OC)cc2)c2c(=O)n(-c3ccc(-c4ccccc4CN4CCCC4)cc3F)cnc12,8.443697499232712
CCOC(=O)c1nn(-c2ccc(OC)cc2)c2c(=O)n(-c3ccc(-c4ccccc4CN4CCCC4)cc3)cnc12,8.42021640338319
COc1ccc(-n2nc(C(F)(F)F)c3c(C)nn(-c4ccc(-c5ccccc5S(N)(=O)=O)cc4)c(=O)c32)cc1,8.55284196865778
COc1ccc(-n2nc(CN)c3ncn(-c4ccc(-c5ccccc5S(N)(=O)=O)cc4)c(=O)c32)cc1,7.657577319177793
COc1ccc(-n2nc(C(=O)O)c3ncn(-c4ccc(-c5ccccc5S(N)(=O)=O)cc4)c(=O)c32)cc1,7.42021640338319
COc1ccc(-n2nc(C(N)=O)c3ncn(-c4ccc(-c5ccccc5S(N)(=O)=O)cc4F)c(=O)c32)cc1,8.920818753952375
COc1ccc(-n2nc(C(N)=O)c3ncn(-c4ccc(-c5ccccc5S(N)(=O)=O)cc4)c(=O)c32)cc1,8.769551078621726
COC(=O)c1nn(-c2ccc(OC)cc2)c2c(=O)n(-c3ccc(-c4ccccc4S(N)(=O)=O)cc3)cnc12,8.55284196865778
N=C(N)c1cccc(C[C@H](NS(=O)(=O)c2cccc(NC(=O)CCN)c2)C(=O)N2CCC(CCCN=C(N)N)CC2)c1,4.886056647693163
N=C(N)c1cccc(C[C@H](NS(=O)(=O)c2cccc(NC(=O)CCN)c2)C(=O)N2CCC(CCCN)CC2)c1,4.823908740944319
N=C(N)c1cccc(C[C@H](NS(=O)(=O)c2cccc(NC(=O)CN)c2)C(=O)N2CCC(CCN)CC2)c1,4.455931955649724
N=C(N)c1cccc(C[C@H](NS(=O)(=O)c2cccc(NC(=O)CCCN)c2)C(=O)N2CCC(CCN)CC2)c1,4.638272163982407
N=C(N)c1cccc(C[C@H](NS(=O)(=O)c2cccc(NC(=O)CCN)c2)C(=O)N2CCC(CCN)CC2)c1,4.6777807052660805
N=C(N)c1cccc(C[C@H](NS(=O)(=O)c2ccc(NC(=O)CCN)cc2)C(=O)N2CCC(CCN)CC2)c1,4.823908740944319
N=C(N)NCCC(=O)Nc1ccc(S(=O)(=O)N[C@@H](Cc2cccc(C(=N)N)c2)C(=O)N2CCC(CCNC(=N)N)CC2)cc1,5.0
N=C(N)NCCC1CCN(C(=O)[C@H](Cc2cccc(C(=N)N)c2)NS(=O)(=O)c2ccc(Cc3ccncc3)cc2)CC1,5.638272163982407
N=C(N)NCCC1CCN(C(=O)[C@H](Cc2cccc(C(=N)N)c2)NS(=O)(=O)c2ccc(Oc3ccccc3)nc2)CC1,5.657577319177793
N=C(N)NCCC1CCN(C(=O)[C@H](Cc2cccc(C(=N)N)c2)NS(=O)(=O)c2ccc(Oc3ccccc3)cc2)CC1,6.0
CC(C)c1cc(C(C)C)c(S(=O)(=O)N[C@@H](Cc2cccc(C(=N)N)c2)C(=O)N2CCC(CCN=C(N)N)CC2)c(C(C)C)c1,5.494850021680094
N=C(N)NCCC1CCN(C(=O)[C@H](Cc2cccc(C(=N)N)c2)NS(=O)(=O)c2cccc3ccccc23)CC1,4.886056647693163
N=C(N)NCCC1CCN(C(=O)[C@H](Cc2cccc(C(=N)N)c2)NS(=O)(=O)c2ccc3ccccc3c2)CC1,4.568636235841013
N=C(N)c1cccc(C[C@H](NS(=O)(=O)c2ccc(C3CCCCC3)cc2)C(=O)N2CCN(C(=N)N)CC2)c1,5.886056647693163
CC(C)c1cc(C(C)C)c(S(=O)(=O)N[C@@H](Cc2cccc(C(=N)N)c2)C(=O)N2CCN(C(=N)N)CC2)c(C(C)C)c1,5.431798275933005
N=C(N)NCCNC(=O)C1CCN(C(=O)[C@H](Cc2cccc(C(=N)N)c2)NS(=O)(=O)c2ccc3c(c2)C(=O)c2ccccc2C3=O)CC1,5.309803919971486
N=C(N)c1cccc(C[C@H](NS(=O)(=O)c2ccc3c(c2)C(=O)c2ccccc2C3=O)C(=O)N2CCC(C(=O)NCCN)CC2)c1,5.3979400086720375
CC(C)c1cc(C(C)C)c(S(=O)(=O)N[C@@H](Cc2cccc(C(=N)N)c2)C(=O)N2CCC(C(=O)NCCN)CC2)c(C(C)C)c1,5.200659450546418
CCOC(=O)N1CCN(C(=O)[C@H](Cc2cccc(C(=N)N)c2)NS(=O)(=O)c2c(C(C)C)cc(C(C)C)cc2C(C)C)CC1,5.769551078621726
CC(C)c1cc(C(C)C)c(S(=O)(=O)N[C@@H](Cc2cccc(C(=N)N)c2)C(=O)N2CCCN(C(=O)C3CCNCC3)CC2)c(C(C)C)c1,5.236572006437063
N=C(N)c1cccc(C[C@H](NS(=O)(=O)c2ccc(-c3ccccc3)cc2)C(=O)N2CCN(C(=O)C3CCN(C(=N)N)CC3)CC2)c1,5.552841968657781
N=C(N)NCCC(=O)N1CCN(C(=O)[C@H](Cc2cccc(C(=N)N)c2)NS(=O)(=O)CCc2cccc3ccccc23)CC1,4.096910013008056
N=C(N)NCCC(=O)N1CCN(C(=O)[C@H](Cc2cccc(C(=N)N)c2)NS(=O)(=O)c2ccc(-c3ccccc3)cc2)CC1,5.0
N=C(N)NCCC(=O)N1CCN(C(=O)[C@H](Cc2cccc(C(=N)N)c2)NS(=O)(=O)c2ccc3ccccc3c2)CC1,4.251811972993799
CCC(C)(C)c1ccc(S(=O)(=O)N[C@@H](Cc2cccc(C(=N)N)c2)C(=O)N2CCN(C(=O)CCN=C(N)N)CC2)cc1,5.080921907623926
N=C(N)NCCC(=O)N1CCN(C(=O)[C@H](Cc2cccc(C(=N)N)c2)NS(=O)(=O)c2ccc3cc4ccccc4cc3c2)CC1,5.337242168318426
CC(C)c1cc(C(C)C)c(S(=O)(=O)N[C@@H](Cc2cccc(C(=N)N)c2)C(=O)N2CCCN(C(=O)CCN)CC2)c(C(C)C)c1,5.275724130399211
CC(C)c1cc(C(C)C)c(S(=O)(=O)N[C@@H](Cc2cccc(C(=N)N)c2)C(=O)N2CCN(C(=O)CCCN=C(N)N)CC2)c(C(C)C)c1,5.552841968657781
CC(C)c1cc(C(C)C)c(S(=O)(=O)N[C@@H](Cc2cccc(C(=N)N)c2)C(=O)N2CCN(C(=O)CCN)CC2)c(C(C)C)c1,4.823908740944319
Nc1noc2ccc(-n3nc(C(F)(F)F)c4c3C(=O)N(c3ccc(-c5ccccc5CN5CCCC5)cc3)CC4)cc12,9.82390874094432
Nc1noc2ccc(-n3nc(C(F)(F)F)c4c3C(=O)N(c3ccc(-c5ccccc5CN5CCCC5)cc3F)CC4)cc12,9.619788758288394
Nc1noc2ccc(-n3nc(C(F)(F)F)c4c3C(=O)N(c3ccc(-c5ccccc5CN5CCC(O)CC5)cc3)CC4)cc12,9.657577319177792
Nc1noc2ccc(-n3nc(C(F)(F)F)c4c3C(=O)N(c3ccc(-c5ccccc5CN5CCOCC5)cc3)CC4)cc12,9.455931955649724
CN1CCN(Cc2ccccc2-c2ccc(N3CCc4c(C(F)(F)F)nn(-c5ccc6onc(N)c6c5)c4C3=O)cc2)CC1,9.148741651280924
Cc1nn(-c2ccc3onc(N)c3c2)c2c1CCN(c1ccc(-c3ccccc3CN3CC[C@@H](O)C3)cc1F)C2=O,9.468521082957745
CCN(CC)Cc1ccccc1-c1ccc(N2CCc3c(C(F)(F)F)nn(-c4ccc5onc(N)c5c4)c3C2=O)cc1,9.958607314841776
CN(C)Cc1ccccc1-c1ccc(N2CCCc3c(C(F)(F)F)nn(-c4ccc5onc(N)c5c4)c3C2=O)cc1,9.09151498112135
CN(C)Cc1ccccc1-c1ccc(N2CCCc3c(C(F)(F)F)nn(-c4ccc5onc(N)c5c4)c3C2=O)c(F)c1,9.070581074285707
CN(C)Cc1ccccc1-c1ccc(N2CC=Cc3c(C(F)(F)F)nn(-c4ccc5onc(N)c5c4)c3C2=O)cc1,9.221848749616356
CN(C)Cc1ccccc1-c1ccc(N2CC=Cc3c(C(F)(F)F)nn(-c4ccc5onc(N)c5c4)c3C2=O)c(F)c1,9.221848749616356
CN(C)Cc1ccccc1-c1ccc(N2CNc3c(C(F)(F)F)nn(-c4ccc5onc(N)c5c4)c3C2=O)cc1,9.602059991327964
CN(C)Cc1ccccc1-c1ccc(N2CCc3c(C(F)(F)F)nn(-c4ccc5onc(N)c5c4)c3C2=O)cc1,10.397940008672036
Nc1[nH]ccc2nc(-c3cccc(-c4cccc(CNC(=O)[C@@H](O)Cc5ccccc5)c4)c3O)cc1-2,4.267606240177032
Cc1nc2c(C(F)(F)F)nn(-c3ccc4onc(N)c4c3)c2c(=O)n1-c1ccc(-c2ccccc2CN2CC[C@@H](O)C2)cc1,9.744727494896694
Cc1nc2c(C(F)(F)F)nn(-c3ccc4onc(N)c4c3)c2c(=O)n1-c1ccc(-c2ccccc2CNCC2CC2)cc1,9.30102999566398
CN(C)Cc1ccccc1-c1ccc(-n2cnc3c(C(F)(F)F)nn(-c4ccc5onc(N)c5c4)c3c2=O)cc1,9.455931955649724
Cc1nn(-c2ccc3onc(N)c3c2)c2c(=O)n(-c3ccc(-c4ccccc4CN(C)C(C)C)cc3)c(C)nc12,9.455931955649724
Cc1nn(-c2ccc3onc(N)c3c2)c2c(=O)n(-c3ccc(-c4ccccc4CN4CC[C@@H](O)C4)cc3)c(C)nc12,9.431798275933003
Cc1nn(-c2ccc3onc(N)c3c2)c2c(=O)n(-c3ccc(-c4ccccc4CNC(C)C)cc3)cnc12,8.823908740944319
Cc1nn(-c2ccc3onc(N)c3c2)c2c(=O)n(-c3ccc(-c4ccccc4CN4CC[C@H](O)C4)cc3)cnc12,9.30102999566398
Cc1nn(-c2ccc3onc(N)c3c2)c2c(=O)n(-c3ccc(-c4ccccc4CN4CCCC4)cc3)cnc12,8.886056647693163
Nc1nc2c(C(F)(F)F)nn(-c3ccc4onc(N)c4c3)c2c(O)c1-c1ccc(-c2ccccc2CN2CCC(O)CC2)cc1,9.113509274827518
Nc1noc2ccc(-n3nc(C(F)(F)F)c4[nH]c(=O)n(-c5ccc(-c6ccccc6CN6CCC(O)CC6)cc5)c(=O)c43)cc12,9.657577319177792
Nc1noc2ccc(-n3nc(C(F)(F)F)c4[nH]c(=O)n(-c5ccc(-c6ccccc6CN6CC[C@@H](O)C6)cc5)c(=O)c43)cc12,9.958607314841776
CN(C)Cc1nccn1-c1ccc(-n2c(=O)[nH]c3c(C(F)(F)F)nn(-c4ccc5onc(N)c5c4)c3c2=O)c(F)c1,9.455931955649724
COc1ccc(-n2nc(C(F)(F)F)c3c2C(=O)N(c2ccc(-c4ccccc4S(C)(=O)=O)cc2)CC3)c(C(N)=O)c1,9.744727494896694
COc1ccc(-n2nc(C(F)(F)F)c3c2C(=O)N(c2ccc(-c4ccccc4S(C)(=O)=O)cc2)CC3)cc1,9.72181821543248
CS(=O)(=O)c1ccccc1-c1ccc(N2CCc3c(C(F)(F)F)nn(-c4ccccc4C(N)=O)c3C2=O)cc1,8.698970004336019
CS(=O)(=O)c1ccccc1-c1ccc(N2CCc3c(C(F)(F)F)nn(-c4ccccc4S(N)(=O)=O)c3C2=O)cc1,9.130768280269024
NC(=O)c1cccc(-n2nc(C(F)(F)F)c3c2C(=O)N(c2ccc(-c4ccccc4CN4CC[C@@H](O)C4)cc2)CC3)c1,9.142667503568733
CN(C)Cc1ccccc1-c1ccc(N2CCc3c(C(F)(F)F)nn(-c4cccc(NS(C)(=O)=O)c4)c3C2=O)cc1,7.327902142064283
CC(=O)Nc1cccc(-n2nc(C(F)(F)F)c3c2C(=O)N(c2ccc(-c4ccccc4CN(C)C)cc2)CC3)c1,7.055517327849832
CN(C)Cc1ccccc1-c1ccc(N2CCc3c(C(F)(F)F)nn(-c4cccc(N)c4)c3C2=O)cc1,8.698970004336019
CN(C)Cc1ccccc1-c1ccc(N2CCc3c(C(F)(F)F)nn(-c4cccc([N+](=O)[O-])c4)c3C2=O)cc1,7.698970004336019
CN(C)Cc1ccccc1-c1ccc(N2CCc3c(C(F)(F)F)nn(-c4cccc(C#N)c4)c3C2=O)cc1,7.920818753952375
CN(C)Cc1ccccc1-c1ccc(N2CCc3c(C(F)(F)F)nn(-c4ccccc4C(N)=O)c3C2=O)cc1,8.568636235841012
CC(C)N(CCN1CCOCC1)C(=O)[C@H](C)N1CC[C@H](NS(=O)(=O)c2ccc3cc(Cl)ccc3c2)C1=O,8.397940008672037
CC(C)N(CCCNC(N)=O)C(=O)[C@H](C)N1CC[C@H](NS(=O)(=O)c2ccc3cc(Cl)ccc3c2)C1=O,8.301029995663981
CC(C)N(CCCN)C(=O)[C@H](C)N1CC[C@H](NS(=O)(=O)c2ccc3cc(Cl)ccc3c2)C1=O,8.698970004336019
CC(C)N(CCN(C)C)C(=O)[C@H](C)N1CC[C@H](NS(=O)(=O)c2ccc3cc(Cl)ccc3c2)C1=O,8.698970004336019
C[C@@H](C(=O)N(CCNS(C)(=O)=O)CC1CC1)N1CC[C@H](NS(=O)(=O)c2ccc3cc(Cl)ccc3c2)C1=O,8.698970004336019
C[C@@H](C(=O)NCCNS(C)(=O)=O)N1CC[C@H](NS(=O)(=O)c2ccc3cc(Cl)ccc3c2)C1=O,4.4089353929735005
C[C@@H](C(=O)N(CCNC(N)=O)CC1CC1)N1CC[C@H](NS(=O)(=O)c2ccc3cc(Cl)ccc3c2)C1=O,8.154901959985743
CC(C)N(CCNC(N)=O)C(=O)[C@H](C)N1CC[C@H](NS(=O)(=O)c2ccc3cc(Cl)ccc3c2)C1=O,8.698970004336019
CC(C)N(CCC(N)=O)C(=O)[C@H](C)N1CC[C@H](NS(=O)(=O)c2ccc3cc(Cl)ccc3c2)C1=O,7.958607314841775
C[C@@H](C(=O)N(CCN)CC1CC1)N1CC[C@H](NS(=O)(=O)c2ccc3cc(Cl)ccc3c2)C1=O,7.823908740944319
C[C@@H](C(=O)NCCN)N1CC[C@H](NS(=O)(=O)c2ccc3cc(Cl)ccc3c2)C1=O,5.3872161432802645
CC(C)N(CCc1ccccn1)C(=O)[C@H](C)N1CC[C@H](NS(=O)(=O)c2ccc3cc(Cl)ccc3c2)C1=O,7.886056647693163
CC(C)N(Cc1ccncc1)C(=O)[C@H](C)N1CC[C@H](NS(=O)(=O)c2ccc3cc(Cl)ccc3c2)C1=O,8.221848749616356
CC(C)N(Cc1cccnc1)C(=O)[C@H](C)N1CC[C@H](NS(=O)(=O)c2ccc3cc(Cl)ccc3c2)C1=O,8.045757490560675
CCN(Cc1ccncc1)C(=O)[C@H](C)N1CC[C@H](NS(=O)(=O)c2ccc3cc(Cl)ccc3c2)C1=O,7.568636235841013
C[C@@H](C(=O)N(CCC#N)C1CCCC1)N1CC[C@H](NS(=O)(=O)c2ccc3cc(Cl)ccc3c2)C1=O,7.958607314841775
C[C@@H](C(=O)N(CCC#N)C1CCC1)N1CC[C@H](NS(=O)(=O)c2ccc3cc(Cl)ccc3c2)C1=O,7.823908740944319
C[C@@H](C(=O)N(CCC#N)CC1CC1)N1CC[C@H](NS(=O)(=O)c2ccc3cc(Cl)ccc3c2)C1=O,8.522878745280337
CC(C)N(C)C(=O)[C@H](C)N1CC[C@H](NS(=O)(=O)c2ccc3cc(Cl)ccc3c2)C1=O,7.657577319177793
CC(C)NC(=O)[C@H](C)N1CC[C@H](NS(=O)(=O)c2ccc3cc(Cl)ccc3c2)C1=O,5.565431095965801
CCN(CC)C(=O)[C@H](C)N1CC[C@H](NS(=O)(=O)c2ccc3cc(Cl)ccc3c2)C1=O,7.619788758288394
CCN(C)C(=O)[C@H](C)N1CC[C@H](NS(=O)(=O)c2ccc3cc(Cl)ccc3c2)C1=O,7.251811972993799
C[C@@H](C(=O)N1CCOCC1)N1CC[C@H](NS(=O)(=O)c2cc3ccc(Cl)cc3s2)C1=O,7.823908740944319
C[C@@H](C(=O)N1CCOCC1)N1CC[C@H](NS(=O)(=O)c2cc3cc(Cl)ccc3o2)C1=O,6.106793246940152
C[C@@H](C(=O)N1CCOCC1)N1CC[C@H](NS(=O)(=O)c2nc3ccc(Cl)cc3s2)C1=O,5.380854473653958
C[C@@H](C(=O)N1CCOCC1)N1CC[C@H](NS(=O)(=O)c2cc3cc(Cl)ccc3s2)C1=O,7.327902142064283
C[C@@H](C(=O)N1CCOCC1)N1CC[C@H](NS(=O)(=O)c2ccc(-c3ccc(Cl)s3)nc2)C1=O,7.619788758288394
C[C@@H](C(=O)N1CCOCC1)N1CC[C@H](NS(=O)(=O)c2ncc(-c3ccc(Cl)s3)s2)C1=O,8.698970004336019
C[C@@H](C(=O)N1CCOCC1)N1CC[C@H](NS(=O)(=O)c2ccc(-c3ccc(Cl)s3)o2)C1=O,5.920818753952375
C[C@@H](C(=O)N1CCOCC1)N1CC[C@H](NS(=O)(=O)c2ccc(-c3ncc(Cl)s3)s2)C1=O,5.491470281028714
C[C@@H](C(=O)N1CCOCC1)N1CC[C@H](NS(=O)(=O)c2cc3ncc(Cl)cc3s2)C1=O,5.43533393574791
C[C@@H](C(=O)N1CCOCC1)N1CC[C@H](NS(=O)(=O)c2cc3cc(Cl)cnc3s2)C1=O,5.5379016188648444
C[C@@H](C(=O)N1CCOCC1)N1CC[C@H](NS(=O)(=O)c2cc3nc(Cl)ccc3s2)C1=O,6.787812395596042
C[C@@H](C(=O)N1CCOCC1)N1CC[C@H](NS(=O)(=O)c2ccc(/C=C/Cl)cc2)C1=O,6.503070351926785
C[C@@H](C(=O)N1CCOCC1)N1CC[C@H](NS(=O)(=O)c2cc3sc(Cl)cc3s2)C1=O,6.782516055786093
C[C@@H](C(=O)N1CCOCC1)N1CC[C@H](NS(=O)(=O)/C=C/c2ccc(Cl)s2)C1=O,8.397940008672037
C[C@@H](C(=O)N1CCOCC1)N1CC[C@H](NS(=O)(=O)/C=C/c2ccc(Cl)cc2)C1=O,7.958607314841775
C[C@@H](C(=O)N1CCOCC1)N1CC[C@H](NS(=O)(=O)c2ccc(-c3ccc(Cl)s3)s2)C1=O,8.397940008672037
N=C(N)c1ccc(CNC(=O)CNC(=O)[C@@H](CCc2cccc[n+]2[O-])NS(=O)(=O)Cc2ccccc2)cc1,9.494850021680094
NCc1ccc(Cl)cc1CNC(=O)[C@@H]1CCCN1C(=O)[C@@H](CCc1ccc(O)cc1)NCC(=O)O,8.080921907623926
CCOC(=O)CN[C@H](CCc1ccc(O)cc1)C(=O)N1CCC[C@H]1C(=O)NCc1cc(Cl)ccc1CN,7.769551078621726
NCc1ccc(Cl)cc1CNC(=O)[C@@H]1CCCN1C(=O)[C@@H](CCc1ccccn1)NCC(=O)O,8.823908740944319
CCOC(=O)CN[C@H](CCc1ccccn1)C(=O)N1CCC[C@H]1C(=O)NCc1cc(Cl)ccc1CN,8.537602002101044
NCc1ccc(Cl)cc1CNC(=O)[C@@H]1CCCN1C(=O)[C@@H](CCc1cccc[n+]1[O-])NCC(=O)OC1CCCCC1,9.0
CCCCCCOC(=O)CN[C@H](CCc1cccc[n+]1[O-])C(=O)N1CCC[C@H]1C(=O)NCc1cc(Cl)ccc1CN,9.036212172654444
CCOC(=O)CN[C@H](CCc1cccc[n+]1[O-])C(=O)N1CCC[C@H]1C(=O)NCc1cc(Cl)ccc1CN,8.769551078621726
NCc1ccc(Cl)cc1CNC(=O)[C@@H]1CCCN1C(=O)[C@@H](CCc1cccc[n+]1[O-])NS(=O)(=O)Cc1ccccc1,10.309803919971486
CON(C(=O)[C@@H](CCc1cccc[n+]1[O-])NS(=O)(=O)Cc1ccccc1)[C@@H](CCC(=O)O)C(=O)NCc1cc(Cl)ccc1CN,9.619788758288394
NCc1ccc(Cl)cc1CNC(=O)[C@H](CO)NC(=O)C(CCc1ccccn1)NS(=O)(=O)Cc1ccccc1,9.602059991327964
NCc1ccc(Cl)cc1CNC(=O)CNC(=O)C(CCc1cccc[n+]1[O-])NCC(=O)O,7.795880017344075
CCOC(=O)CC(=O)NC(CCc1cccc[n+]1[O-])C(=O)NCC(=O)NCc1cc(Cl)ccc1CN,6.698970004336019
NCc1ccc(Cl)cc1CNC(=O)CNC(=O)C(CCc1cccc[n+]1[O-])NC(=O)C(=O)O,8.309803919971486
COC(=O)C(=O)NC(CCc1cccc[n+]1[O-])C(=O)NCC(=O)NCc1cc(Cl)ccc1CN,8.309803919971486
NCc1ccc(Cl)cc1CNC(=O)CNC(=O)C(CCc1cccc[n+]1[O-])NS(=O)(=O)CC(=O)O,8.795880017344075
NCc1ccc(Cl)cc1CNC(=O)CNC(=O)C(CCc1cccc[n+]1[O-])NS(=O)(=O)Cc1ccc(CC(=O)O)cc1,9.443697499232712
COC(=O)Cc1ccc(CS(=O)(=O)NC(CCc2cccc[n+]2[O-])C(=O)NCC(=O)NCc2cc(Cl)ccc2CN)cc1,9.455931955649724
O=C(CNC(=O)C(CCc1cccc[n+]1[O-])NS(=O)(=O)Cc1ccccc1)NCc1cccs1,7.2839966563652
O=C(CNC(=O)C(CCc1cccc[n+]1[O-])NS(=O)(=O)Cc1ccccc1)NCc1ccc(Cl)s1,7.275724130399211
NCc1ccc(Cl)cc1CNC(=O)CNC(=O)[C@@H](CCc1cccc[n+]1[O-])NS(=O)(=O)Cc1ccccc1,10.022276394711152
O=C(CNC(=O)C(CCc1cccc[n+]1[O-])NS(=O)(=O)Cc1ccccc1)NCc1cc(Cl)ccc1Cl,8.593459819566045
O=C(CNC(=O)[C@@H](CCc1cccc[n+]1[O-])NS(=O)(=O)Cc1ccccc1)NCc1cccc(Cl)c1,8.481486060122112
CN1CCN(Cc2csc(C(=O)Nc3ccc(Cl)cc3C(=O)Nc3ccc(Cl)cc3)c2Cl)CC1,9.05551732784983
COc1cc(Cl)cc(C(=O)Nc2ccc(Cl)cn2)c1NC(=O)c1scc(Cn2ccnc2)c1Cl,10.657577319177792
COc1cc(Cl)cc(C(=O)Nc2ccc(Cl)cn2)c1NC(=O)c1scc(CN2CC(=O)NC2=N)c1Cl,10.468521082957745
COc1cc(Cl)cc(C(=O)Nc2ccc(Cl)cn2)c1NC(=O)c1scc(CN(C)c2ncco2)c1Cl,10.229147988357855
COc1cc(Cl)cc(C(=O)Nc2ccc(Cl)cn2)c1NC(=O)c1scc(CN(C)C2=NC(=O)CO2)c1Cl,10.585026652029182
COc1cc(Cl)cc(C(=O)Nc2ccc(Cl)cn2)c1NC(=O)c1scc(CN(C)C2=NCCCO2)c1Cl,10.920818753952377
CCN(Cc1csc(C(=O)Nc2c(OC)cc(Cl)cc2C(=O)Nc2ccc(Cl)cn2)c1Cl)C1=NC(C)CO1,10.508638306165729
COc1cc(Cl)cc(C(=O)Nc2ccc(Cl)cn2)c1NC(=O)c1scc(CN(C)C2=NCC(C)O2)c1Cl,9.920818753952377
COCCN(Cc1csc(C(=O)Nc2c(OC)cc(Cl)cc2C(=O)Nc2ccc(Cl)cn2)c1Cl)C1=NCCO1,9.585026652029182
COc1cc(Cl)cc(C(=O)Nc2ccc(Cl)cn2)c1NC(=O)c1scc(CN(C2=NCCO2)C(C)(C)C)c1Cl,9.920818753952377
COc1cc(Cl)cc(C(=O)Nc2ccc(Cl)cn2)c1NC(=O)c1scc(CN(CC(F)(F)F)C2=NCCO2)c1Cl,8.657577319177793
CCN(Cc1csc(C(=O)Nc2c(OC)cc(Cl)cc2C(=O)Nc2ccc(Cl)cn2)c1Cl)C1=NCCO1,10.920818753952377
COc1cc(Cl)cc(C(=O)Nc2ccc(Cl)cn2)c1NC(=O)c1scc(CN(C)C(=O)NCCC(=O)O)c1Cl,10.657577319177792
COc1cc(Cl)cc(C(=O)Nc2ccc(Cl)cn2)c1NC(=O)c1scc(CN(C)C(=O)NCCN2CCCC2)c1Cl,10.443697499232712
COc1cc(Cl)cc(C(=O)Nc2ccc(Cl)cn2)c1NC(=O)c1scc(CN(C)C(N)=O)c1Cl,10.585026652029182
COc1cc(Cl)cc(C(=O)Nc2ccc(Cl)cn2)c1NC(=O)c1scc(CN(C)S(C)(=O)=O)c1Cl,10.346787486224656
COc1cc(Cl)cc(C(=O)Nc2ccc(Cl)cn2)c1NC(=O)c1scc(CN(C)CCCN(C)C)c1Cl,10.619788758288394
COc1cc(Cl)cc(C(=O)Nc2ccc(Cl)cn2)c1NC(=O)c1scc(CN(C)CC(O)CO)c1Cl,9.585026652029182
COc1cc(Cl)cc(C(=O)Nc2ccc(Cl)cn2)c1NC(=O)c1scc(CN(C)CC(C)(C)O)c1Cl,9.148741651280924
COc1cc(Cl)cc(C(=O)Nc2ccc(Cl)cn2)c1NC(=O)c1scc(CN(C)CC(C)O)c1Cl,9.397940008672036
COc1cc(Cl)cc(C(=O)Nc2ccc(Cl)cn2)c1NC(=O)c1scc(CN(C)CCO)c1Cl,9.619788758288394
COc1cc(Cl)cc(C(=O)Nc2ccc(Cl)cn2)c1NC(=O)c1scc(CN2CCCC2)c1Cl,9.2839966563652
COc1cc(Cl)cc(C(=O)Nc2ccc(Cl)cn2)c1NC(=O)c1scc(CN2CCOCC2)c1Cl,8.853871964321762
CCN(CC)Cc1csc(C(=O)Nc2c(OC)cc(Cl)cc2C(=O)Nc2ccc(Cl)cn2)c1Cl,9.494850021680094
COc1cc(Cl)cc(C(=O)Nc2ccc(Cl)cn2)c1NC(=O)c1scc(CNC(C)C)c1Cl,8.853871964321762
CNCc1csc(C(=O)Nc2c(OC)cc(Cl)cc2C(=O)Nc2ccc(Cl)cn2)c1Cl,9.67778070526608
COc1cc(Cl)cc(C(=O)Nc2ccc(Cl)cn2)c1NC(=O)c1scc(CN)c1Cl,9.0
COc1cc(Cl)cc(C(=O)Nc2ccc(Cl)cn2)c1NC(=O)c1scc(CN2CCN(C)CC2)c1Cl,9.795880017344077
COc1cc(Cl)cc(C(=O)Nc2ccc(Cl)cc2)c1NC(=O)c1scc(CN2CCN(C)CC2)c1Cl,9.366531544420411
CN1CCN(Cc2csc(C(=O)Nc3ccc(Cl)cc3C(=O)Nc3ccc(Cl)cn3)c2Cl)CC1,9.443697499232712
O=C(Nc1ccc(Cl)cc1)c1cc(Cl)ccc1NC(=O)c1scc(COCC(O)CO)c1Cl,8.244125144327509
COCCOCCOCc1csc(C(=O)Nc2ccc(Cl)cc2C(=O)Nc2ccc(Cl)cc2)c1Cl,8.0
COCCOCc1csc(C(=O)Nc2ccc(Cl)cc2C(=O)Nc2ccc(Cl)cc2)c1Cl,7.920818753952375
C[S+](O)Cc1csc(C(=O)Nc2ccc(Cl)cc2C(=O)Nc2ccc(Cl)cc2)c1Cl,9.397940008672036
O=C(Nc1ccc(Cl)cc1)c1cc(Cl)ccc1NC(=O)c1scc(Cn2ncnn2)c1Cl,8.698970004336019
O=C(Nc1ccc(Cl)cc1)c1cc(Cl)ccc1NC(=O)c1scc(Cn2cnnn2)c1Cl,8.769551078621726
O=C(Nc1ccc(Cl)cc1)c1cc(Cl)ccc1NC(=O)c1scc(Cn2nccn2)c1Cl,8.455931955649724
O=C(Nc1ccc(Cl)cc1)c1cc(Cl)ccc1NC(=O)c1scc(Cn2ccnn2)c1Cl,8.853871964321762
O=C(Nc1ccc(Cl)cc1)c1cc(Cl)ccc1NC(=O)c1scc(Cn2cncn2)c1Cl,8.795880017344075
O=C(Nc1ccc(Cl)cc1)c1cc(Cl)ccc1NC(=O)c1scc(Cn2cccn2)c1Cl,8.67778070526608
CN1CCC(N(C)Cc2csc(C(=O)Nc3ccc(Cl)cc3C(=O)Nc3ccc(Cl)cc3)c2Cl)CC1,9.42021640338319
O=C(Nc1ccc(Cl)cc1)c1cc(Cl)ccc1NC(=O)c1scc(CNCCCn2ccnc2)c1Cl,8.337242168318426
CN(CCN1CCCC1)Cc1csc(C(=O)Nc2ccc(Cl)cc2C(=O)Nc2ccc(Cl)cc2)c1Cl,9.522878745280336
CN(C)CCCN(C)Cc1csc(C(=O)Nc2ccc(Cl)cc2C(=O)Nc2ccc(Cl)cc2)c1Cl,9.221848749616356
CCN(CC)CCN(C)Cc1csc(C(=O)Nc2ccc(Cl)cc2C(=O)Nc2ccc(Cl)cc2)c1Cl,9.2839966563652
O=C(Nc1ccc(Cl)cc1)c1cc(Cl)ccc1NC(=O)c1scc(CNCCOCCO)c1Cl,8.468521082957745
CCOC(=O)CN(C)Cc1csc(C(=O)Nc2ccc(Cl)cc2C(=O)Nc2ccc(Cl)cc2)c1Cl,8.2839966563652
O=C(Nc1ccc(Cl)cc1)c1cc(Cl)ccc1NC(=O)c1scc(CN2CCSCC2)c1Cl,8.318758762624412
CCN1CCN(Cc2csc(C(=O)Nc3ccc(Cl)cc3C(=O)Nc3ccc(Cl)cc3)c2Cl)CC1,8.795880017344075
CCCNCc1sc(C(=O)Nc2ccc(Cl)cc2C(=O)Nc2ccc(Cl)cc2)c(Cl)c1CNCCC,8.1249387366083
Cc1c(CN2CCN(C)CC2)sc(C(=O)Nc2ccc(Cl)cc2C(=O)Nc2ccc(Cl)cc2)c1Cl,8.0
Cc1sc(C(=O)Nc2ccc(Cl)cc2C(=O)Nc2ccc(Cl)cc2)c(Cl)c1CN1CCN(C)CC1,7.920818753952375
O=C(Nc1ccc(Cl)cc1)c1cc(Cl)ccc1NC(=O)c1sc(Cn2ccnc2)cc1Cl,8.142667503568731
O=C(Nc1ccc(Cl)cc1)c1cc(Cl)ccc1NC(=O)c1scc(Cn2ccnc2)c1Cl,8.721246399047171
CN1CCN(Cc2cc(Cl)c(C(=O)Nc3ccc(Cl)cc3C(=O)Nc3ccc(Cl)cc3)s2)CC1,8.2518119729938
Cc1cc(Cl)c(C(=O)Nc2ccc(Cl)cc2C(=O)Nc2ccc(Cl)cc2)s1,7.619788758288394
CN(C)Cc1c(C(=O)Nc2ccc(Cl)cc2C(=O)Nc2ccc(Cl)cc2)sc2ccccc12,8.045757490560675
Cc1ccc2c(Cl)c(C(=O)Nc3ccc(Cl)cc3C(=O)Nc3ccc(Cl)cc3)sc2c1,9.022276394711152
Cc1c(C(=O)Nc2ccc(Cl)cc2C(=O)Nc2ccc(Cl)cc2)sc2ccccc12,9.086186147616283
O=C(NCCNC(=O)c1ccc(Cl)s1)c1ccc(-n2ccccc2=O)cc1,8.823908740944319
CC(C)(CNC(=O)c1ccc(-n2ccccc2=O)cc1)NC(=O)c1ccc2c(Cl)c[nH]c2c1,8.886056647693163
CC(CNC(=O)c1ccc(-n2ccccc2=O)cc1)NC(=O)c1ccc2c(Cl)c[nH]c2c1,8.0
O=C(NCCNC(=O)c1ccc2c(Cl)c[nH]c2c1)c1ccc(-n2ccccc2=O)cc1,7.886056647693163
CC(C)(CNC(=O)c1ccc(Cl)s1)NC(=O)c1ccc(-n2ccccc2=O)cc1,8.602059991327963
CC(C)(CNC(=O)c1ccc(-n2ccccc2=O)cc1)NC(=O)c1ccc(Cl)s1,8.494850021680094
CC(CNC(=O)c1ccc(-n2ccccc2=O)cc1)NC(=O)c1ccc(Cl)s1,8.769551078621726
O=C(N[C@H]1CCC[C@H]1NC(=O)c1ccc2c(c1)N=CC2Cl)c1ccc(-n2ccccc2=O)cc1,9.0
CS(=O)(=O)c1cc(Cl)ccc1C(=O)N[C@@H]1CCC[C@@H]1NC(=O)c1ccc(-n2ccccc2=O)cc1,5.067526235322847
Cc1cc(Cl)ccc1C(=O)N[C@@H]1CCC[C@@H]1NC(=O)c1ccc(-n2ccccc2=O)cc1,6.219682687859849
O=C(N[C@H]1CCC[C@H]1NC(=O)c1ccc(Cl)cc1Cl)c1ccc(-n2ccccc2=O)cc1,6.443697499232712
O=C(N[C@H]1CCC[C@H]1NC(=O)c1ccc(Cl)cc1F)c1ccc(-n2ccccc2=O)cc1,6.889410289700751
O=C(N[C@H]1CCC[C@H]1NC(=O)c1ccc(Cl)c(Cl)c1)c1ccc(-n2ccccc2=O)cc1,6.363512103646634
O=C(N[C@H]1CCC[C@H]1NC(=O)c1ccc(Cl)c(F)c1)c1ccc(-n2ccccc2=O)cc1,6.645891560852599
COc1cc(C(=O)N[C@@H]2CCC[C@@H]2NC(=O)c2ccc(-n3ccccc3=O)cc2)ccc1Cl,6.049635145623877
O=C(N[C@H]1CCC[C@H]1NC(=O)c1ccccc1Cl)c1ccc(-n2ccccc2=O)cc1,5.583359492661719
Cc1ccc(C(=O)N[C@@H]2CCC[C@@H]2NC(=O)c2ccc(-n3ccccc3=O)cc2)s1,8.101274818410506
O=C(N[C@H]1CCC[C@H]1NC(=O)c1cnc(Cl)s1)c1ccc(-n2ccccc2=O)cc1,5.913640169325252
O=C(N[C@H]1CCC[C@H]1NC(=O)c1cc2cc(Cl)ccc2s1)c1ccc(-n2ccccc2=O)cc1,6.540607512240769
O=C(N[C@H]1CCC[C@H]1NC(=O)c1cc2ccc(Cl)cc2s1)c1ccc(-n2ccccc2=O)cc1,7.468521082957745
O=C(N[C@H]1CCC[C@H]1NC(=O)c1cc2cc(Cl)ccc2[nH]1)c1ccc(-n2ccccc2=O)cc1,7.130768280269024
O=C(N[C@H]1CCCC[C@H]1NC(=O)c1ccc2cc(Cl)ccc2c1)c1ccc(-n2ccccc2=O)cc1,7.698970004336019
O=C(N[C@H]1CCCC[C@H]1NC(=O)c1ccc2c(Cl)c[nH]c2c1)c1ccc(N2CCCS2(=O)=O)cc1,6.97061622231479
O=C(N[C@H]1CCCC[C@H]1NC(=O)c1ccc2c(Cl)c[nH]c2c1)c1ccc(N2CCCCCC2=O)cc1,7.769551078621726
O=C(N[C@H]1CCCC[C@H]1NC(=O)c1ccc2c(Cl)c[nH]c2c1)c1ccc(N2CCCNC2=O)cc1,8.397940008672037
O=C(N[C@H]1CCCC[C@H]1NC(=O)c1ccc2c(Cl)c[nH]c2c1)c1ccc(N2CCCOC2=O)cc1,8.301029995663981
O=C(N[C@H]1CCCC[C@H]1NC(=O)c1ccc2c(Cl)c[nH]c2c1)c1ccc(N2CCCCC2=O)cc1,8.585026652029182
O=C(N[C@H]1CCC[C@H]1NC(=O)c1ccc2c(Cl)c[nH]c2c1)c1ccc(N2CCCCC2=O)cc1,8.585026652029182
CN(C)Cc1nccn1-c1ccc(C(=O)N[C@H]2CCC[C@H]2NC(=O)c2ccc3c(Cl)c[nH]c3c2)cc1,8.148741651280925
O=C(N[C@@H]1CCC[C@@H]1NC(=O)c1ccc(-n2ccccc2=O)cc1F)c1ccc(Cl)s1,8.327902142064282
O=C(N[C@@H]1CCC[C@@H]1NCc1ccc(-n2ccccc2=O)cc1)c1ccc(Cl)s1,8.3767507096021
O=C(N[C@H]1CCC[C@H]1NCc1ccc(Cl)s1)c1ccc(-n2ccccc2=O)cc1,7.086186147616283
COc1ccc(-n2nc(C(N)=O)c3c2C(=O)N(c2ccc(N4CCCCC4=O)cc2)CC3)cc1,10.096910013008056
O=C(N[C@H]1CCC[C@H]1NC(=O)c1ccc(Cl)s1)c1ccc(C2(CN3CCCC3)CC2)cc1,9.292429823902063
O=C(N[C@H]1CCC[C@H]1NC(=O)c1ccc2c(Cl)c[nH]c2c1)c1ccc(C2(CN3CCCC3)CC2)cc1,8.619788758288394
O=C(N[C@@H]1CCCC[C@@H]1NS(=O)(=O)c1ccc(-n2ccccc2=O)cc1)c1ccc2c(Cl)c[nH]c2c1,6.031984286006359
O=C(N[C@@H]1CCCC[C@@H]1NC(=O)c1ccc(-n2ccccc2=O)cc1F)c1ccc2c(Cl)c[nH]c2c1,9.148741651280924
O=C(N[C@@H]1CCCC[C@@H]1CS(=O)(=O)c1ccc(-n2ccccc2=O)cc1)c1ccc2c(Cl)c[nH]c2c1,7.886056647693163
O=C(N[C@H]1C[C@H](C(=O)N2CCOCC2)C[C@H]1NC(=O)c1ccc(Cl)s1)c1ccc(-n2ccccc2=O)cc1,8.795880017344075
O=C(N[C@H]1C[C@H](C(=O)NC2CC2)C[C@H]1NC(=O)c1ccc(Cl)s1)c1ccc(-n2ccccc2=O)cc1,8.795880017344075
CN(C)C(=O)[C@H]1C[C@H](NC(=O)c2ccc(-n3ccccc3=O)cc2)[C@H](NC(=O)c2ccc(Cl)s2)C1,8.67778070526608
O=C(N[C@H]1C[C@H](C(=O)O)C[C@H]1NC(=O)c1ccc(Cl)s1)c1ccc(-n2ccccc2=O)cc1,8.721246399047171
O=C(N[C@H]1C[C@H](CO)C[C@H]1NC(=O)c1ccc(Cl)s1)c1ccc(-n2ccccc2=O)cc1,9.2518119729938
CN(C)C(=O)N1C[C@H](NC(=O)c2ccc(-n3ccccc3=O)cc2)[C@H](NC(=O)c2ccc(Cl)s2)C1,9.2518119729938
CNC(=O)N1C[C@H](NC(=O)c2ccc(-n3ccccc3=O)cc2)[C@H](NC(=O)c2ccc(Cl)s2)C1,8.958607314841775
O=C(N[C@H]1CN(C(=O)N2CCCC2)C[C@H]1NC(=O)c1ccc(Cl)s1)c1ccc(-n2ccccc2=O)cc1,8.769551078621726
CC(C)S(=O)(=O)N1C[C@H](NC(=O)c2ccc(-n3ccccc3=O)cc2)[C@H](NC(=O)c2ccc(Cl)s2)C1,8.769551078621726
COCCOC(=O)N1C[C@H](NC(=O)c2ccc(-n3ccccc3=O)cc2)[C@H](NC(=O)c2ccc(Cl)s2)C1,9.031517051446064
COC(=O)N1C[C@H](NC(=O)c2ccc(-n3ccccc3=O)cc2)[C@H](NC(=O)c2ccc(Cl)s2)C1,9.130768280269024
CC(C)(C)C(=O)N1C[C@H](NC(=O)c2ccc(-n3ccccc3=O)cc2)[C@H](NC(=O)c2ccc(Cl)s2)C1,8.769551078621726
CC(C)C(=O)N1C[C@H](NC(=O)c2ccc(-n3ccccc3=O)cc2)[C@H](NC(=O)c2ccc(Cl)s2)C1,8.886056647693163
CCC(=O)N1C[C@H](NC(=O)c2ccc(-n3ccccc3=O)cc2)[C@H](NC(=O)c2ccc(Cl)s2)C1,8.698970004336019
CC(=O)N1C[C@H](NC(=O)c2ccc(-n3ccccc3=O)cc2)[C@H](NC(=O)c2ccc3c(Cl)c[nH]c3c2)C1,8.4089353929735
O=C(N[C@H]1CN(C(=O)OCC2c3ccccc3-c3ccccc32)C[C@H]1NC(=O)c1ccc2c(Cl)c[nH]c2c1)c1ccc(-n2ccccc2=O)cc1,6.787812395596042
O=C(N[C@H]1CN(C(=O)OCC2c3ccccc3-c3ccccc32)C[C@H]1NC(=O)c1ccc(Cl)s1)c1ccc(-n2ccccc2=O)cc1,8.346787486224656
O=C(N[C@H]1CNC[C@H]1NC(=O)c1ccc(Cl)s1)c1ccc(-n2ccccc2=O)cc1,8.022276394711152
COc1ccc(-n2nc(Cn3ncnn3)c3c2C(=O)N(c2ccc(-c4ccccc4CN4CC[C@@H](O)C4)cc2)CC3)cc1,8.958607314841775
COc1ccc(-n2nc(Cn3cncn3)c3c2C(=O)N(c2ccc(-c4ccccc4CN4CC[C@@H](O)C4)cc2)CC3)cc1,9.602059991327964
COc1ccc(-n2nc(Cn3cnnn3)c3c2C(=O)N(c2ccc(-c4ccccc4CN4CC[C@@H](O)C4)cc2)CC3)cc1,9.070581074285707
CCOC(=O)c1nn(-c2ccc(OC)cc2)c2c1CCN(c1ccc(-c3ccccc3CN3CC[C@@H](O)C3)cc1)C2=O,8.4089353929735
COc1ccc(-n2nc(S(C)(=O)=O)c3c2C(=O)N(c2ccc(-c4ccccc4CN4CC[C@@H](O)C4)cc2)CC3)cc1,9.602059991327964
COc1ccc(-n2nc(NC(=O)OC(C)(C)C)c3c2C(=O)N(c2ccc(-c4ccccc4CN4CC[C@@H](O)C4)cc2)CC3)cc1,8.017728766960431
COc1ccc(-n2nc(C(=O)N(C)C)c3c2C(=O)N(c2ccc(-c4ccccc4CN4CC[C@@H](O)C4)cc2)CC3)cc1,8.769551078621726
CNC(=O)c1nn(-c2ccc(OC)cc2)c2c1CCN(c1ccc(-c3ccccc3CN3CC[C@@H](O)C3)cc1)C2=O,8.318758762624412
COc1ccc(-n2nc(N(C)C(=O)OC(C)(C)C)c3c2C(=O)N(c2ccc(-c4ccccc4CN4CC[C@@H](O)C4)cc2)CC3)cc1,8.698970004336019
COc1ccc(-n2nc(Cn3nccn3)c3c2C(=O)N(c2ccc(-c4ccccc4CN4CC[C@@H](O)C4)cc2)CC3)cc1,9.318758762624412
COc1ccc(-n2nc(-c3nnn[nH]3)c3c2C(=O)N(c2ccc(-c4ccccc4CN4CC[C@@H](O)C4)cc2)CC3)cc1,9.200659450546418
COc1ccc(-n2nc(C(N)=O)c3c2C(=O)N(c2ccc(-c4ccccc4CN4CCC(O)CC4)cc2)CC3)cc1,9.537602002101044
COc1ccc(-n2nc(C(N)=O)c3c2C(=O)N(c2ccc(-c4ccccc4CN4CCCC4)cc2)CC3)cc1,9.522878745280336
COc1ccc(-n2nc(C(N)=O)c3c2C(=O)N(c2ccc(-c4ccccc4CN(C)C)cc2)CC3)cc1,9.619788758288394
CNCc1ccccc1-c1ccc(N2CCc3c(C(N)=O)nn(-c4ccc(OC)cc4)c3C2=O)cc1,9.838631997765026
COc1ccc(-n2nc(C(N)=O)c3c2C(=O)N(c2ccc(-c4ccccc4CN)cc2)CC3)cc1,9.013228265733757
COc1ccc(-n2nc(C(F)(F)F)c3c2C(=O)N(c2ccc(N4CCCCCC4=O)cc2)CC3)cc1,9.327902142064282
COc1ccc(-n2nc(C(F)(F)F)c3c2C(=O)N(c2ccc(N4CCCCC4=O)cc2)CC3)cc1,9.638272163982409
COc1ccc(-n2nc(C(F)(F)F)c3c2C(=O)N(c2ccc(N4CCCCC4)cc2)CC3)cc1,8.67778070526608
COc1ccc(-n2nc(C(F)(F)F)c3c2C(=O)N(c2ccc(N(C)C)cc2)CC3)cc1,8.210771942732665
COc1ccc(-n2nc(C(F)(F)F)c3c2C(=O)N(c2ccc(N(C)C(C)=O)cc2)CC3)cc1,9.30102999566398
COc1ccc(-n2nc(C(F)(F)F)c3c2C(=O)N(c2ccc(NC(C)=O)cc2)CC3)cc1,6.721783885209793
COc1ccc(-n2nc(C(F)(F)F)c3c2C(=O)N(c2ccc(N)cc2)CC3)cc1,5.797935558433109
COc1ccc(-n2nc(C(N)=O)c3c2C(=O)N(c2ccc(N(C)C(C)=O)cc2)CC3)cc1,9.267606240177033
CNCc1ccccc1N1CCC(NC(=O)c2cc(C(F)(F)F)nn2-c2ccc3onc(N)c3c2)CC1,9.173925197299171
Nc1noc2ccc(-n3nc(C(F)(F)F)cc3C(=O)NC3CCN(c4ccccc4CN4CCC[C@H]4O)CC3)cc12,9.136677139879543
Nc1noc2ccc(-n3nc(C(F)(F)F)cc3C(=O)NC3CCN(c4ccccc4CN4CCCC4)CC3)cc12,9.214670164989233
CS(=O)(=O)c1ccccc1N1CCC(NC(=O)c2cc(C(F)(F)F)nn2-c2ccc3onc(N)c3c2)CC1,8.769551078621726
CS(=O)(=O)c1ccccc1N1CCC(NC(=O)c2cc(C(F)(F)F)nn2-c2cccc(CN)c2)CC1,8.309803919971486
CS(=O)(=O)c1ccccc1C1=CCC(NC(=O)c2cc(C(F)(F)F)nn2-c2cccc(CN)c2)CC1,8.522878745280337
CS(=O)(=O)c1ccccc1N1CCC(NC(=O)c2cc(C(F)(F)F)nn2-c2ccccc2CN)CC1,8.619788758288394
COc1ccc(-n2nc(C(F)(F)F)cc2C(=O)NC2CCN(c3ccccc3CN3CCCC3)CC2)cc1,7.5376020021010435
COc1ccc(-n2nc(C(F)(F)F)cc2C(=O)NC2CCN(c3ccccc3CN(C)C)CC2)cc1,8.05551732784983
COc1ccc(-n2nc(C(N)=O)c3c2C(=O)N(C2CCN(c4ccccc4S(N)(=O)=O)CC2)CC3)cc1,8.4089353929735
COc1ccc(-n2nc(C(N)=O)c3c2C(=O)N(C2CCN(c4ccccc4CN(C)C(C)=O)CC2)CC3)cc1,7.638272163982407
CCN(CC)Cc1ccccc1N1CCC(N2CCc3c(C(N)=O)nn(-c4ccc(OC)cc4)c3C2=O)CC1,9.585026652029182
CNCc1ccccc1N1CCC(N2CCc3c(C(N)=O)nn(-c4ccc(OC)cc4)c3C2=O)CC1,9.0
COc1ccc(-n2nc(C(N)=O)c3c2C(=O)N(C2CCN(c4ccccc4CN4CCOCC4)CC2)CC3)cc1,9.244125144327509
COc1ccc(-n2nc(C(N)=O)c3c2C(=O)N(C2CCN(c4ccccc4CN4CCCC4)CC2)CC3)cc1,9.585026652029182
COc1ccc(-n2nc(C(N)=O)c3c2C(=O)N(C2CCN(c4ccccc4S(C)(=O)=O)CC2)CC3)cc1,9.455931955649724
NC(=O)c1cc(C(=O)N2CCc3cc(-n4ccccc4=O)ccc32)n(-c2ccc3onc(N)c3c2)n1,9.69897000433602
CN(Cc1nccn1-c1ccc2c(c1)CCN2C(=O)c1cc(C(N)=O)nn1-c1ccc2onc(N)c2c1)S(C)(=O)=O,8.161150909262744
CC(=O)N(C)Cc1nccn1-c1ccc2c(c1)CCN2C(=O)c1cc(C(N)=O)nn1-c1ccc2onc(N)c2c1,8.318758762624412
CN(C)Cc1nccn1-c1ccc2c(c1)CCN2C(=O)c1cc(C(N)=O)nn1-c1ccc2onc(N)c2c1,8.657577319177793
NC(=O)c1cc(C(=O)N2CCc3ccc(N4CCCCCC4=O)cc32)n(-c2ccc3onc(N)c3c2)n1,5.958607314841775
CS(=O)(=O)c1ccccc1-c1ccc2c(c1)N(C(=O)c1cc(C(N)=O)nn1-c1ccc3onc(N)c3c1)CC2,5.853871964321762
NC(=O)c1cc(C(=O)N2CCc3cc(-c4ccccc4CN4CCCC4)ccc32)n(-c2ccc3onc(N)c3c2)n1,9.200659450546418
CN(C)Cc1ccccc1-c1ccc2c(c1)CCN2C(=O)c1cc(C(F)(F)F)nn1-c1ccc2onc(N)c2c1,7.721246399047171
Nc1noc2ccc(-n3nc(C(F)(F)F)cc3C(=O)N3CCCCc4cc(-c5ccccc5S(N)(=O)=O)ccc43)cc12,5.468521082957745
CS(=O)(=O)c1ccccc1-c1ccc2c(c1)OCCN2C(=O)c1cc(C(F)(F)F)nn1-c1ccc2onc(N)c2c1,7.1487416512809245
CS(=O)(=O)c1ccccc1-c1ccc2c(c1)C(O)CCN2C(=O)c1cc(C(F)(F)F)nn1-c1ccc2onc(N)c2c1,5.853871964321762
Nc1noc2ccc(-n3nc(C(F)(F)F)cc3C(=O)N3CCc4cc(-c5ccccc5S(N)(=O)=O)ccc43)cc12,8.568636235841012
CS(=O)(=O)c1ccccc1-c1ccc2c(c1)CCN2C(=O)c1cc(C(F)(F)F)nn1-c1ccc2onc(N)c2c1,8.823908740944319
Cc1nn(-c2cccc(CN)c2)c2c(F)c(-c3ccc(N4CCCC4=O)cc3)ccc12,6.651695136951839
NC(=O)c1nn(-c2ccc3onc(N)c3c2)c2c(F)c(-c3ccc(N4CCCCC4=O)cc3F)ccc12,8.193820026016112
Cc1nn(-c2cccc(CN)c2)c2cc(-c3ccc(N4CCCCC4=O)cc3)ccc12,5.164309428507575
Cc1nn(-c2cccc(CN)c2)c2c(F)c(-c3ccc(N4CCCCC4=O)cc3)ccc12,6.906578314837765
CN(c1ccncc1)c1ccc(-c2ccc3c(C(N)=O)nn(-c4ccc5onc(N)c5c4)c3c2F)c(F)c1,8.387216143280265
CN(C)Cc1ccccc1-c1ccc(-c2ccc3c(C(N)=O)nn(-c4ccc5onc(N)c5c4)c3c2F)c(F)c1,8.09151498112135
CN(C)CCCN(c1ccncc1)c1ccc(-c2ccc3c(C(N)=O)nn(-c4ccc5onc(N)c5c4)c3c2F)c(F)c1,8.2839966563652
CN(C)CCN(c1ccncc1)c1ccc(-c2ccc3c(C(N)=O)nn(-c4ccc5onc(N)c5c4)c3c2F)c(F)c1,8.309803919971486
CN(C)CCN(c1cccnc1)c1ccc(-c2ccc3c(C(N)=O)nn(-c4ccc5onc(N)c5c4)c3c2F)c(F)c1,6.636388020107856
CN(C)CCN(c1ccccc1)c1ccc(-c2ccc3c(C(N)=O)nn(-c4ccc5onc(N)c5c4)c3c2F)c(F)c1,6.161150909262744
CN(C)Cc1cccnc1-c1ccc(-c2ccc3c(C(N)=O)nn(-c4ccc5onc(N)c5c4)c3c2F)c(F)c1,5.64685345378602
CN(C)Cc1nccn1-c1ccc(-c2ccc3c(C(N)=O)nn(-c4ccc5onc(N)c5c4)c3c2F)c(F)c1,7.798602875679548
COc1ccc(-n2nc(C(N)=O)cc2C(=O)Cc2ccc(-n3ccccc3=O)cc2F)cc1,9.958607314841776
COc1ccc(-n2nc(C(F)(F)F)cc2C(=O)Cc2ccc(-c3ccccc3S(N)(=O)=O)cc2F)cc1,8.161150909262744
COc1ccc(-n2nc(C(F)(F)F)cc2C(=O)Cc2ccc(-c3ccccc3S(N)(=O)=O)cc2)cc1,7.920818753952375
Nc1noc2ccc(-n3nc(C(F)(F)F)cc3C(=O)Cc3ccc(-n4ccccc4=O)cc3F)cc12,10.481486060122112
Nc1noc2ccc(-n3nc(C(F)(F)F)cc3C(=O)Cc3ccc(N4CCCCC4=O)cc3)cc12,9.468521082957745
CN(C)Cc1ccccc1-c1ccc(CC(=O)c2cc(C(F)(F)F)nn2-c2ccc3onc(N)c3c2)c(F)c1,9.244125144327509
CN(C)Cc1nccn1-c1ccc(CC(=O)c2cc(C(F)(F)F)nn2-c2ccc3onc(N)c3c2)cc1,9.013228265733757
CC(C(=O)c1cc(C(F)(F)F)nn1-c1ccc2onc(N)c2c1)c1ccc(-c2ccccc2S(N)(=O)=O)cc1,7.657577319177793
CC(C(=O)c1cc(C(F)(F)F)nn1-c1ccc2onc(N)c2c1)c1ccc(-c2ccccc2S(C)(=O)=O)cc1,8.327902142064282
Nc1noc2ccc(-n3nc(C(F)(F)F)cc3C(=O)Cc3ccc(-c4ccccc4S(N)(=O)=O)cc3F)cc12,9.795880017344077
Nc1noc2ccc(-n3nc(C(F)(F)F)cc3C(=O)Cc3ccc(-c4ccccc4S(N)(=O)=O)cc3)cc12,9.275724130399212
CS(=O)(=O)c1ccccc1-c1ccc(CC(=O)c2cc(C(F)(F)F)nn2-c2ccc3onc(N)c3c2)cc1,9.167491087293763
CS(=O)(=O)c1ccccc1-c1ccc2c(c1)CCN2C(=O)C1CC(C(F)(F)F)=NN1c1ccc2onc(N)c2c1,8.823908740944319
CN(c1ccccc1-c1ccc(N2CCC(NS(=O)(=O)/C=C/c3ccc(Cl)s3)C2=O)nc1)S(C)(=O)=O,8.040958607678906
O=C1C(NS(=O)(=O)/C=C/c2ccc(Cl)s2)CCN1c1ccc(-c2ccccc2C(F)(F)F)cn1,8.221848749616356
CN(C)C(=O)c1ccccc1-c1ccc(N2CCC(NS(=O)(=O)/C=C/c3ccc(Cl)s3)C2=O)nc1,7.928117992693875
N#Cc1ccccc1-c1ccc(N2CCC(NS(=O)(=O)/C=C/c3ccc(Cl)s3)C2=O)nc1,8.744727494896694
CN(C)S(=O)(=O)c1ccccc1-c1ccc(N2CCC(NS(=O)(=O)/C=C/c3ccc(Cl)s3)C2=O)nc1,9.397940008672036
CS(=O)(=O)Nc1ccccc1-c1ccc(N2CCC(NS(=O)(=O)/C=C/c3ccc(Cl)s3)C2=O)nc1,7.853871964321762
CS(=O)(=O)c1ccccc1-c1ccc(N2CCC(NS(=O)(=O)c3cc4cc(Cl)ccc4o3)C2=O)c(F)c1,8.207608310501746
CS(=O)(=O)c1ccccc1-c1ccc(N2CCC(NS(=O)(=O)/C=C/c3cc4ccc(Cl)cc4s3)C2=O)c(F)c1,10.0
O=C1C(NS(=O)(=O)c2ccc3cc(Cl)ccc3c2)CCN1c1ccc(-c2ccccc2)cn1,7.096910013008056
O=C1C(NS(=O)(=O)c2ccc3cc(Cl)ccc3c2)CCN1c1ccc(-c2ccccc2)cc1F,6.667561540084395
O=C1C(NS(=O)(=O)c2ccc3cc(Cl)ccc3c2)CCN1c1ccc(-c2ccoc2)cc1F,7.127261172527331
Cn1cnc(-c2ccc(N3CCC(NS(=O)(=O)c4ccc5cc(Cl)ccc5c4)C3=O)c(F)c2)c1,7.809668301829708
O=C1C(NS(=O)(=O)c2ccc3cc(Cl)ccc3c2)CCN1c1ccc(-c2cccnc2)cc1F,8.200659450546418
Cn1ccnc1-c1ccc(N2CCC(NS(=O)(=O)c3ccc4cc(Cl)ccc4c3)C2=O)c(F)c1,8.958607314841775
C/C(=C\S(=O)(=O)NC1CCN(c2ccc(-n3ccnc3CN(C)C)cc2F)C1=O)c1ccc(Cl)s1,9.69897000433602
O=C1C(NS(=O)(=O)/C=C/c2ccc(Cl)s2)CCN1c1ccc(-n2ccnc2CN2CCC(F)C2)cc1F,7.785156151952302
CC(C)N(C)Cc1nccn1-c1ccc(N2CCC(NS(=O)(=O)/C=C/c3ccc(Cl)s3)C2=O)c(F)c1,9.221848749616356
O=C1C(NS(=O)(=O)/C=C/c2ccc(Cl)s2)CCN1c1ccc(-n2ccnc2CN2CCCC2)cc1F,9.397940008672036
O=C1C(NS(=O)(=O)/C=C/c2ccc(Cl)s2)CCN1c1ccc(-n2ccnc2CN2CCOCC2)cc1F,8.920818753952375
CN(C)Cc1ccn(-c2ccc(N3CCC(NS(=O)(=O)c4cc5ccc(Cl)cc5s4)C3=O)c(F)c2)n1,6.903089986991944
CN(C)Cc1cn(-c2ccc(N3CCC(NS(=O)(=O)c4cc5ccc(Cl)cc5s4)C3=O)c(F)c2)cn1,7.832682665251823
CN(C)Cc1nocc1-c1ccc(N2CCC(NS(=O)(=O)/C=C/c3ccc(Cl)s3)C2=O)c(F)c1,9.30102999566398
CN(C)Cc1nccn1-c1ccc(N2CCC(NS(=O)(=O)c3ccc4[nH]cc(Cl)c4c3)C2=O)c(F)c1,8.229147988357855
CN(C)Cc1nccn1-c1ccc(N2CCC(NS(=O)(=O)c3cc4cc(Cl)ccc4s3)C2=O)c(F)c1,8.346787486224656
CN(C)Cc1nccn1-c1ccc(N2CCC(NS(=O)(=O)c3cc4ccc(Cl)cc4s3)C2=O)c(F)c1,9.096910013008056
CN(C)Cc1nccn1-c1ccc(N2CCC(NS(=O)(=O)c3ncc(-c4ccc(Cl)s4)s3)C2=O)c(F)c1,8.638272163982407
Cc1cc(N2CCC(N(C)C(=O)CCS(=O)(=O)c3ccc4cc(Cl)ccc4c3)CC2)ccn1,7.823908740944319
O=C(O)CN(C1CCCN(c2ccc(-n3ccccc3=O)cc2)C1=O)S(=O)(=O)c1cc2ccc(Cl)nc2s1,9.886056647693165
CNC(=O)CN(C1CCCN(c2ccc(-n3ccccc3=O)cc2F)C1=O)S(=O)(=O)c1cc2ccc(Cl)nc2s1,10.431798275933003
O=C1C(NS(=O)(=O)c2ccc3cc(Cl)ccc3c2)CCCN1c1ccc(-n2ccccc2=O)cc1F,9.958607314841776
CN(C)CCN(C)C(=O)CN(C1CCCN(c2ccc(N3CCCCC3=O)cc2F)C1=O)S(=O)(=O)c1ccc2cc(Cl)ccc2c1,8.769551078621726
O=C1CCCCN1c1ccc(N2CCCC(NS(=O)(=O)c3ccc4cc(Cl)ccc4c3)C2=O)c(F)c1,8.0
O=C1C(NS(=O)(=O)c2ccc3cc(Cl)ccc3c2)CCCN1c1ccc(N2CCCCC2)cc1F,7.795880017344075
O=C1C(NS(=O)(=O)c2ccc3cc(Cl)ccc3c2)CCCN1c1ccc(-c2ccncc2)cc1F,7.552841968657781
COC(=O)CN(C1CCCN(c2ccc(-n3ccnc3C[N+](C)(C)CC(=O)OC)cc2F)C1=O)S(=O)(=O)c1ccc2cc(Cl)ccc2c1,9.67778070526608
COC(=O)C[N+](C)(C)Cc1nccn1-c1ccc(N2CCCC(NS(=O)(=O)c3ccc4cc(Cl)ccc4c3)C2=O)c(F)c1,9.455931955649724
CN(C)Cc1nccn1-c1ccc(N2CCCC(NS(=O)(=O)c3ccc4cc(Cl)ccc4c3)C2=O)c(F)c1,8.619788758288394
CN(CCO)C(=O)N(C1CCCN(c2ccc(-c3ccccc3S(C)(=O)=O)cc2F)C1=O)S(=O)(=O)c1ccc2cc(Cl)ccc2c1,8.568636235841012
CCN(CC)CCN(C)C(=O)N(C1CCCN(c2ccc(-c3ccccc3S(C)(=O)=O)cc2F)C1=O)S(=O)(=O)c1ccc2cc(Cl)ccc2c1,8.958607314841775
CN(C)CCN(C)C(=O)N(C1CCCN(c2ccc(-c3ccccc3S(C)(=O)=O)cc2F)C1=O)S(=O)(=O)c1ccc2cc(Cl)ccc2c1,9.075720713938118
CN(C)CCNC(=O)N(C1CCCN(c2ccc(-c3ccccc3S(C)(=O)=O)cc2F)C1=O)S(=O)(=O)c1ccc2cc(Cl)ccc2c1,8.657577319177793
COC(=O)CN(C1CCCN(c2ccc(-c3ccccc3S(C)(=O)=O)cc2F)C1=O)S(=O)(=O)c1ccc2cc(Cl)ccc2c1,9.05551732784983
CS(=O)(=O)c1ccccc1-c1ccc(N2CCCC(NS(=O)(=O)c3ccc4cn[nH]c4c3)C2=O)c(F)c1,7.721246399047171
CS(=O)(=O)c1ccccc1-c1ccc(N2CCCC(NS(=O)(=O)c3ccc(-c4ccon4)s3)C2=O)c(F)c1,7.585026652029182
Cc1c(S(=O)(=O)NC2CCCN(c3ccc(-c4ccccc4S(C)(=O)=O)cc3F)C2=O)sc2ccc(Cl)cc12,6.795880017344075
CS(=O)(=O)c1ccccc1-c1ccc(N2CCCC(NS(=O)(=O)c3ccc(Cl)s3)C2=O)c(F)c1,8.275724130399212
CS(=O)(=O)c1ccccc1-c1ccc(N2CCCC(NS(=O)(=O)c3ccc4onc(N)c4c3)C2=O)c(F)c1,7.721246399047171
CS(=O)(=O)c1ccccc1-c1ccc(N2CCCC(NS(=O)(=O)c3cccc4ccc(Cl)cc34)C2=O)c(F)c1,7.744727494896693
CS(=O)(=O)c1ccccc1-c1ccc(N2CCCC(NS(=O)(=O)Cc3ccccc3)C2=O)c(F)c1,5.494850021680094
CS(=O)(=O)c1ccccc1-c1ccc(N2CCCC(NS(=O)(=O)c3ccc(N)nc3)C2=O)c(F)c1,6.585026652029182
CS(=O)(=O)c1ccccc1-c1ccc(N2CCCC(NS(=O)(=O)c3cccnc3)C2=O)c(F)c1,5.585026652029182
CS(=O)(=O)c1ccccc1-c1ccc(N2CCCC(NS(=O)(=O)c3cc(Cl)cc(Cl)c3)C2=O)c(F)c1,6.136677139879544
CS(=O)(=O)c1ccccc1-c1ccc(N2CCCC(NS(=O)(=O)c3cc(Cl)ccc3Cl)C2=O)c(F)c1,6.187086643357144
COc1cccc(S(=O)(=O)NC2CCCN(c3ccc(-c4ccccc4S(C)(=O)=O)cc3F)C2=O)c1,7.0
CCc1ccc(S(=O)(=O)NC2CCCN(c3ccc(-c4ccccc4S(C)(=O)=O)cc3F)C2=O)cc1,7.107905397309519
CS(=O)(=O)c1ccccc1-c1ccc(N2CCCC(NS(=O)(=O)c3ccc(Cl)cc3)C2=O)c(F)c1,7.638272163982407
CS(=O)(=O)c1ccccc1-c1ccc(N2CCCC(NS(=O)(=O)c3ccc(F)cc3)C2=O)c(F)c1,7.351639989019068
CS(=O)(=O)c1ccccc1-c1ccc(N2CCCC(NS(=O)(=O)c3ccccc3)C2=O)c(F)c1,6.431798275933005
COc1ccc(S(=O)(=O)NC2CCCN(c3ccc(-c4ccccc4S(C)(=O)=O)cc3F)C2=O)cc1,7.275724130399211
COc1ccc(NC2CCCN(c3ccc(-c4ccccc4S(C)(=O)=O)cc3F)C2=O)cc1,6.346787486224656
O=C(CCS(=O)(=O)c1ccc2cc(Cl)ccc2c1)N1CCN(c2cccc3nc(CO)cn23)CC1,8.096910013008056
O=C(Nc1ccccc1C(=O)Nc1ccc(Cl)cn1)c1ccc(-n2ccccc2=O)cc1,9.853871964321762
COc1cc(Cl)cc(C(=O)Nc2ccc(Cl)cn2)c1NC(=O)c1ccc(-n2ccccc2=O)nc1,9.619788758288394
CN(C)CCOc1cc(Cl)cc(C(=O)Nc2ccc(Cl)cn2)c1NC(=O)c1ccc(N2CCCCC2=O)cc1,10.187086643357144
O=C(Nc1c(O)cc(Cl)cc1C(=O)Nc1ccc(Cl)cn1)c1ccc(N2CCCCC2=O)cc1,10.327902142064282
Cc1ccc(NC(=O)c2ccc(N3CCCCC3=O)cc2)c(C(=O)Nc2ccc(Cl)cn2)c1,9.721246399047171
O=C(Nc1ccc(Br)cc1C(=O)Nc1ccc(Cl)cn1)c1ccc(N2CCCCC2=O)cc1,9.853871964321762
CS(=O)(=O)Nc1ccc(NC(=O)c2ccc(N3CCCCC3=O)cc2)c(C(=O)Nc2ccc(Cl)cn2)c1,8.698970004336019
COc1cc(Cl)cc(C(=O)Nc2ccc(Cl)cn2)c1NC(=O)c1ccc(-n2ccccc2=O)cc1,10.886056647693165
O=C(Nc1ccc(Cl)cc1C(=O)Nc1ccc(Cl)cn1)c1ccc(-n2ccccc2=O)cc1,10.221848749616356
N#Cc1ccc(NC(=O)c2ccc(-n3ccccc3=O)cc2)c(C(=O)Nc2ccc(Cl)cn2)c1,8.657577319177793
CS(=O)(=O)Nc1ccc(NC(=O)c2ccc(-n3ccccc3=O)cc2)c(C(=O)Nc2ccc(Cl)cn2)c1,9.920818753952377
O=C(Nc1ccc(Cl)cn1)c1ccccc1NS(=O)(=O)c1ccc(-n2ccccc2=O)cc1,5.115204636051019
O=C(Nc1ccc(Cl)cn1)c1ccccc1NCc1ccc(-n2ccccc2=O)cc1,8.958607314841775
O=C(Nc1ccccc1S(=O)(=O)Nc1ccc(Cl)cn1)c1ccc(-n2ccccc2=O)cc1,8.259637310505756
CC(Nc1ccc(Cl)cn1)c1ccccc1NC(=O)c1ccc(-n2ccccc2=O)cc1,7.229147988357855
O=C(Nc1ccccc1CNc1ccc(Cl)cn1)c1ccc(-n2ccccc2=O)cc1,9.207608310501746
O=C(Nc1ccccc1C(=O)Nc1ccc(Cl)cc1)c1ccc(-n2ccccc2=O)cc1,9.67778070526608
O=C(Nc1ccccc1C(=O)Nc1ccc(C(F)(F)F)cn1)c1ccc(-n2ccccc2=O)cc1,5.806875401645538
Cc1ccc(NC(=O)c2ccccc2NC(=O)c2ccc(-n3ccccc3=O)cc2)nc1,9.236572006437065
O=C(Nc1ccccc1C(=O)Nc1ccccn1)c1ccc(-n2ccccc2=O)cc1,8.522878745280337
O=C(Nc1ccccc1C(=O)Nc1ccc(Cl)cn1)c1ccc(N2CCCCC2=O)cc1,8.920818753952375
CCCS(=O)(=O)N[C@@H](C(=O)N[C@@H](CCC(N)=O)C(=O)NCc1ccc(C(=N)N)cc1)[C@@H](C)CC,5.568636235841013
CSCC[C@H](NC(=O)[C@H](NS(=O)(=O)Cc1ccccc1)[C@@H](C)O)C(=O)NCc1ccc(C(=N)N)cc1,5.7447274948966935
CC[C@H](C)[C@@H](NS(=O)(=O)Cc1ccccc1)C(=O)N[C@@H](CCSC)C(=O)NCc1ccc(C(=N)N)cc1,6.795880017344075
CCCS(=O)(=O)N[C@@H](C(=O)N[C@@H](CCSC)C(=O)NCc1ccc(C(=N)N)cc1)[C@@H](C)CC,5.823908740944319
CC[C@H](C)[C@H](NS(=O)(=O)Cc1cccc(C(=O)O)c1)C(=O)N[C@@H](CCSC)C(=O)NCc1ccc(C(=N)N)cc1,6.036212172654444
CC[C@H](C)[C@H](NS(=O)(=O)Cc1ccc(C(=O)O)cc1)C(=O)N[C@@H](CCC(N)=O)C(=O)NCc1ccc(C(=N)N)cc1,5.605023280445436
CC[C@H](C)[C@H](NS(=O)(=O)Cc1cccc(C(=O)O)c1)C(=O)N[C@@H](CCC(N)=O)C(=O)NCc1ccc(C(=N)N)cc1,6.164309428507575
CSCC[C@H](NC(=O)[C@@H](NS(=O)(=O)Cc1cccc(C(=O)O)c1)[C@@H](C)O)C(=O)NCc1ccc(C(=N)N)cc1,5.2441251443275085
CS(=O)(=O)c1ccccc1-c1ccc(CCNS(=O)(=O)c2cc(C(=N)N)ccc2O)c(NCC(=O)O)c1,8.244125144327509
CC(C)c1ccc(CCNS(=O)(=O)c2cc(C(=N)N)ccc2O)c(NCC(=O)O)c1,7.207608310501746
CCOC(=O)COc1cc(C(C)C)ccc1CCNS(=O)(=O)c1cc(/C(N)=N/O)ccc1O,5.455931955649724
CC(C)c1ccc(CCNS(=O)(=O)c2cc(C(=N)N)ccc2O)c(OCC(=O)O)c1,7.292429823902063
CCOC(=O)CN(CCc1ccc(C(C)C)cc1)S(=O)(=O)c1cc(/C(N)=N/O)ccc1O,5.431798275933005
CC(C)c1ccc(CCN(CC(=O)O)S(=O)(=O)c2cc(/C(N)=N/O)ccc2O)cc1,5.154901959985743
CC(C)c1ccc(CCN(C)S(=O)(=O)c2cc(C(=N)N)ccc2O)cc1,7.229147988357855
CC(C)c1ccc(CCNS(=O)(=O)c2cccc(C(=N)N)c2)cc1,5.6777807052660805
CC(C)(C)c1ccc(CCNS(=O)(=O)c2cc(C(=N)N)ccc2O)cc1,7.568636235841013
CC(C)Oc1ccc(CCNS(=O)(=O)c2cc(C(=N)N)ccc2O)cc1,7.0
CC(C)c1ccc(CCNS(=O)(=O)c2cc(C(=N)N)ccc2O)cc1,7.5376020021010435
CC(=N)N1CCC(c2ccc(NC(=O)CN(Cc3cccc(OCC(=O)O)c3)c3cccc(C(=N)N)c3)cc2)CC1,8.76573587562121
N=C(N)c1cccc(C[C@H](NS(=O)(=O)c2cccc(CCCCN)c2)C(=O)N2CCC(CCN)CC2)c1,5.356547323513812
CCC(=O)Nc1cccc(S(=O)(=O)N[C@@H](Cc2cccc(C(=N)N)c2)C(=O)N2CCC(CCN)CC2)c1,4.698970004336019
N=C(N)c1cccc(CC(NS(=O)(=O)c2cccc(-c3ccccc3)c2)C(=O)N2CCC(CCN)CC2)c1,5.267606240177032
N=C(N)c1cccc(CC(NS(=O)(=O)c2cccc(-c3ccccc3Cl)c2)C(=O)N2CCC(CCN)CC2)c1,6.154901959985743
N=C(N)c1cccc(CC(NS(=O)(=O)c2cccc(-c3cccc(Cl)c3)c2)C(=O)N2CCC(CCN)CC2)c1,5.251811972993799
N=C(N)c1cccc(CC(NS(=O)(=O)c2cccc(-c3ccc(Cl)cc3)c2)C(=O)N2CCC(CCN)CC2)c1,6.040958607678906
CCOc1ccc(-c2cccc(S(=O)(=O)NC(Cc3cccc(C(=N)N)c3)C(=O)N3CCC(CCN)CC3)c2)cc1,6.180456064458132
CC(C)Oc1ccc(-c2cccc(S(=O)(=O)NC(Cc3cccc(C(=N)N)c3)C(=O)N3CCC(CCN)CC3)c2)cc1,5.468521082957745
N=C(N)c1cccc(CC(NS(=O)(=O)c2cccc(-c3ccncc3)c2)C(=O)N2CCC(CCN)CC2)c1,5.795880017344075
N=C(N)c1cccc(CC(NS(=O)(=O)c2cccc(-c3cccnc3)c2)C(=O)N2CCC(CCN)CC2)c1,5.455931955649724
N=C(N)c1cccc(CC(NS(=O)(=O)c2cccc(-c3ccc4[nH]ccc4c3)c2)C(=O)N2CCC(CCN)CC2)c1,6.823908740944319
N=C(N)c1cccc(C[C@H](NS(=O)(=O)c2cccc(-c3ccc(N)nc3)c2)C(=O)N2CCC(CCN)CC2)c1,6.6020599913279625
N=C(N)c1cccc(C[C@H](NS(=O)(=O)c2cccc(C3CCC(N)=NC3)c2)C(=O)N2CCC(CCN)CC2)c1,8.0
Cc1nccc(-c2cccc(S(=O)(=O)N[C@@H](Cc3cccc(C(=N)N)c3)C(=O)N3CCC(CCN)CC3)c2)n1,5.769551078621726
NCCC(=O)Nc1cccc(S(=O)(=O)N[C@@H](Cc2cccc(CN)c2)C(=O)N2CCC(CCN)CC2)c1,4.036212172654444
COc1ccc(-c2cccc(S(=O)(=O)NC(Cc3cccc(CN)c3)C(=O)N3CCC(CCN)CC3)c2)cc1,4.259637310505756
COC(=O)CCCC1CCN(C(=O)[C@H](Cc2cccc(C(=N)N)c2)NS(=O)(=O)c2cccc(NC(=O)CCN)c2)CC1,5.214670164989233
N=C(N)c1cccc(C[C@H](NS(=O)(=O)c2cccc(NC(=O)CCN)c2)C(=O)N2CCN(C(=O)OCc3ccccc3)CC2)c1,4.721246399047171
N=C(N)c1cccc(C[C@H](NS(=O)(=O)c2cccc(NC(=O)CCN)c2)C(=O)N2CCC(C(N)=O)CC2)c1,5.6020599913279625
N=C(N)c1cccc(C[C@H](NS(=O)(=O)c2cccc(NC(=O)CCN)c2)C(=O)N2CCC(Cc3ccccc3)CC2)c1,5.468521082957745
CC1CCN(C(=O)[C@H](Cc2cccc(C(=N)N)c2)NS(=O)(=O)c2cccc(NC(=O)CCN)c2)CC1,5.356547323513812
CCOC(=O)N1CCN(C(=O)[C@H](Cc2cccc(C(=N)N)c2)NS(=O)(=O)c2cccc(NC(=O)CCN)c2)CC1,4.585026652029182
N=C(N)c1cccc(C[C@H](NS(=O)(=O)c2cccc(NC(=O)CCN)c2)C(=O)N2CCN(c3ccc(O)cc3)CC2)c1,5.6020599913279625
CC1CCCCN1C(=O)[C@H](Cc1cccc(C(=N)N)c1)NS(=O)(=O)c1cccc(NC(=O)CCN)c1,4.769551078621726
O=C(OC1O[C@@H]2COC(=O)c3cc(O)c(O)c(O)c3-c3c(cc(O)c(O)c3O)C(=O)O[C@H]2[C@H](OC(=O)c2cc(O)c(O)c(O)c2)[C@H]1OC(=O)c1cc(O)c(O)c(O)c1)c1cc(O)c(O)c(O)c1,6.356547323513812
O=C1OC[C@H]2OC(O)[C@@H]3OC(=O)c4cc(O)c(O)c(O)c4-c4c(cc(O)c(O)c4O)C(=O)O[C@H]3[C@@H]2OC(=O)c2cc(O)c(O)c(O)c2-c2c1cc(O)c(O)c2O,6.00436480540245
O=C(OC[C@H]1O[C@@H](OC(=O)c2cc(O)c(O)c(O)c2)[C@H](OC(=O)c2cc(O)c(O)c(O)c2)[C@@H](OC(=O)c2cc(O)c(O)c(O)c2)[C@@H]1OC(=O)c1cc(O)c(O)c(O)c1)c1cc(O)c(O)c(O)c1,6.2441251443275085
CCOC(=O)C(=O)N(Cc1ccccc1)c1ccc2c(c1)OC(Cc1ccc(C(=N)N)cc1)C(=O)N2C,5.7121982700697735
CN1C(=O)C(Cc2ccc(C(=N)N)cc2)Oc2cc(NC(=O)C(Cc3ccccc3)C(=O)O)ccc21,4.478861916295964
CN1C(=O)C(Cc2ccc(C(=N)N)cc2)Oc2cc(N(Cc3ccccc3)C(=O)CCC(=O)O)ccc21,4.798602875679548
CCOC(=O)CCC(=O)N(Cc1ccccc1)c1ccc2c(c1)OC(Cc1ccc(C(=N)N)cc1)C(=O)N2C,5.978810700930062
COC(=O)CC(=O)N(Cc1ccccc1)c1ccc2c(c1)OC(Cc1ccc(C(=N)N)cc1)C(=O)N2C,5.243363891754152
CN1C(=O)C(Cc2ccc(C(=N)N)cc2)Oc2cc(N(Cc3ccccc3)C(=O)C(=O)O)ccc21,5.032920265855503
CCOC(=O)C[C@H](NC(=O)c1ccc2c(c1)OC(OCc1ccc(C(=N)N)cc1)C(=O)N2C)c1ccccc1,4.262807357295262
CN1C(=O)C(OCc2ccc(C(=N)N)cc2)Oc2cc(C(=O)Nc3ccccc3)ccc21,4.5003129173815966
CCOC(=O)C(C(=O)Nc1ccc2c(c1)OC(OCc1ccc(C(=N)N)cc1)C(=O)N2C)c1ccccc1,4.298432014944073
CCOC(=O)CCC(=O)Nc1ccc2c(c1)OC(C)(COc1ccc(C(=N)N)cc1)CN2C,4.126679398184601
CN1CC(C)(COc2ccc(C(=N)N)cc2)Oc2cc(NC(=O)c3ccccc3)ccc21,4.91721462968355
CCOC(=O)C(Cc1ccccc1)C(=O)Nc1ccc2c(c1)N(C)CC(C)(COc1ccc(C(=N)N)cc1)O2,4.530177984021837
COC(=O)C(Cc1ccccc1)C(=O)Nc1ccc2c(c1)OC(C)(COc1ccc(C(=N)N)cc1)CN2C,4.450996737974212
CCOC(=O)CCC(=O)N(Cc1ccccn1)c1ccc2c(c1)OC(C)(COc1ccc(C(=N)N)cc1)CN2C,4.928117992693875
CCOC(=O)CCC(=O)N(Cc1ccccc1)c1ccc2c(c1)N(C)CC(C)(COc1ccc(C(=N)N)cc1)O2,4.557520230935552
CN1CC(C)(COc2ccc(C(=N)N)cc2)Oc2cc(N(Cc3ccccc3)C(=O)CCC(=O)O)ccc21,4.527243550682788
CCOC(=O)C(=O)N(Cc1ccccc1)c1ccc2c(c1)N(C)CC(C)(COc1ccc(C(=N)N)cc1)O2,4.795880017344075
O=C(Nc1cccc(OCc2ccc(-c3ccccc3)cc2)c1)C1CCCNC1,5.6020599913279625
N=C(N)N1CCCC(C(=O)Nc2cccc(OCc3ccc(F)cc3)c2)C1,4.2441251443275085
N=C(N)N1CCCC(C(=O)Nc2cccc(OCc3ccc(-c4ccccc4)cc3)c2)C1,5.698970004336019
O=C(Nc1cccc(OCc2ccc(-c3ccccc3)cc2)c1)C1CCNCC1,6.0
N=C(N)N1CCC(C(=O)Nc2cccc(OCc3ccc(-c4ccccc4)cc3)c2)CC1,5.2839966563652006
O=C(Nc1cccc(OCc2ccc(-c3ccc(F)cc3)cc2)c1)C1CCNCC1,5.412289034981089
O=C(Nc1cccc(OCc2ccc(-c3ccc(F)cc3F)cc2)c1)C1CCNCC1,6.29073003902417
O=C(Nc1cccc(OCc2ccc(-c3cccc(F)c3F)cc2)c1)C1CCNCC1,6.261219441515631
O=C(Nc1cccc(OCc2ccc(-c3cc(F)ccc3F)cc2)c1)C1CCNCC1,5.896196279044043
O=C(Nc1cccc(OCc2ccc(-c3c(F)cccc3F)cc2)c1)C1CCNCC1,5.838631997765025
O=C(Nc1cccc(OCc2ccc(-c3c(F)cc(F)cc3F)cc2)c1)C1CCNCC1,5.023650020996727
O=C(Nc1cccc(OCc2ccc(-c3cc(F)c(F)c(F)c3)cc2)c1)C1CCNCC1,6.176525770829699
COC(=O)C1(c2ccc(N3CCc4c(C(F)(F)F)nn(-c5ccc(OC)cc5)c4C3=O)cc2)CC1,8.769551078621726
CCNC(=O)N(C)CC1(c2ccc(N3CCc4c(C(F)(F)F)nn(-c5ccc(OC)cc5)c4C3=O)cc2)CC1,9.853871964321762
COc1ccc(-n2nc(C(F)(F)F)c3c2C(=O)N(c2ccc(C4(CN(C)S(C)(=O)=O)CC4)cc2)CC3)cc1,10.130768280269024
COc1ccc(-n2nc(C(F)(F)F)c3c2C(=O)N(c2ccc(C4(Cn5ccnc5C)CC4)cc2)CC3)cc1,10.602059991327964
COc1ccc(-n2nc(C(F)(F)F)c3c2C(=O)N(c2ccc(C4(CNc5nccs5)CC4)cc2)CC3)cc1,10.267606240177033
COc1ccc(-n2nc(C(F)(F)F)c3c2C(=O)N(c2ccc(C4(CN5CCCC5)CC4)cc2)CC3)cc1,10.67778070526608
COc1ccc(-n2nc(C(F)(F)F)c3c2C(=O)N(c2ccc(C4(CNC(C)C)CC4)cc2)CC3)cc1,10.3767507096021
CNCC1(c2ccc(N3CCc4c(C(F)(F)F)nn(-c5ccc(OC)cc5)c4C3=O)cc2)CC1,9.744727494896694
COc1ccc(-n2nc(C(F)(F)F)c3c2C(=O)N(c2ccc(C4(C(=O)Nc5nnn[nH]5)CC4)cc2)CC3)cc1,8.522878745280337
COc1ccc(-n2nc(C(F)(F)F)c3c2C(=O)N(c2ccc(C4(C(=O)Nc5nncs5)CC4)cc2)CC3)cc1,8.744727494896694
COc1ccc(-n2nc(C(F)(F)F)c3c2C(=O)N(c2ccc(C4(C(=O)N5CCC(O)CC5)CC4)cc2)CC3)cc1,7.267606240177032
COc1ccc(-n2nc(C(F)(F)F)c3c2C(=O)N(c2ccc(C4(C(=O)NC5CCCC5)CC4)cc2)CC3)cc1,7.522878745280337
COc1ccc(-n2nc(C(F)(F)F)c3c2C(=O)N(c2ccc(C4(C(N)=O)CC4)cc2)CC3)cc1,8.481486060122112
COCC1(c2ccc(N3CCc4c(C(F)(F)F)nn(-c5ccc(OC)cc5)c4C3=O)cc2)CC1,8.795880017344075
COc1ccc(-n2nc(C(F)(F)F)c3c2C(=O)N(c2ccc(C4(CO)CC4)cc2)CC3)cc1,8.619788758288394
COc1ccc(-n2nc(C(F)(F)F)c3c2C(=O)N(c2ccc(C4(C#N)CC4)cc2)CC3)cc1,8.744727494896694
COc1ccc(-n2nc(C(F)(F)F)c3c2C(=O)N(c2ccc(-c4ccccc4CNC(C)C)cc2)CC3)cc1,8.853871964321762
CNCc1ccccc1-c1ccc(N2CCc3c(C(F)(F)F)nn(-c4ccc(OC)cc4)c3C2=O)cc1,9.55284196865778
O=C(NC[C@H]1CN(c2ccc(N3CCOCC3=O)cc2)C(=O)O1)c1ccc(Cl)s1,9.306859539324703
CN(C)C(=N)c1ccc(C(=O)Nc2ccc(Cl)cc2C(=O)Nc2ccc(Cl)cn2)cc1,10.356547323513812
COc1ccc(NC(=O)c2ccc(C(=N)N(C)C)cc2)c(C(=O)Nc2ccc(Cl)cn2)c1,9.926281649653877
COc1ccc(NC(=O)c2ccc(C(=N)N(C)C)cc2F)c(C(=O)Nc2ccc(Cl)cn2)c1,9.978810700930062
CN(C)C(=N)c1ccc(C(=O)Nc2ccccc2C(=O)Nc2ccc(Cl)cn2)cc1,9.14146280243036
CNCC1(c2ccc(N3CCc4c(C(N)=O)nn(-c5ccc(OC)cc5)c4C3=O)cc2)CC1,10.259637310505756
COc1ccc(-n2nc(C(N)=O)c3c2C(=O)N(c2ccc(C4(CN(C)C)CC4)cc2)CC3)cc1,10.387216143280265
COc1ccc(-n2nc(C(N)=O)c3c2C(=O)N(c2ccc(C4(CN5CCOCC5)CC4)cc2)CC3)cc1,10.3767507096021
COc1ccc(-n2nc(S(C)(=O)=O)c3c2C(=O)N(c2ccc(C4(CN5CCCC5=O)CC4)cc2)CC3)cc1,9.619788758288394
COc1ccc(-n2nc(C(F)(F)F)c3c2C(=O)N(c2ccc(C4(N)CC4)cc2)CC3)cc1,9.10790539730952
COc1ccc(-n2nc(C(F)(F)F)c3c2C(=O)N(c2ccc(C4(N(C)C)CC4)cc2)CC3)cc1,10.070581074285707
COc1ccc(-n2nc(C(F)(F)F)c3c2C(=O)N(c2ccc(C4(N(C)CCO)CC4)cc2)CC3)cc1,9.920818753952377
COc1ccc(-n2nc(C(F)(F)F)c3c2C(=O)N(c2ccc(C4(N(C)CC(N)=O)CC4)cc2)CC3)cc1,9.853871964321762
COC(=O)NC1(c2ccc(N3CCc4c(C(F)(F)F)nn(-c5ccc(OC)cc5)c4C3=O)cc2)CC1,7.958607314841775
COc1ccc(-n2nc(C(F)(F)F)c3c2C(=O)N(c2ccc(C4(N5CCCC5=O)CC4)cc2)CC3)cc1,8.119186407719209
CNCCC1(c2ccc(N3CCc4c(C(F)(F)F)nn(-c5ccc(OC)cc5)c4C3=O)cc2)CC1,9.259637310505756
COc1ccc(-n2nc(C(F)(F)F)c3c2C(=O)N(c2ccc(C4(C5=NCCN5)CC4)cc2)CC3)cc1,10.67778070526608
COc1ccc(-n2nc(C(F)(F)F)c3c2C(=O)N(c2ccc(C4(C5=NCCN5C)CC4)cc2)CC3)cc1,9.795880017344077
COc1ccc(-n2nc(C(F)(F)F)c3c2C(=O)N(c2ccc(C4(C5=NCCN5S(C)(=O)=O)CC4)cc2)CC3)cc1,8.309803919971486
COc1ccc(-n2nc(C(F)(F)F)c3c2C(=O)N(c2ccc(C4(C5=NCCO5)CC4)cc2)CC3)cc1,8.602059991327963
COc1ccc(-n2nc(C(F)(F)F)c3c2C(=O)N(c2ccc(C4(C5=NC(C)(C)CO5)CC4)cc2)CC3)cc1,8.958607314841775
CNC1(c2ccc(N3CCc4c(C#N)nn(-c5ccc(OC)cc5)c4C3=O)cc2)CC1,9.508638306165729
COc1ccc(-n2nc(C#N)c3c2C(=O)N(c2ccc(C4(N(C)C)CC4)cc2)CC3)cc1,10.075720713938118
COc1ccc(-n2nc(C(N)=O)c3c2C(=O)N(c2ccc(C4(CCN5CCOCC5)CC4)cc2)CC3)cc1,9.853871964321762
COc1ccc(-n2nc(C#N)c3c2C(=O)N(c2ccc(C4(CCN5CCOCC5)CC4)cc2)CC3)cc1,9.130768280269024
COc1ccc(-n2nc(C(F)(F)F)c3c2C(=O)N(c2ccc(C4(C(C)=O)CC4)cc2)CC3)cc1,9.0
COc1ccc(-n2nc(C(F)(F)F)c3c2C(=O)N(c2ccc(C4(CS(C)(=O)=O)CC4)cc2)CC3)cc1,9.494850021680094
COc1ccc(-n2nc(C(F)(F)F)c3c2C(=O)N(c2ccc(C4(CC(N)=O)CC4)cc2)CC3)cc1,9.229147988357855
CN1CCC(N2CCN(C(=O)Cc3csc(NC(=O)c4ccc(Cl)cc4)n3)CC2)CC1,6.790484985457369
O=C(Nc1nc(CC(=O)N2CCN(CC(=O)N3CCCC3)CC2)cs1)c1ccc(Cl)s1,7.00436480540245
O=C(Cc1csc(NC(=O)c2ccc(Cl)s2)n1)Nc1ccc(-n2ccccc2=O)cc1F,7.744727494896693
O=C(Cn1ccc(NC(=O)c2ccc(Cl)s2)n1)Nc1ccc(-n2ccccc2=O)cc1F,8.221848749616356
CN1CCC(N2CCN(C(=O)Cn3cnc(NC(=O)c4ccc(Cl)s4)n3)CC2)CC1,6.756961951313706
O=C(Cn1cnc(NC(=O)c2ccc(Cl)s2)n1)Nc1ccc(-n2ccccc2=O)cc1F,8.221848749616356
O=C(Cn1nnc(NC(=O)c2ccc(Cl)s2)n1)Nc1ccc(-n2ccccc2=O)cc1F,7.958607314841775
O=C(CN1C[C@H](O)[C@@H](NC(=O)c2ccc(Cl)s2)C1)Nc1ccc(-n2ccccc2=O)cc1F,8.0
CO[C@H]1CN(CC(=O)Nc2ccc(-n3ccccc3=O)cc2F)C[C@@H]1NC(=O)c1ccc(Cl)s1,8.522878745280337
CCO[C@H]1CN(CC(=O)Nc2ccc(-n3ccccc3=O)cc2F)C[C@@H]1NC(=O)c1ccc(Cl)s1,8.0
O=C(CN1C[C@H](NC(=O)c2ccc(Cl)s2)[C@@H](OCC(F)F)C1)Nc1ccc(-n2ccccc2=O)cc1F,7.698970004336019
O=C(CN1C[C@H](NC(=O)c2ccc(Cl)s2)[C@@H](OCCO)C1)Nc1ccc(-n2ccccc2=O)cc1F,7.657577319177793
O=C(CN1C[C@H](CO)[C@@H](NC(=O)c2ccc(Cl)s2)C1)Nc1ccc(-n2ccccc2=O)cc1F,7.568636235841013
CC1CN(CC(=O)Nc2ccc(-n3ccccc3=O)cc2F)CC1NC(=O)c1ccc(Cl)s1,7.853871964321762
COC[C@@H]1C[C@@H](NC(=O)c2ccc(Cl)s2)CN1CC(=O)Nc1ccc(-n2ccccc2=O)cc1F,7.026872146400302
O=C(CN1C[C@H](NC(=O)c2ccc(Cl)s2)C[C@H]1CN1CCCC1)Nc1ccc(-n2ccccc2=O)cc1F,6.87942606879415
O=C(CN1C[C@H](NC(=O)c2ccc(Cl)s2)C[C@H]1C(=O)NCC1CC1)Nc1ccc(-n2ccccc2=O)cc1F,7.031517051446065
CC(C)[C@H](NC(=O)[C@H](CCCNC(=N)N)NC(=O)Cc1ccccc1)C(=O)N[C@@H](CCCNC(=N)N)C(=O)NCc1ccc(C(=N)N)cc1,4.3979400086720375
Cc1cc2cc(N/C(=N\C(=O)c3ccc(C(=O)N(C)C)nc3)N[C@H]3CCCCN(CC(=O)N4CCCC4)C3=O)ccc2o1,8.2839966563652
CC(c1ccc(N2CC[C@H](NS(=O)(=O)c3ccc4cc(Cl)ccc4c3)C2=O)c(F)c1)N1CCCC1,8.698970004336019
CC(c1ccc(N2CC[C@H](NS(=O)(=O)c3ccc4cc(Cl)ccc4c3)C2=O)c(F)c1)N1CCC1,9.096910013008056
CC(C)NC(C)c1ccc(N2CC[C@H](NS(=O)(=O)c3ccc4cc(Cl)ccc4c3)C2=O)c(F)c1,9.0
CCNC(C)c1ccc(N2CC[C@H](NS(=O)(=O)c3ccc4cc(Cl)ccc4c3)C2=O)c(F)c1,8.698970004336019
CC(c1ccc(N2CC[C@H](NS(=O)(=O)c3cc4ccc(Cl)cc4s3)C2=O)c(F)c1)N(C)C,8.301029995663981
CN(C)C(=O)c1ccc(N2CC[C@H](NS(=O)(=O)/C=C/c3ccc(Cl)s3)C2=O)c(F)c1,8.823908740944319
CNC(=O)c1ccc(N2CC[C@H](NS(=O)(=O)/C=C/c3ccc(Cl)s3)C2=O)c(F)c1,7.455931955649724
NC(=O)c1ccc(N2CC[C@H](NS(=O)(=O)/C=C/c3ccc(Cl)s3)C2=O)c(F)c1,8.292429823902063
CC(=O)c1ccc(N2CC[C@H](NS(=O)(=O)/C=C/c3ccc(Cl)s3)C2=O)c(F)c1,8.221848749616356
C=C(C)c1ccc(N2CC[C@H](NS(=O)(=O)/C=C/c3ccc(Cl)s3)C2=O)c(F)c1,8.207608310501746
CS(=O)(=O)c1ccccc1-c1ccc(NC(=O)c2cc(C(F)(F)F)nn2-c2cccc(CNC(=O)CN)c2)c(F)c1,8.045757490560675
CS(=O)(=O)c1ccccc1-c1ccc(NC(=O)c2cc(C(F)(F)F)nn2-c2cccc(-c3n[nH]c(=O)[nH]3)c2)c(F)c1,9.30102999566398
CS(=O)(=O)c1ccccc1-c1ccc(NC(=O)c2cc(C(F)(F)F)nn2-c2cccc(-c3nnc(N)[nH]3)c2)c(F)c1,7.823908740944319
CN(C)Cc1ccccc1-c1ccc(N2CCc3c(C(F)(F)F)nn(-c4cccc(-c5n[nH]c(=O)[nH]5)c4)c3C2=O)cc1,8.958607314841775
O=C1c2c(c(C(F)(F)F)nn2-c2cccc(-c3n[nH]c(=O)[nH]3)c2)CCN1c1ccc(-c2ccccc2CN2CC[C@@H](O)C2)cc1,9.075720713938118
O=C1c2c(c(C(F)(F)F)nn2-c2cccc(-c3n[nH]c(=O)[nH]3)c2)CCN1c1ccc(-c2ccccc2CN2CCCC2)cc1,9.397940008672036
Cc1nn(-c2cccc(-c3n[nH]c(=O)[nH]3)c2)c2c1CCN(c1ccc(-c3ccccc3CN3CCCC3)cc1)C2=O,8.09151498112135
NC(=O)c1nn(-c2cccc(-c3n[nH]c(=O)[nH]3)c2)c2c1CCN(c1ccc(-c3ccccc3CN3CCCC3)cc1)C2=O,9.602059991327964
COC(=O)C(Oc1cccc2sc(C(=N)N)cc12)c1ccccc1,4.860120913598763
N=C(N)c1cc2c(OC(C(=O)Nc3ccccc3)c3ccccc3)cccc2s1,6.823908740944319
N=C(N)c1cc2c(OC(C(=O)NCc3ccccc3)c3ccccc3)cccc2s1,6.022276394711152
COc1ccccc1NC(=O)C(Oc1cccc2sc(C(=N)N)cc12)c1ccccc1,7.154901959985743
COc1cccc(NC(=O)C(Oc2cccc3sc(C(=N)N)cc23)c2ccccc2)c1,6.537602002101044
CC(=O)NCC(Oc1cccc2sc(C(=N)N)cc12)c1ccccc1,5.886056647693163
N=C(N)c1cc2c(OC(CNCc3ccccc3)c3ccccc3)cccc2s1,6.6020599913279625
N=C(N)c1cc2c(OC(CNC(=O)Oc3ccccc3)c3ccccc3)cccc2s1,6.251811972993799
N=C(N)c1cc2c(OC(CNC(=O)Nc3ccccc3)c3ccccc3)cccc2s1,6.017728766960431
N=C(N)c1cc2c(OC(CO)c3ccccc3)cccc2s1,5.7594507517174005
CNC(=O)OCC(Oc1cccc2sc(C(=N)N)cc12)c1ccccc1,6.154901959985743
CCNC(=O)OCC(Oc1cccc2sc(C(=N)N)cc12)c1ccccc1,6.443697499232712
N=C(N)c1cc2c(OC(COC(=O)Nc3ccccc3)c3ccccc3)cccc2s1,5.742321425130816
N=C(N)c1cc2c(OC(COC(=O)Nc3ccccc3F)c3ccccc3)cccc2s1,6.259637310505756
N=C(N)c1cc2c(OC(COC(=O)Nc3ccc(F)cc3)c3ccccc3)cccc2s1,5.769551078621726
N=C(N)c1cc2c(OC(COC(=O)Nc3ccccc3CN)c3ccccc3)cccc2s1,6.0835460514500745
CN(C)Cc1ccccc1NC(=O)OCC(Oc1cccc2sc(C(=N)N)cc12)c1ccccc1,6.08196966321512
N=C(N)c1cc2c(OC(COC(=O)Nc3ccccc3CN3CCNCC3)c3ccccc3)cccc2s1,6.450996737974212
Cc1cc(NC(=O)OCC(Oc2cccc3sc(C(=N)N)cc23)c2ccccc2)n(C)n1,5.688034339631634
COCc1cc(NC(=O)OCC(Oc2cccc3sc(C(=N)N)cc23)c2ccccc2)n(C)n1,5.806875401645538
CNCc1cc(NC(=O)OCC(Oc2cccc3sc(C(=N)N)cc23)c2ccccc2)n(C)n1,5.896196279044043
Cc1n[nH]c(C)c1NC(=O)OCC(Oc1cccc2sc(C(=N)N)cc12)c1ccccc1,5.546070407942271
COC(=O)Cn1nc(C)c(NC(=O)OCC(Oc2cccc3sc(C(=N)N)cc23)c2ccccc2)c1C,5.886056647693163
CNCc1c(NC(=O)OCC(Oc2cccc3sc(C(=N)N)cc23)c2ccccc2)c(C)nn1C,5.624336386039115
Cc1nn(C)c(CNC(C)C)c1NC(=O)OCC(Oc1cccc2sc(C(=N)N)cc12)c1ccccc1,5.788345599446817
N=C(N)c1cc2c(OC(COC(=O)Nc3ccccc3)c3ccccc3)cc(F)cc2s1,5.79997073344623
CN(C)Cc1ccccc1NC(=O)OCC(Oc1cc(F)cc2sc(C(=N)N)cc12)c1ccccc1,5.865504144165326
N=C(N)c1cc2c(O[C@@H](c3ccccc3)c3nc(-c4ccccc4)no3)cccc2s1,5.401209493236885
N=C(N)c1cc2c(I)cccc2s1,4.657577319177793
N=C(N)c1cc2c(OCc3ccccc3)cccc2s1,5.221848749616356
COc1ccc(-c2ccc3sc(C(=N)N)cc3c2)cc1OC,4.924453038607469
CCOC(=O)COc1cccc(-c2ccc3sc(C(=N)N)cc3c2)c1,6.221848749616356
N=C(N)c1cc2cc(-c3cccc(OCc4cccc(F)c4)c3)ccc2s1,5.207608310501746
COc1cccc(COc2cccc(-c3ccc4sc(C(=N)N)cc4c3)c2)c1,5.366531544420414
COc1ccc(COc2cccc(-c3ccc4sc(C(=N)N)cc4c3)c2)cc1,4.882728704344236
Cc1ccc(COc2cccc(-c3ccc4sc(C(=N)N)cc4c3)c2)cc1,5.102372908709558
N=C(N)c1cc2cc(-c3cccc(OCc4ccc(F)c(F)c4)c3)ccc2s1,5.2441251443275085
N=C(N)c1cc2cc(-c3cccc(OCc4ccc(F)c(Cl)c4)c3)ccc2s1,7.259637310505756
N=C(N)c1cc2cc(-c3cccc(OC(C(N)=O)c4ccc(F)cc4)c3)ccc2s1,4.346787486224656
COC(=O)C(Oc1cccc(-c2ccc3sc(C(=N)N)cc3c2)c1)c1ccc(F)cc1,7.356547323513812
N=C(N)c1cc2cc(-c3cccc(OC(C(=O)O)c4ccc(F)cc4)c3)ccc2s1,6.040958607678906
COC(=O)C(Oc1cccc(-c2ccc3sc(C(=N)N)cc3c2)c1)c1ccc(Cl)cc1,7.769551078621726
COC(=O)CC(Oc1cccc(-c2ccc3sc(C(=N)N)cc3c2)c1)c1ccc(Cl)cc1,7.481486060122112
COC(=O)C(Oc1cccc(-c2ccc3sc(C(=N)N)cc3c2)c1)c1cccs1,7.602059991327962
N#Cc1cnc(NCC(F)(F)c2ccccc2)c(=O)n1CC(=O)NCCONC(=N)N,5.187086643357144
CC(=O)N1C[C@H](C(=O)Nc2ccc(Cl)cc2)[C@@H](C(=O)Nc2ccc(-n3ccccc3=O)cc2F)C1,7.552841968657781
COC(=O)N1C[C@H](C(=O)Nc2ccc(Cl)cc2)[C@@H](C(=O)Nc2ccc(-n3ccccc3=O)cc2F)C1,7.657577319177793
O=C(Nc1ccc(Cl)cc1)[C@H]1CN(CC(F)F)C[C@@H]1C(=O)Nc1ccc(-n2ccccc2=O)cc1F,8.0
NS(=O)(=O)N1C[C@H](C(=O)Nc2ccc(Cl)cc2)[C@@H](C(=O)Nc2ccc(-n3ccccc3=O)cc2F)C1,8.0
O=C(Nc1ccc(Cl)cc1)[C@H]1CN(CC(F)(F)F)C[C@@H]1C(=O)Nc1ccc(-n2ccccc2=O)cc1F,8.045757490560675
O=C(Nc1ccc(Cl)cc1)[C@H]1CN(S(=O)(=O)CC(F)(F)F)C[C@@H]1C(=O)Nc1ccc(-n2ccccc2=O)cc1F,7.769551078621726
CN(C)S(=O)(=O)N1C[C@H](C(=O)Nc2ccc(Cl)cc2)[C@@H](C(=O)Nc2ccc(-n3ccccc3=O)cc2F)C1,8.096910013008056
CCOC(=O)N1C[C@H](C(=O)Nc2ccc(Cl)cc2)[C@@H](C(=O)Nc2ccc(-n3ccccc3=O)cc2F)C1,7.267606240177032
O=C(Nc1ccc(Cl)cc1)[C@H]1CN(C(=O)N2CCCC2)C[C@@H]1C(=O)Nc1ccc(-n2ccccc2=O)cc1F,7.1487416512809245
CCCOC(=O)N1C[C@H](C(=O)Nc2ccc(Cl)cc2)[C@@H](C(=O)Nc2ccc(-n3ccccc3=O)cc2F)C1,7.327902142064283
O=C(Nc1ccc(Cl)cc1)[C@H]1CN(Cc2ccncc2)C[C@@H]1C(=O)Nc1ccc(-n2ccccc2=O)cc1F,7.468521082957745
COCCN1C[C@H](C(=O)Nc2ccc(Cl)cc2)[C@@H](C(=O)Nc2ccc(-n3ccccc3=O)cc2F)C1,7.356547323513812
O=C(Nc1ccc(Cl)cc1)[C@H]1CN(Cc2cccs2)C[C@@H]1C(=O)Nc1ccc(-n2ccccc2=O)cc1F,7.958607314841775
N#CCN1C[C@H](C(=O)Nc2ccc(Cl)cc2)[C@@H](C(=O)Nc2ccc(-n3ccccc3=O)cc2F)C1,7.376750709602099
COC(=O)N1C[C@H](C(=O)Nc2ccc(Cl)cn2)[C@@H](C(=O)Nc2ccc(-n3ccccc3=O)cc2F)C1,7.568636235841013
CS(=O)(=O)N1C[C@H](C(=O)Nc2ccc3[nH]ccc3c2)[C@@H](C(=O)Nc2ccc(-n3ccccc3=O)cc2F)C1,6.462180904926726
COc1ccc(NC(=O)[C@H]2CN(S(C)(=O)=O)C[C@@H]2C(=O)Nc2ccc(-n3ccccc3=O)cc2F)cc1Cl,6.091514981121351
COc1ccc(NC(=O)[C@H]2CN(S(C)(=O)=O)C[C@@H]2C(=O)Nc2ccc(-n3ccccc3=O)cc2F)cc1F,6.716698771296451
CS(=O)(=O)N1C[C@H](C(=O)Nc2ccc(OC(F)(F)F)cc2)[C@@H](C(=O)Nc2ccc(-n3ccccc3=O)cc2F)C1,4.761953896871205
CS(=O)(=O)N1C[C@H](C(=O)Nc2ccc(Cl)cc2F)[C@@H](C(=O)Nc2ccc(-n3ccccc3=O)cc2F)C1,6.886056647693163
CS(=O)(=O)N1C[C@H](C(=O)NCc2ccc(Cl)cc2)[C@@H](C(=O)Nc2ccc(-n3ccccc3=O)cc2F)C1,4.78015361397564
CS(=O)(=O)N1C[C@H](C(=O)Nc2ccc3[nH]ncc3c2)[C@@H](C(=O)Nc2ccc(-n3ccccc3=O)cc2F)C1,5.904133546521457
CS(=O)(=O)N1C[C@H](C(=O)Nc2ccc(Cl)cc2N)[C@@H](C(=O)Nc2ccc(-n3ccccc3=O)cc2F)C1,6.375717904164332
CS(=O)(=O)N1C[C@H](C(=O)Nc2ccc(Cl)cc2)[C@@H](C(=O)Nc2ccc(C(=O)N3CC=CC3)cc2)C1,7.036212172654444
CS(=O)(=O)N1C[C@H](C(=O)Nc2ccc(Cl)cc2)[C@@H](C(=O)Nc2ccc(-n3ncccc3=O)cc2F)C1,5.749824051916075
CS(=O)(=O)N1C[C@H](C(=O)Nc2ccc(Cl)cc2)[C@@H](C(=O)Nc2ccc(-n3ccccc3=O)cc2)C1,7.853871964321762
Cc1cccn(-c2ccc(NC(=O)[C@H]3CN(S(C)(=O)=O)C[C@@H]3C(=O)Nc3ccc(Cl)cc3)c(F)c2)c1=O,7.823908740944319
CS(=O)(=O)c1ccccc1-c1ccc(NC(=O)[C@H]2CN(S(C)(=O)=O)C[C@@H]2C(=O)Nc2ccc(Cl)cc2)c(F)c1,7.397940008672037
CS(=O)(=O)N1C[C@H](C(=O)Nc2ccc(Cl)cc2)[C@@H](C(=O)Nc2ccc(N3CCCCS3(=O)=O)cc2)C1,6.696803942579511
Cc1cc(-n2ccccc2=O)ccc1NC(=O)[C@H]1CN(S(C)(=O)=O)C[C@@H]1C(=O)Nc1ccc(Cl)cc1,7.657577319177793
CS(=O)(=O)N1C[C@H](C(=O)Nc2ccc(Cl)cc2)[C@@H](C(=O)Nc2ccc(N3CCOCC3=O)cc2F)C1,7.337242168318426
CS(=O)(=O)N1C[C@H](C(=O)Nc2ccc(Cl)cc2)[C@@H](C(=O)Nc2ccc(-n3ccccc3=O)cn2)C1,7.397940008672037
CS(=O)(=O)N1C[C@H](C(=O)Nc2ccc(Cl)cc2)[C@@H](C(=O)Nc2ccc(N3CCOCC3=O)cc2)C1,7.619788758288394
COc1ccc2ccc(S(=O)(=O)N[C@H]3CCN(Cc4ccc5ccnc(N)c5c4)C3=O)cc2c1,6.7447274948966935
Nc1cc2ccnc(N)c2cc1CN1CC[C@H](NS(=O)(=O)c2cc3ncccc3s2)C1=O,8.221848749616356
O=C1[C@@H](NS(=O)(=O)c2cc3ccc(Cl)cc3s2)CCN1Cc1cc2cc[nH]cc-2n1,7.366531544420414
CN1CCc2nc(C(=O)N[C@@H]3C[C@@H](C(=O)N(C)C)CC[C@@H]3NC(=O)C(=O)Nc3ccc(Cl)cn3)sc2C1,9.2518119729938
CC(C)(C)OC(=O)[C@@H](Cc1ccc(O)cc1)NC(=O)c1cccc(C(=N)N)c1,4.795880017344075
CS(=O)(=O)c1cc(F)ccc1N1CCN(C(=O)[C@H](NC(=O)c2ccc3ccnc(N)c3c2)c2ccccc2)CC1,8.522878745280337
CS(=O)(=O)c1cc(F)ccc1N1CCN(C(=O)[C@H](NC(=O)c2ccc(Cl)c(N)c2)c2ccccc2)CC1,8.698970004336019
CN1CCC(C2CCN(C(=O)[C@H](NC(=O)c3ccc4cc[nH]c4c3)c3ccccc3)CC2)CC1,8.397940008672037
Cc1c[nH]c2cc(C(=O)N[C@@H](C(=O)N3CCC(C4CCN(C)CC4)CC3)c3ccccc3)ccc12,9.045757490560677
CN1CCC(N2CCN(C(=O)[C@H](NC(=O)c3ccc4cc[nH]c4c3)c3ccccc3)CC2)CC1,8.337242168318426
Cc1cc2cc(/N=C(/NC#N)N[C@H]3CCCCN(CC(=O)N4CCCC4)C3=O)ccc2o1,8.187086643357144
Cc1ncc2n1C(=O)N(C1CCN(C(=O)CCS(=O)(=O)c3ccc4cc(Cl)ccc4c3)CC1)C2,8.698970004336019
Cc1ncc2n1C(=O)N(C1CCN(C(=O)[C@H](O)CS(=O)(=O)c3ccc4cc(Cl)ccc4c3)CC1)C2,9.30102999566398
N=C(N)N1CCc2ccc(OCC3(C(=O)O)CCN(c4ccncc4)CC3)cc2C1,7.721246399047171
O=C([C@H](O)CS(=O)(=O)c1ccc2cc(Cl)ccc2c1)N1CCC(N2CCCNC2=O)CC1,8.744727494896694
C/C(=N\NC(=N)N)c1cc(NC(=O)CCCNC(=N)N)cc(/C(C)=N/NC(=N)N)c1,4.795880017344075
O=C1[C@@H](NS(=O)(=O)c2ccc3cc[nH]c3c2)CCN1c1ccc(C2CCCN2)cc1F,7.0
O=C1[C@@H](NS(=O)(=O)c2ccc3c(Cl)c[nH]c3c2)CCN1c1ccc(C2CCCN2)cc1F,8.698970004336019
CN1CCCC1c1ccc(N2CC[C@H](NS(=O)(=O)c3ccc4cc(Cl)ccc4c3)C2=O)c(F)c1,8.221848749616356
CN1CCCC1c1ccc(N2CC[C@H](NS(=O)(=O)/C=C/c3ccc(Cl)s3)C2=O)c(F)c1,7.823908740944319
NC1CCc2cc(N3CC[C@H](NS(=O)(=O)c4ccc5cc(Cl)ccc5c4)C3=O)ccc21,8.301029995663981
CN(C)C1CCc2cc(N3CC[C@H](NS(=O)(=O)c4ccc5c(Cl)c[nH]c5c4)C3=O)ccc21,9.0
CN1CCc2cc(N3CC[C@H](NS(=O)(=O)/C=C/c4ccc(Cl)s4)C3=O)ccc2C1,9.0
O=C1[C@@H](NS(=O)(=O)/C=C/c2ccc(Cl)s2)CCN1c1ccc2c(c1)CCNC2,9.221848749616356
O=C1[C@@H](NS(=O)(=O)c2ccc3cc(Cl)ccc3c2)CCN1c1ccc2c(c1)CCNC2,9.0
O=C1[C@@H](NS(=O)(=O)c2ccc3c(Cl)c[nH]c3c2)CCN1c1ccc2c(c1)CCNC2,9.0
O=C1[C@@H](NS(=O)(=O)/C=C/c2ccc(Cl)s2)CCN1c1ccc2c(c1)CNCC2,8.096910013008056
O=C1[C@@H](NS(=O)(=O)c2ccc3cc(Cl)ccc3c2)CCN1c1ccc2c(c1)CNCC2,8.0
O=C1[C@@H](NS(=O)(=O)c2ccc3c(Cl)c[nH]c3c2)CCN1c1ccc2c(c1)CNCC2,7.823908740944319
O=C1[C@@H](NS(=O)(=O)/C=C/c2ccc(Cl)s2)CCN1c1cc2c(cc1F)CNCC2,8.698970004336019
O=C1[C@@H](NS(=O)(=O)c2ccc3c(Cl)c[nH]c3c2)CCN1c1ccc2c(c1F)CCNC2,8.698970004336019
O=C1[C@@H](NS(=O)(=O)/C=C/c2ccc(Cl)s2)CCN1c1ccc2c(c1)CCCNC2,9.0
O=C1[C@@H](NS(=O)(=O)c2ccc3c(Cl)c[nH]c3c2)CCN1c1ccc2c(c1)CCCNC2,9.096910013008056
O=C1[C@@H](NS(=O)(=O)/C=C/c2ccc(Cl)s2)CCN1c1ccc2c(c1F)CCCNC2,8.886056647693163
O=C1[C@@H](NS(=O)(=O)c2ccc3cc(Cl)ccc3c2)CCN1c1ccc2c(c1F)CCCNC2,9.096910013008056
N=C(N)c1ccc(CNC(=O)[C@@H]2CCCN2C(=O)[C@@H](CCCCN)NS(=O)(=O)Cc2ccccc2)cc1,7.2839966563652
N=C(N)c1ccc(CNC(=O)[C@@H]2CCCN2C(=O)[C@@H](CCC(=O)N2CCN(c3ncccn3)CC2)NS(=O)(=O)Cc2ccccc2)cc1,6.889410289700751
N=C(N)c1ccc(CNC(=O)[C@@H]2CCCN2C(=O)[C@@H](CCC(=O)N2CCN(C(=O)OCc3ccccc3)CC2)NS(=O)(=O)Cc2ccccc2)cc1,6.401209493236885
N=C(N)c1ccc(CNC(=O)[C@@H]2CCCN2C(=O)[C@@H](CCC(=O)N2CCNCC2)NS(=O)(=O)Cc2ccccc2)cc1,6.247951552180561
CCC(NCc1ccc(C(=N)N)cc1)C(=O)[C@@H](CCCNC(=N)N)NS(=O)(=O)Cc1ccccc1,8.67778070526608
CC(C)[C@H](NCc1ccc(C(=N)N)cc1)C(=O)[C@@H](CCCNC(=N)N)NS(=O)(=O)Cc1ccccc1,7.67778070526608
N=C(N)NCCC[C@@H](NS(=O)(=O)Cc1ccccc1)C(=O)[C@H](CO)NCc1ccc(C(=N)N)cc1,7.838631997765025
COc1ccc(C(=O)Nc2cccc(O)c2NC(=O)c2ccc(N3CCCN(C)CC3)cc2)cc1,7.508638306165727
CCOC(=O)CN(Cc1ccc(F)cc1)c1ccc2c(c1)N(C)CC(C)(COc1ccc(C(=N)N)cc1)O2,5.176525770829699
CN1CC(C)(COc2ccc(C(=N)N)cc2)Oc2ccc(N(CC(=O)O)Cc3ccc(F)cc3)cc21,5.113509274827518
CCOC(=O)CN(Cc1ccc(F)cc1)c1ccc2c(c1)OC(C)(COc1ccc(C(=N)N)cc1)CN2C,5.795880017344075
CN1CC(C)(COc2ccc(C(=N)N)cc2)Oc2cc(N(CC(=O)O)Cc3ccc(F)cc3)ccc21,5.251811972993799
CCOC(=O)C(=O)N(Cc1ccc(F)cc1)c1ccc2c(c1)N(C)CC(C)(COc1ccc(C(=N)N)cc1)O2,5.260427655549908
CN1CC(C)(COc2ccc(C(=N)N)cc2)Oc2ccc(N(Cc3ccc(F)cc3)C(=O)C(=O)O)cc21,4.787812395596042
CCOC(=O)C(=O)N(Cc1ccc(F)cc1)c1ccc2c(c1)OC(C)(COc1ccc(C(=N)N)cc1)CN2C,5.548213564475709
CN1CC(C)(COc2ccc(C(=N)N)cc2)Oc2cc(N(Cc3ccc(F)cc3)C(=O)C(=O)O)ccc21,5.113509274827518
CN1CC(C)(COc2ccc(C(=N)N)cc2)Oc2ccc(N(CC(=O)O)Cc3cccc(F)c3)cc21,5.119186407719209
CN1CC(C)(COc2ccc(C(=N)N)cc2)Oc2cc(N(CC(=O)O)Cc3cccc(F)c3)ccc21,5.180456064458132
CCOC(=O)C(=O)N(Cc1cccc(F)c1)c1ccc2c(c1)N(C)CC(C)(COc1ccc(C(=N)N)cc1)O2,5.309803919971486
CCOC(=O)C(=O)N(Cc1cccc(F)c1)c1ccc2c(c1)OC(C)(COc1ccc(C(=N)N)cc1)CN2C,5.795880017344075
CN1CC(C)(COc2ccc(C(=N)N)cc2)Oc2cc(N(Cc3cccc(F)c3)C(=O)C(=O)O)ccc21,5.3872161432802645
CN1CC(C)(COc2ccc(C(=N)N)cc2)Oc2ccc(N(CC(=O)O)Cc3ccc(F)c(F)c3)cc21,5.187086643357144
CCOC(=O)CN(Cc1ccc(F)c(F)c1)c1ccc2c(c1)OC(C)(COc1ccc(C(=N)N)cc1)CN2C,5.823908740944319
CN1CC(C)(COc2ccc(C(=N)N)cc2)Oc2cc(N(CC(=O)O)Cc3ccc(F)c(F)c3)ccc21,5.356547323513812
CCOC(=O)C(=O)N(Cc1ccc(F)c(F)c1)c1ccc2c(c1)N(C)CC(C)(COc1ccc(C(=N)N)cc1)O2,5.327902142064283
CCOC(=O)CN(Cc1cc(F)cc(F)c1)c1ccc2c(c1)N(C)CC(C)(COc1ccc(C(=N)N)cc1)O2,5.008773924307505
CN1CC(C)(COc2ccc(C(=N)N)cc2)Oc2ccc(N(CC(=O)O)Cc3cc(F)cc(F)c3)cc21,5.008773924307505
CCOC(=O)CN(Cc1cc(F)cc(F)c1)c1ccc2c(c1)OC(C)(COc1ccc(C(=N)N)cc1)CN2C,4.823908740944319
CCOC(=O)C(=O)N(Cc1cc(F)cc(F)c1)c1ccc2c(c1)N(C)CC(C)(COc1ccc(C(=N)N)cc1)O2,5.221848749616356
CN1CC(C)(COc2ccc(C(=N)N)cc2)Oc2ccc(N(Cc3cc(F)cc(F)c3)C(=O)C(=O)O)cc21,4.853871964321762
CCOC(=O)C(=O)N(Cc1cc(F)cc(F)c1)c1ccc2c(c1)OC(C)(COc1ccc(C(=N)N)cc1)CN2C,6.102372908709558
N=C(N)NCc1cccc(C[C@H](NC(=O)[C@@H](CCCc2ccccc2)NS(=O)(=O)Cc2cccc(C(=O)O)c2)C(=O)NCc2ccc(C(=N)N)cc2)c1,7.376750709602099
N=C(N)c1ccc(CNC(=O)[C@@H]2Cc3ccc(cc3)CNC(=O)CN3CCN(CC3)CC(=O)NCc3ccc(cc3)C[C@@H](NS(=O)(=O)Cc3ccccc3)C(=O)N2)cc1,5.459420283495546
N=C(N)c1ccc(CNC(=O)[C@@H]2Cc3cccc(c3)CNC(=O)Cc3ccc(cc3)CC(=O)NCc3cccc(c3)C[C@@H](NS(=O)(=O)Cc3ccccc3)C(=O)N2)cc1,6.818156412055227
N=C(N)c1ccc(CNC(=O)[C@@H]2Cc3cccc(c3)CNC(=O)CN3CCN(CC3)CC(=O)NCc3cccc(c3)C[C@@H](NS(=O)(=O)Cc3ccccc3)C(=O)N2)cc1,7.62616885492617
N=C(N)c1ccc(CNC(=O)[C@@H]2Cc3cccc(c3)CNC(=O)Cc3cccc(c3)CC(=O)NCc3cccc(c3)C[C@@H](NS(=O)(=O)Cc3ccccc3)C(=O)N2)cc1,7.376233999866069
N=C(N)c1ccc(CNC(=O)[C@@H]2Cc3cn(nn3)Cc3cccc(c3)Cn3cc(nn3)C[C@@H](NS(=O)(=O)Cc3ccccc3)C(=O)N2)cc1,6.686132779630847
N=C(N)c1ccc(CNC(=O)[C@@H]2Cc3cn(nn3)Cc3cccc(n3)Cn3cc(nn3)C[C@@H](NS(=O)(=O)Cc3ccccc3)C(=O)N2)cc1,5.730487055782084
CCNCC(=O)N=S(C)(=O)c1ccc(C(=O)Nc2ccc(Cl)cc2C(=O)Nc2ccc(Cl)cn2)cc1,8.823908740944319
COc1ccc(C(=O)NC2(C(=O)NCC3CCN(c4ccncc4)CC3)CC2)cc1,6.756961951313706
CCCNc1cnc2n(c1=O)[C@H](C(=O)NCc1ccc(C(=N)N)cc1)CC2(CC)CC,4.920818753952375
CC(C)(C)OC(=O)CNc1nc(Cl)c2n(c1=O)[C@H](C(=O)NCc1ccc(C(=N)N)cc1)CC2(C)C,6.537602002101044
C[C@@]1(C(=O)NCc2ccccc2)C[C@@H](C(=O)NCc2ccc(C(=N)N)cc2)n2c1c(Cl)nc(NC1CCC1)c2=O,5.431798275933005
CNC(=O)[C@]1(C)C[C@@H](C(=O)NCc2ccc(C(=N)N)cc2)n2c1c(Cl)nc(NC1CCC1)c2=O,5.958607314841775
CCCC1(CCC)C[C@@H](C(=O)NCc2ccc(C(=N)N)cc2)n2c1c(Cl)nc(NC1CCC1)c2=O,6.259637310505756
CCC1(CC)C[C@@H](C(=O)NCc2ccc(C(=N)N)cc2)n2c1c(Cl)nc(NC1CCC1)c2=O,5.481486060122113
O=C(NC[C@H]1CN(c2ccc(N3CCC(C(=O)O)CC3)cc2)C(=O)O1)c1ccc(Cl)c(-c2noc(=O)[nH]2)c1,4.047207556955908
O=C(O)C1CCN(c2ccc(N3C[C@@H](CNCc4ccc(-c5noc(=O)[nH]5)cc4)OC3=O)cc2)CC1,4.023191662661934
COc1cc([C@@H]2Nc3ccc(C(=N)N)cc3[C@H]3c4ccccc4C[C@@H]23)c(-c2ccc(C(=O)O)cc2)cc1O,5.886056647693163
COc1cc([C@@H]2Nc3ccc(C(=N)N)cc3[C@H]3c4ccccc4C[C@@H]23)c(-c2ccccc2C(=O)O)cc1O,7.795880017344075
CC1CNc2c(cccc2S(=O)(=O)N[C@@H](CCCNC(=N)N)C(=O)N2CC[C@@H](C)C[C@@H]2C(=O)O)C1,4.275724130399211
N=C(N)c1ccc(CNC(=O)[C@@H]2CCN2C(=O)[C@H](NCC(=O)O)C2CCCCC2)cc1,5.434152181326482
CCOc1cc(C(Nc2ccc3cnccc3c2)C(=O)NS(=O)(=O)c2cccc(S(=O)(=O)N(C)C)c2)ccc1OC(C)C,5.142667503568732
CCOc1cc(C(Nc2ccc3cnccc3c2)C(=O)NS(=O)(=O)c2cccc(S(=O)(=O)NC)c2)ccc1OC(C)C,5.154901959985743
CCOc1cc(C(Nc2ccc3c(N)nccc3c2)C(=O)NS(=O)(=O)c2ccc(N)cc2)ccc1OC(C)C,5.236572006437063
CCOc1cc(C(Nc2ccc3cnccc3c2)C(=O)NS(=O)(=O)c2ccccc2)ccc1OC(C)C,5.267606240177032
O=C(Nc1ccc(OCc2cccc(F)c2)cc1)C1CCN(c2ccncc2)CC1,4.600326278518962
Fc1cccc(COc2cccc(NCC3CCN(c4ccncc4)CC3)c2)c1,5.416801226031377
O=C(Nc1cccc(CCc2ccc(F)cc2)c1)C1CCN(c2ccncc2)CC1,4.423658649794207
O=C(Nc1cccc(OCCc2cccc(F)c2)c1)C1CCN(c2ccncc2)CC1,5.669586226650809
O=C(Nc1cccc(OCCc2ccc(F)cc2)c1)C1CCN(c2ccncc2)CC1,6.876148359032914
O=C(Nc1cccc(OCc2ccc3c(c2)OCO3)c1)C1CCN(c2ccncc2)CC1,5.429457060118103
COc1ccc(COc2cccc(NC(=O)C3CCN(c4ccncc4)CC3)c2)cc1OC,6.217527375833714
COc1ccc(COc2cccc(NC(=O)C3CCN(c4ccncc4)CC3)c2)cc1,4.954677021213342
CN(C)Cc1ccc(COc2cccc(NC(=O)C3CCN(c4ccncc4)CC3)c2)cc1,4.913640169325252
Nc1ccc(COc2cccc(NC(=O)C3CCN(c4ccncc4)CC3)c2)cc1,4.6020599913279625
CS(=O)(=O)c1ccccc1COc1cccc(NC(=O)C2CCN(c3ccncc3)CC2)c1,4.454692883534176
CS(=O)(=O)c1cccc(COc2cccc(NC(=O)C3CCN(c4ccncc4)CC3)c2)c1,4.806875401645539
CS(=O)(=O)c1ccc(COc2cccc(NC(=O)C3CCN(c4ccncc4)CC3)c2)cc1,5.111820506081675
O=C(Nc1cccc(OCc2ccc([N+](=O)[O-])cc2)c1)C1CCN(c2ccncc2)CC1,5.221848749616356
O=C(Nc1cccc(OCc2ccc(Cl)cc2)c1)C1CCN(c2ccncc2)CC1,4.528708288941061
O=C(Nc1cccc(OCc2ccc(F)cc2)c1)C1CCN(c2ccncc2)CC1,5.958607314841775
O=C(Nc1cccc(OCc2ccccc2)c1)C1CCN(c2ccncc2)CC1,5.127261172527331
O=C(Nc1cccc(OCc2ccc(F)cc2)c1)C1CCN(c2ccccn2)CC1,4.107905397309519
O=C(Nc1cccc(OCc2ccc(F)cc2)c1)C1CCN(c2ncccn2)CC1,4.03810452633215
N=C(N)c1ccc(Oc2cc(C(=O)N[C@H]3CC[C@H](N)CC3)cc(Oc3ccc(C(=N)N)cc3)n2)cc1,6.3979400086720375
N=C(N)c1ccc(Oc2cc(C(=O)NC3CCN(CCCN)CC3)cc(Oc3ccc(C(=N)N)cc3)n2)cc1,7.0
N=C(N)c1ccc(Oc2cc(C(=O)N3CCC(CCN)CC3)cc(Oc3ccc(C(=N)N)cc3)n2)cc1,6.698970004336019
N=C(N)c1ccc(Oc2ccc(C(=O)N3CCC(CCN)CC3)c(Oc3ccc(C(=N)N)cc3)n2)cc1,5.823908740944319
N=C(N)c1ccc(Oc2ccc(C(=O)NCCCN)c(Oc3ccc(C(=N)N)cc3)n2)cc1,6.522878745280337
N=C(N)c1ccc(Oc2ccc(C(=O)NC3CCN(C(=O)CCN)CC3)c(Oc3ccc(C(=N)N)cc3)n2)cc1,5.638272163982407
CCOc1cc([C@@H](Nc2ccc3c(N)nccc3c2)C(=O)N2CCC[C@@H]2c2cc(NC(=O)OC)ccc2S(=O)(=O)C(C)C)c(F)cc1F,5.346787486224656
COC(=O)Nc1ccc(S(=O)(=O)C(C)C)c([C@H]2CCCN2C(=O)[C@H](Nc2ccc3c(N)nccc3c2)c2cc(OC)ccc2F)c1,5.2839966563652006
COC(=O)Nc1ccc(S(=O)(=O)C(C)C)c([C@H]2CCCN2C(=O)[C@H](Nc2ccc3c(N)nccc3c2)c2ccc(F)c(OC)c2)c1,5.1938200260161125
COC(=O)Nc1ccc(S(=O)(=O)C(C)C)c([C@H]2CCCN2C(=O)[C@H](Nc2ccc3c(N)nccc3c2)c2ccc(OC)c(OC)c2)c1,5.045757490560675
CCOc1cc(C(Nc2ccc3c(N)nccc3c2)C(=O)NCc2cc(NC(C)=O)ccc2S(=O)(=O)CC)ccc1OC(C)C,5.142667503568732
CCOc1cc(C(Nc2ccc3c(N)nccc3c2)C(=O)NCc2cccc(N(C)C(C)=O)c2)ccc1OC(C)C,5.119186407719209
CCOc1cc(C(Nc2ccc3c(N)nccc3c2)C(=O)NCc2cccc(N)c2)ccc1OC(C)C,5.7447274948966935
CCOc1cc(C(Nc2ccc3c(N)nccc3c2)C(=O)NCc2cccc(S(N)(=O)=O)c2)ccc1OC(C)C,5.091514981121351
CCOc1cc(C(Nc2ccc3c(N)nccc3c2)C(=O)NCc2cccc(NS(N)(=O)=O)c2)ccc1OC(C)C,5.3872161432802645
CCOc1cc(C(Nc2ccc3c(N)nccc3c2)C(=O)NCc2cccc(NC(C)=O)c2)ccc1OC(C)C,5.142667503568732
CCOc1cc(C(Nc2ccc3c(N)nccc3c2)C(=O)NCc2ccccc2)ccc1OC(C)C,5.229147988357856
N=C(N)c1ccc(CNC(=O)C(Cc2ccc(CN)cc2)NC(=O)[C@@H](CC2CCCCC2)NCC(=O)O)cc1,4.853871964321762
N=C(N)c1ccc(CNC(=O)[C@H](Cc2ccc(O)cc2)NC(=O)[C@@H](CC2CCCCC2)NCC(=O)O)cc1,5.096910013008056
N=C(N)c1ccc(CNC(=O)C2(NC(=O)[C@H](NCC(=O)O)C3CCCCC3)Cc3ccccc3C2)cc1,4.795880017344075
C[C@]1(c2ccccc2)C[C@@H](c2cccc(-c3ccc(C(=O)O)cc3C(=O)O)c2)Nc2ccc(C(=N)N)cc21,5.031517051446065
C[C@]1(c2ccccc2)C[C@@H](c2cc(NC(=O)C3CC3)cc(-c3ccc(C(N)=O)cc3C(=O)O)c2)Nc2ccc(C(=N)N)cc21,6.055517327849832
CCCC(=O)Nc1cc(-c2ccc(C(N)=O)cc2C(=O)O)cc([C@@H]2C[C@](C)(c3ccccc3)c3cc(C(=N)N)ccc3N2)c1,6.193141970481182
CCC(=O)Nc1cc(-c2ccc(C(N)=O)cc2C(=O)O)cc([C@@H]2C[C@](C)(c3ccccc3)c3cc(C(=N)N)ccc3N2)c1,5.8297382846050425
CC(=O)Nc1cc(-c2ccc(C(N)=O)cc2C(=O)O)cc([C@@H]2C[C@](C)(c3ccccc3)c3cc(C(=N)N)ccc3N2)c1,5.742321425130816
C[C@]1(c2ccccc2)C[C@@H](c2cc(N)cc(-c3ccc(C(N)=O)cc3C(=O)O)c2)Nc2ccc(C(=N)N)cc21,5.647817481888637
N=C(N)c1ccc2c(c1)[C@@H](c1ccccc1)C[C@@H](c1cc(N)cc(-c3ccccc3C(=O)O)c1)N2,7.244125144327507
CC(C)(C)NC(=O)c1ccc(-c2cccc([C@@H]3C[C@](C)(c4ccccc4)c4cc(C(=N)N)ccc4N3)c2)c(C(=O)O)c1,5.1938200260161125
CC(=O)Nc1ccc(-c2cccc([C@@H]3C[C@](C)(c4ccccc4)c4cc(C(=N)N)ccc4N3)c2)c(C(=O)O)c1,5.235823867609669
C[C@]1(c2ccccc2)C[C@@H](c2cccc(-c3ccccc3C(=O)O)c2)Nc2ccc(C(=N)N)cc21,5.173925197299174
C[C@]1(c2ccccc2)C[C@@H](c2cccc(-c3ccc(C#N)cc3C(=O)O)c2)Nc2ccc(C(=N)N)cc21,5.686132779630847
CNC(=O)Nc1ccc(-c2cccc([C@@H]3C[C@](C)(c4ccccc4)c4cc(C(=N)N)ccc4N3)c2)c(C(=O)O)c1,5.943095148663527
N=C(N)c1ccc2c(c1)[C@@H](c1ccccc1)C[C@@H](c1cccc(-c3ccc(C(=O)O)cc3C(=O)O)c1)N2,6.886056647693163
N=C(N)c1ccc2c(c1)[C@@H](c1ccccc1)C[C@@H](c1ccccc1-c1ccc(C(=O)O)cc1C(=O)O)N2,6.013228265733755
CC(C)CNC(=O)c1ccc(-c2ccccc2[C@@H]2C[C@H](c3ccccc3)c3cc(C(=N)N)ccc3N2)c(C(=O)O)c1,5.958607314841775
Cc1cccc(S(=O)(=O)Nc2ccc(C)n(CC(=O)NCCONC(=N)N)c2=O)c1,6.638272163982407
Cn1c(CNc2ccc(C(=N)N)cc2)nc2cc(C3(C(=O)N4CCCC4)CC3)ccc21,7.823908740944319
CCOC(=O)C1CCCCN1c1ccc(N2C[C@H](CNC(=O)c3ccc(Cl)s3)OC2=O)cc1,7.206209615309182
O=C(NC[C@H]1CN(c2ccc(N3CCCC(C(=O)O)C3)cc2)C(=O)O1)c1ccc(Cl)s1,5.913640169325252
CCOC(=O)C1CCCN(c2ccc(N3C[C@H](CNC(=O)c4ccc(Cl)s4)OC3=O)cc2)C1,7.204815410317576
O=C(NC[C@H]1CN(c2ccc(N3CCC(C(=O)O)CC3)cc2)C(=O)O1)c1ccc(Cl)s1,7.052076380168273
CCOC(=O)C1CCN(c2ccc(N3C[C@H](CNC(=O)c4ccc(Cl)s4)OC3=O)cc2)CC1,6.114073660198569
O=C(NC[C@H]1CN(c2ccc(N3CCC(C(=O)O)CC3=O)cc2)C(=O)O1)c1ccc(Cl)s1,6.4723700991286615
CCOC(=O)C1CCN(c2ccc(N3C[C@H](CNC(=O)c4ccc(Cl)s4)OC3=O)cc2)C(=O)C1,7.6595558851598815
N=C(N)c1cccc(C[C@H](NS(=O)(=O)c2cccc(-c3ccccc3F)c2)C(=O)N2CCC(CCN)CC2)c1,6.091514981121351
CNC(=O)CCCC1CCN(C(=O)[C@H](Cc2cccc(C(=N)N)c2)NS(=O)(=O)c2cccc(-c3ccc(F)cc3)c2)CC1,6.259637310505756
N=C(N)c1cccc(C[C@H](NS(=O)(=O)c2cccc(-c3ccc(F)cc3)c2)C(=O)N2CCC(CCN)CC2)c1,5.950781977329818
CNC(=O)CCCC1CCN(C(=O)[C@H](Cc2cccc(C(=N)N)c2)NS(=O)(=O)c2cccc(-c3ccc(Cl)cc3Cl)c2)CC1,7.494850021680094
N=C(N)c1cccc(C[C@H](NS(=O)(=O)c2cccc(-c3cccc(Cl)c3Cl)c2)C(=O)N2CCC(CCN)CC2)c1,6.236572006437063
CNC(=O)CCCC1CCN(C(=O)[C@H](Cc2cccc(C(=N)N)c2)NS(=O)(=O)c2cccc(-c3ccc(Cl)c(Cl)c3)c2)CC1,6.638272163982407
N=C(N)c1cccc(C[C@H](NS(=O)(=O)c2cccc(-c3ccc(Cl)c(Cl)c3)c2)C(=O)N2CCC(CCN)CC2)c1,6.431798275933005
CCOc1ccc(-c2cccc(S(=O)(=O)N[C@@H](Cc3cccc(C(=N)N)c3)C(=O)N3CCC(CCCC(=O)NC)CC3)c2)c(Cl)c1,6.7447274948966935
CCOc1ccc(-c2cccc(S(=O)(=O)N[C@@H](Cc3cccc(C(=N)N)c3)C(=O)N3CCC(CCN)CC3)c2)c(Cl)c1,6.769551078621726
CNC(=O)CCCC1CCN(C(=O)[C@H](Cc2cccc(C(=N)N)c2)NS(=O)(=O)c2cccc(-c3ccc(OC)cc3OC)c2)CC1,7.221848749616356
COc1ccc(-c2cccc(S(=O)(=O)N[C@@H](Cc3cccc(C(=N)N)c3)C(=O)N3CCC(CCN)CC3)c2)c(OC)c1,6.958607314841775
N=C(N)c1cccc(C[C@H](NS(=O)(=O)c2cccc(NC(=O)CCN)c2)C(=O)N2CCC(CCNC(N)=O)CC2)c1,4.856985199745905
N=C(N)c1cccc(C[C@H](NS(=O)(=O)c2cccc(NC(=O)CCN)c2)C(=O)N2CCC(NC(N)=O)CC2)c1,4.772113295386326
CNC(=O)NCCC1CCN(C(=O)[C@H](Cc2cccc(C(=N)N)c2)NS(=O)(=O)c2cccc(NC(=O)CCN)c2)CC1,5.150580586203101
CNC(=O)NC1CCN(C(=O)[C@H](Cc2cccc(C(=N)N)c2)NS(=O)(=O)c2cccc(NC(=O)CCN)c2)CC1,4.85078088734462
CCNC(=O)NCCC1CCN(C(=O)[C@H](Cc2cccc(C(=N)N)c2)NS(=O)(=O)c2cccc(NC(=O)CCN)c2)CC1,5.319664486585437
CCNC(=O)NC1CCN(C(=O)[C@H](Cc2cccc(C(=N)N)c2)NS(=O)(=O)c2cccc(NC(=O)CCN)c2)CC1,5.051098239029786
N=C(N)c1cccc(C[C@H](NS(=O)(=O)c2cccc(NC(=O)CCN)c2)C(=O)N2CCC(NC(=O)Nc3ccccc3)CC2)c1,5.467245621007502
N=C(N)c1cccc(C[C@H](NS(=O)(=O)c2cccc(NC(=O)CCN)c2)C(=O)N2CCC(CCNC(=O)NC3CCCCC3)CC2)c1,5.1904402853647325
N=C(N)c1cccc(C[C@H](NS(=O)(=O)c2cccc(NC(=O)CCN)c2)C(=O)N2CCC(NC(=O)NC3CCCCC3)CC2)c1,5.920818753952375
N=C(N)c1cccc(C[C@H](NS(=O)(=O)c2cccc(NC(=O)CCN)c2)C(=O)N2CCC(CCNC(=O)NCc3ccccc3)CC2)c1,5.2580609222708015
CNC(=O)NCCC1CCN(C(=O)[C@H](Cc2cccc(C(=N)N)c2)NS(=O)(=O)c2cccc(-c3ccc(OC)cc3OC)c2)CC1,7.292429823902063
N=C(N)c1cccc(C[C@H](NS(=O)(=O)c2cccc(-c3ccc(Cl)cc3Cl)c2)C(=O)N2CCC(NC(=O)NC3CCCCC3)CC2)c1,7.698970004336019
COc1ccc(-n2nc(C(N)=O)c3c2C(=O)N(c2ccc(C(C)(C)CO)cc2)CC3)cc1,9.18045606445813
COc1ccc(-n2nc(S(C)(=O)=O)c3c2C(=O)N(c2ccc(C(C)(C)CN(C)C)cc2)CC3)cc1,9.958607314841776
COc1ccc(-n2nc(S(C)(=O)=O)c3c2C(=O)N(c2ccc(C(C)(C)CN4CCOCC4)cc2)CC3)cc1,9.494850021680094
COc1ccc(-n2nc(C(N)=O)c3c2C(=O)N(c2ccc(C(C)(C)CN(C)C)cc2)CC3)cc1,10.154901959985745
COc1ccc(-n2nc(C(N)=O)c3c2C(=O)N(c2ccc(C(C)(C)CN4CCCC4)cc2)CC3)cc1,10.30102999566398
COc1ccc(-n2nc(C(N)=O)c3c2C(=O)N(c2ccc(C(C)(C)C#N)cc2)CC3)cc1,8.913640169325252
COc1ccc(-n2nc(C(N)=O)c3c2C(=O)N(c2ccc(C(C)(C)CN)cc2)CC3)cc1,9.82390874094432
COc1ccc(-n2nc(C(N)=O)c3c2C(=O)N(c2ccc(C(C)(C)CN4CCCCC4=O)cc2)CC3)cc1,8.823908740944319
COc1ccc(-n2nc(C(N)=O)c3c2C(=O)N(c2ccc(C(C)(C)N4CCCC4)cc2)CC3)cc1,10.154901959985745
COc1ccc(-n2nc(C(N)=O)c3c2C(=O)N(c2ccc(C(C)(C)S(C)(=O)=O)cc2)CC3)cc1,9.318758762624412
Nc1c(OCCCO[C@@H]2O[C@H](CO)[C@@H](O)[C@H](O)[C@H]2O)cccc1OCc1cc(-c2ccc(Cl)s2)on1,5.161150909262744
Nc1ccccc1OCc1cc(-c2ccc(Cl)s2)on1,4.935542010773082
CC(=O)OC[C@H]1O[C@@H](OCCCOc2cccc(OCc3cc(-c4ccc(Cl)s4)on3)c2NC(=O)C2CCN(C(C)C)CC2)[C@H](OC(C)=O)[C@@H](OC(C)=O)[C@@H]1OC(C)=O,9.602059991327964
COC(=O)Nc1ccc(-c2c[nH]c([C@H](Cc3ccccc3)NC(=O)/C=C/c3cc(Cl)ccc3-n3cnnn3)n2)cc1,5.823908740944319
CCOc1cc(OC(C)C)c(F)c(C(Nc2ccc(C(=N)N)cc2)c2nc(-c3ccccc3C)c[nH]2)c1,6.167491087293763
CCOc1cc(OC(C)C)c(F)c(C(Nc2ccc(C(=N)N)cc2)c2nc(-c3cccc(C)c3)c[nH]2)c1,6.346787486224656
CCOc1cc(OC(C)C)c(F)c(C(Nc2ccc(C(=N)N)cc2)c2nc(-c3ccc(C)cc3)c[nH]2)c1,6.366531544420414
CCOc1cc(OC(C)C)c(F)c(C(Nc2ccc(C(=N)N)cc2)c2nc(-c3cccc(OC)c3)c[nH]2)c1,6.251811972993799
CCOc1cc(OC(C)C)c(F)c(C(Nc2ccc(C(=N)N)cc2)c2nc(-c3ccc(OC)cc3)c[nH]2)c1,6.267606240177032
CCOc1cc(OC(C)C)c(F)c(C(Nc2ccc(C(=N)N)cc2)c2nc(-c3ccccc3C(C)=O)c[nH]2)c1,6.366531544420414
CCOc1cc(OC(C)C)c(F)c(C(Nc2ccc(C(=N)N)cc2)c2nc(-c3ccccc3C(=O)OC)c[nH]2)c1,5.39040559077478
CCOc1cc(OC(C)C)c(F)c(C(Nc2ccc(C(=N)N)cc2)c2nc(-c3ccccc3C(=O)O)c[nH]2)c1,5.6595558851598815
CCOc1cc(OC(C)C)c(F)c(C(Nc2ccc(C(=N)N)cc2)c2nc(-c3ccccc3C(N)=O)c[nH]2)c1,5.632644078973981
Cc1ccc(O)c2c3c(nn12)CCC(C)(NC(=O)c1ccc(-n2cnnc2)cc1Cl)C3,4.920818753952375
CCS(=O)(=O)c1ccc2cc1CNC(=O)[C@H](Nc1ccc(C(=N)N)cc1)c1ccc(cc1)CCCC(=O)N2,5.259637310505756
CC(C)(C)S(=O)(=O)c1ccc2cc1CNC(=O)C(Nc1ccc3c(N)nccc3c1)c1ccc(cc1)CCCC(=O)N2,5.318758762624412
CCS(=O)(=O)c1ccc2cc1CNC(=O)[C@H](Nc1ccc3c(N)nccc3c1)c1ccc(cc1)CCCC(=O)N2,5.494850021680094
Cc1cc2nc([C@@H](CNC(=O)c3ccc(-n4cnnc4)cc3Cl)c3ccc(F)cc3)[nH]c2cc1C,5.821886747685368
Cc1cc2nc([C@@H](CNC(=O)c3ccc(-n4cnnc4)cc3Cl)c3cccnc3)[nH]c2cc1C,5.795608668080701
Cc1ncn(-c2cc(Cl)c(C(=O)NC[C@@H](c3cccc(F)c3)c3nc4cc(C)c(Cl)cc4[nH]3)c(Cl)c2)n1,4.819300798703965
Cc1ncn(-c2cc(Cl)c(C(=O)NC[C@@H](c3cccc(F)c3)c3nc4ccc(Cl)cc4[nH]3)c(Cl)c2)n1,4.683610248926804
Cc1ncn(-c2cc(Cl)c(C(=O)NC[C@@H](c3cccc(F)c3)c3ccc4[nH]c(C)nc4c3)c(Cl)c2)n1,5.553152289844191
Cc1cc2nc([C@@H](CNC(=O)c3ccc(-n4cnnc4)cc3Cl)c3cccc(F)c3)[nH]c2cc1C,5.995678626217358
Cc1cc2nc([C@@H](CNC(=O)c3ccc(-n4cnnc4)cc3Cl)c3ccccc3F)[nH]c2cc1C,6.3851027839668655
COc1cc(-n2cnnc2)cc(Cl)c1C(=O)NC[C@@H](c1ccccc1)c1nc2cc(C)c(C)cc2[nH]1,6.610833915635467
Cc1cc2nc([C@@H](CNC(=O)c3c(C)cc(-n4cnnc4)cc3Cl)c3ccccc3)[nH]c2cc1C,6.709965388637482
Cc1cc2nc([C@@H](CNC(=O)c3c(F)cc(-n4cnnc4)cc3Cl)c3ccccc3)[nH]c2cc1C,6.2644011003018205
Cc1ncn(-c2cc(Cl)c(C(=O)N[C@]3(C)CCc4nn5c(C)ccc(O)c5c4C3)c(Cl)c2)n1,5.646083769079637
Cc1ccc2c3c(nn2c1)CC[C@@](C)(NC(=O)c1c(Cl)cc(-n2cnc(C)n2)cc1Cl)C3,5.668572703479257
Cc1ccc2c(c1)nc1n2C[C@@](NC(=O)c2ccc(-n3cnc(C)n3)cc2Cl)(c2ccccc2)CC1,5.691222226335279
Cc1ncn(-c2cc(Cl)c(C(=O)N[C@]3(C)CCc4[nH]c5c(C)cccc5c4C3)c(Cl)c2)n1,4.539252458155803
Cc1ccc2c3c(n(CCC(=O)O)c2c1)CC[C@@](C)(NC(=O)c1c(Cl)cc(-n2cnc(C)n2)cc1Cl)C3,4.970210529168145
Cc1ccc2c(c1)c(CCC(=O)O)c1n2C[C@@](NC(=O)c2ccc(-n3cnc(C)n3)cc2Cl)(c2ccccc2)CC1,5.373967752170981
Cc1ccc2c3c(nn2c1)CC[C@](NC(=O)c1c(Cl)cc(-n2cnc(C)n2)cc1Cl)(C(C)O)C3,6.58838029403677
Cc1cccc([C@@]2(NC(=O)c3ccc(-n4cnc(C)n4)cc3Cl)CCc3nn4cc(C)ccc4c3C2)c1,6.218244625347531
COc1cccc([C@@]2(NC(=O)c3ccc(-n4cnc(C)n4)cc3Cl)CCc3nn4cc(C)ccc4c3C2)c1,6.422508200162775
Cc1ccc2c3c(nn2c1)CC[C@](NC(=O)c1c(Cl)cc(-n2cnc(C)n2)cc1Cl)(c1cccc(C(F)(F)F)c1)C3,5.808828544271441
Cc1ccc2c3c(nn2c1)CC[C@](NC(=O)c1c(Cl)cc(-n2cnc(C)n2)cc1Cl)(c1ccc(F)cc1)C3,5.954677021213342
Cc1ccc2c3c(nn2c1)CC[C@@](C)(NC(=O)c1ccc(-n2cnc4cc(C(=O)O)ccc42)cc1Cl)C3,6.285670240254767
Cc1ccc2c(c1)c(C)c1n2C[C@@](NC(=O)c2c(Cl)cc(-n3cnnc3)cc2Cl)(c2ccccc2)CC1,5.757458571701616
Cc1ccc2c(c1)c(C1CC1)c1n2C[C@@](NC(=O)c2c(Cl)cc(-n3cnnc3)cc2Cl)(c2ccccc2)CC1,5.84893674664625
Cc1ccc2c(c1)c(C(F)(F)F)c1n2C[C@@](NC(=O)c2c(Cl)cc(-n3cnnc3)cc2Cl)(c2ccccc2)CC1,5.48372911727066
Cc1ccc2c(c1)c(C#N)c1n2C[C@@](NC(=O)c2c(Cl)cc(-n3cnnc3)cc2Cl)(c2ccccc2)CC1,5.9657727392294495
Cc1ccc2c(c1)c(C(N)=O)c1n2C[C@@](NC(=O)c2c(Cl)cc(-n3cnnc3)cc2Cl)(c2ccccc2)CC1,6.714442690992226
Cc1ccc2c(c1)c(/C=N/O)c1n2C[C@@](NC(=O)c2c(Cl)cc(-n3cnnc3)cc2Cl)(c2ccccc2)CC1,6.401209493236885
Cc1ccc2c(c1)c(/C=C/C(=O)O)c1n2C[C@@](NC(=O)c2c(Cl)cc(-n3cnnc3)cc2Cl)(c2ccccc2)CC1,6.4723700991286615
Cc1ccc2c(c1)c(C(=O)O)c1n2C[C@@](NC(=O)c2c(Cl)cc(-n3cnnn3)cc2Cl)(c2ccccc2)CC1,5.9775716288145135
N=C(N)c1ccc(CNC(=O)[C@@H]2Cc3ccc(cc3)CNC(=O)Cc3cccc(c3)CC(=O)NCc3ccc(cc3)C[C@@H](NS(=O)(=O)Cc3ccccc3)C(=O)N2)cc1,5.2441251443275085
N=C(N)c1ccc(CNC(=O)[C@@H]2Cc3cccc(c3)CNC(=O)Cc3ccccc3CC(=O)NCc3cccc(c3)C[C@@H](NS(=O)(=O)Cc3ccccc3)C(=O)N2)cc1,6.987162775294828
O=C(/C=C/c1cc(Cl)ccc1-n1cnnn1)N[C@@H](Cc1ccccc1)C(=O)Nc1ccc(C(=O)O)cc1,5.2839966563652006
CC1CN(c2cccc(C(=N)N)c2)C(=O)N(C2CCN(Cc3ccccc3)CC2)C1,6.619788758288394
CC1CN(c2ccc(C(=N)N)cc2)C(=O)N(C2CCN(Cc3ccccc3)CC2)C1,4.5934598195660445
CC1CN(CCC2CCN(Cc3ccccc3)CC2)C(=O)N(c2cccc(C(=N)N)c2)C1,6.3979400086720375
N=C(N)c1cccc(N2CC(O)CN(CC3CCN(Cc4ccccc4)CC3)C2=O)c1,6.070581074285707
COC1CN(CC2CCN(Cc3ccccc3)CC2)C(=O)N(c2cccc(C(=N)N)c2)C1,5.910094888560602
COCC1CN(CC2CCN(Cc3ccccc3)CC2)C(=O)N(c2cccc(C(=N)N)c2)C1,6.698970004336019
N=C(N)c1cccc(N2CC(COCc3ccccc3)CN(CC3CCN(Cc4ccccc4)CC3)C2=O)c1,6.7447274948966935
N=C(N)c1cccc(N2CC(NC(=O)Cc3ccccc3)CN(CC3CCN(Cc4ccccc4)CC3)C2=O)c1,6.130768280269024
CS(=O)(=O)NC1CN(CC2CCN(Cc3ccccc3)CC2)C(=O)N(c2cccc(C(=N)N)c2)C1,6.292429823902063
N=C(N)c1cccc(N2CC(NS(=O)(=O)c3ccccc3)CN(CC3CCN(Cc4ccccc4)CC3)C2=O)c1,6.214670164989233
CCOP(=O)(O)c1ccc2cc1CN(C)C(=O)[C@H](Nc1ccc3c(N)nccc3c1)c1ccc(c(C)c1)[C@@H](C)COC(=O)N2,5.318758762624412
CCOP(=O)(OCC)c1ccc2cc1CN(C)C(=O)[C@H](Nc1ccc3c(N)nccc3c1)c1ccc(c(C)c1)[C@@H](C)COC(=O)N2,5.4089353929735005
CCN(CC)C(=O)c1ccc2cc1CN(C)C(=O)[C@H](Nc1ccc3c(N)nccc3c1)c1ccc(c(C)c1)[C@@H](C)COC(=O)N2,5.366531544420414
Cc1cc2ccc1[C@@H](C)COC(=O)Nc1ccc(C(=O)N(C)C)c(c1)CN(C)C(=O)[C@@H]2Nc1ccc2c(N)nccc2c1,5.207608310501746
Cc1cc2ccc1[C@@H](C)COC(=O)Nc1ccc(C3CC3)c(c1)CN(C)C(=O)[C@@H]2Nc1ccc2c(N)ncc(F)c2c1,5.522878745280337
Cc1cc2ccc1[C@@H](C)COC(=O)Nc1ccc(C3(C(=O)O)CC3)c(c1)CN(C)C(=O)[C@@H]2Nc1ccc2c(N)ncc(F)c2c1,5.177178354696896
Cc1cc2ccc1[C@@H](C)COC(=O)Nc1ccc(C3(C(=O)O)CCCC3)c(c1)CN(C)C(=O)[C@@H]2Nc1ccc2c(N)ncc(F)c2c1,5.7447274948966935
Cc1cc2ccc1[C@@H](C)COC(=O)Nc1ccc(C3(C(=O)O)CCCCC3)c(c1)CN(C)C(=O)[C@@H]2Nc1ccc2c(N)ncc(F)c2c1,6.045757490560675
Cc1cc2ccc1[C@@H](C)COC(=O)Nc1ccc(C3(C(=O)O)CCOCC3)c(c1)CN(C)C(=O)[C@@H]2Nc1ccc2c(N)ncc(F)c2c1,5.853871964321762
N=C(N)c1ccc(CNC(=O)[C@H](CCC2CCNCC2)NC(=O)[C@@H](CCCn2cnnn2)NS(=O)(=O)Cc2ccccc2)cc1,5.619788758288394
N=C(N)c1ccc(CNC(=O)[C@H](CCC2CCNCC2)NC(=O)[C@@H](CCCc2ccncc2)NS(=O)(=O)Cc2ccccc2)cc1,6.070581074285707
COC(=O)c1cccc(CS(=O)(=O)N[C@H](CCCc2ccccc2)C(=O)N[C@@H](CCC2CCNCC2)C(=O)NCc2ccc(C(=N)N)cc2)c1,5.229147988357856
CC(=O)N1CCC(CC[C@@H](NS(=O)(=O)Cc2ccccc2)C(=O)N[C@@H](CCC2CCNCC2)C(=O)NCc2ccc(C(=N)N)cc2)CC1,5.721246399047171
N=C(N)c1ccc(CNC(=O)[C@H](CCC2CCNCC2)NC(=O)[C@@H](CCCC2CCNCC2)NS(=O)(=O)Cc2ccccc2)cc1,6.522878745280337
N=C(N)c1ccc(CNC(=O)[C@H](CCC2CCNCC2)NC(=O)[C@@H](CCC2CCN(C(=O)C3CC3)CC2)NS(=O)(=O)Cc2ccccc2)cc1,5.638272163982407
CC(=O)N1CCC(CCC[C@@H](NS(=O)(=O)Cc2ccccc2)C(=O)N[C@@H](CCC2CCNCC2)C(=O)NCc2ccc(C(=N)N)cc2)CC1,6.1249387366083
N=C(N)c1ccc(CNC(=O)[C@H](CCC2CCNCC2)NC(=O)[C@@H](CCC2CCNCC2)NS(=O)(=O)Cc2ccccc2)cc1,7.045757490560675
COCC(=O)N1CCC(CC[C@@H](NS(=O)(=O)Cc2ccccc2)C(=O)N[C@@H](CCC2CCNCC2)C(=O)NCc2ccc(C(=N)N)cc2)CC1,5.795880017344075
CN(C)C(=O)N1CCC(CC[C@@H](NS(=O)(=O)Cc2ccccc2)C(=O)N[C@@H](CCC2CCNCC2)C(=O)NCc2ccc(C(=N)N)cc2)CC1,5.6020599913279625
CCCC(=O)N1CCC(CC[C@@H](NS(=O)(=O)Cc2ccccc2)C(=O)N[C@@H](CCC2CCNCC2)C(=O)NCc2ccc(C(=N)N)cc2)CC1,5.657577319177793
COC(=O)N1CCC(CC[C@@H](NS(=O)(=O)Cc2ccccc2)C(=O)N[C@@H](CCC2CCNCC2)C(=O)NCc2ccc(C(=N)N)cc2)CC1,5.698970004336019
CC(C)C(=O)N1CCC(CC[C@@H](NS(=O)(=O)Cc2ccccc2)C(=O)N[C@@H](CCC2CCNCC2)C(=O)NCc2ccc(C(=N)N)cc2)CC1,5.494850021680094
N=C(N)c1ccc(CNC(=O)[C@H](CCC2CCNCC2)NC(=O)[C@@H](CCCc2ccccc2)NS(=O)(=O)Cc2ccccc2)cc1,5.958607314841775
N=C(N)c1ccc(CNC(=O)[C@H](CCC2CCNCC2)NC(=O)[C@H](NS(=O)(=O)Cc2ccccc2)c2ccccc2)cc1,5.795880017344075
COC(=O)N1CCC(CCC[C@@H](NS(=O)(=O)Cc2ccccc2)C(=O)N[C@@H](CCC2CCNCC2)C(=O)NCc2ccc(C(=N)N)cc2)CC1,6.3979400086720375
Cc1cc2cc(C)c1CCOC(=O)Nc1ccc(S(=O)(=O)C3CC3)c(c1)CN(C)C(=O)[C@@H]2Nc1ccc2cc[nH]c(=O)c2c1,5.552841968657781
CC[C@H](C)[C@@H]1NC(=O)[C@H](CC(=O)O)NC(=O)[C@@H]2CCCN2C(=O)[C@H](Cc2ccc(O)cc2)NC(=O)[C@H](Cc2ccc(O)cc2)NC(=O)[C@H](C(C)C)NC(=O)[C@@H]2CSCc3cc(cc(c3)CSC[C@@H](C(=O)N[C@@H](C)C(=O)N(C)CC(=O)N(C)CC(=O)N(C)CC(=O)N[C@H](CCCNC(=N)N)C(=O)N[C@H](CCCNC(=N)N)C(=O)O)NC1=O)CSC[C@H](NC(C)=O)C(=O)N[C@@H](CO)C(=O)N[C@@H](Cc1ccccc1)C(=O)N1CCC1C(=O)N[C@@H](Cc1ccc(O)cc1)C(=O)N[C@@H](CCCCNC(=N)N)C(=O)N2,4.638272163982407
COC(=O)Nc1ccc(-c2cc([C@H](Cc3ccccc3)NC(=O)/C=C/c3cc(Cl)ccc3-n3cnnn3)nnc2Cl)cc1,6.698970004336019
COC(=O)Nc1ccc(-c2cc([C@H](Cc3ccccc3)NC(=O)/C=C/c3cc(Cl)ccc3-n3cnnn3)c(Cl)nn2)cc1,5.7121982700697735
CN(C)CCCN1C(=O)[C@H]2[C@@H](C1=O)[C@@H]1CCCN1[C@H]2c1cc(-c2ccc(Cl)s2)on1,7.251811972993799
CC(C)(C)CCCN1C(=O)[C@H]2[C@@H](C1=O)[C@@H]1CCCN1[C@H]2c1cc(-c2ccc(Cl)s2)on1,6.259637310505756
NCCCN1C(=O)[C@H]2[C@@H](C1=O)[C@@H]1CCCN1[C@H]2c1cc(-c2ccc(Cl)s2)on1,5.008773924307505
C[N+](C)(C)CCCN1C(=O)[C@H]2[C@@H](C1=O)[C@@H]1CCCN1[C@H]2c1ncc(-c2ccc(Cl)s2)o1,6.835647144215563
C[N+](C)(C)CCCN1C(=O)[C@H]2[C@@H](C1=O)[C@@H]1CCCN1[C@H]2c1coc(-c2ccc(Cl)s2)n1,5.790484985457369
C[C@@]12CC[C@H]3[C@]4(C)CCC[C@@](C)(C(=O)O)[C@H]4CC[C@]3(C/C1=N/O)C2,5.097398869333468
CCOC(=O)[C@]1(C)CCC[C@]2(C)[C@@H]1CC[C@@]13C[C@@H](O)[C@@](C)(CC[C@@H]21)C3,4.600603207896688
CCOC(=O)[C@]1(C)CCC[C@]2(C)[C@@H]1CC[C@@]13CC(=O)[C@@](C)(CC[C@@H]21)C3,5.339229356472303
CCOC(=O)[C@]1(C)CCC[C@]2(C)[C@@H]1CC[C@@]13C/C(=N\OC/C=C/c4ccc5nccnc5c4)[C@@](C)(CC[C@@H]21)C3,5.443335737877431
CCOC(=O)[C@]1(C)CCC[C@]2(C)[C@@H]1CC[C@@]13C/C(=N\OC/C=C/c4cccc5ccccc45)[C@@](C)(CC[C@@H]21)C3,4.915924432221326
CCOC(=O)[C@]1(C)CCC[C@]2(C)[C@@H]1CC[C@@]13C/C(=N\OC/C=C/c4ccc5[nH]c6ccccc6c5c4)[C@@](C)(CC[C@@H]21)C3,4.5778535440378745
CCOC(=O)[C@]1(C)CCC[C@]2(C)[C@@H]1CC[C@@]13C/C(=N\OC/C=C/c4ccc5oc6ccccc6c5c4)[C@@](C)(CC[C@@H]21)C3,4.678111722417703
CCOC(=O)[C@]1(C)CCC[C@]2(C)[C@@H]1CC[C@@]13C/C(=N\OC/C=C/c4ccc5c(c4)COC5=O)[C@@](C)(CC[C@@H]21)C3,4.684638513020665
CCOC(=O)[C@]1(C)CCC[C@]2(C)[C@@H]1CC[C@@]13C/C(=N\OC/C=C/c4ccc5sccc5c4)[C@@](C)(CC[C@@H]21)C3,6.675717544702307
CCOC(=O)[C@]1(C)CCC[C@]2(C)[C@@H]1CC[C@@]13C/C(=N\OC/C=C/c4ccc(CN5CCOCC5)cc4)[C@@](C)(CC[C@@H]21)C3,5.603451962012868
CCOC(=O)[C@]1(C)CCC[C@]2(C)[C@@H]1CC[C@@]13C/C(=N\OC/C=C/c4ccc(-c5cnco5)cc4)[C@@](C)(CC[C@@H]21)C3,5.714217726220605
CCOC(=O)[C@]1(C)CCC[C@]2(C)[C@@H]1CC[C@@]13C/C(=N\OC/C=C/c4cc(F)c(F)c(F)c4)[C@@](C)(CC[C@@H]21)C3,5.703334809738469
CCOC(=O)[C@]1(C)CCC[C@]2(C)[C@@H]1CC[C@@]13C/C(=N\OC/C=C/c4ccc(C#N)cc4)[C@@](C)(CC[C@@H]21)C3,4.874779063683436
CCOC(=O)[C@]1(C)CCC[C@]2(C)[C@@H]1CC[C@@]13C/C(=N\OC/C=C/c4ccc(OC(F)(F)F)cc4)[C@@](C)(CC[C@@H]21)C3,5.704652851666382
CCOC(=O)[C@]1(C)CCC[C@]2(C)[C@@H]1CC[C@@]13C/C(=N\OC/C=C/c4cccc(C(F)(F)F)c4)[C@@](C)(CC[C@@H]21)C3,5.313274378925458
CCOC(=O)[C@]1(C)CCC[C@]2(C)[C@@H]1CC[C@@]13C/C(=N\OC/C=C/c4ccccc4)[C@@](C)(CC[C@@H]21)C3,4.970738004195825
C=CCO/N=C1\C[C@]23CC[C@H]4[C@@](C)(CCC[C@@]4(C)C(=O)OCC)[C@@H]2CC[C@@]1(C)C3,5.065148197034339
CCOC(=O)[C@]1(C)CCC[C@]2(C)[C@@H]1CC[C@@]13C/C(=N\OCCN4CCOCC4)[C@@](C)(CC[C@@H]21)C3,6.105130343254747
CCOC(=O)[C@]1(C)CCC[C@]2(C)[C@@H]1CC[C@@]13C/C(=N\OCC4(C)COC4)[C@@](C)(CC[C@@H]21)C3,7.552841968657781
CCOC(=O)[C@]1(C)CCC[C@]2(C)[C@@H]1CC[C@@]13C/C(=N\OC4CCOCC4)[C@@](C)(CC[C@@H]21)C3,5.742561433140186
CCOC(=O)[C@]1(C)CCC[C@]2(C)[C@@H]1CC[C@@]13C/C(=N\OCc4c(C)noc4C)[C@@](C)(CC[C@@H]21)C3,5.541362150974351
CCOC(=O)[C@]1(C)CCC[C@]2(C)[C@@H]1CC[C@@]13C/C(=N\OCc4cc(C)nn4C)[C@@](C)(CC[C@@H]21)C3,5.3952341152961125
CCOC(=O)[C@]1(C)CCC[C@]2(C)[C@@H]1CC[C@@]13C/C(=N\OCc4ccsc4)[C@@](C)(CC[C@@H]21)C3,7.823908740944319
CCOC(=O)[C@]1(C)CCC[C@]2(C)[C@@H]1CC[C@@]13C/C(=N\OCc4cnc(Cl)s4)[C@@](C)(CC[C@@H]21)C3,5.711974464611637
CCOC(=O)[C@]1(C)CCC[C@]2(C)[C@@H]1CC[C@@]13C/C(=N\OCc4csc5ccc(Cl)cc45)[C@@](C)(CC[C@@H]21)C3,6.288192770958809
CCOC(=O)c1ccc(CO/N=C2\C[C@]34CC[C@H]5[C@@](C)(CCC[C@@]5(C)C(=O)OCC)[C@@H]3CC[C@@]2(C)C4)o1,5.005374946231395
CCOC(=O)[C@]1(C)CCC[C@]2(C)[C@@H]1CC[C@@]13C/C(=N\OCc4c(F)c(F)c(F)c(F)c4F)[C@@](C)(CC[C@@H]21)C3,6.493494967595128
CCOC(=O)[C@]1(C)CCC[C@]2(C)[C@@H]1CC[C@@]13C/C(=N\OCc4ccc(C(F)(F)F)cc4)[C@@](C)(CC[C@@H]21)C3,5.569763646588489
CCOC(=O)[C@]1(C)CCC[C@]2(C)[C@@H]1CC[C@@]13C/C(=N\OCc4ccc(Cl)c(F)c4)[C@@](C)(CC[C@@H]21)C3,5.00939478857608
CCOC(=O)[C@]1(C)CCC[C@]2(C)[C@@H]1CC[C@@]13C/C(=N\OCc4cccc(Cl)c4)[C@@](C)(CC[C@@H]21)C3,4.742633461414985
CCOC(=O)[C@]1(C)CCC[C@]2(C)[C@@H]1CC[C@@]13C/C(=N\OCc4ccc(F)cc4)[C@@](C)(CC[C@@H]21)C3,5.363211310965625
CC(=O)N[C@@H](CCCCN)C(=O)N[C@@H](CCCNC(=N)N)C(=O)N[C@@H](CC(C)C)C(=O)N[C@@H](CCCNC(=N)N)C(=O)c1nc2ccc(C(=O)NCc3ccc(C(=O)O)cc3)cc2s1,7.5376020021010435
N=C(N)c1ccc(CNC(=O)[C@H](Cc2cccc(CN)c2)NC(=O)[C@@H](CCCc2ccccc2)NS(=O)(=O)Cc2cccc(C(=O)O)c2)cc1,7.346787486224656
CC(C)(C)OC[C@@H](NS(=O)(=O)c1ccccc1)C(=O)NCC(=O)NCc1ccc(C(=N)N)cc1,4.619788758288394
CC[C@H](C)[C@@H]1NC(=O)[C@H](CCCNC(=N)N)NC(=O)[C@H](CO)NC(=O)[C@H](NC(=O)[C@H](CCC(N)=O)NC(=O)CNC(=O)CN)CSSC[C@H]2NC(=O)[C@H](C)NC(=O)CNC(=O)[C@@H]3CCCN3C(=O)[C@@H]3CSSC[C@H](C(=O)NCC(=O)N[C@@H](CO)C(=O)NCC(=O)N[C@@H](CO)C(=O)N[C@@H](CC(=O)O)C(=O)O)NC(=O)[C@H](Cc4ccc(O)cc4)NC(=O)CNC(=O)[C@H](CC(N)=O)NC(=O)CNC(=O)[C@H](CCCNC(=N)N)NC(=O)[C@H](CSSC[C@H](NC(=O)[C@H](CCCCN)NC(=O)[C@H](CCCCN)NC(=O)[C@H](CC(C)C)NC1=O)C(=O)N[C@@H](CCCNC(=N)N)C(=O)N[C@@H](CCCNC(=N)N)C(=O)N[C@@H](CC(=O)O)C(=O)N[C@@H](CO)C(=O)N[C@@H](CC(=O)O)C(=O)N3)NC(=O)[C@H]([C@@H](C)CC)NC2=O,4.017728766960432
CC(=O)N[C@@H](CCC(N)=O)C(=O)N[C@@H](CCCNC(=N)N)C(=O)N[C@@H](Cc1ccccc1)C(=O)N[C@H](C=O)CCCNC(=N)N,6.2441251443275085
CCC(C)c1nc2cc(OC3CCN(C(C)=N)CC3)ccc2n1Cc1ccc2ccc(C(=N)N)cc2c1,8.481486060122112
CC1CCN(C(=O)[C@H](Cc2cccc(C(=N)N)c2)NC(=O)OC(C)(C)C)CC1,4.190000019529944
CC1CCN(C(=O)[C@H](Cc2cccc(C(=N)N)c2)NS(=O)(=O)c2ccc(C(C)(C)C)cc2)CC1,4.9210001097592295
N=C(N)c1cccc(C[C@H](NS(=O)(=O)c2ccc3ccccc3c2)C(=O)N2CCC(C=O)CC2)c1,4.721000063947474
CC1CCN(C(=O)[C@H](Cc2cccc(C(=N)N)c2)NS(=O)(=O)c2ccc3c(c2)C(=O)c2ccccc2C3=O)CC1,5.638000342954921
N=C(N)c1cccc(C[C@H](NS(=O)(=O)c2ccc3ccccc3c2)C(=O)N2CCc3ccccc3C2)c1,4.744999979509871
CCCCc1nc2ccc(OC3CCN(C(C)=N)CC3)cc2n1Cc1ccc2ccc(C(=N)N)cc2c1,9.638272163982409
CNC(=O)C1CCN(C(=O)[C@H](Cc2cccc(C(=N)N)c2)NS(=O)(=O)c2ccc3ccccc3c2)CC1,4.11899998682835
Cc1c(F)c(Oc2cccc(CN)c2)cc(Oc2cccc(C(=N)N)c2)c1F,5.853871964321762
CNC(=O)[C@H](Cc1cccc(C(=N)N)c1)NS(=O)(=O)c1ccc2ccccc2c1,4.58499992703721
CCc1nc2cc(OC3CCN(C(C)=N)CC3)ccc2n1Cc1ccc2ccc(C(=N)N)cc2c1,8.397940008672037
CC1CCN(C(=O)[C@H](Cc2cccc(C(=N)N)c2)NS(=O)(=O)c2cccc3ccccc23)CC1,4.3769999834366455
N=C(N)c1cccc(C[C@H](NS(=O)(=O)c2ccc3ccccc3c2)C(=O)N2CCC[C@H](C(=O)OCc3ccccc3)C2)c1,5.06599975808587
N=C(N)c1cccc(C[C@H](NS(=O)(=O)c2ccc3ccccc3c2)C(=O)N2CCC(C(=O)OCc3ccccc3)CC2)c1,5.091999945882472
CC(=N)N1CCC(N(CC(C)C(=O)O)c2ccc3nc(C)n(Cc4ccc5ccc(C(=N)N)cc5c4)c3c2)CC1,8.522878745280337
CCc1nc2ccc(OC3CCN(C(C)=N)CC3)cc2n1Cc1ccc2ccc(C(=N)N)cc2c1,10.060480747381382
CNC(=O)[C@H](Cc1cccc(C(=N)N)c1)NS(=O)(=O)c1c(C(C)C)cc(C(C)C)cc1C(C)C,4.96000007768865
CC(=O)N1CCN(C(=O)[C@H](Cc2cccc(C(=N)N)c2)NS(=O)(=O)c2ccc3ccccc3c2)CC1,4.3190000440299645
COC(=O)[C@H]1C[C@H](C)CCN1C(=O)[C@H](Cc1cccc(C(=N)N)c1)NS(=O)(=O)c1ccc2ccccc2c1,4.2369999973218695
Cc1ccc(S(=O)(=O)N[C@@H](Cc2cccc(C(=N)N)c2)C(=O)N2CCCCC2)cc1,4.820000071285178
CC(=N)NCc1ccccc1-c1ccc(C(=O)Nc2ccc(Cl)cc2C(=O)Nc2ccc(Cl)cn2)cc1,10.0
O=C(Nc1ccc(Cl)cc1C(=O)Nc1ccc(Cl)cn1)c1ccc(-c2ccccc2N2CCC(O)CC2)cc1,9.69897000433602
NS(=O)(=O)c1ccccc1-c1ccc(NC(=O)C2CC(c3ccc4c(c3)OCCO4)=NO2)cc1,4.87942606879415
NS(=O)(=O)c1ccccc1-c1ccc(NC(=O)C2CC(c3ccc(Br)cc3)=NO2)cc1,5.3872161432802645
NS(=O)(=O)c1ccccc1-c1ccc(NC(=O)C2CC(c3ccc(Cl)cc3Cl)=NO2)cc1,5.769551078621726
NS(=O)(=O)c1ccccc1-c1ccc(NC(=O)C2CC(c3cccc(I)c3)=NO2)cc1,5.0
CC(C)COC(=O)OC[C@@H](NS(=O)(=O)Cc1ccccc1)C(=O)NCC(=O)NCc1ccc(C(=N)N)cc1,6.301029995663981
COc1cc(C2=NOC(C(=O)Nc3ccc(-c4ccccc4S(N)(=O)=O)cc3)C2)ccc1O,4.698970004336019
NS(=O)(=O)c1ccccc1-c1ccc(NC(=O)C2CC(/C=C/c3ccccc3)=NO2)cc1,5.638272163982407
CCCCCCOc1ccccc1C1=NOC(C(=O)Nc2ccc(-c3ccccc3S(N)(=O)=O)cc2)C1,5.7447274948966935
CN1CCN=C1c1ccc(C(=O)N2CCN(S(=O)(=O)c3cc4cc(Cl)ccc4[nH]3)CC2)cc1,8.721246399047171
NCc1cccc(-n2nc(C(F)(F)F)cc2C(=O)Nc2ccc(-c3ccccc3S(N)(=O)=O)cc2F)c1,6.443697499232712
CC(=N)N1CCC(Oc2ccc3c(nc(C)n3Cc3ccc4ccc(C(=N)N)cc4c3)c2[N+](=O)[O-])CC1,9.522878745280336
CCc1nc2cc(OC3CCN(C(C)=N)CC3)ccc2n1C/C=C/c1ccc(N)cc1,7.130768280269024
CCc1nc2ccc(OC3CCN(C(C)=N)CC3)cc2n1Cc1ccc(-c2ccc(C(=N)N)cc2)cc1,6.7447274948966935
CCc1nc2ccc(OC3CCN(C(C)=N)CC3)cc2n1C/C=C/c1cc(N)ccc1OC,7.886056647693163
CN(C)C(=N)c1ccc(/C=C2/CCCC/C(=C/c3ccc(C(=N)N(C)C)cc3)C2=O)cc1,5.795880017344075
CCc1nc2cc(OC3CCN(C(C)=N)CC3)ccc2n1C/C=C/c1cc(N)ccc1O,10.0
Cc1cc(C(=O)Nc2ccc(-c3ccccc3S(N)(=O)=O)cc2)n(-c2cccc(CN)c2)n1,8.568636235841012
N=C(N)c1cccc(-n2nc(C(F)(F)F)cc2C(=O)Nc2ccc(-c3ccccc3S(N)(=O)=O)cc2)c1,10.82390874094432
CNC(=O)CC(CCc1ccc(C(=N)N)cc1)c1cccc(C(=N)N)c1,6.026872146400302
CCOC(=O)CC(CCc1cccc(C(=N)N)c1)c1ccc(C(=N)N)cc1,5.784626847216578
CC(C)OC(=O)CC(CCc1ccc(C(=N)N)cc1)c1cccc(C(=N)N)c1,6.716698771296451
COC(=O)CC(CCc1ccc(C(=N)N)cc1)c1cccc(C(=N)N)c1,7.468521082957745
Cc1cc(C(=O)Nc2ccc(-c3ccccc3S(N)(=O)=O)cc2)n(-c2cccc(C(=N)N)c2)n1,10.886056647693165
N=C(N)c1ccc(CCC(CC(=O)n2cccc2)c2cccc(C(=N)N)c2)cc1,5.939302159646388
N=C(N)c1ccc2[nH]c(-c3c(O)cccc3O)nc2c1,5.301029995663981
N=C(N)c1ccc2[nH]c(-c3cccc(-c4ccccc4)c3O)nc2c1,5.6777807052660805
Cn1c(CN2CCN(Cc3ccc4c(N)ncnc4c3)C(=O)C2)nc2ccc(Cl)cc21,6.537602002101044
N=C(N)c1ccc2[nH]c(-c3cc([N+](=O)[O-])cc(-c4ccccc4)c3O)cc2c1,7.853871964321762
Cn1c(-c2cccc(-c3ccccc3)c2O)nc2ccc(C(=N)N)cc21,4.522878745280337
N=C(N)c1ccc2[nH]c(-c3cc(Br)cc(-c4ccccc4)c3O)cc2c1,6.6777807052660805
Nc1cc(C2=NOC(CNC=O)(C(=O)Nc3ccc(-c4ccccc4S(N)(=O)=O)cn3)C2)ccc1Cl,7.823908740944319
Nc1cc(C2=NOC(Cn3cncn3)(C(=O)Nc3ccc(-c4ccccc4S(N)(=O)=O)cn3)C2)ccc1Cl,7.468521082957745
Cc1nc2c(Oc3cc(C(=N)N)ccc3O)nc(Oc3cccc(C(=O)N(C)C)c3)nc2n1Cc1ccccc1,9.3767507096021
Nc1cc(C2=NOC(CNS(=O)(=O)CC(F)(F)F)(C(=O)Nc3ccc(-c4ccccc4S(N)(=O)=O)cn3)C2)ccc1Cl,8.481486060122112
CCCS(=O)(=O)NCC1(C(=O)Nc2ccc(-c3ccccc3S(N)(=O)=O)cn2)CC(c2ccc(Cl)c(N)c2)=NO1,8.431798275933005
CC1(C(=O)Nc2ccc(-c3ccccc3S(N)(=O)=O)cc2)CC(c2ccc(Cl)c(N)c2)=NO1,6.886056647693163
N=C(N)c1cccc(C2=NOC(Cn3cnnn3)(C(=O)Nc3ccc(-c4ccccc4S(N)(=O)=O)cn3)C2)c1,9.958607314841776
Nc1cc(C2=NOC(CNS(=O)(=O)c3ccccc3)(C(=O)Nc3ccc(-c4ccccc4S(N)(=O)=O)cn3)C2)ccc1Cl,8.769551078621726
Nc1ccc(CNC(=O)[C@@H]2CCCN2C(=O)[C@H](N)C(C2CCCCC2)C2CCCCC2)cn1,5.080921907623926
CC1CCN(C(=O)N(Cc2cccc(C(=N)N)c2)NS(=O)(=O)c2ccc3ccccc3c2)CC1,5.275724130399211
Cc1cc(C(=O)Nc2ccc(C(=N)N3CCCCC3)cc2F)n(-c2cc3ccccc3cc2F)n1,8.2839966563652
Cc1cc(C(=O)Nc2ccc(C3=NCCN3C)cc2F)n(-c2cc3ccccc3cc2S(C)(=O)=O)n1,8.4089353929735
Cc1cc(C)cc(C(C)(C)CN(CC(=O)NC(CCCCN)B(O)O)C(=O)CCc2ccccc2)c1,6.091514981121351
Cc1cc(C(=O)Nc2ccc(C3=NCCN3C)cc2F)n(-c2ccc3cc(Cl)ccc3c2)n1,9.0
N/C=N/CCCC(NC(=O)CN(CC1(c2ccccc2)CCCC1)C(=O)CCc1ccccc1)B(O)O,6.200659450546418
CCOc1cccc(-c2cc3cc(C(=N)N)ccc3[nH]2)c1O,5.6777807052660805
CCCCCC(NC(=O)[C@@H]1CCCN1C(=O)[C@@H](NC(=O)OCc1ccccc1)C(c1ccccc1)c1ccccc1)B1O[C@@H]2CC3CC(C3(C)C)[C@]2(C)O1,7.886056647693163
CCOc1cccc(-c2nc3cc(C(=N)N)c(F)cc3[nH]2)c1O,4.3872161432802645
C[C@H]1CC[C@@H](Oc2cccc(-c3nc4cc(C(=N)N)c(F)cc4[nH]3)c2O)CC1,4.42021640338319
COc1cccc(S(=O)(=O)Nc2cccn(CC(=O)NCc3nc(C(=N)N)cs3)c2=O)c1,6.748118545447473
N=C(N)c1cc2[nH]c(-c3cccc(OCC4CCCO4)c3O)nc2cc1F,4.886056647693163
N=C(N)c1ccc2[nH]c(-c3cccc(Oc4ccccc4)c3O)cc2c1,7.107905397309519
COCC1(C(=O)Nc2ccc(-c3ccccc3S(N)(=O)=O)cc2)CC(c2cccc(C(=N)N)c2)=NO1,8.468521082957745
N=C(N)c1ccc2[nH]c(-c3cccc(-c4ccccc4)c3O)cc2c1Cl,5.2839966563652006
Cc1cc(C(=O)Nc2ccc(-c3ccccc3S(N)(=O)=O)cc2)n(-c2cccc(C(=N)NO)c2)n1,7.721246399047171
N=C(N)c1ccc(N2CCCCN(c3cccc(C(=N)N)c3)C2=O)cc1,6.096910013008056
N=C(N)c1ccc(NC(=O)c2cc(Br)ccc2O)cc1,4.823908740944319
N=C(N)c1ccc2ncn(CC(=O)c3ccc(-c4ccccc4)cc3)c2c1,6.920818753952375
CCOC(=O)C(CCc1cccc(C(=N)N)c1)Cn1cnc2cc(C(=N)N)ccc21,6.853871964321762
N=C(N)c1ccc2ncn(CC(=O)Nc3ccc(-c4ccccc4S(N)(=O)=O)cc3)c2c1,8.619788758288394
Cc1ccc(NS(=O)(=O)Cc2ccc(F)cc2Cl)c(=O)n1CC(=O)NC1CCc2nc(N)sc2C1,4.161150909262744
N=C(N)c1ccc2c(c1)ncn2CC(=O)Nc1ccc(-c2ccccc2)cc1,5.4089353929735005
N=C(N)c1cccc(CN2CC[C@H](NS(=O)(=O)c3cc4c(Cl)nccc4s3)C2=O)c1,7.4089353929735005
CCOC(=O)CN1CCC(Oc2c(F)c(Oc3cccc(C4=NCCN4C)c3)nc(Oc3cc(C(=N)N)ccc3O)c2F)CC1,9.508638306165729
Cc1c(S(=O)(=O)N[C@H]2CCN(Cc3cccc(C(=N)N)c3)C2=O)sc2ccc(Cl)cc12,7.443697499232712
CN1CCN=C1c1cccc(Oc2nc(Oc3cc(C(=N)N)ccc3O)c(F)c(O[C@H]3CN[C@H](C(=O)O)C3)c2F)c1,9.481486060122112
NC(N)=NCCC[C@@H](CCl)NC(=O)[C@@H]1CCCN1C(=O)[C@H](N)Cc1ccccc1,6.782516055786093
N=C(N)c1ccc(Oc2cccc(Oc3cccc(C(=N)N)c3)n2)cc1,6.886056647693163
N=C(N)c1cccc(CN2CC[C@H](NS(=O)(=O)c3ccc4cccnc4c3)C2=O)c1,6.376750709602099
Cc1c(F)c(Oc2cccc(CN(C)C)c2)nc(Oc2cccc(C(=N)N)c2)c1F,6.1938200260161125
Cc1c(F)c(Oc2cccc(C(=O)N(C)C)c2)nc(Oc2cc(C(=N)N)ccc2N)c1F,7.853871964321762
N=C(N)c1ccc(O)c(CN2CC[C@H](NS(=O)(=O)c3cc4ccnc(Cl)c4s3)C2=O)c1,8.301029995663981
Cc1c(F)c(Oc2cccc(C(=N)N)c2)nc(Oc2cccc(C(N)=O)c2)c1F,6.552841968657781
N=C(N)c1ccc(O)c(/C=C/CN(C(=O)CCC(=O)O)c2ccc(OC3CCN(CC(=O)O)CC3)c(C(F)(F)F)c2)c1,9.468521082957745
CC(=N)N1CCC(Oc2ccc(N(C/C=C/c3cc(C(=N)N)ccc3O)C(=O)CCC(=O)O)cc2C(F)(F)F)CC1,10.0
CCOC(=O)CCC(=O)N(C/C=C/c1cc(C(=N)N)ccc1O)c1ccc(OC2CCN(C(C)=N)CC2)c(C(F)(F)F)c1,10.154901959985745
CC(=O)N1CCC(Oc2ccc(NC/C=C/c3cc(C(=N)N)ccc3O)cc2C(F)(F)F)CC1,7.732828271596986
CN(CC(=O)N[C@@H](CCCCN)B(O)O)C(=O)c1ccccc1S(=O)(=O)c1ccccc1,5.236572006437063
CC[C@@H](NC(=O)c1ccc(-c2cccc(CN)c2)cc1)[C@@H](Cc1cccc(C(=N)N)c1)C(=O)OC,9.154901959985745
CC(NC(=O)CNC(=O)Nc1ccc(C(=N)N)cc1)c1ccc(NC(=O)c2ccccc2)cc1,5.337242168318426
COC(=O)[C@H](Cc1cccc(C(=N)N)c1)[C@@H](Cc1ccccc1)NC(=O)c1ccc(-c2ccccc2)cc1,7.958607314841775
CNC(=O)C(=O)[C@H](CCCCN)NC(=O)CN(C)C(=O)c1ccccc1Sc1ccccc1C#N,6.958607314841775
CC(=N)N(C)Cc1ccc(C(=O)Nc2ccc(Cl)cc2C(=O)Nc2ccc(Cl)cn2)cc1,9.221848749616356
CN(C)NCc1ccc(C(=O)Nc2ccc(Cl)cc2C(=O)Nc2ccc(Cl)cn2)cc1,9.522878745280336
C/N=C(/N)N(C)Cc1ccc(C(=O)Nc2ccc(Cl)cc2C(=O)Nc2ccc(Cl)cn2)cc1,9.69897000433602
Cc1c(F)c(Oc2cccc(C(=N)N)c2)nc(Oc2cccc(C(=O)N(C)C)c2O)c1F,5.346787486224656
COc1cccc2c1cc(C(=O)NCc1ccc(C(=N)N)cc1)n2Cc1cccc(C(=N)N)c1,6.882728704344236
Cc1cc(C)cc(CNC(=O)c2cc3c(O)cccc3n2Cc2cccc(C(=N)N)c2)c1,7.958607314841775
Cc1cccc2c1cc(C(=O)OCc1cccc(C(=N)N)c1)n2Cc1cccc(C(=N)N)c1,7.356547323513812
N=C(N)c1cccc(Cn2c(C(=O)NCc3cccc(F)c3)cc3c(O)cccc32)c1,6.142667503568732
Cc1c(F)c(Oc2cccc(CCC(=O)N(C)C)c2)nc(Oc2cccc(C(=N)N)c2)c1F,5.886056647693163
C[N+](C)(C)c1ccc(CNC(=O)c2cn(Cc3cccc(C(=N)N)c3)c3ccccc23)cc1,5.739928612014925
Cc1c(F)c(Oc2cccc(N(C)C)c2)nc(Oc2cc(C(=N)N)ccc2O)c1F,8.522878745280337
N=C(N)c1cccc(Cn2c(C(=O)Nc3cc(Cl)cc(Cl)c3)cc3c(O)cccc32)c1,6.09799710864927
COC(=O)c1c(C(=O)OC)n(Cc2cccc(C(=N)N)c2)c2ccccc12,5.1249387366083
COc1c(O)cc(C(=N)N)cc1Oc1nc(Oc2cccc(C(=O)N(C)C)c2)c(F)c(C)c1F,6.795880017344075
N=C(N)c1ccc(-n2c3ccccc3c3ccc(OCc4ccc5ccc(C(=N)N)cc5c4)cc32)cc1,7.221848749616356
N=C(N)c1cccc(Oc2cc(C(=O)O)cc(Oc3cc(C(=N)N)ccc3O)n2)c1,8.221848749616356
N=C(N)c1cccc(Cn2c(C(N)=O)cc3c(O)cccc32)c1,5.145086977692144
N=C(N)c1cccc(Cn2c(C(=O)NC(c3ccccc3)c3ccncc3)cc3ccccc32)c1,5.153044674980176
Cc1c(F)c(Oc2cccc(C(=N)N)c2)nc(Oc2cc(C(=O)N(C)C)cc(C(=O)N(C)C)c2)c1F,6.795880017344075
N=C(N)c1cccc(Cn2c(C(=O)NNS(=O)(=O)c3ccccc3)cc3c(O)cccc32)c1,5.151810883008602
N=C(N)c1cccc(Cn2c(C(=O)NCCc3ccc(Cl)cc3Cl)cc3c(O)cccc32)c1,6.075720713938118
Cc1cccc2c1cc(C(=O)NCc1cccc([N+](=O)[O-])c1)n2Cc1cccc(C(=N)N)c1,5.0
N=C(N)c1cccc(Cn2c(C(=O)NCC(=O)Nc3ccc4ccccc4c3)cc3c(O)cccc32)c1,5.622693748931801
Cc1cccc2c1cc(C(N)=O)n2Cc1cccc(C(=N)N)c1,5.101823516502323
N=C(N)c1ccc(-n2ccc3ccc(NCc4cccc(C(=N)N)c4)cc32)cc1,6.468521082957745
N=C(N)c1cccc(Cn2c(C(=O)NCc3ccccc3)cc3ccccc32)c1,5.161780778092374
CN(C)c1ccc(CNC(=O)c2cn(Cc3cccc(C(=N)N)c3)c3ccccc23)cc1,5.6595558851598815
N=C(N)c1ccc(CNC(=O)c2cc3cc(N)ccc3n2Cc2cccc(C(=N)N)c2)cc1,7.050609993355087
N=C(N)c1cccc(Cn2c(C(=O)NCC34C[C@H]5C[C@@H](C3)C[C@@H](C4)C5)cc3c(O)cccc32)c1,6.562249437179612
Cc1ccc(NC(=O)c2sc3ccccc3c2O)c(C(=O)Nc2ccc(Cl)cc2)c1,5.356547323513812
Nc1ccc(CCOc2cc(C(=O)NCC3CCN(c4ccncc4)CC3)ccc2Cl)cc1,6.376750709602099
O=C(Nc1ccc(Cl)cc1)c1cc(Cl)cc(O)c1NC(=O)c1sc2ccccc2c1Cl,8.431798275933005
O=C(NCC1CCN(c2ccncc2)CC1)c1ccc(F)c(OCCc2ccc(Cl)cc2)c1,7.397940008672037
Cc1ccc(NC(=O)c2sc3ccccc3c2Cl)c(C(=O)Nc2ccc(F)cc2)c1,7.958607314841775
Cc1ccc(NC(=O)c2sc3ccccc3c2Cl)c(C(=O)Nc2ccc(C#N)cc2)c1,6.823908740944319
CC(C)Oc1ccc(C(=O)NCC2CCN(c3ccncc3)CC2)cc1OCCc1ccc(Cl)cc1Cl,6.632644078973981
COc1c(Br)cc(C(=O)NCC2CCN(c3ccncc3)CC2)cc1OCCc1ccc(Cl)cc1Cl,5.9775716288145135
Cc1ccc(NC(=O)c2sc3ccccc3c2Cl)c(C(=O)Nc2ccccc2)c1,7.721246399047171
COc1cccc(C(=O)Nc2ccc(Cl)cc2)c1NC(=O)c1sc2ccccc2c1Cl,7.657577319177793
O=C(NCC1CCN(c2ccncc2)CC1)c1ccc(Cl)c(OCCc2cccc(Cl)c2)c1,5.714217726220605
COc1ccsc1C(=O)Nc1ccc(C)cc1C(=O)Nc1ccc(Cl)cc1,6.795880017344075
Cc1ccc(NC(=O)c2sc3ccccc3c2Cl)c(C(=O)Nc2ccc(Cl)cc2)c1,9.494850021680094
Nc1cc(-n2nnnc2C(=O)Nc2ccc(-c3ccccc3S(N)(=O)=O)cc2Cl)ccc1Cl,8.481486060122112
Cc1ccc(CCOc2cc(C(=O)NCC3CCN(c4ccncc4)CC3)ccc2Cl)cc1,6.906578314837765
COc1ccc(C(=O)NCC2CCN(Cc3ccncc3)CC2)cc1OCCc1ccc(Cl)cc1Cl,6.013228265733755
O=C(Nc1ccc(Cl)cc1)c1cc(Cl)c(F)cc1NC(=O)c1sc2ccccc2c1Cl,8.154901959985743
O=C(NCc1ccc2[nH]cnc2c1)[C@@H]1CC[C@H]2CN(S(=O)(=O)C(c3ccccc3)c3ccccc3)CC(=O)N21,7.1249387366083
N=C(N)N1CCC(CNC(=O)[C@@H]2CC[C@H]3CN(S(=O)(=O)CC(c4ccccc4)c4ccccc4)CC(=O)N32)CC1,8.096910013008056
C/C(=C(\F)C(=O)Nc1ccc(-c2ccccc2S(N)(=O)=O)cc1Cl)c1ccc2ccnc(N)c2c1,8.958607314841775
N=C(N)c1ccc2c(c1)CCC2NC(=O)[C@@H]1CC[C@H]2CN(S(=O)(=O)C(c3ccccc3)c3ccccc3)CC(=O)N21,7.1249387366083
N=C(N)c1ccc(CNC(=O)[C@@H]2CC[C@H]3CN(S(=O)(=O)C(c4ccccc4)c4ccccc4)CC(=O)N32)cc1,9.0
Cc1[nH]cnc1CCNC(=O)CN1CCN(S(=O)(=O)c2cc3ccc(Cl)cc3s2)CC1=O,6.468521082957745
O=C(CN1CCN(S(=O)(=O)c2cc3ccc(Cl)cc3s2)CC1=O)NCCc1ccncc1,7.229147988357855
O=C(CN1CCN(S(=O)(=O)c2cc3ccc(Cl)cc3s2)CC1=O)NCCc1c[nH]cn1,7.67778070526608
O=C1CN(S(=O)(=O)c2cc3ncc(Cl)cc3s2)CCN1Cc1cc2c[nH]ccc-2n1,5.920818753952375
N=C(N)NCCCC(NC(=O)CN1CCN(S(=O)(=O)c2ccc3c(Cl)cccc3c2)CC1=O)C(=O)c1nccs1,8.886056647693163
N=C(N)c1ccc(O)c(/C=C/CNC(=O)c2ccc(-c3ccnc(C(N)=O)c3)cc2)c1,9.1249387366083
N=C(N)c1ccc(O)c(/C=C/CNC(=O)c2ccc(-c3ccccc3)cc2)c1,7.292429823902063
N=C(N)c1ccc(O)c(/C=C/CNC(=O)c2ccc(-c3ccc(C(N)=O)cc3)cc2)c1,7.698970004336019
N=C(N)c1ccc(O)c(/C=C/CNC(=O)c2ccc(-c3c[nH]cn3)cc2)c1,7.721246399047171
CCOc1ccc2ccc(S(=O)(=O)N[C@H]3CCN(Cc4cccc(C(=N)N)c4)C3=O)cc2c1,6.552841968657781
CNc1ccc2ccc(S(=O)(=O)N[C@H]3CCN(Cc4cccc(C(=N)N)c4)C3=O)cc2c1,6.6020599913279625
Cc1cc(OCc2ccc(C(=N)N)cc2)cc(OS(=O)(=O)c2ccccc2Cl)c1,4.769551078621726
N=C(N)c1cccc(CN2C[C@H](NS(=O)(=O)c3ccc4ccccc4c3)C2=O)c1,5.00436480540245
N=C(N)c1cccc(CN2CC[C@H](NS(=O)(=O)c3ccc(-c4ccncc4)cc3)C2=O)c1,6.886056647693163
Cn1ccnc1-c1ccc(S(=O)(=O)N[C@H]2CCN(Cc3cccc(C(=N)N)c3)C2=O)cc1,5.585026652029182
N=C(N)c1ccc(O)c(Oc2cc(C(=O)O)cc(Oc3cccc(NCCN)c3)n2)c1,7.107905397309519
N=C(N)c1ccc2[nH]c(-c3cc(C(=O)O)cc(Br)c3O)c(Cc3ccccc3)c2c1,8.397940008672037
Cc1cc(C(=O)Nc2ccc(-c3ccccc3CN(C)C)cc2F)n(-c2cc3ccccc3cc2S(C)(=O)=O)n1,8.619788758288394
N=C(N)c1ccc2[nH]c(-c3cc(Br)cc(CCC(=O)O)c3)c(Cc3ccccc3)c2c1,6.0
N=C(N)c1ccc2[nH]c(-c3cc(CCCC(=O)O)cc(Br)c3O)c(Cc3ccccc3)c2c1,9.154901959985745
CN(C)C(=O)c1cccc(Oc2cc(C(=O)O)cc(Oc3cccc(C(=N)N)c3)n2)c1,6.580044251510242
N=C(N)c1cccc(C(=O)NC(C(=O)NCC2CCC(CN)CC2)c2cccc(Cl)c2)c1,6.522878745280337
Cc1cc(C(=O)Nc2ccc(-c3ccccc3S(C)(=O)=O)cc2F)n(-c2ccc3cc(Cl)ccc3c2)n1,8.744727494896694
Cc1c(F)c(Oc2cccc(NC(N)=O)c2)nc(Oc2cccc(C(=N)N)c2)c1F,5.3979400086720375
COc1nccc(-c2ccc(S(=O)(=O)N[C@H]3CCN(Cc4cccc(C(=N)N)c4)C3=O)s2)n1,6.823908740944319
N=C(N)c1ccc(NC(=O)CC2CC(c3cccc(C(=N)N)c3)=NO2)cc1,5.853871964321762
N=C(N)c1ccc2[nH]c(-c3cc(CC(N)=O)cc(Br)c3O)c(Cc3ccccc3)c2c1,8.698970004336019
COc1ccc2ccc(S(=O)(=O)N(C)[C@H]3CCN(Cc4cc(C(=N)N)ccc4N)C3=O)cc2c1,8.397940008672037
N=C(N)c1ccc2[nH]c(-c3cc(CCOP(=O)(O)O)cc(Br)c3O)c(Cc3ccccc3)c2c1,9.30102999566398
N=C(N)c1cccc(C(=O)N[C@@H](C(=O)N2CCN(c3ccccc3)CC2)c2ccccc2)c1,7.795880017344075
COc1ccc(CNC(=O)[C@H](NC(=O)c2cccc(C(=N)N)c2)c2ccccc2)cc1,7.552841968657781
N=C(N)c1ccc(N)c(CN2CC[C@H](NS(=O)(=O)c3ccc(-c4cccnc4)s3)C2=O)c1,8.221848749616356
N=C(N)c1ccc(Oc2cc(Oc3ccc(C(=N)N)cc3)c(Cl)cc2Cl)cc1,5.958607314841775
CCOC(=O)C(Cc1ccc(C(=N)N)cc1)NC(=O)CNS(=O)(=O)c1ccc(C(=N)N)cc1,6.301029995663981
N=C(N)c1cccc(Oc2cncc(Oc3cccc(C(=N)N)n3)n2)c1,7.292429823902063
CS(=O)(=O)Nc1ccc(Oc2cccc(C(=N)N)c2)nc1Oc1cccc(C(=N)N)c1,6.886056647693163
CCOC(=O)C(Cc1cccc(C(=N)N)c1)NC(=O)CNS(=O)(=O)c1ccc(C#N)cc1,5.2839966563652006
N=C(N)c1ccc(S(=O)(=O)NCC(=O)NC(Cc2cccc(C(=N)N)c2)C(=O)O)cc1,4.7447274948966935
CCOC(=O)C(Cc1ccc(C(=N)N)cc1)NC(=O)CNS(=O)(=O)c1ccc(C#N)cc1,5.060480747381382
N=C(N)c1cccc(Oc2ccc(C(F)(F)F)c(Oc3cccc(C(=N)N)c3)n2)c1,6.958607314841775
N=C(N)c1cccc(Oc2ccc(NC(=O)NCC(N)=O)c(Oc3cccc(C(=N)N)c3)n2)c1,6.958607314841775
N=C(N)N1CCc2ccc(OC(C(=O)O)c3ccc(OC4CCNCC4)cc3)cc2C1,5.698970004336019
CCOC(=O)C(Oc1ccc2c(c1)CN(C(=N)N)CC2)c1ccc(OC2CCN(C(=N)CC)CC2)cc1,7.522878745280337
Cc1cc(OCC2CCN(C(=N)N)CC2)cc(OS(=O)(=O)c2ccccc2Cl)c1,4.096910013008056
C=CCOC(=O)N1CCC(Oc2ccc(C(Oc3ccc4c(c3)CN(C(=N)N)CC4)C(=O)OCC)cc2)CC1,5.522878745280337
Cc1cc(OCC2CCCN(C(=N)N)C2)cc(OS(=O)(=O)c2ccccc2Cl)c1,4.537602002101044
CC(=N)N1CC[C@H](Oc2ccc(C(Oc3ccc4c(c3)CN(C(=N)N)CC4)C(=O)O)cc2)C1,7.096910013008056
N=C(N)N1CCc2ccc(OC(C(=O)O)c3ccc(O[C@H]4CCNC4)cc3)cc2C1,6.0
CS(=O)(=O)c1ccccc1-c1ccc(NC(=O)c2cc(C(F)(F)F)nn2-c2ccccc2CN)c(F)c1,9.337242168318426
CS(=O)(=O)N[C@@H](C(=O)N1CCC[C@H]1C(=O)NCc1csc(CN)c1)C(c1ccccc1)c1ccccc1,4.0
CS(=O)(=O)N[C@@H](C(=O)N1CCC[C@H]1C(=O)NCc1ccc(C(=N)N)cc1)C1CCCCC1,5.301029995663981
CS(=O)(=O)N[C@H](CC1CCCCC1)C(=O)N1CCC[C@H]1C(=O)NCc1ccc(C(=N)N)cc1,6.698970004336019
Nc1noc2ccc(-n3nc(C(F)(F)F)cc3C(=O)Nc3ccc(-c4ccncc4S(N)(=O)=O)cc3F)cc12,10.0
Cc1nccn1-c1ccc(NC(=O)c2cc(C(F)(F)F)nn2-c2ccc3onc(N)c3c2)c(C#N)c1,9.2839966563652
CCc1nccn1-c1ccc(NC(=O)c2cc(C(F)(F)F)nn2-c2ccc3onc(N)c3c2)c(F)c1,9.136677139879543
COc1cc(CNc2ccc(C(=N)N)cc2)ccc1OCc1ccccc1,5.920818753952375
COc1cc([C@@H](Nc2ccc(C(=N)N)cc2)C(=O)N[C@H](C(=O)O)c2ccccc2)ccc1OCc1ccccc1,5.096910013008056
CC(C)N1CC(CNC(=O)c2cc3ccccc3n2Cc2cc(-c3ccc(Cl)s3)on2)C1,6.0762380391713
CC(C)N1CCC(NC(=O)c2cc3ccccc3n2CCc2ccc(Cl)cc2)CC1,7.136677139879544
CC(C)N1CCC(NC(=O)c2cc3ccccc3n2Cc2cc(-c3ccc(Cl)s3)on2)CC1,8.522878745280337
CC(C)N1CCC(NC(=O)c2cc3ccccc3n2CC(=O)Nc2cccc(Cl)c2)CC1,6.542118103266008
CN1CCC(NC(=O)c2cc3ccccc3n2Cc2cc(-c3ccc(Cl)s3)on2)CC1,7.397940008672037
CC(C)CN1CCC(NC(=O)c2cc3ccccc3n2Cc2cc(-c3ccc(Cl)s3)on2)CC1,6.847711655616943
O=C(NC1CCN(C2CCCC2)CC1)c1cc2ccccc2n1Cc1cc(-c2ccc(Cl)s2)on1,7.1487416512809245
O=C(NC1CCN(C2CCCCC2)CC1)c1cc2ccccc2n1Cc1cc(-c2ccc(Cl)s2)on1,6.97469413473523
CC(=O)N1CCC(NC(=O)c2cc3ccccc3n2Cc2cc(-c3ccc(Cl)s3)on2)CC1,6.117475462045119
Cc1ccc2c(c1)ncn2-c1ccc(NC(=O)c2cc(C(F)(F)F)nn2-c2cccc(C(=N)N)c2)c(F)c1,9.568636235841012
N=C(N)c1cccc(-n2nc(-c3cccnc3)cc2C(=O)Nc2ccc(-n3cnc4ccccc43)cc2)c1,9.69897000433602
N=C(N)c1ccc2[nH]cc(C(Cc3ccccc3)C(=O)NCc3ccc(-n4cnc5ccccc54)cc3)c2c1,7.142667503568732
CC(C)N1CCC(NC(=O)c2cc3cc(Cl)ccc3n2Cc2cc(-c3ccc(Cl)s3)on2)CC1,8.301029995663981
Cc1ccc2c(c1)cc(C(=O)NC1CCN(C(C)C)CC1)n2Cc1cc(-c2ccc(Cl)s2)on1,8.045757490560675
CC(C)N1CCC(NC(=O)c2cc3ccc(Cl)cc3n2Cc2cc(-c3ccc(Cl)s3)on2)CC1,8.154901959985743
CC(C)N1CCC(NC(=O)c2c(Cl)c3ccccc3n2Cc2cc(-c3ccc(Cl)s3)on2)CC1,8.698970004336019
Cc1c(C(=O)NC2CCN(C(C)C)CC2)n(Cc2cc(-c3ccc(Cl)s3)on2)c2ccccc12,8.522878745280337
CC(C)N1CCC(NC(=O)c2c(C#N)c3ccccc3n2Cc2cc(-c3ccc(Cl)s3)on2)CC1,9.522878745280336
COc1ccc(C(=O)NCC2CC(c3cc[n+]([O-])cc3)=NO2)cc1OCCc1ccc(Cl)cc1Cl,6.017728766960431
CC(=N)N1CCC(CNC(=O)c2ccc(C)c(OCCc3ccc(Cl)cc3Cl)c2)CC1,6.853871964321762
COc1ccc(C(=O)NCC2CCN(c3ccc(Cl)cc3)CC2)cc1OCCc1ccc(Cl)cc1Cl,5.0
COc1cc(C(=O)N2CCN(Cc3ccncc3)CC2)cc(OCCc2ccc(Cl)cc2Cl)c1OC,6.777283528852417
COc1ccc(C(=O)N2CCN(Cc3ccc(F)cc3)CC2)cc1OCCc1ccc(Cl)cc1Cl,5.4061603389187285
COc1ccc(C(=O)NCCCN2CCCCC2)cc1OCCc1ccc(Cl)cc1Cl,5.6534514414515264
COc1ccc(C(=O)NCC2CCN(C3CCCCCC3)CC2)cc1OCCc1ccc(Cl)cc1Cl,5.2064191326318445
COc1ccc(C(=O)NC2CCN(C3CCOCC3)CC2)cc1OCCc1ccc(Cl)cc1Cl,5.598944274228156
O=C(NCC1CCN(c2ccncc2)CC1)c1cc(OCCc2ccc(Cl)cc2Cl)ccc1[N+](=O)[O-],5.311313275715876
c1ccc(-n2cnnn2)c(Cc2nc3c(NCCC4CCCCN4)nccc3o2)c1,8.154901959985743
CCOC(=O)CN1CCCCC1CCNc1nccc2oc(Cc3cc(Cl)ccc3-n3cncn3)nc12,8.657577319177793
[O-][n+]1ccccc1C(F)(F)CNc1nccc2oc(Cc3cccc(Cl)c3)nc12,8.522878745280337
Cc1cc2oc(Cc3cccc(Cl)c3)nc2c(NCC(F)(F)c2cccc[n+]2[O-])n1,8.221848749616356
[O-][n+]1ccccc1C(F)(F)CNc1nccc2oc(Cc3ccccc3-n3cnnn3)nc12,8.568636235841012
C#Cc1cc(OC2CCOCC2)cc(C(Nc2ccc(C(=N)N)cc2)C(=O)O)c1,5.537602002101044
Cc1cc2nc(Cc3nc4cc(C(=N)N)ccc4[nH]3)[nH]c2cc1C,8.698970004336019
N=C(N)c1ccc2[nH]c(Cc3nc4cc(F)ccc4[nH]3)nc2c1,9.0
CC(C)NCc1ccccc1-c1ccc(NC(=O)c2cc(C(F)(F)F)nn2-c2ccc3onc(N)c3c2)c(F)c1,9.468521082957745
Nc1ccc2[nH]c(-c3cc(CC(=O)O)cc(-c4cccc([N+](=O)[O-])c4)c3O)cc2n1,5.455931955649724
N=C(N)c1ccc2[nH]c(-c3cccc(-c4cc(CNC(N)=O)ccc4O)c3O)nc2c1,5.568636235841013
C[C@@H](C(=O)N1CCOCC1)N1CC[C@H](N(CC(=O)O)S(=O)(=O)c2ccc3cc(Cl)ccc3c2)C1=O,8.698970004336019
C[C@@H](C(=O)N1CCNCC1)N1CC[C@H](NS(=O)(=O)c2ccc3cc(Cl)ccc3c2)C1=O,6.494850021680094
C[C@@H](C(=O)N1CCCCC1)N1CC[C@H](N(C)S(=O)(=O)c2ccc3cc(Cl)ccc3c2)C1=O,8.698970004336019
COc1ccc(-n2nc(C#N)c3[nH]c(=O)n(-c4ccc(-c5ccccc5S(C)(=O)=O)cc4F)c(=O)c32)cc1,8.522878745280337
COc1ccc(-n2nc(C#N)c(N)c2C(=O)Nc2ccc(-c3ccccc3S(C)(=O)=O)cc2F)cc1,8.075720713938118
N=C(N)c1cccc(C[C@H](NS(=O)(=O)c2ccc3ccccc3c2)C(=O)N2CCC(C3CCN(C(=N)N)CC3)CC2)c1,4.6020599913279625
CC(C)c1cc(C(C)C)c(S(=O)(=O)N[C@@H](Cc2cccc(C(=N)N)c2)C(=O)N2CCN(C(=O)C3CCNCC3)CC2)c(C(C)C)c1,4.769551078621726
CCC(=O)N1CCN(C(=O)[C@H](Cc2cccc(C(=N)N)c2)NS(=O)(=O)c2ccc3c(c2)C(=O)c2ccccc2C3=O)CC1,5.886056647693163
CC(C)c1cc(C(C)C)c(S(=O)(=O)N[C@@H](Cc2cccc(C(=N)N)c2)C(=O)N2CCCN(C(=O)C3CCN(C(=N)N)CC3)CC2)c(C(C)C)c1,5.3872161432802645
N=C(N)NCCC(=O)N1CCN(C(=O)[C@H](Cc2cccc(C(=N)N)c2)NS(=O)(=O)c2ccc(C3CCCCC3)cc2)CC1,5.638272163982407
N=C(N)NCCC(=O)N1CCN(C(=O)[C@H](Cc2cccc(C(=N)N)c2)NS(=O)(=O)c2ccc3c(c2)C(=O)c2ccccc2C3=O)CC1,5.552841968657781
CC(C)c1cc(C(C)C)c(S(=O)(=O)N[C@@H](Cc2cccc(C(=N)N)c2)C(=O)N2CCCN(C(=O)CCN=C(N)N)CC2)c(C(C)C)c1,5.920818753952375
CC(C)c1cc(C(C)C)c(S(=O)(=O)NC(Cc2cccc(C(=N)N)c2)C(=O)N2CCN(C(=O)CN)CC2)c(C(C)C)c1,4.978810700930062
CC(C)c1cc(C(C)C)c(S(=O)(=O)NC(Cc2cccc(C(=N)N)c2)C(=O)N2CCN(C(=O)CN=C(N)N)CC2)c(C(C)C)c1,5.045757490560675
CC(C)c1cc(C(C)C)c(S(=O)(=O)N[C@@H](Cc2cccc(C(=N)N)c2)C(=O)N2CCN(C(=O)CCN=C(N)N)CC2)c(C(C)C)c1,5.537602002101044
CNCc1ccccc1-c1ccc(N2CCc3c(C(F)(F)F)nn(-c4ccc5onc(N)c5c4)c3C2=O)cc1,9.468521082957745
Cc1nn(-c2ccc3onc(N)c3c2)c2c1CCN(c1ccc(-c3ccccc3CN3CCCC3)cc1)C2=O,9.508638306165729
Cc1nn(-c2ccc3onc(N)c3c2)c2c1CCN(c1ccc(-c3ccccc3CN(C)C)cc1)C2=O,9.259637310505756
Nc1noc2ccc(-n3nc(C(F)(F)F)c4c3C(=O)N(c3ccc(-c5ccccc5CN5CCNCC5)cc3)CC4)cc12,9.193820026016112
O=C(NCc1cccc(-c2cccc(-c3cc4c[nH]ccc-4n3)c2O)c1)[C@@H](O)Cc1ccccc1,4.522878745280337
Nc1noc2ccc(-n3nc(C(F)(F)F)c4c3C(=O)N(c3ccc(-c5ccccc5CN5CC[C@@H](O)C5)cc3)CN4)cc12,9.67778070526608
Cc1nn(-c2ccc3onc(N)c3c2)c2c(=O)n(-c3ccc(-c4ccccc4CN(C)C)cc3)c(C)nc12,9.568636235841012
Cc1nn(-c2ccc3onc(N)c3c2)c2c(=O)n(-c3ccc(-c4ccccc4CNCC4CC4)cc3)cnc12,8.769551078621726
CN(C)Cc1ccccc1-c1ccc(-c2nnc3c(C(F)(F)F)nn(-c4ccc5onc(N)c5c4)c3c2O)cc1,8.259637310505756
CN(C)Cc1ccccc1-c1ccc(-c2cnc3c(C(F)(F)F)nn(-c4ccc5onc(N)c5c4)c3c2O)cc1,8.494850021680094
CN(C)Cc1ccccc1-c1ccc(N2CCc3c(C(F)(F)F)nn(-c4cccc5onc(N)c45)c3C2=O)cc1,10.397940008672036
COc1ccc(-n2nc(C(F)(F)F)c3c2C(=O)N(c2ccc(-c4ccccc4S(C)(=O)=O)cc2)CC3)c(N)c1,9.69897000433602
CN(C)Cc1ccccc1-c1ccc(N2CCc3c(C(F)(F)F)nn(-c4ccccc4S(N)(=O)=O)c3C2=O)cc1,9.086186147616283
CC(C)N(CCN1C=CC=CC=C1)C(=O)[C@H](C)N1CC[C@H](NS(=O)(=O)c2ccc3cc(Cl)ccc3c2)C1=O,8.698970004336019
CC(C)N(CCN1CCOCC1)C(=O)[C@H](C)N1CC[C@H](N(CC(N)=O)S(=O)(=O)c2ccc3cc(Cl)ccc3c2)C1=O,9.0
CC(C)N(CCN1CCCCC1)C(=O)[C@H](C)N1CC[C@H](NS(=O)(=O)c2ccc3cc(Cl)ccc3c2)C1=O,8.698970004336019
CC(C)N(CCNS(C)(=O)=O)C(=O)[C@H](C)N1CC[C@H](NS(=O)(=O)c2ccc3cc(Cl)ccc3c2)C1=O,9.0
C[C@@H](C(=O)N(CCO)CC1CC1)N1CC[C@H](NS(=O)(=O)c2ccc3cc(Cl)ccc3c2)C1=O,8.154901959985743
CC(C)N(Cc1ccccn1)C(=O)[C@H](C)N1CC[C@H](NS(=O)(=O)c2ccc3cc(Cl)ccc3c2)C1=O,7.958607314841775
CC(C)N(Cc1ccccc1)C(=O)[C@H](C)N1CC[C@H](NS(=O)(=O)c2ccc3cc(Cl)ccc3c2)C1=O,7.619788758288394
C[C@@H](C(=O)N(CCC#N)C1CCCCC1)N1CC[C@H](NS(=O)(=O)c2ccc3cc(Cl)ccc3c2)C1=O,7.136677139879544
C[C@@H](C(=O)N(CCC#N)C1CC1)N1CC[C@H](NS(=O)(=O)c2ccc3cc(Cl)ccc3c2)C1=O,7.244125144327507
CC(C)N(CCC#N)C(=O)[C@H](C)N1CC[C@H](NS(=O)(=O)c2ccc3cc(Cl)ccc3c2)C1=O,8.301029995663981
CCN(C(=O)[C@H](C)N1CC[C@H](NS(=O)(=O)c2ccc3cc(Cl)ccc3c2)C1=O)C(C)C,7.958607314841775
C[C@@H](C(=O)N1CCOCC1)N1CC[C@H](NS(=O)(=O)c2cc3ccc(Cl)cc3[nH]2)C1=O,6.769551078621726
C[C@@H](C(=O)N1CCOCC1)N1CC[C@H](NS(=O)(=O)c2cnc(-c3ccc(Cl)s3)s2)C1=O,8.301029995663981
Cc1ccc2cc(S(=O)(=O)N[C@H]3CCN([C@@H](C)C(=O)N4CCOCC4)C3=O)ccc2c1,6.962573502059376
NCc1ccc(Cl)cc1CNC(=O)[C@@H]1CCCN1C(=O)[C@@H](CCc1cccc[n+]1[O-])NS(=O)(=O)CC(=O)O,10.096910013008056
C[C@H](NC(=O)[C@@H](CCc1cccc[n+]1[O-])NS(=O)(=O)Cc1ccccc1)C(=O)NCc1cc(Cl)ccc1CN,10.481486060122112
C[C@H](NC(=O)[C@@H](CCc1ccccn1)NS(=O)(=O)Cc1ccccc1)C(=O)NCc1cc(Cl)ccc1CN,10.075720713938118
CC(C)OC(=O)CS(=O)(=O)NC(CCc1cccc[n+]1[O-])C(=O)NCC(=O)NCc1cc(Cl)ccc1CN,9.119186407719209
O=C(CNC(=O)[C@@H](CCc1cccc[n+]1[O-])NS(=O)(=O)Cc1ccccc1)NCCc1ccncc1,5.4089353929735005
COc1cc(Cl)cc(C(=O)Nc2ccc(Cl)cn2)c1NC(=O)c1scc(CN(C)CCN2CCCC2)c1Cl,10.721246399047171
COc1cc(Cl)cc(C(=O)Nc2ccc(Cl)cn2)c1NC(=O)c1scc(CN2CCC(O)CC2)c1Cl,8.657577319177793
CCN(C)Cc1csc(C(=O)Nc2c(OC)cc(Cl)cc2C(=O)Nc2ccc(Cl)cn2)c1Cl,9.657577319177792
CCNC(=O)N(C)Cc1csc(C(=O)Nc2c(OC)cc(Cl)cc2C(=O)Nc2ccc(Cl)cn2)c1Cl,10.69897000433602
CN(C)CCSCc1csc(C(=O)Nc2ccc(Cl)cc2C(=O)Nc2ccc(Cl)cc2)c1Cl,8.568636235841012
CS(=O)(=O)Cc1csc(C(=O)Nc2ccc(Cl)cc2C(=O)Nc2ccc(Cl)cc2)c1Cl,8.67778070526608
CN(C)CCN(C)Cc1csc(C(=O)Nc2ccc(Cl)cc2C(=O)Nc2ccc(Cl)cc2)c1Cl,9.346787486224656
CCCN1CC2SC(C(=O)Nc3ccc(Cl)cc3C(=O)Nc3ccc(Cl)cc3)=C(Cl)C2C1,8.657577319177793
O=C(O)CN1CCN(Cc2ccc3c(Cl)c(C(=O)Nc4ccc(Cl)cc4C(=O)Nc4ccc(Cl)cc4)sc3c2)CC1,8.022276394711152
CN1CCN(Cc2ccc3c(Cl)c(C(=O)Nc4ccc(Cl)cc4C(=O)Nc4ccc(Cl)cc4)sc3c2)CC1,7.67778070526608
CN(C)Cc1ccc2c(Cl)c(C(=O)Nc3ccc(Cl)cc3C(=O)Nc3ccc(Cl)cc3)sc2c1,7.853871964321762
CC(C)(CNC(=O)c1ccc2c(Cl)c[nH]c2c1)NC(=O)c1ccc(-n2ccccc2=O)cc1,8.318758762624412
Cc1cc(C(=O)N[C@@H]2CCC[C@@H]2NC(=O)c2ccc(-n3ccccc3=O)cc2)ccc1Cl,6.860120913598763
O=C(N[C@H]1CCC[C@H]1NC(=O)c1ccc(Cl)cc1)c1ccc(-n2ccccc2=O)cc1,7.443697499232712
O=C(N[C@H]1CCC[C@H]1NC(=O)c1ccc2cc(Cl)ccc2c1)c1ccc(-n2ccccc2=O)cc1,7.568636235841013
O=C(N[C@H]1CCCC[C@H]1NC(=O)c1ccc(Cl)cc1)c1ccc(-n2ccccc2=O)cc1,7.431798275933005
O=C(N[C@H]1CCC[C@H]1NC(=O)c1ccc(Cl)s1)c1ccc(-n2ccncc2=O)cc1,8.958607314841775
O=C(N[C@H]1CCC[C@H]1NC(=O)c1ccc2c(Cl)c[nH]c2c1)c1ccc(N2CCOCC2=O)cc1,8.3767507096021
O=C(N[C@H]1CCC[C@H]1NC(=O)c1ccc(Cl)s1)c1ccc(N2CCCCC2=O)cc1,8.823908740944319
O=C(N[C@H]1CCCC[C@H]1NC(=O)c1ccc2c(Cl)c[nH]c2c1)c1ccc(-n2ccncc2=O)cc1,9.0268721464003
O=C(N[C@H]1CCCC[C@H]1NC(=O)c1ccc(Cl)s1)c1ccc(C2(CN3CCCC3)CC2)cc1,9.022276394711152
O=C(N[C@H]1CCCC[C@H]1NC(=O)c1ccc2c(Cl)c[nH]c2c1)c1ccc(C2(CN3CCCC3)CC2)cc1,9.356547323513812
O=C(N[C@H]1CCC[C@H]1NC(=O)c1ccc2c(Cl)c[nH]c2c1)c1ccc(-n2ccccc2=O)cc1,9.154901959985745
CS(=O)(=O)N1C[C@H](NC(=O)c2ccc(-n3ccccc3=O)cc2)[C@H](NC(=O)c2ccc(Cl)s2)C1,9.356547323513812
O=C(N[C@H]1CN(C(=O)c2ccccc2)C[C@H]1NC(=O)c1ccc(Cl)s1)c1ccc(-n2ccccc2=O)cc1,8.657577319177793
CCOC(=O)N1C[C@H](NC(=O)c2ccc(-n3ccccc3=O)cc2)[C@H](NC(=O)c2ccc3c(Cl)c[nH]c3c2)C1,8.55284196865778
O=C(N[C@@H]1COC[C@@H]1NC(=O)c1ccc(-n2ccccc2=O)cc1)c1ccc2c(Cl)c[nH]c2c1,8.585026652029182
COc1ccc(-n2nc(C(=O)O)c3c2C(=O)N(c2ccc(-c4ccccc4CN4CC[C@@H](O)C4)cc2)CC3)cc1,8.119186407719209
COc1ccc(-n2nc(N)c3c2C(=O)N(c2ccc(-c4ccccc4CN4CC[C@@H](O)C4)cc2)CC3)cc1,8.173925197299173
COc1ccc(-n2nc(-n3cnnn3)c3c2C(=O)N(c2ccc(-c4ccccc4CN4CC[C@@H](O)C4)cc2)CC3)cc1,8.638272163982407
COc1ccc(-n2nc(N(C)C)c3c2C(=O)N(c2ccc(-c4ccccc4CN4CC[C@@H](O)C4)cc2)CC3)cc1,9.508638306165729
COc1ccc(-n2nc(C(N)=O)c3c2C(=O)N(c2ccc(-c4ccccc4CN(CCO)CCO)cc2)CC3)cc1,9.443697499232712
CCN(CC)Cc1ccccc1-c1ccc(N2CCc3c(C(N)=O)nn(-c4ccc(OC)cc4)c3C2=O)cc1,10.096910013008056
CNc1ccc(N2CCc3c(C(F)(F)F)nn(-c4ccc(OC)cc4)c3C2=O)cc1,6.214670164989233
COc1ccc(-n2nc(C(F)(F)F)cc2C(=O)NC2CCN(c3ccccc3S(C)(=O)=O)CC2)cc1,7.853871964321762
CS(=O)(=O)c1ccccc1N1CCC(NC(=O)c2cc(C(F)(F)F)nn2-c2ccc3onc(N)c3c2)CC1=O,7.036212172654444
COc1ccc(-n2nc(C(F)(F)F)cc2C(=O)NC2CCN(c3ccccc3CN3CCOCC3)CC2)cc1,8.18045606445813
COc1ccc(-n2nc(C(N)=O)c3c2C(=O)N(C2CCN(c4ccccc4CN4CCC[C@@H]4O)CC2)CC3)cc1,9.060480747381382
C[C@@H](C(=O)N1CCOCC1)N1CC[C@H](NS(=O)(=O)CCc2ccc(Cl)s2)C1=O,6.812479279163537
NC(=O)c1cc(C(=O)N2CCc3cc(N4CCCCCC4=O)ccc32)n(-c2ccc3onc(N)c3c2)n1,7.823908740944319
Nc1noc2ccc(-n3nc(C(F)(F)F)cc3C(=O)N3CCc4cc(-c5ccccc5CN5CCCC5)ccc43)cc12,8.309803919971486
CS(=O)(=O)c1ccccc1-c1ccc2c(c1)C(=O)CCN2C(=O)c1cc(C(F)(F)F)nn1-c1ccc2onc(N)c2c1,6.301029995663981
CN(C)Cc1ccncc1-c1ccc(-c2ccc3c(C(N)=O)nn(-c4ccc5onc(N)c5c4)c3c2F)c(F)c1,6.832682665251824
COc1ccc(-n2nc(C(F)(F)F)cc2C(=O)Cc2ccc(-n3ccccc3=O)cc2F)cc1,10.045757490560677
COc1ccc(-n2nc(C(F)(F)F)cc2C(=O)Cc2ccc(N3CCCCC3=O)cc2)cc1,9.0
COc1ccc(-n2nc(C(F)(F)F)cc2C(=O)Cc2ccc(-c3ccccc3CN3CC[C@H](O)C3)cc2)cc1,8.481486060122112
CC(C(=O)c1cc(C(F)(F)F)nn1-c1ccc2onc(N)c2c1)c1ccc(-c2ccccc2S(N)(=O)=O)cc1F,8.638272163982407
CS(=O)(=O)c1ccccc1-c1ccc(N2CCC(NS(=O)(=O)c3cc4ccc(Cl)cc4o3)C2=O)c(F)c1,8.958607314841775
CS(=O)(=O)c1ccccc1-c1ccc(N2CCC(NS(=O)(=O)c3cc4nc(Cl)ccc4s3)C2=O)c(F)c1,8.698970004336019
O=C1C(NS(=O)(=O)c2ccc3cc(Cl)ccc3c2)CCN1c1ccc(-n2cccn2)cc1F,8.568636235841012
O=C1C(NS(=O)(=O)c2ccc3cc(Cl)ccc3c2)CCN1c1ccc(-c2ccncc2)cc1F,8.050609993355087
CC(C)(C)c1ccccc1-c1ccc(N2CCC(NS(=O)(=O)/C=C/c3ccc(Cl)s3)C2=O)nc1,5.631899148290649
CCN(C)Cc1nccn1-c1ccc(N2CCC(NS(=O)(=O)/C=C/c3ccc(Cl)s3)C2=O)c(F)c1,9.397940008672036
C/C(=C\S(=O)(=O)NC1CCN(c2ccc(-n3cnc(CN(C)C)c3)cc2F)C1=O)c1ccc(Cl)s1,7.533132379645891
CN(C)Cc1nccn1-c1ccc(N2CCC(NS(=O)(=O)CCc3ccc(Cl)s3)C2=O)c(F)c1,8.508638306165727
COC(=O)CN(C1CCCN(c2ccc(-n3ccccc3=O)cc2)C1=O)S(=O)(=O)c1cc2ccc(Cl)nc2s1,10.366531544420411
COc1ccc(OC2CCCN(c3ccc(-c4ccccc4S(C)(=O)=O)cc3F)C2=O)cc1,6.698970004336019
NC(=O)CN(C1CCCN(c2ccc(-n3ccccc3=O)cc2)C1=O)S(=O)(=O)c1cc2ccc(Cl)nc2s1,10.0
O=C1C(NS(=O)(=O)c2cc3ccc(Cl)nc3s2)CCCN1c1ccc(-n2ccccc2=O)cc1,10.30102999566398
CN(C)CCN(C)C(=O)CN(C1CCCN(c2ccc(-n3ccccc3=O)cc2F)C1=O)S(=O)(=O)c1cc2ccc(Cl)nc2s1,10.886056647693165
O=C1C(NS(=O)(=O)c2cc3ccc(Cl)nc3s2)CCCN1c1ccc(-n2ccccc2=O)cc1F,10.69897000433602
CS(=O)(=O)c1ccccc1-c1ccc(N2CCCC(NS(=O)(=O)c3ccc4ncccc4c3)C2=O)c(F)c1,7.136677139879544
CS(=O)(=O)c1ccccc1-c1ccc(N2CCCC(NS(=O)(=O)c3cnc4ccccc4c3)C2=O)c(F)c1,7.552841968657781
CS(=O)(=O)c1ccccc1-c1ccc(N2CCCC(NS(=O)(=O)c3cccc4cc(Cl)ccc34)C2=O)c(F)c1,8.657577319177793
CS(=O)(=O)c1ccccc1-c1ccc(N2CCCC(NS(=O)(=O)c3ccc(Cl)c(Cl)c3)C2=O)c(F)c1,7.214670164989233
CS(=O)(=O)c1ccccc1-c1ccc(N2CCCC(NS(=O)(=O)c3cccc(Cl)c3)C2=O)c(F)c1,6.42021640338319
COc1cc(Cl)cc(C(=O)Nc2ccc(Cl)cn2)c1NC(=O)c1ccc(N2CCCCC2=O)cc1,10.244125144327509
N#Cc1ccc(NC(=O)c2ccc(N3CCCCC3=O)cc2)c(C(=O)Nc2ccc(Cl)cn2)c1,9.346787486224656
O=C(Nc1ccccc1C(=O)Nc1ncc(Cl)cn1)c1ccc(-n2ccccc2=O)cc1,8.886056647693163
C[C@@H](O)[C@H](NS(=O)(=O)Cc1cccc(C(=O)O)c1)C(=O)N[C@@H](CCC(N)=O)C(=O)NCc1ccc(C(=N)N)cc1,4.832682665251824
CC[C@H](C)[C@H](NS(=O)(=O)Cc1ccccc1C(=O)O)C(=O)N[C@@H](CCC(N)=O)C(=O)NCc1ccc(C(=N)N)cc1,5.504455662453552
CS(=O)(=O)c1ccccc1-c1ccc(CCNS(=O)(=O)c2cc(C(=N)N)ccc2O)c(OCC(=O)O)c1,8.301029995663981
COc1ccc(C(=N)N)cc1S(=O)(=O)NCCc1ccc(C(C)C)cc1,4.853871964321762
CC(C)c1ccc(CCNS(=O)(=O)c2cc(C(=N)N)ccc2Cl)cc1,5.522878745280337
COc1ccc(-c2cccc(S(=O)(=O)NC(Cc3cccc(C(=N)N)c3)C(=O)N3CCC(CCN)CC3)c2)cc1OC,6.376750709602099
N=C(N)c1cccc(C[C@H](NS(=O)(=O)c2cccc(NC(=O)CCN)c2)C(=O)N2CCC(CCCC(N)=O)CC2)c1,5.086186147616283
CNC(=O)CCC(=O)N1CCN(C(=O)[C@H](Cc2cccc(C(=N)N)c2)NS(=O)(=O)c2cccc(NC(=O)CCN)c2)CC1,4.356547323513812
CN1C(=O)C(OCc2ccc(C(=N)N)cc2)Oc2cc(C(=O)N(CC(=O)O)c3ccccc3)ccc21,4.304518323509803
CN1CC(C)(COc2ccc(C(=N)N)cc2)Oc2cc(NC(=O)CCC(=O)O)ccc21,4.471083299722345
CCOC(=O)CN(C(=O)c1ccccc1)c1ccc2c(c1)OC(C)(COc1ccc(C(=N)N)cc1)CN2C,5.018181392829336
N=C(N)N1CCC(C(=O)Nc2cccc(OCc3ccc(F)cc3)c2)CC1,4.471083299722345
O=C(Nc1cccc(OCc2ccc(-c3ccccc3F)cc2)c1)C1CCNCC1,6.115204636051019
O=C(Nc1cccc(OCc2ccc(-c3cc(F)cc(F)c3)cc2)c1)C1CCNCC1,6.886056647693163
O=C(Nc1cccc(OCc2ccc(-c3ccc(C(F)(F)F)cc3)cc2)c1)C1CCNCC1,7.244125144327507
COc1ccc(-n2nc(C(F)(F)F)c3c2C(=O)N(c2ccc(C4(CN(C)C(C)=O)CC4)cc2)CC3)cc1,10.259637310505756
COc1ccc(-n2nc(C(F)(F)F)c3c2C(=O)N(c2ccc(C4(CN5CCOCC5)CC4)cc2)CC3)cc1,10.193820026016112
COc1ccc(-n2nc(C(F)(F)F)c3c2C(=O)N(c2ccc(C4(CN5CC[C@@H](O)C5)CC4)cc2)CC3)cc1,10.42021640338319
COc1ccc(-n2nc(C(F)(F)F)c3c2C(=O)N(c2ccc(C4(CNC5CCCC5)CC4)cc2)CC3)cc1,9.920818753952377
COc1ccc(-n2nc(C(F)(F)F)c3c2C(=O)N(c2ccc(C4(CN(C)C)CC4)cc2)CC3)cc1,10.455931955649724
CN1CCc2nc(C(=O)N[C@@H]3C[C@@H](C(=O)N(C)C)CC[C@@H]3NC(=O)c3cc4cc(Cl)ccc4[nH]3)sc2C1,8.54515513999149
COc1ccc(-n2nc(C#N)c3c2C(=O)N(c2ccc(C4(CN5CCOCC5)CC4)cc2)CC3)cc1,10.031517051446064
COc1ccc(-n2nc(C(F)(F)F)c3c2C(=O)N(c2ccc(C4(NC(C)=O)CC4)cc2)CC3)cc1,8.292429823902063
COc1ccc(-n2nc(C(F)(F)F)c3c2C(=O)N(c2ccc(C4(N(C)S(C)(=O)=O)CC4)cc2)CC3)cc1,8.537602002101044
COc1ccc(-n2nc(C(F)(F)F)c3c2C(=O)N(c2ccc(C4(CCN(C)C)CC4)cc2)CC3)cc1,10.69897000433602
COc1ccc(-n2nc(C(F)(F)F)c3c2C(=O)N(c2ccc(C4(c5ncc[nH]5)CC4)cc2)CC3)cc1,8.958607314841775
COc1ccc(-n2nc(C(F)(F)F)c3c2C(=O)N(c2ccc(C4(c5nccn5C)CC4)cc2)CC3)cc1,8.193820026016112
COc1ccc(-n2nc(C(N)=O)c3c2C(=O)N(c2ccc(C4(N(C)C)CC4)cc2)CC3)cc1,10.366531544420411
COc1ccc(-n2nc(C(N)=O)c3c2C(=O)N(c2ccc(C4(C(C)=O)CC4)cc2)CC3)cc1,9.744727494896694
COc1ccc(-n2nc(C(N)=O)c3c2C(=O)N(c2ccc(C4(CS(C)(=O)=O)CC4)cc2)CC3)cc1,10.148741651280924
COc1ccc(-n2nc(C#N)c3c2C(=O)N(c2ccc(C4(CS(C)(=O)=O)CC4)cc2)CC3)cc1,9.537602002101044
O=C(Nc1nc(CC(=O)N2CCN(CC(=O)N3CCCC3)CC2)cs1)c1ccc(Cl)cc1,6.354577730650908
O=C(Cc1csc(NC(=O)c2ccc(Cl)cc2)n1)Nc1ccc(-n2ccccc2=O)cc1F,6.950781977329818
O=C(CN1C[C@H](NC(=O)c2ccc(Cl)s2)C[C@H]1CO)Nc1ccc(-n2ccccc2=O)cc1F,7.022276394711152
CN(C)Cc1nccn1-c1ccc(N2CCc3c(C(F)(F)F)nn(-c4cccc(-c5n[nH]c(=O)[nH]5)c4)c3C2=O)cc1,8.698970004336019
CN(C)C(=O)c1ccc(NC(=O)C(Oc2cccc3sc(C(=N)N)cc23)c2ccccc2)cc1,9.221848749616356
N=C(N)c1cc2c(OC(COC(=O)Nc3cccc(F)c3)c3ccccc3)cccc2s1,5.886056647693163
Cc1ccccc1NC(=O)OCC(Oc1cccc2sc(C(=N)N)cc12)c1ccccc1,5.926648297613099
CN(C)CCOc1ccc(NC(=O)OCC(Oc2cccc3sc(C(=N)N)cc23)c2ccccc2)cc1,6.059483515067432
CN1CCN(Cc2ccc(NC(=O)OCC(Oc3cccc4sc(C(=N)N)cc34)c3ccccc3)cc2)CC1,5.806318970458719
CNCc1ccccc1NC(=O)OCC(Oc1cccc2sc(C(=N)N)cc12)c1ccccc1,5.940436582098732
N=C(N)c1cc2cc(-c3cccc(OCc4ccc(Cl)cc4)c3)ccc2s1,5.537602002101044
N=C(N)c1cc2cc(-c3cccc(OCc4ccc(Cl)c(F)c4)c3)ccc2s1,6.978810700930062
N=C(N)c1cc2ccc(OCc3cccnc3)cc2s1,5.474955192963154
O=C(Nc1ccc(Cl)cc1)[C@H]1CNC[C@@H]1C(=O)Nc1ccc(-n2ccccc2=O)cc1F,6.920818753952375
CC(C)S(=O)(=O)N1C[C@H](C(=O)Nc2ccc(Cl)cc2)[C@@H](C(=O)Nc2ccc(-n3ccccc3=O)cc2F)C1,8.0
CCS(=O)(=O)N1C[C@H](C(=O)Nc2ccc(Cl)cn2)[C@@H](C(=O)Nc2ccc(-n3ccccc3=O)cc2F)C1,7.619788758288394
CC(C)N1C[C@H](C(=O)Nc2ccc(Cl)cn2)[C@@H](C(=O)Nc2ccc(-n3ccccc3=O)cc2F)C1,7.823908740944319
O=C(Nc1ccc(Cl)cn1)[C@H]1CN(CC(F)(F)F)C[C@@H]1C(=O)Nc1ccc(-n2ccccc2=O)cc1F,8.096910013008056
CS(=O)(=O)N1C[C@H](C(=O)Nc2ccc(Cl)cc2)[C@@H](C(=O)Nc2c(F)cc(-n3ccccc3=O)cc2F)C1,7.508638306165727
COc1ccc(NC(=O)c2cc(NS(C)(=O)=O)ccc2NC(=O)c2ccc(N(C)C)cc2)cc1,7.939302159646388
CN(C)Cc1ccccc1-c1ccc(C(=O)Nc2ccc(Cl)cc2C(=O)Nc2ccc(Cl)cn2)cc1,10.0
Nc1nccc2ccc(C(=O)N[C@@H](C(=O)N3CCN(c4ccncc4)CC3)c3ccccc3)cc12,7.0
CN1CCC(C2CCN(C(=O)[C@H](NC(=O)c3ccc(Cl)c(N)c3)c3ccccc3)CC2)CC1,8.397940008672037
CN1CCC(C2CCN(C(=O)[C@H](NC(=O)c3ccc4c(Cl)c[nH]c4c3)c3ccccc3)CC2)CC1,9.154901959985745
CNC1CCc2cc(N3CC[C@H](NS(=O)(=O)c4ccc5cc(Cl)ccc5c4)C3=O)ccc21,8.301029995663981
CNC1CCc2cc(N3CC[C@H](NS(=O)(=O)/C=C/c4ccc(Cl)s4)C3=O)ccc21,8.397940008672037
O=C1[C@@H](NS(=O)(=O)c2ccc3cc(Cl)ccc3c2)CCN1c1ccc2c(c1F)CCNC2,8.886056647693163
O=C1[C@@H](NS(=O)(=O)c2ccc3cc(Cl)ccc3c2)CCN1c1cc2c(cc1F)CNCC2,8.522878745280337
O=C1[C@@H](NS(=O)(=O)c2ccc3cc(Cl)ccc3c2)CCN1c1ccc2c(c1)CCCNC2,9.096910013008056
N=C(N)NCCC[C@@H](NS(=O)(=O)Cc1ccccc1)C(=O)N1CCC[C@H]1C(=O)NCc1ccc(C(=N)N)cc1,8.619788758288394
CC(C)(C)OC(=O)CC[C@@H](NS(=O)(=O)Cc1ccccc1)C(=O)N1CCC[C@H]1C(=O)NCc1ccc(C(=N)N)cc1,7.508638306165727
C[C@H](NCc1ccc(C(=N)N)cc1)C(=O)[C@@H](CCCNC(=N)N)NS(=O)(=O)Cc1ccccc1,8.853871964321762
COc1ccc(C(=O)Nc2cccc(O[C@@H]3O[C@H](C(=O)O)[C@@H](O)[C@H](O)[C@H]3O)c2NC(=O)c2ccc(N3CCCN(C)CC3)cc2)cc1,7.698970004336019
CCOC(=O)CN(Cc1cccc(F)c1)c1ccc2c(c1)OC(C)(COc1ccc(C(=N)N)cc1)CN2C,5.920818753952375
CN1CC(C)(COc2ccc(C(=N)N)cc2)Oc2ccc(N(Cc3cccc(F)c3)C(=O)C(=O)O)cc21,4.7447274948966935
CCOC(=O)CN(Cc1ccc(F)c(F)c1)c1ccc2c(c1)N(C)CC(C)(COc1ccc(C(=N)N)cc1)O2,5.096910013008056
CN1CC(C)(COc2ccc(C(=N)N)cc2)Oc2ccc(N(Cc3ccc(F)c(F)c3)C(=O)C(=O)O)cc21,4.853871964321762
CN1CC(C)(COc2ccc(C(=N)N)cc2)Oc2cc(N(CC(=O)O)Cc3cc(F)cc(F)c3)ccc21,5.3979400086720375
CN1CC(C)(COc2ccc(C(=N)N)cc2)Oc2cc(N(Cc3cc(F)cc(F)c3)C(=O)C(=O)O)ccc21,5.795880017344075
N=C(N)c1ccc(CNC(=O)[C@@H]2Cc3ccc(cc3)CNC(=O)Cc3ccc(cc3)CC(=O)NCc3ccc(cc3)C[C@@H](NS(=O)(=O)Cc3ccccc3)C(=O)N2)cc1,5.028260409112222
CCCNc1cnc2n(c1=O)[C@H](C(=O)NCc1ccc(C(=N)N)cc1)CC2(CCC)CCC,5.443697499232712
CC(C)(C)Nc1nc(Cl)c2n(c1=O)[C@H](C(=O)NCc1ccc(C(=N)N)cc1)CC2(C)C,5.552841968657781
C=CC[C@]1(C)C[C@@H](C(=O)NCc2ccc(C(=N)N)cc2)n2c1c(Cl)nc(NC1CCC1)c2=O,6.187086643357144
O=C(Nc1cccc(CCc2cccc(F)c2)c1)C1CCN(c2ccncc2)CC1,4.355561410532162
O=C(Nc1cccc(COc2ccc(F)cc2)c1)C1CCN(c2ccncc2)CC1,6.111259039317107
CN(C(=O)C1CCN(c2ccncc2)CC1)c1cccc(OCc2cccc(F)c2)c1,4.627087997029894
COc1ccccc1COc1cccc(NC(=O)C2CCN(c3ccncc3)CC2)c1,4.785156151952302
COc1cccc(COc2cccc(NC(=O)C3CCN(c4ccncc4)CC3)c2)c1,5.140861702705469
O=C(Nc1cccc(OCc2ccc(F)cc2F)c1)C1CCN(c2ccncc2)CC1,5.055517327849832
O=C(Nc1cccc(OCc2cccc(F)c2)c1)C1CCN(c2ccncc2)CC1,5.248720896016658
CC(=N)N1CCC(C(=O)Nc2cccc(OCc3ccc(F)cc3)c2)CC1,4.24184537803261
COC(=O)Nc1ccc(S(=O)(=O)C(C)C)c([C@H]2CCCN2C(=O)[C@H](Nc2ccc3c(N)nccc3c2)c2cc(C)ccc2F)c1,5.267606240177032
CCOc1cc(C(Nc2ccc3c(N)nccc3c2)C(=O)NCc2cccc(O)c2)ccc1OC(C)C,5.4089353929735005
CNC(=O)c1ccc(-c2cccc([C@@H]3C[C@](C)(c4ccccc4)c4cc(C(=N)N)ccc4N3)c2)c(C(=O)O)c1,5.3872161432802645
COC(=O)c1ccc(-c2cccc([C@@H]3C[C@](C)(c4ccccc4)c4cc(C(=N)N)ccc4N3)c2)c(C(=O)O)c1,6.217527375833714
CC(C)CNC(=O)c1ccc(-c2cccc([C@@H]3C[C@H](c4ccccc4)c4cc(C(=N)N)ccc4N3)c2)c(C(=O)O)c1,7.619788758288394
N=C(N)c1cccc(C[C@H](NS(=O)(=O)c2cccc(-c3cccc(F)c3)c2)C(=O)N2CCC(CCN)CC2)c1,5.494850021680094
N=C(N)c1cccc(C[C@H](NS(=O)(=O)c2cccc(NC(=O)CCN)c2)C(=O)N2CCC(CCNC(=O)Nc3ccccc3)CC2)c1,5.583359492661719
N=C(N)c1cccc(C[C@H](NS(=O)(=O)c2cccc(NC(=O)CCN)c2)C(=O)N2CCC(NC(=O)NCc3ccccc3)CC2)c1,5.610833915635467
COc1ccc(-c2cccc(S(=O)(=O)N[C@@H](Cc3cccc(C(=N)N)c3)C(=O)N3CCC(NC(=O)NC4CCCCC4)CC3)c2)c(OC)c1,7.958607314841775
COc1ccc(-n2nc(C(N)=O)c3c2C(=O)N(c2ccc(C(C)(C)N(C)C)cc2)CC3)cc1,9.69897000433602
CC(C)N1CCC(C(=O)Nc2c(OCCCO[C@@H]3O[C@H](CO)[C@@H](O)[C@H](O)[C@H]3O)cccc2OCc2cc(-c3ccc(Cl)s3)on2)CC1,9.318758762624412
NC[C@H]1CC[C@H](C(=O)N[C@@H](Cc2ccccc2)c2nc(-c3ccc4c(N)n[nH]c4c3)c(Cl)[nH]2)CC1,5.1944991418416
CCOc1cc(OC(C)C)c(F)c(C(Nc2ccc(C(=N)N)cc2)c2nc(-c3ccccc3OC)c[nH]2)c1,6.337242168318426
COc1cc2nc([C@@H](CNC(=O)c3c(Cl)cc(-n4cnc(C)n4)cc3Cl)c3cccc(F)c3)[nH]c2cc1Cl,5.713992877920526
Cc1ccc2c3c(nn2c1)CC[C@](NC(=O)c1ccc(-n2cnc(C)n2)cc1Cl)(c1ccccc1)C3,6.1791420105603
Cc1ccc2c3c(nn2c1)CC[C@](NC(=O)c1c(Cl)cc(-n2cnc(C)n2)cc1Cl)(c1ccc(F)c(F)c1)C3,5.812479279163537
Cc1cccc([C@@]2(NC(=O)c3c(Cl)cc(-n4cnc(C)n4)cc3Cl)CCc3nn4cc(C)ccc4c3C2)c1,6.229147988357855
Cc1ccc2c(c1)c(-c1nn[nH]n1)c1n2C[C@@](NC(=O)c2c(Cl)cc(-n3cnnc3)cc2Cl)(c2ccccc2)CC1,6.294992040666664
Cc1ccc2c(c1)c(-c1cncc(N)c1)c1n2C[C@@](NC(=O)c2c(Cl)cc(-n3cnnc3)cc2Cl)(c2ccccc2)CC1,6.590066876668706
Cc1ccc2c(c1)c(C(O)C(F)(F)F)c1n2C[C@@](NC(=O)c2c(Cl)cc(-n3cnnc3)cc2Cl)(c2ccccc2)CC1,5.274496731140684
Cc1ccc2c(c1)c(C(=O)O)c1n2C[C@@](NC(=O)c2ccc(-n3cnnc3)cc2Cl)(c2ccccc2)CC1,6.6307841425898575
N=C(N)c1ccc(CNC(=O)[C@@H]2Cc3cn(nn3)Cc3ccc(cc3)Cn3cc(nn3)C[C@@H](NS(=O)(=O)Cc3ccccc3)C(=O)N2)cc1,6.221848749616356
N=C(N)c1ccc(CNC(=O)[C@@H]2CCCCNC(=O)c3cccc(c3)C(=O)NCCCC[C@@H](NS(=O)(=O)Cc3ccccc3)C(=O)N2)cc1,6.424812155072339
CC1CN(Cc2cccc(C(=N)N)c2)C(=O)N(C2CCN(Cc3ccccc3)CC2)C1,4.306273051076353
CC1CN(Cc2ccc(C(=N)N)cc2)C(=O)N(C2CCN(Cc3ccccc3)CC2)C1,4.642065152999546
CC1CN(CC2CCN(Cc3ccccc3)CC2)C(=O)N(c2cccc(C(=N)N)c2)C1,6.42021640338319
N=C(N)c1cccc(N2CC(OCc3ccccc3)CN(CC3CCN(Cc4ccccc4)CC3)C2=O)c1,6.036212172654444
N=C(N)c1cccc(N2CC(NS(=O)(=O)Cc3ccccc3)CN(CC3CCN(Cc4ccccc4)CC3)C2=O)c1,6.180456064458132
Cc1cc2ccc1[C@@H](C)COC(=O)Nc1ccc(S(=O)(=O)C3CC3)c(c1)CN(C)C(=O)[C@@H]2Nc1ccc2c(N)nccc2c1,5.7447274948966935
Cc1cc2ccc1[C@@H](C)COC(=O)Nc1ccc(-c3ccnn3C)c(c1)CN(C)C(=O)[C@@H]2Nc1ccc2c(N)nccc2c1,5.698970004336019
COC(=O)c1ccc2cc1CN(C)C(=O)[C@H](Nc1ccc3c(N)nccc3c1)c1ccc(c(C)c1)[C@@H](C)COC(=O)N2,5.6020599913279625
Cc1cc2ccc1[C@@H](C)COC(=O)Nc1ccc(OC(F)(F)F)c(c1)CN(C)C(=O)[C@@H]2Nc1ccc2c(N)nccc2c1,6.0
Cc1cc2ccc1[C@@H](C)COC(=O)Nc1ccc(C3(c4nnn[nH]4)CC3)c(c1)CN(C)C(=O)[C@@H]2Nc1ccc2c(N)ncc(F)c2c1,5.978810700930062
CNC(=O)N1CCC(CC[C@@H](NS(=O)(=O)Cc2ccccc2)C(=O)N[C@@H](CCC2CCNCC2)C(=O)NCc2ccc(C(=N)N)cc2)CC1,5.769551078621726
N=C(N)c1ccc(CNC(=O)[C@H](CCC2CCNCC2)NC(=O)[C@@H](CCCc2cc[n+]([O-])cc2)NS(=O)(=O)Cc2ccccc2)cc1,6.3979400086720375
CCc1cc2ccc1CCOC(=O)Nc1ccc(S(=O)(=O)C(C)C)c(c1)CN(C)C(=O)[C@@H]2Nc1cccc(C(N)=O)c1,5.236572006437063
COC(=O)Nc1ccc2c(c1)NC(=O)CCc1nc(ccc1F)C[C@H](NC(=O)/C=C/c1cc(Cl)ccc1-n1cnnn1)c1nc-2c[nH]1,5.853871964321762
COC(=O)Nc1ccc(-c2cnnc([C@H](Cc3ccccc3)NC(=O)/C=C/c3cc(Cl)ccc3-n3cnnn3)c2)cc1,6.075720713938118
N=C(N)c1ccc(CC(=O)[C@H](Cc2cccc(CN)c2)NC(=O)[C@@H](CCCc2ccccc2)NS(=O)(=O)Cc2cccc(C(=O)O)c2)cc1,7.346787486224656
CNCCCN1C(=O)[C@H]2[C@@H](C1=O)[C@@H]1CCCN1[C@H]2c1cc(-c2ccc(Cl)s2)on1,6.040481623027001
CCOC(=O)[C@]1(C)CCC[C@]2(C)[C@@H]1CC[C@@]13C/C(=N/O)[C@@](C)(CC[C@@H]21)C3,5.576099081471583
C[C@@]12CC[C@H]3[C@]4(C)CCC[C@@](C)(C(=O)O)[C@H]4CC[C@]3(C[C@H]1O)C2,4.559752304198433
C[C@@]12CC[C@H]3[C@]4(C)CCC[C@@](C)(C(=O)O)[C@H]4CC[C@]3(CC1=O)C2,4.873381624477049
CCOC(=O)[C@]1(C)CCC[C@]2(C)[C@@H]1CC[C@@]13C/C(=N\OC/C=C/c4ccc5occc5c4)[C@@](C)(CC[C@@H]21)C3,4.988175904405692
CCOC(=O)[C@]1(C)CCC[C@]2(C)[C@@H]1CC[C@@]13C/C(=N\OC/C=C/c4ccc5[nH]ccc5c4)[C@@](C)(CC[C@@H]21)C3,5.330311291943792
CCOC(=O)[C@]1(C)CCC[C@]2(C)[C@@H]1CC[C@@]13C/C(=N\OCc4cc(Cl)ccc4Cl)[C@@](C)(CC[C@@H]21)C3,5.033717437832537
CC[C@H](C)[C@@H]1NC(=O)[C@H](CCCNC(=N)N)NC(=O)[C@H](Cc2ccccc2)NC(=O)[C@H](NC(=O)[C@H](CCC(N)=O)NC(=O)CNC(=O)CN)CSSC[C@H]2NC(=O)[C@H](C)NC(=O)CNC(=O)[C@@H]3CCCN3C(=O)[C@@H]3CSSC[C@H](C(=O)NCC(=O)N[C@@H](CO)C(=O)NCC(=O)N[C@@H](CO)C(=O)N[C@@H](CC(=O)O)C(=O)O)NC(=O)[C@H](Cc4ccc(O)cc4)NC(=O)CNC(=O)[C@H](CC(N)=O)NC(=O)CNC(=O)[C@H](CCCNC(=N)N)NC(=O)[C@H](CSSC[C@H](NC(=O)[C@H](CCCCN)NC(=O)[C@H](CCCCN)NC(=O)[C@H](CC(C)C)NC1=O)C(=O)N[C@@H](CCCNC(=N)N)C(=O)N[C@@H](CCCNC(=N)N)C(=O)N[C@@H](CC(=O)O)C(=O)N[C@@H](CO)C(=O)N[C@@H](CC(=O)O)C(=O)N3)NC(=O)[C@H]([C@@H](C)CC)NC2=O,6.337242168318426
CC(=O)N[C@@H](CCC(N)=O)C(=O)N[C@@H](CCCNC(=N)N)C(=O)N[C@@H](CO)C(=O)N[C@H](C=O)CCCNC(=N)N,6.443697499232712
