smiles,y
COC(=O)C(C)CN(c1ccc2c(c1)nc(C)n2Cc1ccc2ccc(C(=N)N)cc2c1)C1CCN(C(C)=N)CC1,5.301029995663981
Cc1ccc(C)c(CNC(=O)[C@@H]2CCCN2C(=O)C(N)C(c2ccccc2)c2ccccc2)c1,7.397940008672037
CC(=N)N1CCC(N(CC(N)=O)c2ccc3nc(C)n(Cc4ccc5ccc(C(=N)N)cc5c4)c3c2)CC1,6.309803919971486
Nc1cc[n+](Cc2ccc(OC(CCc3ccccc3)c3ccccc3)cc2)cc1,6.795880017344075
CC(=N)N1CCC(N(CCCC(=O)O)c2ccc3nc(C)n(Cc4ccc5ccc(C(=N)N)cc5c4)c3c2)CC1,5.301029995663981
CCCCc1nc2ccc(OC3CCN(C(C)=N)CC3)cc2n1Cc1ccc2ccc(C(=N)N)cc2c1,6.638272163982407
CCCc1nc2cc(OC3CCN(C(C)=N)CC3)ccc2n1Cc1ccc2ccc(C(=N)N)cc2c1,5.619788758288394
CC(=N)N1CCC(Oc2ccc3nc(CCC(N)=O)n(Cc4ccc5ccc(C(=N)N)cc5c4)c3c2)CC1,6.229147988357855
CC(=N)N1CCC(Oc2ccc3c(c2)nc(C)n3Cc2ccc3ccc(C(=N)N)cc3c2)CC1,5.4089353929735005
CC(=N)N1CCC(Oc2ccc3c(c2)nc(C(C)(C)C)n3Cc2ccc3ccc(C(=N)N)cc3c2)CC1,6.022276394711152
CCOC(=O)CCC(=O)N(c1ccc2nc(C)n(Cc3ccc4ccc(C(=N)N)cc4c3)c2c1)C1CCN(C(C)=N)CC1,5.337242168318426
CC(=N)N1CCC(Oc2ccc3nc(C)n(Cc4ccc5ccc(C(=N)N)cc5c4)c3c2)CC1,6.638272163982407
CC(=N)N1CCC(N(CC(C)C(=O)O)c2ccc3c(c2)nc(C)n3Cc2ccc3ccc(C(=N)N)cc3c2)CC1,5.301029995663981
CCOC(=O)CCC(=O)N(c1ccc2c(c1)nc(C)n2Cc1ccc2ccc(C(=N)N)cc2c1)C1CCN(C(C)=N)CC1,5.301029995663981
CN[C@H](Cc1ccccc1)C(=O)N1CCC[C@H]1C(=O)N[C@H](C=O)CCCN=C(N)N,7.8696662315049934
NC(C(=O)N1CCC[C@H]1C(=O)NCC1CCCCC1)C(c1ccccc1)c1ccccc1,7.154901959985743
COC(=O)CN(c1ccc2nc(C)n(Cc3ccc4ccc(C(=N)N)cc4c3)c2c1)C1CCN(C(C)=N)CC1,7.008773924307505
Nc1cc[n+](Cc2ccc(OCc3ccccc3)cc2)cc1,6.154901959985743
Nc1cc[n+](Cc2ccc(OC(c3ccccc3)c3ccccc3)cc2)cc1,7.236572006437063
CC(=N)N1CCC(N(CC(C)C(=O)O)c2ccc3nc(C)n(Cc4ccc5ccc(C(=N)N)cc5c4)c3c2)CC1,6.187086643357144
CCCc1nc2ccc(OC3CCN(C(C)=N)CC3)cc2n1Cc1ccc2ccc(C(=N)N)cc2c1,7.154901959985743
CC(=N)N1CCC(Oc2ccc3nc(C(C)(C)C)n(Cc4ccc5ccc(C(=N)N)cc5c4)c3c2)CC1,7.318758762624412
c1ccc(C(Oc2ccc(CNc3ccncc3)cc2)c2ccccc2)cc1,5.886056647693163
C[C@H]1CNc2cc(S(=O)(=O)N[C@H](CCCNC(=N)N)C(=O)N3CCCCC3C(=O)O)ccc2C1,7.721246399047171
N=C(N)c1ccc(C[C@@H](NC(=O)CNS(=O)(=O)c2ccc3ccccc3c2)C(=O)N2CCCCC2)cc1,8.21289390696343
O=S(=O)(Nc1cccc(OCCNc2ccncc2)c1)c1ccccc1,6.515225781051812
CC(=O)NCC(=O)NC(CCCN=C(N)N)B(O)O,7.585026652029182
CC(C)(C)OC(=O)N[C@H](Cc1ccccc1)C(=O)NCC(=O)NC(CCCN=C(N)N)B(O)O,9.397940008672036
CC(=O)N1CCC[C@H]1C(=O)NC(CCCN=C(N)N)B(O)O,8.481486060122112
COc1ccc(C(=O)OC[C@H](CCCN=C(N)N)NC(=O)[C@@H]2CCCN2C(=O)[C@@H](Cc2ccccc2)NC(=O)OC(C)(C)C)cc1,4.853871964321762
CC(=O)N[C@H](Cc1ccccc1)C(=O)N1CCC[C@H]1C(=O)N[C@@H](CCCN=C(N)N)B(O)O,10.38933983691012
Cc1cc(OCC/C=N/N=C(N)N)cc(OS(=O)(=O)c2ccc(Cl)s2)c1,8.036212172654444
Cc1cc(OCC/C=N/N=C(N)N)cc(OS(=O)(=O)c2cccc(C)c2)c1,8.221848749616356
N=C(N)c1ccc(CNC(=O)CNC(=O)[C@@H](CO)NS(=O)(=O)CCc2ccccc2)cc1,4.481486060122113
COc1ccccc1S(=O)(=O)Oc1cc(C)cc(OCCC/C=N/N=C(N)N)c1,5.886056647693163
Cc1cc(OCC2(/C=N/N=C(N)N)CC2)cc(OS(=O)(=O)c2ccccc2C#N)c1,7.397940008672037
Cc1cc(OCCCCN=C(N)N)cc(OS(=O)(=O)c2ccccc2Cl)c1,7.886056647693163
N=C(N)c1ccc(CNC(=O)CNC(=O)[C@@H](CO)NS(=O)(=O)CC2CCCCC2)cc1,5.0
C[C@H](NC(=O)[C@@H](CO)NS(=O)(=O)Cc1ccccc1)C(=O)NCc1ccc(C(=N)N)cc1,6.978810700930062
Cc1cc(OCC/C=N/N=C(N)N)cc(OS(=O)(=O)c2cccnc2)c1,7.443697499232712
N=C(N)c1ccc(CNC(=O)CNS(=O)(=O)c2ccc3ccccc3c2)cc1,4.795880017344075
CC(C)(C)OC(=O)N[C@@H](CO)C(=O)NCC(=O)NCc1ccc(C(=N)N)cc1,4.161150909262744
Cc1cc(OCC/C=N/N=C(N)N)cc(OS(=O)(=O)c2ccccc2S(C)(=O)=O)c1,7.698970004336019
Cc1cc(OCC/C=N/N=C(N)N)cc(OS(=O)(=O)c2ccccc2C(F)(F)F)c1,8.356547323513812
CC(C)COC(=O)OC[C@@H](NS(=O)(=O)Cc1ccccc1)C(=O)N[C@@H](C)C(=O)NCc1ccc(C(=N)N)cc1,7.301029995663981
Cc1cc(OCC/C=N/N=C(N)N)cc(OS(=O)(=O)c2cccc3ccccc23)c1,7.356547323513812
COc1cc(CCC/C=N/N=C(N)N)cc(OS(=O)(=O)c2ccccc2Cl)c1,6.00436480540245
Cc1cc(OCC/C=N/N=C(N)N)cc(OS(=O)(=O)c2ccccc2C#N)c1,8.040958607678906
Cc1cc(OCC/C=N/N=C(N)N)cc(OCc2ccccc2C(F)(F)F)c1,6.376750709602099
Cc1cc(OCC/C=N/N=C(N)N)cc(OS(=O)(=O)c2cccc(Cl)c2Cl)c1,8.0268721464003
Cc1cc(OCC/C=N/N=C(N)N)cc(OS(=O)(=O)c2ccccc2Cl)c1,8.080921907623926
CC1(C)CNc2c(cc(CO)cc2S(=O)(=O)N[C@@H](Cc2nc3ccccc3s2)C(=O)N2CCC(CCF)CC2)C1,7.1938200260161125
CC1(C)[C@H]2C[C@@H]1[C@]1(C)OB([C@H](CCCCN)NC(=O)Cn3nc(CS(C)(=O)=O)nc3Cc3ccccc3)O[C@@H]1C2,7.958607314841775
Nc1ncc2c(n1)CCC(CNC(=O)[C@@H]1CCCN1C(=O)[C@H](N)C(c1ccccc1)c1ccccc1)C2,4.889410289700751
CC1(C)CNc2c(cc(CCO)cc2S(=O)(=O)N[C@@H](Cc2nc3ccccc3s2)C(=O)N2CCC(CCF)CC2)C1,7.4089353929735005
N=C(N)N1CCCC(C[C@H](NC(=O)CN2C(=O)CN(CCCc3ccccc3)C(=O)[C@H]2Cc2ccc(Cl)c(Cl)c2)C(=O)c2nccs2)C1,8.096910013008056
CC1(C)[C@H]2C[C@@H]1[C@]1(C)OB([C@H](CCCCN)NC(=O)Cn3nc(CO)nc3Cc3ccccc3)O[C@@H]1C2,7.075720713938118
Cc1cc(OCCN(C)c2ccncc2)cc(OS(=O)(=O)c2ccccc2Cl)c1,7.756961951313706
CC1(C)[C@H]2C[C@@H]1[C@]1(C)OB([C@H](CCCCN)NC(=O)Cn3nc(-c4cccc([N+](=O)[O-])c4)nc3Cc3ccccc3)O[C@@H]1C2,7.070581074285707
CC1(C)CNc2c(cc(CCC(=O)N3CCN(CC(=O)N4CCOCC4)CC3)cc2S(=O)(=O)N[C@@H](Cc2nc3ccccc3s2)C(=O)N2CCC(CCF)CC2)C1,7.244125144327507
N=C(N)N1CCCC(C[C@H](NC(=O)CN2C(=O)CN(CCCc3ccccc3)C(=O)[C@H]2Cc2cccc(Cl)c2)C(=O)c2nccs2)C1,7.698970004336019
O=C(O)CN[C@H](CC1CCCCC1)C(=O)N1CCC[C@H]1C(=O)NCC1CCc2n[nH]cc2C1,6.552841968657781
N=C(N)N1CCCC(C[C@H](NC(=O)CN2C(=O)CN(CCCc3ccccc3)C(=O)[C@H]2Cc2ccccc2)C(=O)N2CCCC2)C1,6.886056647693163
CNC(=O)OCc1cc2c(c(S(=O)(=O)N[C@@H](Cc3nc4ccccc4s3)C(=O)N3CCC(CCF)CC3)c1)NCC(C)(C)C2,7.113509274827518
N[C@H](Cc1ccccc1)C(=O)N1CCC[C@H]1C(=O)NCCNc1ccncc1,5.3872161432802645
CC(C)(C)OC(=O)CCc1nc(Cc2ccccc2)n(CC(=O)N[C@@H](CCCCN)B2O[C@@H]3C[C@@H]4C[C@@H](C4(C)C)[C@]3(C)O2)n1,8.259637310505756
CC(C)(C)OC(=O)N[C@H](Cc1ccc(Cl)c(Cl)c1)C(=O)N1CCC[C@H]1C(=O)NCC1CCc2n[nH]cc2C1,5.47755576649368
CC1(C)CNc2c(cc(CCCO)cc2S(=O)(=O)N[C@@H](Cc2nc3ccccc3s2)C(=O)N2CCC(CCF)CC2)C1,6.924453038607469
CC1(C)CNc2c(cc(C(=O)O)cc2S(=O)(=O)N[C@@H](Cc2nc3ccccc3s2)C(=O)N2CCC(CCF)CC2)C1,6.444905551421681
NC(N)=NCCCCNC(=O)[C@@H]1CCCN1C(=O)[C@H](N)Cc1ccccc1,6.7447274948966935
N=C(N)N1CCCC(C[C@H](NC(=O)CN2C(=O)CN(CCCc3ccccc3)C(=O)[C@H]2Cc2ccccc2)C(=O)c2nc3ccccc3s2)C1,7.096910013008056
CC(C)(C)CC(=O)NCc1nc(Cc2ccccc2)n(CC(=O)N[C@@H](CCCCN)B2O[C@@H]3C[C@@H]4C[C@@H](C4(C)C)[C@]3(C)O2)n1,7.481486060122112
O=C(NC1CCc2n[nH]cc2C1)[C@@H]1CCCN1C(=O)[C@@H](CC1CCCCC1)NS(=O)(=O)Cc1ccccc1,5.269217724333611
O=C(NCC1CCc2n[nH]cc2C1)[C@@H]1CCCN1C(=O)[C@@H](CC1CCCCC1)NS(=O)(=O)Cc1ccccc1,6.853871964321762
CN(CC(=O)N[C@@H](CCCCN)B(O)O)C(=O)CCc1ccccc1,8.767003889607846
CC1(C)[C@H]2C[C@@H]1[C@]1(C)OB([C@H](CCCCN)NC(=O)Cn3nc(-c4cccc(N)c4)nc3Cc3ccccc3)O[C@@H]1C2,6.823908740944319
N=C(N)N1CCCC(C[C@H](NC(=O)CN2C(=O)CN(Cc3ccccc3)C(=O)[C@@H]2Cc2ccc3ccccc3c2)C(=O)c2nccs2)C1,8.455931955649724
CCOC(=O)[C@]1(NS(=O)(=O)Cc2ccccc2)CCCN(CC(=O)N[C@H]2CCCN(C(=N)N)C2O)C1=O,9.0
CC(C)C(=O)NCc1nc(Cc2ccccc2)n(CC(=O)N[C@@H](CCCCN)B2O[C@@H]3C[C@@H]4C[C@@H](C4(C)C)[C@]3(C)O2)n1,6.795880017344075
N=C(N)N1CCC[C@H](NC(=O)CN2CCC[C@@](N)(Cc3ccccc3)C2=O)C1O,9.0
CC1(C)CNc2c(cc(CC(=O)O)cc2S(=O)(=O)N[C@@H](Cc2nc3ccccc3s2)C(=O)N2CCC(CCF)CC2)C1,6.301029995663981
CC1(C)[C@H]2C[C@@H]1[C@]1(C)OB([C@H](CCCCN)NC(=O)Cn3ncnc3CCc3ccccc3)O[C@@H]1C2,7.443697499232712
CC(C)(C)OC(=O)N[C@@H](C(=O)N1CCC[C@H]1C(=O)NCC1CCc2nc(N)ncc2C1)C(c1ccccc1)c1ccccc1,5.346787486224656
CC1(C)CNc2c(cc(CCNC(N)=O)cc2S(=O)(=O)N[C@@H](Cc2nc3ccccc3s2)C(=O)N2CCC(CCF)CC2)C1,7.327902142064283
CCCCN1CC(=O)N(CC(=O)N[C@@H](CC2CCCN(C(=N)N)C2)C(=O)c2nccs2)[C@H](Cc2ccccc2)C1=O,7.494850021680094
CCCc1nc(Cc2ccccc2)n(CC(=O)N[C@@H](CCCCN)B2O[C@@H]3C[C@@H]4C[C@@H](C4(C)C)[C@]3(C)O2)n1,7.136677139879544
CC1(C)[C@H]2C[C@@H]1[C@]1(C)OB([C@H](CCCCN)NC(=O)Cn3nnnc3CCc3ccccc3)O[C@@H]1C2,7.481486060122112
CC1(C)CNc2c(cc(CCC(=O)O)cc2S(=O)(=O)N[C@@H](Cc2nc3ccccc3s2)C(=O)N2CCC(CCF)CC2)C1,7.086186147616283
CC1(C)[C@H]2C[C@@H]1[C@]1(C)OB([C@H](CCCCN)NC(=O)Cn3nc(CC#N)nc3Cc3ccccc3[N+](=O)[O-])O[C@@H]1C2,9.096910013008056
N=C(N)N1CCCC(C[C@H](NC(=O)CN2C(=O)CN(CCCc3ccccc3)C(=O)[C@H]2Cc2ccccc2)C(=O)N2CCCCC2)C1,6.0835460514500745
N=C(N)N1CCC[C@H](NC(=O)CN2CCC[C@H](NS(=O)(=O)Cc3ccccc3)C2=O)C1O,9.0
CC1(C)[C@H]2C[C@@H]1[C@]1(C)OB([C@H](CCCCN)NC(=O)Cn3nc(CC(=O)O)nc3Cc3ccccc3)O[C@@H]1C2,5.769551078621726
N[C@@H](C(=O)N1CCC[C@H]1C(=O)NCC1CCc2n[nH]cc2C1)C(c1ccccc1)c1ccccc1,6.443697499232712
CC[C@H](C)[C@H](NC(=O)[C@@H]1CCCN1C(=O)[C@H](CCC(=O)O)NC(=O)[C@H](Cc1ccccc1)NC(=O)[C@H](CC(=O)O)NC(=O)C/C=C/CNC(=O)CCCCC(=O)[C@H](CCCN=C(N)N)NC(=O)[C@@H]1CCCN1C(=O)[C@H](Cc1ccccc1)NC(C)=O)C(=O)N1CCC[C@H]1C(=O)N[C@@H](CC(C)C)C(=O)O,6.522878745280337
NCc1cccc(-n2nc(C(F)(F)F)cc2C(=O)Nc2ccc(-c3ccccc3S(N)(=O)=O)cc2F)c1,5.698970004336019
N=C(N)N1CCC(OCCC2CCCCN2C(=O)[C@H](CC(=O)O)NC2CCCCC2)CC1,8.148741651280925
N=C(N)N1CCC(OCCC2CCCCN2C(=O)[C@H](CC(=O)O)NC2CCCCCCC2)CC1,8.886056647693163
N=C(N)NCCCC(NC(=O)[C@@H]1CC[C@H]2CN(C(=O)C3Cc4ccccc4CN3)CC(=O)N21)C(=O)c1nccs1,7.494850021680094
CS(=O)(=O)c1ccccc1-c1ccc(NC(=O)c2cc(C(F)(F)F)nn2-c2cccc(C(=N)N)c2)cc1,7.154901959985743
CN(C1CCCCC1)[C@@H](CCC(=O)O)C(=O)N1CCCC[C@H]1CCOC1CCN(C(=N)N)CC1,8.744727494896694
N=C(N)NCCCC(NC(=O)[C@@H]1CC[C@H]2CN(C(=O)CCc3ccc(Cl)c(Cl)c3)CC(=O)N21)C(=O)c1nccs1,9.97469413473523
CC[C@H](C)[C@H](NC(=O)[C@H](CCC(=O)O)NC(=O)[C@H](CCC(=O)O)NC(=O)[C@H](Cc1ccccc1)NC(=O)[C@H](CC(=O)O)NC(=O)CNC(=O)[C@H](CC(=O)O)NC(=O)[C@H](CC(N)=O)NC(=O)[C@H](Cc1c[nH]cn1)NC(=O)[C@H](CO)NC(=O)[C@H](CCC(N)=O)NC(=O)CCC(=O)[C@H](CCCN=C(N)N)NC(=O)[C@@H]1CCCN1C(=O)[C@H](Cc1ccccc1)NC(C)=O)C(=O)N1CCC[C@H]1C(=O)N[C@@H](CCC(=O)O)C(=O)N[C@@H](CCC(=O)O)C(=O)N[C@@H](Cc1ccc(O)cc1)C(=O)N[C@@H](CC(C)C)C(=O)N[C@@H](CCC(N)=O)C(=O)O,9.431798275933003
N=C(N)c1cccc(-n2nc(C(F)(F)F)cc2C(=O)Nc2ncc(-c3ccccc3S(N)(=O)=O)cn2)c1,6.045757490560675
Cc1nc(N)ccc1CNC(=O)Cn1c(C)c(Cl)nc(NCCc2ccccc2)c1=O,8.154901959985743
N=C(N)NCCCC(NC(=O)[C@@H]1CC[C@H]2CN(C(=O)OCc3ccccc3)CC(=O)N21)C(=O)c1nccs1,7.301029995663981
CCc1nc2cc(OC3CCN(C(C)=N)CC3)ccc2n1C/C=C/c1ccc(N)cc1,5.6020599913279625
NC(=O)c1ccc(/C=C2/CCCC/C(=C/c3ccc(C(N)=O)cc3)C2=O)cc1,5.537602002101044
CN(C1CCCCCC1)[C@@H](CC(=O)O)C(=O)N1CCCC[C@H]1CCOC1CCN(C(=N)N)CC1,9.275724130399212
N=C(N)NCCCC(NC(=O)[C@@H]1CC[C@H]2CN(C(=O)NCc3ccccc3)CC(=O)N21)C(=O)c1nccs1,7.236572006437063
CCc1nc2cc(OC3CCN(C(C)=N)CC3)ccc2n1C/C=C/c1cc(N)ccc1OC,5.301029995663981
CC[C@H](C)[C@H](NC(=O)[C@@H]1CCCN1C(=O)[C@H](CCC(=O)O)NC(=O)[C@H](Cc1ccccc1)NC(=O)[C@H](CC(=O)O)NC(=O)CNC(=O)[C@H](CC(=O)O)NC(=O)[C@H](CC(N)=O)NC(=O)[C@H](Cc1c[nH]cn1)NC(=O)[C@H](CO)NC(=O)[C@H](CCC(N)=O)NC(=O)[C@@H]1CCCN1C(=O)[C@H](CCCN=C(N)N)N(C)C(=O)[C@@H]1CCCN1C(=O)[C@H](Cc1ccccc1)NC(C)=O)C(=O)N1CCC[C@H]1C(=O)N[C@@H](CC(C)C)C(=O)O,8.55284196865778
CCc1nc2ccc(OC3CCN(C(C)=N)CC3)cc2n1C/C=C/c1cc(N)ccc1OC,5.585026652029182
N=C(N)c1cccc(-n2nc(C(F)(F)F)cc2C(=O)Nc2ccc(-c3ccccc3S(N)(=O)=O)cc2F)c1,6.920818753952375
CN(C1CCC=CCC1)[C@@H](CC(=O)O)C(=O)N1CCCC[C@H]1CCOC1CCN(C(=N)N)CC1,9.096910013008056
Cc1ccc(CCC(=O)N2CC(=O)N3[C@@H](CC[C@H]3C(=O)NC(CCCN=C(N)N)C(=O)c3nccs3)C2)cc1,9.30102999566398
N=C(N)NCCCC(NC(=O)[C@@H]1CC[C@H]2CN(C(=O)CCc3cccc4ccccc34)CC(=O)N21)C(=O)c1nccs1,9.455931955649724
CCc1nc2c(N)c(OC3CCN(C(C)=N)CC3)ccc2n1Cc1ccc2ccc(C(=N)N)cc2c1,5.455931955649724
Cc1cc(C(=O)Nc2ncc(-c3ccccc3S(N)(=O)=O)cn2)n(-c2cccc(C(=N)N)c2)n1,5.130768280269024
Cc1nc(N)ccc1CNC(=O)Cn1c(C)cnc(NC(C)(C)Cc2ccccc2)c1=O,7.619788758288394
Cc1cc(C(=O)Nc2ccc(-c3ccccc3S(C)(=O)=O)cc2)n(-c2cccc(CN)c2)n1,4.6777807052660805
Cc1cc(C(=O)Nc2ccc(-c3ccccc3F)cc2)n(-c2cccc(C(=N)N)c2)n1,6.346787486224656
Cc1cc(C(=O)Nc2ccc(-c3ccccc3S(N)(=O)=O)cn2)n(-c2cccc(C(=N)N)c2)n1,5.853871964321762
N=C(N)NCCCC(NC(=O)[C@@H]1CC[C@H]2CN(C(=O)CCc3ccccc3F)CC(=O)N21)C(=O)c1nccs1,9.036212172654444
N=C(N)NCCCC(NC(=O)[C@@H]1CC[C@H]2CN(CCCc3ccccc3)CC(=O)N21)C(=O)c1nccs1,7.769551078621726
CCc1nc2ccc(OC3CCN(C(C)=N)CC3)cc2n1C/C=C/c1cc(N)ccc1O,7.1249387366083
Cc1cc(C(=O)Nc2ccc(-c3ccccc3C(F)(F)F)cc2)n(-c2cccc(C(=N)N)c2)n1,6.522878745280337
N=C(N)NCCCC(NC(=O)[C@@H]1CC[C@H]2CN(C(=O)CCCc3ccccc3)CC(=O)N21)C(=O)c1nccs1,8.920818753952375
Cc1cc(C(=O)Nc2ccc(-c3ccccc3)cc2)n(-c2cccc(C(=N)N)c2)n1,6.221848749616356
CN(C1CCCCC1)[C@@H](CC(=O)O)C(=O)N1CCCC[C@H]1CCOC1CCN(C(=N)N)CC1,8.66354026615147
N=C(N)c1ccc(/C=C2\CC(C(=O)O)C/C(=C\c3ccc(C(=N)N)cc3)C2=O)cc1,4.667561540084395
N=C(N)NCCCC(NC(=O)[C@@H]1CC[C@H]2CN(C(=O)c3ccccc3)CC(=O)N21)C(=O)c1nccs1,7.602059991327962
CCc1nc2cc(OC3CCN(C(C)=N)CC3)ccc2n1Cc1ccc(-c2cccc(C(=N)N)c2)cc1,6.6777807052660805
CCc1nc2ccc(OC3CCN(C(C)=N)CC3)cc2n1C/C=C/c1cccc(N)c1,6.698970004336019
N=C(N)N1CCC(OCCC2CCCCN2C(=O)[C@H](CC(=O)O)NCC2CCCCC2)CC1,7.795880017344075
CCc1nc2cc(OC3CCN(C(C)=N)CC3)ccc2n1C/C=C/c1cccc(N)c1,6.060480747381382
Cc1cc(C(=O)Nc2ccc(-c3ccccc3S(C)(=O)=O)cc2F)n(-c2cccc(C(=N)N)c2)n1,6.638272163982407
N=C(N)N1CCC(OCCC2CCCCN2C(=O)[C@H](CC(=O)O)NC2CCCC2)CC1,7.494850021680094
Cc1nc(N)ccc1CNC(=O)Cn1c(C)cnc(NCCc2ccccc2)c1=O,9.096910013008056
CCc1nc2ccc(OC3CCN(C(C)=N)CC3)cc2n1Cc1cccc(-c2cccc(C(=N)N)c2)c1,6.721246399047171
CCN(C1CCCCC1)[C@@H](CC(=O)O)C(=O)N1CCCCC1CCOC1CCN(C(=N)N)CC1,7.795880017344075
CCc1nc2ccc(OC3CCN(C(C)=N)CC3)cc2n1Cc1cccc(-c2ccc(C(=N)N)cc2)c1,5.443697499232712
CCc1nc2cc(OC3CCN(C(C)=N)CC3)ccc2n1Cc1cccc(-c2cccc(C(=N)N)c2)c1,5.950781977329818
CC[C@H](C)[C@H](NC(=O)[C@H](CCC(=O)O)NC(=O)[C@H](CCC(=O)O)NC(=O)[C@H](Cc1ccccc1)NC(=O)[C@H](CC(=O)O)NC(=O)CNC(=O)[C@H](CC(=O)O)NC(=O)[C@H](CC(N)=O)NC(=O)[C@H](Cc1c[nH]cn1)NC(=O)[C@H](CO)NC(=O)[C@H](CCC(N)=O)NC(=O)CCCCC(=O)[C@H](CCCN=C(N)N)NC(=O)[C@@H]1CCCN1C(=O)[C@H](Cc1ccccc1)NC(C)=O)C(=O)N1CCC[C@H]1C(=O)N[C@@H](CCC(=O)O)C(=O)N[C@@H](CCC(=O)O)C(=O)N[C@@H](Cc1ccc(O)cc1)C(=O)N[C@@H](CC(C)C)C(=O)N[C@@H](CCC(N)=O)C(=O)O,9.853871964321762
CCc1nc2ccc(OC3CCN(C(C)=N)CC3)cc2n1Cc1ccc(-c2cccc(C(=N)N)c2)cc1,6.113509274827518
Cc1cc(C(=O)Nc2ccc(-c3ccccc3S(N)(=O)=O)cc2F)n(-c2cccc(C(=N)N)c2)n1,6.6777807052660805
N=C(N)NCCCC(NC(=O)[C@@H]1CC[C@H]2CN(C(=O)[C@@H](O)Cc3ccccc3)CC(=O)N21)C(=O)c1nccs1,8.356547323513812
N=C(N)c1cccc(-n2nc(C(F)(F)F)cc2C(=O)Nc2ccc(-c3ccccc3S(N)(=O)=O)cc2)c1,7.397940008672037
Cc1cc(N)nc(C)c1CNC(=O)Cn1c(C)cnc(NCCc2ccccc2)c1=O,9.455931955649724
CC[C@H](C)[C@H](NC(=O)[C@H](CCC(=O)O)NC(=O)[C@H](CCC(=O)O)NC(=O)[C@H](Cc1ccccc1)NC(=O)[C@H](CC(=O)O)NC(=O)CNC(=O)[C@H](CC(=O)O)NC(=O)[C@H](CC(N)=O)NC(=O)[C@H](Cc1c[nH]cn1)NC(=O)[C@H](CO)NC(=O)[C@H](CCC(N)=O)NC(=O)CCCC(=O)[C@H](CCCN=C(N)N)NC(=O)[C@@H]1CCCN1C(=O)[C@H](Cc1ccccc1)NC(C)=O)C(=O)N1CCC[C@H]1C(=O)N[C@@H](CCC(=O)O)C(=O)N[C@@H](CCC(=O)O)C(=O)N[C@@H](Cc1ccc(O)cc1)C(=O)N[C@@H](CC(C)C)C(=O)N[C@@H](CCC(N)=O)C(=O)O,9.2518119729938
COC(=O)CNC(=O)CC(CCc1ccc(C(=N)N)cc1)c1cccc(C(=N)N)c1,4.899629454882437
Cc1nc(N)ccc1CNC(=O)Cn1c(C)cc2c(c1=O)NC(=O)[C@H](CC1CCC1)C2,10.075720713938118
COC(=O)CC(CCc1ccc(N)cc1)c1cccc(C(=N)N)c1,5.113509274827518
COC(=O)CC(CCc1ccc(NC(=N)N)cc1)c1cccc(C(=N)N)c1,5.508638306165727
Cc1csc(CC(NS(=O)(=O)c2cccc3c2NCC(C)(C)C3)C(=O)N2CCC(CCO)CC2)n1,5.6595558851598815
CC1(C)CNc2c(cccc2S(=O)(=O)NC(Cc2nc3cncnc3s2)C(=O)N2CCC(CCF)CC2)C1,5.341035157335565
Cc1nc(N)ccc1CNC(=O)Cn1c(C)cc2c(c1=O)NC(=O)[C@H](CC(C)C)C2,9.397940008672036
CNC(=O)CC(CCc1ccc(C(=N)N)cc1)c1cccc(C(=N)N)c1,5.096910013008056
Cc1nc(N)ccc1CNC(=O)Cn1c(C)cc2c(c1=O)NC(=O)[C@H](Cc1ccccc1)C2,9.443697499232712
CONC(=O)CC(CCc1ccc(C(=N)N)cc1)c1cccc(C(=N)N)c1,4.707743928643524
Cc1nc(N)ccc1CNC(=O)Cn1c(C)cc2c(c1=O)NC(=O)CC2,6.455931955649724
CCOC(=O)CC(CCc1ccc(C(=N)N)cc1)c1ccc(C(=N)N)cc1,5.920818753952375
COC(=O)CC(CCc1ccc(NS(=O)(=O)c2ccccc2)cc1)c1cccc(C(=N)N)c1,5.756961951313706
COC(=O)CC(CCc1ccc(C(N)=O)cc1)c1cccc(C(=N)N)c1,5.187086643357144
CC(C)OC(=O)CC(CCc1ccc(C(=N)N)cc1)c1cccc(C(=N)N)c1,5.813891620186794
CC1(C)CNc2c(cccc2S(=O)(=O)N[C@@H](CSCCCN)C(=O)N2CCC(CCO)CC2)C1,6.552841968657781
N=C(N)NCc1ccc(C2CC/C(=C/I)OC2=O)cc1,4.828566099056991
COC(=O)CC(CCc1ccc(NS(C)(=O)=O)cc1)c1cccc(C(=N)N)c1,5.508638306165727
CC(=O)OCCC1CCN(C(=O)C(Cc2nc3ccccc3[nH]2)NS(=O)(=O)c2cccc3c2NCC(C)(C)C3)CC1,6.3448615651886175
CCOC(=O)CC(CCc1ccc(C(=N)N)cc1)c1cccc(C(=N)N)c1,5.958607314841775
CC1CNc2c(cccc2S(=O)(=O)N[C@@H](Cc2nc3ccccc3o2)C(=O)N2CCC(CCO)CC2)C1,5.508638306165727
CC1(C)CNc2c(cccc2S(=O)(=O)N[C@@H](CSCCCN)C(=O)N2CCC(CCF)CC2)C1,6.899629454882437
N=C(N)c1ccc(CCC(=O)c2cccc(C(=N)N)c2)cc1,5.356547323513812
CC1CNc2c(cccc2S(=O)(=O)N[C@@H](Cc2ccccc2)C(=O)N2CCC(CCO)CC2)C1,5.173925197299174
CC1CNc2c(cccc2S(=O)(=O)N[C@@H](Cc2nc3ccccc3s2)C(=O)N2CCC(CCO)CC2)C1,6.928117992693875
Cc1nc(N)ccc1CNC(=O)Cn1c(C)cc2c(c1=O)NC(=O)[C@H](CC1CC1)C2,9.67778070526608
CC1(C)CNc2c(cccc2S(=O)(=O)NC(Cc2nc3ccncc3s2)C(=O)N2CCC(CCF)CC2)C1,6.091514981121351
CC[C@@H]1Cc2cc(C)n(CC(=O)NCc3ccc(N)nc3C)c(=O)c2NC1=O,8.795880017344075
COC(=O)CC(CCc1ccc(C(=O)OC)cc1)c1cccc(C(=N)N)c1,5.443697499232712
COC(=O)CC(CCc1cccc(C(=N)N)c1)c1cccc(C(=N)N)c1,5.070581074285707
COC(=O)CC(CCCCc1ccc(NC(=N)N)cc1)c1cccc(C(=N)N)c1,5.481486060122113
N=C(N)c1ccc2[nH]c(-c3cccc(-c4ccccc4)c3O)cc2c1,6.494850021680094
COC(=O)NS(=O)(=O)c1ccccc1-c1ccc(C(=O)N[C@@H](CCCN=C(N)N)B2O[C@@H]3CC4CC(C4(C)C)[C@]3(C)O2)c(C)c1,8.958607314841775
N=C(N)c1ccc2[nH]c(-c3c(O)cccc3O)nc2c1,4.769551078621726
N=C(N)c1ccc2[nH]c(-c3cc(Cl)cc(-c4ccccc4)c3O)nc2c1,4.920818753952375
CC(C)(C)OC(=O)Nc1cccc(-c2ccc(C(=O)N[C@@H](CCCN=C(N)N)B3O[C@@H]4CC5CC(C5(C)C)[C@]4(C)O3)o2)c1,7.522878745280337
N=C(N)c1ccc2[nH]c(-c3cccc([N+](=O)[O-])c3O)nc2c1,5.958607314841775
CC1(C)OB([C@H](CCCN=C(N)N)NC(=O)c2ccccc2)OC1(C)C,6.29073003902417
CC1(C)C2CC1[C@]1(C)OB([C@H](CCCN=C(N)N)NC(=O)c3ccc(-c4ccccc4)cc3F)O[C@@H]1C2,8.920818753952375
Cc1cc(-c2ccccc2S(=O)(=O)NC(C)(C)C)ccc1C(=O)N[C@@H](CCCN=C(N)N)B1O[C@@H]2CC3CC(C3(C)C)[C@]2(C)O1,9.67778070526608
N=C(N)c1ccc2[nH]c(-c3cc(F)ccc3O)nc2c1,4.481486060122113
N=C(N)c1ccc2[nH]c(-c3cccc(-c4ccccc4)c3O)nc2c1,4.823908740944319
N=C(N)c1ccc2[nH]c(-c3cccc(Br)c3O)cc2c1,6.920818753952375
N=C(N)c1ccc2[nH]c(-c3cccc(Br)c3O)nc2c1,5.638272163982407
N=C(N)NCCC[C@H](NC(=O)c1ccc(-c2ccccc2)cc1)B(O)O,8.769551078621726
O=C(CNS(=O)(=O)c1ccc(Cl)cc1)N[C@H](CCNc1ccncc1)C(=O)N1CCCCC1,5.698970004336019
O=C(CNS(=O)(=O)c1ccccc1)N[C@H](CCNc1ccncc1)C(=O)N1CCCCC1,5.0
CC1(C)C2CC1[C@]1(C)OB([C@H](CCCN=C(N)N)NC(=O)c3ccc(-c4ccccc4)cc3)O[C@@H]1C2,9.0268721464003
N=C(N)c1ccc2[nH]c(-c3cccc(F)c3O)nc2c1,5.154901959985743
N=C(N)c1ccc2[nH]c(-c3cc([N+](=O)[O-])cc(Br)c3O)cc2c1,6.619788758288394
Cc1nc(-c2ccccc2)ncc1C(=O)N[C@@H](CCCCN)B1O[C@@H]2CC3CC(C3(C)C)[C@]2(C)O1,6.3872161432802645
N=C(N)c1ccc2[nH]c(-c3ccccc3O)nc2c1,4.259637310505756
CC1=CC(C(=O)NC(CCCCN)C(=O)C(=O)NCc2ccc(C(N)=O)cc2)N2C(=O)C(N)(Cc3ccccc3)C(=O)N2C1,8.801342913045577
CC1(C)C2CC1[C@]1(C)OB([C@H](CCCN=C(N)N)NC(=O)c3ccc(-c4ccccc4)c([N+](=O)[O-])c3)O[C@@H]1C2,8.309803919971486
CC1(C)C2CC1[C@]1(C)OB([C@H](CCCN=C(N)N)NC(=O)c3ccc(-c4ccccc4)c(N)c3)O[C@@H]1C2,8.259637310505756
CCN(CC)c1ccc(-c2nc3cc(C(=N)N)ccc3[nH]2)c(O)c1,4.045757490560675
N=C(N)c1ccc2[nH]c(-c3cc([N+](=O)[O-])cc(-c4ccccc4)c3O)cc2c1,6.958607314841775
N=C(N)c1cccc(C(=O)N[C@@H](C(=O)N2CCN(c3ccc(Cl)cc3)CC2)c2ccccc2)c1,5.795880017344075
CC1=CC(C(=O)NC(CCCCN)C(=O)C(=O)NCCc2ccc(C(N)=O)cc2)N2C(=O)C(Cc3ccccc3)(Cc3ccccc3)C(=O)N2C1,8.723538195826755
O=S(=O)(NCCc1cccc(OCCNc2ccncc2)c1)c1ccc(Cl)cc1,5.552841968657781
N=C(N)C1CCC[C@H](NC(=O)CN2CCC[C@H](NS(=O)(=O)Cc3ccccc3)C2=O)C1O,8.995678626217357
Cc1cccc(OCCNc2ccncc2)c1,4.522878745280337
CCN(CC)S(=O)(=O)c1ccccc1-c1ccc(C(=O)N[C@@H](CCCN=C(N)N)B2O[C@@H]3CC4CC(C4(C)C)[C@]3(C)O2)c(C)c1,9.443697499232712
Cc1cc(-c2ccccc2)ccc1C(=O)N[C@@H](CCCCN)B1O[C@@H]2CC3CC(C3(C)C)[C@]2(C)O1,7.585026652029182
N=C(N)c1cccc(C(=O)N[C@@H](C(=O)OCCC2CCN(C(=N)N)CC2)c2ccccc2)c1,5.096910013008056
CC(C)(C)OC(=O)Nc1cccc(-c2cccc(C(=O)N[C@@H](CCCN=C(N)N)B3O[C@@H]4CC5CC(C5(C)C)[C@]4(C)O3)c2)c1,8.080921907623926
N=C(N)c1ccc2[nH]c(-c3cc(Br)cc(Br)c3O)cc2c1,6.494850021680094
COc1cccc(-c2nc3cc(C(=N)N)ccc3[nH]2)c1O,4.096910013008056
Cc1cc(Br)c(O)c(-c2nc3cc(C(=N)N)ccc3[nH]2)c1,5.568636235841013
CC(C)(C)OC(=O)Nc1cccc(-c2ccc(C(=O)N[C@@H](CCCN=C(N)N)B3O[C@@H]4CC5CC(C5(C)C)[C@]4(C)O3)s2)c1,7.376750709602099
CC1(C)C2CC1[C@]1(C)OB([C@H](CCCN=C(N)N)NC(=O)c3ccc(-c4ccccc4)cc3[N+](=O)[O-])O[C@@H]1C2,8.327902142064282
CC1(C)C2CC1[C@]1(C)OB([C@H](CCCN=C(N)N)NC(=O)c3ccc(-c4ccncc4)cc3)O[C@@H]1C2,7.721246399047171
COc1c(-c2ccccc2)cccc1-c1cc2cc(C(=N)N)ccc2[nH]1,4.657577319177793
Cc1ccc(-c2nc3cc(C(=N)N)ccc3[nH]2)c(O)c1,4.42021640338319
CN(C)C(=O)c1cccc(Oc2nc(Oc3cc(C(=N)N)ccc3O)c(F)c(N(C)CC(=O)O)c2F)c1,5.346787486224656
NCCCC[C@H](NC(=O)[C@@H]1CCCN1C(=O)[C@H](N)Cc1ccccc1)C(=O)C(=O)O,8.853871964321762
CC(C)OC(=O)C(=O)[C@H](CCCCN)NC(=O)[C@@H]1CCCN1C(=O)[C@@H](CC1CCCCC1)NCC(=O)O,8.958607314841775
Nc1cc(C2=NOC(CNS(N)(=O)=O)(C(=O)Nc3ccc(-c4ccccc4S(N)(=O)=O)cn3)C2)ccc1Cl,5.229147988357856
Cc1cnc(NCCc2ccccc2)c(=O)n1CC(=O)NCc1ccc2nccn2c1C,7.958607314841775
O=C(NCc1ccccc1)N1CCN(C(=O)O[C@H]2CCC[C@@H](OC(=O)N3CCN(C(=O)NCc4ccccc4)CC3)CCC2)CC1,4.853871964321762
NCCCC[C@H](NC(=O)[C@@H]1CCCN1C(=O)[C@H](CC(=O)O)NS(=O)(=O)Cc1ccccc1)C(=O)C(=O)O,7.823908740944319
NCCCC[C@H](NC(=O)[C@@H]1CCCCN1C(=O)[C@@H](CC1CCCCC1)NCC(=O)O)C(=O)C(=O)O,9.537602002101044
Cc1cnc(NCCc2ccccc2)c(=O)n1CC(=O)NCc1ccc2nccn2c1,6.853871964321762
NCCCC[C@H](NC(=O)[C@@H]1CCN1C(=O)[C@@H](CC1CCCCC1)NCC(=O)O)C(=O)C(=O)O,9.30102999566398
Cc1nc2c(Oc3cccc(C(=O)N(C)C)c3)nc(Oc3cc(C(=N)N)ccc3O)nc2n1Cc1ccccc1,5.886056647693163
CC12OB(C(CCCCN)NC(=O)[C@@H]3CCCN3C(=O)[C@H]3CCCC[C@@H]3c3ccccc3)OC1C[C@@H]1C[C@H]2C1(C)C,7.522878745280337
Nc1cc(C2=NOC(Cn3cnnn3)(C(=O)Nc3ccc(-c4ccccc4S(N)(=O)=O)cn3)C2)ccc1Cl,4.721246399047171
NC(N)=NCCC[C@H](NC(=O)[C@@H]1CCCN1C(=O)[C@@H](N)Cc1ccccc1)C(=O)c1nccs1,9.522878745280336
COCCOCOc1cc(Cc2cc(OC)c(Cc3cc(OC)c(Cc4cc(OC)c(Cc5cc(OC)c(Cc6cc(OC)ccc6OCC(=O)O)cc5OCOCCOC)cc4OCC(=O)O)cc3OCOCCOC)cc2OCC(=O)O)c(OC)cc1C,6.619788758288394
Nc1cc(C2=NOC(CNS(=O)(=O)c3cccnc3)(C(=O)Nc3ccc(-c4ccccc4S(N)(=O)=O)cn3)C2)ccc1Cl,4.769551078621726
NCCCC[C@H](NC(=O)[C@@H]1CCCN1C(=O)[C@H](N)CC1CCCCC1)C(=O)c1nccs1,8.455931955649724
Nc1cc(C2=NOC(CNS(=O)(=O)CC(F)(F)F)(C(=O)Nc3ccc(-c4ccccc4S(N)(=O)=O)cn3)C2)ccc1Cl,5.180456064458132
CC[C@H](C)[C@H](NC(=O)[C@H]1CCCN1C(=O)[C@H](CCC(=O)O)NC(=O)[C@@H](Cc1ccc(O)cc1)NC(=O)CCC(=O)O)C(=O)N1CCC[C@@H]1C(=O)N[C@@H](CCC(=O)O)C(=O)N[C@H](CCC(=O)O)C(=O)N[C@@H](C)C(=O)N[C@H](CC1CCCCC1)C(=O)N[C@@H](CCC(=O)O)C(=O)O,7.0
CC[C@H](C)[C@H](NC(=O)[C@H]1CCCN1C(=O)[C@H](CCC(=O)O)NC(=O)[C@@H](Cc1ccc(O)cc1)NC(=O)CC(N)C(=O)CCCCCCCNC(=O)C1=CC(C)(C)N(O)C1(C)C)C(=O)N1CCC[C@@H]1C(=O)N[C@@H](CCC(=O)O)C(=O)N[C@H](CCC(=O)O)C(=O)N[C@@H](C)C(=O)N[C@H](CC1CCCCC1)C(=O)N[C@@H](CCC(=O)O)C(=O)O,7.0
NCCCC[C@H](NC(=O)[C@@H]1CCCN1C(=O)[C@@H](CC1CCCCC1)NCC(=O)O)C(=O)C(=O)NCCc1ccccc1,9.075720713938118
NCCCC[C@H](NC(=O)[C@@H]1C=CCN1C(=O)[C@@H](CC1CCCCC1)NCC(=O)O)C(=O)C(=O)O,9.481486060122112
NCCCC[C@H](NC(=O)CN(C(=O)[C@H](N)CC1CCCCC1)C1CC1)C(=O)c1nccs1,7.886056647693163
NCCCC[C@H](NC(=O)[C@@H]1CCCN1C(=O)[C@@H](CC1CCCCC1)NCC(=O)O)C(=O)C(=O)O,9.537602002101044
COc1ccc(OCC(=O)O)c(Cc2cc(OCCCCCc3ccccc3)c(Cc3cc(OCC(=O)O)c(Cc4cc(OCCCCCc5ccccc5)c(Cc5cc(OCC(=O)O)c(Cc6cc(OCCCCCc7ccccc7)c(C)cc6OC)cc5OC)cc4OC)cc3OC)cc2OC)c1,5.853871964321762
Cc1cnc(NCCc2ccccc2)c(=O)n1CC(=O)NCc1ccc2cc[nH]c2c1,6.080921907623926
Cc1cnc(NCCc2ccccc2)c(=O)n1CC(=O)NCc1ccn2ccnc2c1,6.568636235841013
Cc1cnc(NCCc2ccccc2)c(=O)n1CC(=O)NCc1ccc2[nH]ccc2n1,7.958607314841775
Cc1cnc(NCCc2ccccc2)c(=O)n1CC(=O)NCc1c[nH]c2nccc-2c1,7.744727494896693
Cc1cnc(NCCc2ccccn2)c(=O)n1CC(=O)NCc1ccc2[nH]ccc2n1,8.494850021680094
NCCCC[C@H](NC(=O)CN(C(=O)[C@@H](CC1CCCCC1)NCC(=O)O)C1CCCC1)C(=O)C(=O)O,9.67778070526608
NCCCC[C@H](NC(=O)[C@@H]1CCCN1C(=O)[C@@H](CC1CCCCC1)NCC(=O)O)C(=O)c1ncco1,9.3767507096021
CN1CCN=C1c1cccc(Oc2nc(Oc3cc(C(=N)N)ccc3O)c(F)c(N(C)CC(=O)O)c2F)c1,5.698970004336019
NCCCC[C@H](NC(=O)[C@H](Cc1ccccc1)NC(=O)CCC(=O)[C@H](CCCN=C(N)N)NC(=O)[C@@H]1CCCN1C(=O)[C@H](N)Cc1ccccc1)C(=O)O,7.552841968657781
COc1ccc(OCC(=O)O)c(Cc2cc(OCCCc3ccccc3)c(Cc3cc(OCC(=O)O)c(Cc4cc(OCCCc5ccccc5)c(Cc5cc(OCC(=O)O)c(Cc6cc(OCCCc7ccccc7)c(C)cc6OC)cc5OC)cc4OC)cc3OC)cc2OC)c1,5.769551078621726
Cc1cnc(NCCc2ccccc2)c(=O)n1CC(=O)NCc1ccc2[nH]cnc2c1,7.958607314841775
NCCCC[C@H](NC(=O)[C@@H]1CC2CCCCC2N1C(=O)[C@@H](CC1CCCCC1)NCC(=O)O)C(=O)C(=O)O,9.086186147616283
N=C(N)c1ccc(CNC(=O)[C@@H]2CCN2C(=O)[C@H](NCC(=O)O)C2CCCCC2)cc1,8.789146634685107
Cc1cnc(NCCc2ccccn2)c(=O)n1CC(=O)NCc1cc2cc[nH]c2cn1,8.920818753952375
CN(C)C(=O)c1cccc(Oc2nc3c(c(Oc4cc(C(=N)N)ccc4O)n2)NC(=O)CN3)c1,6.0
Cc1cnc(NCCc2ccccn2)c(=O)n1CC(=O)NCc1c[nH]c2nccc-2c1,8.18045606445813
Cc1cnc(NCCc2ccccc2)c(=O)n1CC(=O)NCc1cc2cc[nH]c2cn1,8.431798275933005
NCCCC[C@H](NC(=O)[C@@H]1CCCN1C(=O)[C@H](N)CC1CCCCC1)C(=O)C(=O)O,9.853871964321762
Cc1nc(N)ccc1CNC(=O)Cn1c(C)cc(C(F)(F)F)c(N)c1=O,6.468521082957745
Cc1cc(N)nc(C)c1CNC(=O)[C@@H]1CCCN1C(=O)[C@@H](Cc1ccc(Cl)c(Cl)c1)NS(=O)(=O)Cc1ccccc1,7.958607314841775
Nc1nc(CNC(=O)[C@@H]2CCCN2C(=O)[C@H](N)C(C2CCCCC2)C2CCCCC2)cs1,7.154901959985743
O=C(NCc1cccnc1)[C@@H]1CCCN1C(=O)[C@@H](Cc1ccc(Cl)c(Cl)c1)NS(=O)(=O)Cc1ccccc1,6.42021640338319
CC(C)(C)OC(=O)N[C@@H](C(=O)N1CCC[C@H]1C(=O)NCc1csc(N)n1)C(C1CCCCC1)C1CCCCC1,6.455931955649724
N=C(N)c1ccc(CN(NS(=O)(=O)c2ccc3ccccc3c2)C(=O)N2CCCCC2)cc1,7.022276394711152
CC1CCCCN1C(=O)N(Cc1cccc(C(=N)NO)c1)NS(=O)(=O)c1ccc2ccccc2c1,4.920818753952375
Cc1ccc(NS(=O)(=O)Cc2ccccc2)c(=O)n1CC(=O)NCc1cc(Cl)ccc1Cl,7.619788758288394
Nc1cc(CNC(=O)[C@@H]2CCCN2C(=O)[C@@H](Cc2ccc(Cl)c(Cl)c2)NS(=O)(=O)Cc2ccccc2)cs1,6.886056647693163
CCNC(=O)COc1ccc(Cl)cc1CNC(=O)Cn1c(C)ccc(NS(=O)(=O)Cc2ccccc2)c1=O,10.397940008672036
Cc1cc(C(F)(F)F)c(N)c(=O)n1CC(=O)NCc1cc(Cl)ccc1OCC(=O)NCCCN(C)C,8.130768280269024
Nc1ccc(CNC(=O)[C@@H]2CCCN2C(=O)[C@@H](Cc2ccc(Cl)c(Cl)c2)NS(=O)(=O)Cc2ccccc2)cn1,8.522878745280337
CC(C)(C)OC(=O)N[C@@H](C(=O)N1CCC[C@H]1C(=O)NCc1csc(N)n1)C(c1ccccc1)c1ccccc1,6.045757490560675
O=C(NCc1ccccc1)[C@@H]1CCCN1C(=O)[C@@H](Cc1ccc(Cl)c(Cl)c1)NS(=O)(=O)Cc1ccccc1,6.958607314841775
Nc1ccc(CNC(=O)[C@@H]2CCCN2C(=O)[C@H](N)C(C2CCCCC2)C2CCCCC2)cn1,9.086186147616283
CC1CCN(C(=O)N(Cc2cccc(C(=N)NO)c2)NS(=O)(=O)c2ccc3ccccc3c2)CC1,6.327902142064283
Cc1cc(C(F)(F)F)c(N)c(=O)n1CC(=O)NCc1cc(Cl)ccc1OCC(=O)NCCN(C)C,7.744727494896693
Cc1cc(C(F)(F)F)c(N)c(=O)n1CC(=O)NCc1cc(Cl)ccc1OCC(=O)N(C)C,5.6777807052660805
CC1CCN(C(=O)C(Cc2cccc(C(=N)N)c2)NS(=O)(=O)c2ccc3ccccc3c2)CC1,8.207608310501746
CC1CCN(C(=O)N(Cc2cccc(C(=N)N)c2)NS(=O)(=O)c2ccc3ccccc3c2)CC1,8.397940008672037
CCNC(=O)COc1ccc(Cl)cc1CNC(=O)Cn1c(C)cnc(N)c1=O,7.920818753952375
CC(C)(C)OC(=O)N[C@@H](C(=O)N1CCC[C@H]1C(=O)NCc1csc(N)c1)C(C1CCCCC1)C1CCCCC1,6.251811972993799
N=C(N)c1cccc(CN(NS(=O)(=O)c2ccc3ccccc3c2)C(=O)N2CCCCCC2)c1,8.301029995663981
N/C(=N\O)c1ccc(CN(NS(=O)(=O)c2ccc3ccccc3c2)C(=O)N2CCCCC2)cc1,5.721246399047171
CC1CCN(C(=O)N(Cc2ccc(C(=N)NO)cc2)NS(=O)(=O)c2ccc3ccccc3c2)CC1,6.113509274827518
CC(C)(C)OC(=O)N[C@H](Cc1ccccc1)C(=O)N1CCC[C@H]1C(=O)NCc1ccc(N)cc1,5.431798275933005
Cc1cc(N)nc(C)c1CNC(=O)[C@@H]1CCCN1C(=O)[C@H](N)C(c1ccccc1)c1ccccc1,8.0
COc1ccc2cc(S(=O)(=O)NN(Cc3ccc(C(=N)NO)cc3)C(=O)N3CCC(C)CC3)ccc2c1,6.42021640338319
Cc1ccc(NS(=O)(=O)Cc2ccccc2)c(=O)n1CC(=O)NCc1cccc(Cl)c1,8.154901959985743
CCNC(=O)COc1ccc(Cl)cc1CNC(=O)Cn1c(C)cnc(NCCc2ccccc2)c1=O,10.154901959985745
N/C(=N\O)c1ccc(CN(NS(=O)(=O)c2ccc(-c3ccccc3)cc2)C(=O)N2CCCCCC2)cc1,5.795880017344075
CNC(=O)COc1ccc(Cl)cc1CNC(=O)Cn1c(C)cc(C(F)(F)F)c(N)c1=O,7.823908740944319
COc1ccc2cc(S(=O)(=O)NN(Cc3cccc(C(=N)NO)c3)C(=O)N3CCCCCC3)ccc2c1,6.214670164989233
NCCCC[C@H](NC(=O)[C@@H]1CCN2CC[C@@](N)(Cc3ccccc3)C(=O)N12)C(=O)C(=O)NC1CCCCC1,5.698970004336019
COc1ccc2cc(S(=O)(=O)NN(Cc3ccc(C(=N)N)cc3)C(=O)N3CCC(C)CC3)ccc2c1,7.346787486224656
COc1ccc2cc(S(=O)(=O)NN(Cc3cccc(C(=N)N)c3)C(=O)N3CCCCCC3)ccc2c1,8.045757490560675
Cc1nc(N)ccc1CNC(=O)Cn1c(C)cnc(N)c1=O,6.045757490560675
COc1ccc2cc(S(=O)(=O)NN(Cc3cccc(C(=N)NO)c3)C(=O)N3CCCCC3C)ccc2c1,5.376750709602099
Nc1ccc(CNC(=O)[C@@H]2CCCN2C(=O)[C@H](N)C(c2ccccc2)c2ccccc2)cn1,7.920818753952375
N=C(N)NCCC[C@H](NC(=O)[C@@H]1CCN2CC[C@@](N)(Cc3ccccc3)C(=O)N12)C(=O)c1nccs1,8.619788758288394
CC(C)(C)OC(=O)N[C@@H](C(=O)N1CCC[C@H]1C(=O)NCc1ccc(N)nc1)C(c1ccccc1)c1ccccc1,8.119186407719209
Nc1nc(CNC(=O)[C@@H]2CCCN2C(=O)[C@@H](Cc2ccc(Cl)c(Cl)c2)NS(=O)(=O)Cc2ccccc2)cs1,6.443697499232712
O=C([C@@H](NS(=O)(=O)c1cnccc1N[C@H](CO)Cc1ccccc1)c1ccc(O)cc1)N1CCC(CCF)CC1,7.387216143280264
O=C([C@@H](NS(=O)(=O)c1cnccc1N[C@H](CO)Cc1ccccc1)c1cccnc1)N1CCC(CCF)CC1,5.79317412396815
CC1CNc2c(cccc2S(=O)(=O)NC(CCCN=C(N)N)C(=O)N2CCC(CCCl)CC2)C1,7.958607314841775
NCCCC[C@H](NS(=O)(=O)c1cnccc1N[C@H](CO)Cc1ccccc1)C(=O)N1CCC(CCF)CC1,5.7447274948966935
Cc1cc(C)cc(CCN(CC(=O)NC(CCC/N=C/N)B(O)O)C(=O)CCc2ccccc2)c1,9.431798275933003
N=C(N)NCCCC(NC(=O)CN(CC1(c2ccccc2)CC1)C(=O)CCc1ccccc1)B(O)O,10.221848749616356
NCCCCC(NC(=O)CN(CC1(c2ccccc2)CCCC1)C(=O)CCc1ccccc1)B(O)O,8.619788758288394
N/C=N/CCCC(NC(=O)CN(CCc1ccccc1)C(=O)CCc1ccccc1)B(O)O,9.050609993355089
CC(C)(CN(CC(=O)NC(CCC/N=C/N)B(O)O)C(=O)CCc1ccccc1)c1ccccc1,8.920818753952375
COc1ccc([C@H](NS(=O)(=O)c2cnccc2N[C@H](CO)Cc2ccccc2)C(=O)N2CCC(CCF)CC2)cc1,7.443697499232712
Cc1cc(C)cc(C(C)(C)CN(CC(=O)NC(CCC/N=C/N)B(O)O)C(=O)CCc2ccccc2)c1,9.275724130399212
O=C([C@@H](NS(=O)(=O)c1cnccc1N[C@H](CO)Cc1ccccc1)c1ccncc1)N1CCC(CCF)CC1,5.812479279163537
O=C([C@@H](NS(=O)(=O)c1cnccc1N[C@H](CO)Cc1ccccc1)c1ccccn1)N1CCC(CCF)CC1,7.091514981121351
Cc1cc(C)cc(CCN(CC(=O)NC(CCCCN)B(O)O)C(=O)CCc2ccccc2)c1,9.55284196865778
O=C([C@@H](NS(=O)(=O)c1cnccc1N[C@H](CO)Cc1ccccc1)c1ccc2ccccc2c1)N1CCC(CCF)CC1,7.161150909262744
Cc1cc(C)cc(CCN(CC(=O)NC(CCCN=C(N)N)B(O)O)C(=O)CCc2ccccc2)c1,9.236572006437065
CNc1ccc([C@H](NS(=O)(=O)c2cnccc2N[C@H](CO)Cc2ccccc2)C(=O)N2CCC(CCF)CC2)cc1,7.920818753952375
O=C([C@@H](NS(=O)(=O)c1cnccc1N[C@H](CO)Cc1ccccc1)c1cscn1)N1CCC(CCF)CC1,6.552841968657781
Cc1cc(C)cc(C(C)(C)CN(CC(=O)NC(CCCCN)B(O)O)C(=O)CCc2ccccc2)c1,9.387216143280265
N=C(N)NCC[C@H](NS(=O)(=O)c1cnccc1N[C@H](CO)Cc1ccccc1)C(=O)N1CCC(CCF)CC1,7.795880017344075
N/C=N/CCCC(NC(=O)CN(CC1(c2ccccc2)CCCC1)C(=O)CCc1ccccc1)B(O)O,8.522878745280337
Nc1ccc([C@H](NS(=O)(=O)c2cnccc2N[C@H](CO)Cc2ccccc2)C(=O)N2CCC(CCF)CC2)cc1,7.886056647693163
C[C@H](NS(=O)(=O)c1cnccc1N[C@H](CO)Cc1ccccc1)C(=O)N1CCC(CCF)CC1,4.3019864960608185
CN(C(=O)[C@H](Cc1ccc(CN)cc1)NS(=O)(=O)c1ccc2c(c1)CCCC2)C1CCCC1,7.995678626217358
Cc1cnc(NCCc2ccccc2)c(=O)n1CC(=O)NCc1ccc(C(=N)N)cc1,9.244125144327509
Cc1cnc(NCCc2ccccc2)c(=O)n1CC(=O)NCc1cnc(N)nc1,6.447210149807218
N=C(N)c1ccc2[nH]c(-c3cccc(OC4CCCC4)c3O)cc2c1,5.1249387366083
Cc1cnc(NCCc2ccccc2)c(=O)n1CC(=O)NC[C@@H]1CNC(N)=N[C@@H]1C,8.494850021680094
COCCC(NC(=O)[C@@H]1CCCN1C(=O)[C@H](Cc1ccccc1)NC(=O)OCc1ccccc1)B1O[C@@H]2CC3CC(C3(C)C)[C@]2(C)O1,7.67778070526608
Cc1nc(N)ncc1CNC(=O)Cn1c(C)cnc(NCCc2ccc3c(c2)CCO3)c1=O,6.489723155582645
Cc1ccc(NS(=O)(=O)Cc2ccccc2)c(=O)n1CC(=O)NCC1CN=C(N)NC1,9.0
CCC(NC(=O)[C@@H]1CCCN1C(=O)[C@H](Cc1ccccc1)NC(=O)OCc1ccccc1)B1O[C@@H]2CC3CC(C3(C)C)[C@]2(C)O1,6.0
C[C@H]1CC(C)(C)C[C@@H]1Oc1cccc(-c2nc3cc(C(=N)N)c(F)cc3[nH]2)c1O,4.853871964321762
COc1cccc(S(=O)(=O)Nc2cccn(CC(=O)NCc3ccc(C(=N)N)cc3Cl)c2=O)c1,7.681936665037238
COc1cccc(S(=O)(=O)Nc2cccn(CC(=O)NCc3ccc(C(=N)N)cc3F)c2=O)c1,8.221848749616356
COc1cccc(S(=O)(=O)Nc2cccn(CC(=O)NCc3ccc(C(=N)N)cc3OC)c2=O)c1,8.795880017344075
N=C(N)c1cc2[nH]c(-c3cccc(OC4CCCC4)c3O)nc2cc1F,4.494850021680094
N=C(N)c1cc2[nH]c(-c3cccc(OC4CCNC4)c3O)nc2cc1F,4.301029995663981
Cc1nc(N)ccc1CNC(=O)Cn1c(C)cnc(NCC(C)(C)c2ccccc2)c1=O,8.958607314841775
CN(C(=O)[C@H](Cc1ccc(CN)cc1)NS(=O)(=O)c1ccc(-c2ccccn2)s1)C1CCCC1,6.97061622231479
COCCCC(NC(=O)[C@@H]1CCCN1C(=O)[C@@H](NC(=O)OCc1ccccc1)C(c1ccccc1)c1ccccc1)B1O[C@@H]2CC3CC(C3(C)C)[C@]2(C)O1,8.522878745280337
Cc1nc(N)ccc1CNC(=O)Cn1c(C)cnc(NCCc2ccccn2)c1=O,9.568636235841012
Cc1nc(N)ncc1CNC(=O)Cn1c(C)cnc(NCC(F)(F)c2ccccc2)c1=O,6.851397345193907
Cc1ccc(NS(=O)(=O)Cc2ccccc2)c(=O)n1CC(=O)NCc1ccc(C(=N)N)cc1,9.431798275933003
Cc1ccnc(CNC(=O)Cn2c(C)cnc(NCC(F)(F)c3ccccc3)c2=O)c1,8.318758762624412
NCc1ccc(C[C@H](NS(=O)(=O)c2ccc3ccccc3c2)C(=O)N2CCCCC2)cc1,8.508638306165727
Cc1cnc(NCC(F)(F)c2ccc(F)cc2)c(=O)n1CC(=O)NCc1cnc(N)cn1,8.229147988357855
Cc1nc(N)ccc1CNC(=O)Cn1c(C)cnc(NCC(F)(F)c2ccccn2)c1=O,10.3767507096021
COc1cccnc1CNC(=O)Cn1c(Cl)cnc(NCC(F)(F)c2ccccn2)c1=O,7.823908740944319
CN(C(=O)[C@H](Cc1ccc(C(=N)N)cc1)NS(=O)(=O)c1ccc2ccccc2c1)C1CCCC1,8.167491087293763
CCOc1cccc(-c2cc3cc(C(=N)N)ccc3[nH]2)c1O,5.045757490560675
CCCCCC(NC(=O)[C@@H]1CCCN1C(=O)[C@@H](NC(=O)OCc1ccccc1)C(c1ccccc1)c1ccccc1)B1O[C@@H]2CC3CC(C3(C)C)[C@]2(C)O1,10.462180904926726
Cc1ccnc(CNC(=O)Cn2c(C)cnc(NCC(F)(F)c3ccccn3)c2=O)c1,8.55284196865778
COc1cccc(S(=O)(=O)Nc2cccn(CC(=O)NCc3ccc(C(=N)N)cc3)c2=O)c1,8.275724130399212
Cc1ccc(NS(=O)(=O)Cc2ccccc2)c(=O)n1CC(=O)NCc1ccc(C(=N)N)c(F)c1,8.443697499232712
Cc1ncccc1CNC(=O)Cn1c(C)cnc(NCCc2ccccc2)c1=O,6.552841968657781
Cc1nc(N)nc(C)c1CNC(=O)Cn1c(C)ccc(NS(=O)(=O)Cc2ccccc2)c1=O,6.55129368009492
Cc1cnc(NCC(F)(F)c2ccccc2)c(=O)n1CC(=O)NCc1cc(Cl)ccn1,8.886056647693163
Cc1cnc(NCCc2ccccc2)c(=O)n1CC(=O)NCc1ccc(C(=N)N)s1,9.920818753952377
CN(C(=O)[C@H](Cc1ccc(CN)cc1)NS(=O)(=O)c1ccc(-c2ccccc2)cc1)C1CCCC1,7.218244625347531
Cc1cnc(NCCc2ccccc2)c(=O)n1CC(=O)NCC1CN=C(N)NC1,8.721246399047171
Cc1cnc(NCCc2ccccc2)c(=O)n1CC(=O)NCc1ccccn1,6.4089353929735005
COc1ccnc(CNC(=O)Cn2c(Cl)cnc(NCC(F)(F)c3ccccn3)c2=O)c1,8.443697499232712
C[C@H]1CCC[C@@H]1Oc1cccc(-c2nc3cc(C(=N)N)c(F)cc3[nH]2)c1O,4.698970004336019
CC1(C)C2CC1[C@]1(C)OB(C(CCCl)NC(=O)[C@@H]3CCCN3C(=O)[C@H](Cc3ccccc3)NC(=O)OCc3ccccc3)O[C@@H]1C2,7.5376020021010435
CC(C)C(NC(=O)[C@@H]1CCCN1C(=O)[C@@H](NC(=O)OCc1ccccc1)C(c1ccccc1)c1ccccc1)B1O[C@@H]2CC3CC(C3(C)C)[C@]2(C)O1,7.721246399047171
Cc1ccnc(CNC(=O)Cn2c(C)cnc(NCC(F)(F)c3ccccc3)c2=O)c1F,8.920818753952375
CN(C)c1cccc2c(S(=O)(=O)N[C@@H](Cc3ccc(CN)cc3)C(=O)N(C)C3CCCC3)cccc12,7.962573502059376
Cc1ccc(NS(=O)(=O)Cc2ccccc2F)c(=O)n1CC(=O)N[C@H](CCCN=C(N)N)C(=O)O,9.853871964321762
Cc1cnc(NCC(F)(F)c2ccccc2)c(=O)n1CC(=O)NCc1cnc(N)cn1,8.008773924307505
CCOc1cccc(-c2nc3cc(C(=N)N)ccc3[nH]2)c1O,4.508638306165727
CC(C)COc1cccc(-c2nc3cc(C(=N)N)ccc3[nH]2)c1O,4.823908740944319
Cc1cnc(NCC(F)(F)c2ccccc2)c(=O)n1CC(=O)NCc1ncccc1F,8.167491087293763
Cc1nc(N)ncc1CNC(=O)Cn1c(C)ccc(NS(=O)(=O)Cc2cccc3c2OCCO3)c1=O,6.986320302708807
C[C@H]1CCC[C@H](Oc2cccc(-c3nc4cc(C(=N)N)c(F)cc4[nH]3)c2O)C1,4.657577319177793
Cc1ccnc(CNC(=O)Cn2c(Cl)cnc(NCC(F)(F)c3ccccn3)c2=O)c1,8.275724130399212
Cc1nc(N)ncc1CNC(=O)Cn1c(C)ccc(NS(=O)(=O)Cc2ccccc2)c1=O,7.069560405233299
COc1cccc(S(=O)(=O)Nc2cccn(CC(=O)NCc3nc(C(=N)N)cs3)c2=O)c1,8.229147988357855
Cc1ccc(NS(=O)(=O)Cc2ccccc2)c(=O)n1CC(=O)NCc1nc(CN)cs1,6.866461091629782
N=C(N)c1cc2[nH]c(-c3cccc(OCC4CCCO4)c3O)nc2cc1F,4.698970004336019
CCC(C)(C)C(NC(=O)[C@@H]1CCCN1C(=O)[C@H](Cc1ccc2ccccc2c1)NC(=O)OCc1ccccc1)B1O[C@@H]2CC3CC(C3(C)C)[C@]2(C)O1,9.954677021213342
N#Cc1cnc(NCC(F)(F)c2ccccn2)c(=O)n1CC(=O)NCc1ncccc1F,8.638272163982407
Cc1nc(N)ccc1CNC(=O)Cn1c(C)cnc(NCCc2ccncc2)c1=O,8.795880017344075
COC(=O)c1ccc(F)cc1CS(=O)(=O)Nc1ccc(C)n(CC(=O)N[C@H](CCCN=C(N)N)C(=O)O)c1=O,10.0
Cc1ccc(NS(=O)(=O)Cc2ccccc2)c(=O)n1CC(=O)NC[C@@H]1CNC(N)=N[C@@H]1C,8.958607314841775
CCCc1ccc(S(=O)(=O)N[C@@H](Cc2ccc(CN)cc2)C(=O)N(C)C2CCCC2)cc1,8.008773924307505
Cc1cnc(NCCc2ccccc2)c(=O)n1CC(=O)NCc1cnc(N)cn1,6.558776325757387
N=C(N)c1ccc2[nH]c(-c3cccc(Oc4ccccc4)c3O)cc2c1,6.494850021680094
Cc1ccnc(CNC(=O)Cn2c(C#N)cnc(NCC(F)(F)c3ccccn3)c2=O)c1F,9.397940008672036
COCCN(CC1CC1)C(=O)c1cc(Cl)cc(OCCCON=C(N)N)c1,6.806875401645538
O=C1COc2ccc(Cl)cc2CNC(=O)[C@@H]2CCCN2C(=O)[C@@H](C2CCCCC2)NC(=O)CN1,8.782516055786093
O=C(Cn1c(Cl)cnc(NCC(F)(F)c2cccc[n+]2[O-])c1=O)NCc1cc(F)ccc1C(F)(F)F,8.769551078621726
N=C(N)c1ccc(NC(=O)c2ccccc2O)cc1,4.657577319177793
COc1ccccc1CNC(=O)Cn1c(Cl)cnc(NCC(F)(F)c2cccc[n+]2[O-])c1=O,8.522878745280337
Cc1cc(C(=O)Nc2ccc(-c3ccccc3S(N)(=O)=O)cc2)n(-c2ccc3ccnc(N)c3c2)n1,5.187086643357144
Cc1cccc(C(=O)Nc2ccc(C(=N)N)cc2)c1O,5.096910013008056
N=C(N)c1ccc(NC(=O)c2cc3cc4ccccc4cc3cc2O)cc1,4.638272163982407
CN(C(=O)c1cc(Cl)cc(OCCCON=C(N)N)c1)C1CCCC1,6.428291168191312
CCCN(Cc1ccncc1)C(=O)c1cc(C)cc(OCCCON=C(N)N)c1,7.136677139879544
N=C(N)c1ccc2[nH]c(-c3cccc(-c4ccccc4)c3O)cc2c1Cl,4.187086643357144
Cc1cc(C(=O)Nc2ccc(-c3ccccc3S(N)(=O)=O)cc2)n(-c2cccc(C(=N)N)c2)n1,6.522878745280337
O=C(Cn1c(Cl)cnc(NCC(F)(F)c2cccc[n+]2[O-])c1=O)NCc1c(F)cccc1C(F)(F)F,8.886056647693163
Cc1ccc(O)c(C(=O)Nc2ccc(C(=N)N)cc2)c1,4.853871964321762
C=CCN(C(=O)c1cc(Cl)cc(OCCCONC(=N)N)c1)C1CCCC1,7.67778070526608
CCCCN(Cc1ccoc1)C(=O)c1cc(C)cc(OCCCON=C(N)N)c1,8.096910013008056
NC1CCC(CNC(=O)[C@@H]2CCCN2C(=O)[C@@H](Cc2ccccc2)NS(=O)(=O)Cc2ccccc2)CC1,9.397940008672036
N=C(N)Nc1ccc(NC(=O)c2cc3cc4ccccc4cc3cc2O)cn1,4.366531544420414
CCCN(CC1CCC1)C(=O)c1cc(Cl)cc(OCCCON=C(N)N)c1,7.795880017344075
Cc1cc(OCCCON=C(N)N)cc(C(=O)N(Cc2ccccn2)CC2CC2)c1,7.0655015487564325
O=C1COc2ccc(Cl)cc2CNC(=O)[C@@H]2CCCN2C(=O)[C@@H](C2CCCCC2)NC(=O)CCCCN1,9.070581074285707
O=C1Cn2c(Cl)cnc(c2=O)N[C@@H](Cc2ccccc2)CNCCCCCOc2ccccc2CN1,8.602059991327963
N=C(N)c1cc2cc(-c3cccc(-c4ccccc4)c3O)[nH]c2cc1F,5.1249387366083
Cc1cc(OCCCON=C(N)N)cc(C(=O)N(CCCCCC(N)=O)C2CCCCC2)c1,8.096910013008056
Cc1cc(OCCCON=C(N)N)cc(C(=O)N(Cc2ccoc2)C2CCC2)c1,7.657577319177793
COCCN(Cc1ccoc1)C(=O)c1cc(C)cc(OCCCON=C(N)N)c1,7.552841968657781
O=C(Cn1c(Cl)cnc(NCC(F)(F)c2cccc[n+]2[O-])c1=O)NCc1cccc(F)c1,8.136677139879543
O=C(Cn1c(Cl)cnc(NCC(F)(F)c2cccc[n+]2[O-])c1=O)NCc1cc(F)ccc1F,8.619788758288394
N=C(N)c1cccc(-c2noc(C(F)(F)F)c2C(=O)Nc2ccc(-c3ccccc3S(N)(=O)=O)cc2)c1,4.958607314841775
CS(=O)(=O)c1ccccc1-c1ccc(NC(=O)c2conc2-c2cccc(C(=N)N)c2)cc1,6.267606240177032
CCOC(=O)CCN(CC1CC1)C(=O)c1cc(C)cc(OCCCON=C(N)N)c1,7.187086643357144
Cc1cc(OCCCON=C(N)N)cc(C(=O)N(Cc2ccncc2)CC2CC2)c1,7.619788758288394
O=C1Cn2c(Cl)cnc(c2=O)N[C@@H](Cc2ccccc2)NCCCCCCOc2ccc(Cl)cc2CN1,9.886056647693165
O=C(Cn1c(Cl)cnc(NCC(F)(F)c2cccc[n+]2[O-])c1=O)NCc1cccc(Cl)c1Cl,8.698970004336019
CCOc1ccc(C(=O)Nc2ccc(C(=N)N)cc2)c(O)c1,4.468521082957745
CN(C(=O)c1cc(Cl)cc(OCCCON=C(N)N)c1)C1CCCCC1,7.481486060122112
N=C(N)NOCCCOc1cc(Cl)cc(C(=O)N(CCc2ccncc2)CC2CC2)c1,7.2839966563652
O=C(Cn1c(Cl)cnc(NCC(F)(F)c2cccc[n+]2[O-])c1=O)NCc1ccccc1OC(F)(F)F,8.619788758288394
C=CCN(Cc1ccoc1)C(=O)c1cc(Cl)cc(OCCCONC(=N)N)c1,7.698970004336019
O=C(Cn1c(Cl)cnc(NCC(F)(F)c2cccc[n+]2[O-])c1=O)NCc1ncccc1F,8.508638306165727
O=C(Cn1c(Cl)cnc(NCC(F)(F)c2ccccn2)c1=O)NCc1ccccc1F,8.318758762624412
N=C(N)c1cc2cc(-c3cccc(-c4ccccc4)c3O)[nH]c2cc1Cl,4.221848749616356
N=C(N)NOCCCOc1cc(Cl)cc(C(=O)N2CCCCCC2)c1,6.327902142064283
N=C(N)NOCCCOc1cc(Cl)cc(C(=O)N(CCc2cccnc2)CC2CC2)c1,7.327902142064283
CCCN(Cc1ccoc1)C(=O)c1cc(C)cc(OCC2(CON=C(N)N)CC2)c1,8.397940008672037
O=C(Cn1c(Cl)cnc(NCC(F)(F)c2cccc[n+]2[O-])c1=O)NCc1ncccc1Cl,8.537602002101044
CCN(C(=O)c1cc(C)cc(OCCCON=C(N)N)c1)C1CCCCC1,8.221848749616356
N=C(N)c1ccc(N2CCCCN(c3cccc(C(=N)N)c3)C2=O)cc1,5.031517051446065
COc1ccc(O)c(C(=O)Nc2ccc(C(=N)N)cc2)c1,4.920818753952375
Cc1cc(Br)c(O)c(C(=O)Nc2ccc(C(=N)N)cc2)c1,6.552841968657781
O=C(Cn1c(Cl)cnc(NCC(F)(F)c2cccc[n+]2[O-])c1=O)NCc1cc(Cl)ccc1Cl,10.060480747381382
N=C(N)NOCCCOc1cc(Cl)cc(C(=O)N(CCc2ccccn2)CC2CC2)c1,7.229147988357855
Cc1cc(OCCCON=C(N)N)cc(C(=O)N(Cc2ccoc2)CC2CCCCC2)c1,7.67778070526608
Cc1cc(OCCCON=C(N)N)cc(C(=O)N(CCC(N)=O)Cc2ccoc2)c1,6.958607314841775
O=C(Cn1c(Cl)cnc(NCC(F)(F)c2cccc[n+]2[O-])c1=O)NCc1cccc(Cl)c1,9.585026652029182
N=C(N)c1cccc(C2=NO[C@H](Cn3cnnn3)[C@H]2C(=O)Nc2ccc(-c3ccccc3S(N)(=O)=O)cc2)c1,5.2441251443275085
CN1CCCCCOc2ccc(Cl)cc2CNC(=O)Cn2c(Cl)cnc(c2=O)N[C@@H](Cc2ccccc2)C1,10.69897000433602
N=C(N)c1ccc(NC(=O)c2cccc(Cl)c2O)cc1,6.0
N=C(N)NOCCCOc1cc(Cl)cc(C(=O)N(Cc2ccoc2)CC2CC2)c1,7.769551078621726
O=C(Cn1c(Cl)cnc(NCC(F)(F)c2cccc[n+]2[O-])c1=O)NCc1cccc(OC(F)F)c1,8.154901959985743
CCCN(Cc1ccc(F)cc1)C(=O)c1cc(C)cc(OCCCON=C(N)N)c1,7.67778070526608
O=C1Cn2c(Cl)cnc(c2=O)N[C@@H](Cc2ccccc2)CNCCCCOc2ccc(Cl)cc2CN1,9.69897000433602
O=C(Cn1c(Cl)cnc(NCC(F)(F)c2cccc[n+]2[O-])c1=O)NCc1ccccc1OCC(F)(F)F,8.744727494896694
O=C(Cn1c(Cl)cnc(NCC(F)(F)c2cccc[n+]2[O-])c1=O)NCc1cc(Cl)ccc1F,9.795880017344077
O=C(Cn1c(Cl)cnc(NCC(F)(F)c2cccc[n+]2[O-])c1=O)NCc1ccccc1Cl,8.602059991327963
O=C(Cn1c(Cl)cnc(NCC(F)(F)c2cccc[n+]2[O-])c1=O)NCc1ccccc1C(F)(F)F,8.443697499232712
COCc1onc(-c2cccc(C(=N)N)c2)c1C(=O)Nc1ccc(-c2ccccc2S(N)(=O)=O)cn1,4.920818753952375
Cc1cc(I)c(O)c(C(=O)Nc2ccc(C(=N)N)cc2)c1,6.42021640338319
N=C(N)NOCCCOc1cc(Cl)cc(C(=O)N(CCN2CCOCC2)CC2CC2)c1,6.798602875679548
N=C(N)c1cccc(N2CCN(C3CCN(Cc4ccccc4)CC3)C2=O)c1,4.958607314841775
O=C(Cn1c(Cl)cnc(NCC(F)(F)c2cccc[n+]2[O-])c1=O)NCc1ccccc1F,8.638272163982407
N=C(N)c1cccc(-c2nocc2C(=O)Nc2ccc(-c3ccccc3S(N)(=O)=O)cc2)c1,5.698970004336019
N=C(N)c1ccc(NC(=O)c2ccc(Cl)cc2O)cc1,5.022276394711152
CCNC(=O)Oc1ccc(Cl)cc1CNC(=O)[C@@H]1CCCN1C(=O)[C@@H](N)C1CCCCC1,9.130768280269024
N=C(N)NOCCCOc1cc(Cl)cc(C(=O)N2CCc3ccccc3C2)c1,6.767003889607846
O=C(Cn1c(Cl)cnc(NCC(F)(F)c2cccc[n+]2[O-])c1=O)NCc1cccc(Br)c1,9.721246399047171
O=C1Cn2c(Cl)cnc(c2=O)N[C@@H](Cc2ccccc2)CNCCCOc2ccc(Cl)cc2CN1,7.585026652029182
CC1(C(=O)Nc2ccc(-c3ccccc3S(N)(=O)=O)cc2)CC(c2cccc(C(=N)N)c2)=NO1,5.236572006437063
Cc1cc(I)c(O)c(C(=O)Nc2ccc(C(=N)N)c(F)c2)c1,6.3872161432802645
N=C(N)NOCCCOc1cc(Cl)cc(C(=O)N(CCN2CCCC2)CC2CC2)c1,6.690369832574102
CCN(Cc1ccncc1)C(=O)c1cc(Cl)cc(OCCCON=C(N)N)c1,5.795880017344075
O=C(Cn1c(Cl)cnc(NCC(F)(F)c2cccc[n+]2[O-])c1=O)NCc1c(F)ccc(F)c1F,8.958607314841775
C=CCN(C(=O)c1cc(C)cc(OCCCON=C(N)N)c1)C1CCCC1,8.0
N=C(N)c1ccc(NC(=O)c2cc(Br)ccc2O)cc1,4.537602002101044
N=C(N)c1cccc(N2CCCCN(C3CCN(Cc4ccccc4)CC3)C2=O)c1,5.698970004336019
O=C(Cn1c(Cl)cnc(NCC(F)(F)c2cccc[n+]2[O-])c1=O)NCc1c(F)cccc1F,9.070581074285707
Nc1ccc(C[C@H](NS(=O)(=O)c2cnccc2N[C@@H](Cc2ccccc2)CN2CCOCC2)C(=O)N2CCC(CCF)CC2)cc1,7.657577319177793
O=C([C@H](Cc1ccc(F)cc1)NS(=O)(=O)c1cnccc1N[C@H](CO)Cc1ccccc1)N1CCC(CCF)CC1,7.187086643357144
CCCc1ccc(S(=O)(=O)N[C@@H](Cc2ccc(C(=N)N)s2)C(=O)N(C)C2CCCC2)cc1,9.221848749616356
O=C([C@H](Cc1ccccc1)NS(=O)(=O)c1cnccc1N[C@H](CO)Cc1ccccc1)N1CCC(CCF)CC1,7.0
Cc1cc(N)ncc1CNC(=O)Cn1c(C)ccc(NS(=O)(=O)Cc2ccccc2)c1=O,7.920818753952375
COc1ccc2cc(S(=O)(=O)N[C@@H](Cc3ccc(C(=N)N)s3)C(=O)N(C)C3CCCC3)ccc2c1,9.309803919971486
CCCc1ccc(S(=O)(=O)N[C@@H](Cc2ccc(C(=N)N)cc2)C(=O)N(C)C2CCCC2)cc1,9.075720713938118
CNC[C@H](Cc1ccccc1)Nc1ccncc1S(=O)(=O)N[C@@H](Cc1ccc(N)cc1)C(=O)N1CCC(CCF)CC1,7.455931955649724
Nc1ccc(C[C@H](NS(=O)(=O)c2cnccc2N[C@H](CO)Cc2ccccc2)C(=O)N2CCC(CCO)CC2)cc1,6.197910742118268
Cc1ccc(NS(=O)(=O)Cc2ccccc2)c(=O)n1CC(=O)NCC1CCN(C(=N)N)CC1,9.30102999566398
Nc1ccc(C[C@H](NS(=O)(=O)c2cnccc2N[C@@H](Cc2ccccc2)CN2CCC(O)CC2)C(=O)N2CCC(CCF)CC2)cc1,7.721246399047171
CCC1CCN(C(=O)[C@H](Cc2ccc(N)cc2)NS(=O)(=O)c2cnccc2N[C@H](CO)Cc2ccccc2)CC1,6.958607314841775
Cc1ccc(NCCc2ccccc2)c(=O)n1CC(=O)NC[C@H]1CC[C@H](N)CC1,7.327902142064283
COc1ccc(C[C@@H](C)Nc2ccncc2S(=O)(=O)N[C@@H](Cc2ccc(N)cc2)C(=O)N2CCC(CCF)CC2)cc1,7.823908740944319
Cc1ccc(NS(=O)(=O)Cc2ccccc2)c(=O)n1CC(=O)NCc1ccc(N)nc1,7.958607314841775
CN(C)C[C@H](Cc1ccccc1)Nc1ccncc1S(=O)(=O)N[C@@H](Cc1ccc(N)cc1)C(=O)N1CCC(CCF)CC1,7.619788758288394
COc1ccc(C[C@H](NS(=O)(=O)c2cnccc2N[C@H](CO)Cc2ccccc2)C(=O)N2CCC(CCF)CC2)cc1,7.443697499232712
CNc1ccc(C[C@H](NS(=O)(=O)c2cnccc2N[C@H](CO)Cc2ccccc2)C(=O)N2CCC(CCF)CC2)cc1,7.920818753952375
Cc1nc(N)ccc1CNC(=O)Cn1cccc(NS(=O)(=O)Cc2ccccc2)c1=O,7.585026652029182
COc1ccc(C[C@@H](CO)Nc2ccncc2S(=O)(=O)N[C@@H](Cc2ccc(N)cc2)C(=O)N2CCC(CCF)CC2)cc1OC,7.309803919971486
CNC[C@H](CC1CCCCC1)Nc1ccncc1S(=O)(=O)N[C@@H](Cc1ccc(N)cc1)C(=O)N1CCC(CCF)CC1,7.481486060122112
C[C@H](Cc1ccccc1)Nc1ccncc1S(=O)(=O)N[C@@H](Cc1ccc(N)cc1)C(=O)N1CCC(CCF)CC1,7.744727494896693
Nc1ccc(C[C@H](NS(=O)(=O)c2cnccc2N[C@H](CNCCO)Cc2ccccc2)C(=O)N2CCC(CCF)CC2)cc1,7.142667503568732
COCCN(CCOC)C[C@H](Cc1ccccc1)Nc1ccncc1S(=O)(=O)N[C@@H](Cc1ccc(N)cc1)C(=O)N1CCC(CCF)CC1,7.721246399047171
CCCCNC[C@H](Cc1ccccc1)Nc1ccncc1S(=O)(=O)N[C@@H](Cc1ccc(N)cc1)C(=O)N1CCC(CCF)CC1,7.366531544420414
CCNC[C@H](Cc1ccccc1)Nc1ccncc1S(=O)(=O)N[C@@H](Cc1ccc(N)cc1)C(=O)N1CCC(CCF)CC1,7.00436480540245
Cc1cc(NS(=O)(=O)c2ccccc2)cc(OCCN=C(N)N)c1,5.698970004336019
Cc1ccc(NS(=O)(=O)Cc2cccc(C(F)(F)F)c2)c(=O)n1CC(=O)NC1CCc2nc(N)sc2C1,6.185752404268079
Cc1ccc(CS(=O)(=O)Nc2ccc(C)n(CC(=O)NC3CCc4nc(N)sc4C3)c2=O)cc1,7.0
Cn1cc(CC(=O)Nc2ccc(-c3ccccc3S(N)(=O)=O)cn2)c2cc(C(=N)N)ccc21,4.6777807052660805
CCCS(=O)(=O)Nc1ccc(C)n(CC(=O)NC2CCc3nc(N)sc3C2)c1=O,5.638272163982407
Cc1cc(NS(=O)(=O)c2ccccc2)cc(OCCCCCN)c1,5.00436480540245
N=C(N)C[C@H]1CC[C@@H](NC(=O)[C@@H]2CCCN2C(=O)[C@@H](Cc2ccccc2)NS(=O)(=O)Cc2ccccc2)CC1,9.568636235841012
Cc1cc(NS(=O)(=O)c2ccccc2)cc(OCCNc2ccncc2)c1,7.638272163982407
N=C(N)c1ccc2[nH]cc(CC(=O)Nc3ccc(-c4ccccc4S(N)(=O)=O)cc3Cl)c2c1,6.301029995663981
Cc1cc(NS(=O)(=O)c2ccccc2)cc(OCCCCN)c1,5.187086643357144
N=C(N)c1ccc2[nH]cc(CC(=O)Nc3ccc(-c4ccccc4S(N)(=O)=O)cc3F)c2c1,5.6777807052660805
Cc1ccc(NS(=O)(=O)Cc2ccccc2)c(=O)n1CC(=O)NC1CCc2c(sc(=N)n2N)C1,7.376750709602099
N=C(N)c1ccc2[nH]c(-c3cc(Cl)cc(-c4cccc(N)c4)c3O)nc2c1,8.3767507096021
CCOC(=O)N1CCN(C(=O)[C@H](Cc2cccc(C(=N)N)c2)NS(=O)(=O)c2c(C(C)C)cc(C(C)C)cc2C(C)C)CC1,6.309803919971486
CCOC(=O)C(CCc1cccc(C(=N)N)c1)Cn1cnc2cc(C(=N)N)ccc21,5.698970004336019
N=C(N)c1ccc2ncn(CC(=O)Nc3ccc(-c4ccccc4S(N)(=O)=O)cc3)c2c1,5.657577319177793
N=C(N)c1ccc2[nH]cc(CC(=O)Nc3ccc(-c4ccccc4S(N)(=O)=O)cc3I)c2c1,6.698970004336019
CCCNS(=O)(=O)c1ccccc1-c1ccc(NC(=O)Cc2c[nH]c3ccc(C(=N)N)cc23)cc1,6.3979400086720375
CN(C(=O)Cc1c[nH]c2ccc(C(=N)N)cc12)c1ccc(-c2ccccc2S(N)(=O)=O)cc1,4.853871964321762
N=C(N)c1ccc2[nH]cc(CC(=O)Nc3ccc(-c4ccccc4S(N)(=O)=O)cc3Br)c2c1,6.698970004336019
N=C(N)c1ccc2cnn(CC(=O)Nc3ccc(-c4ccccc4S(N)(=O)=O)cn3)c2c1,5.167491087293763
Cc1ccc(NS(=O)(=O)Cc2ccccc2)c(=O)n1CC(=O)NCC1CCc2n[nH]cc2C1,6.769551078621726
Cc1cc(NS(=O)(=O)c2ccccc2)cc(OCCCCCCN=C(N)N)c1,5.154901959985743
CCCCS(=O)(=O)Nc1ccc(C)n(CC(=O)NC2CCc3nc(N)sc3C2)c1=O,5.872895201635193
CCOC(=O)C(CCc1cccc(C(=N)N)c1)Cn1cnc2ccc(C(=N)N)cc21,5.721246399047171
CCNS(=O)(=O)c1ccccc1-c1ccc(NC(=O)Cc2c[nH]c3ccc(C(=N)N)cc23)cc1,6.096910013008056
N=C(N)c1ccc2[nH]cc(CC(=O)Nc3ccc(-c4ccccc4S(N)(=O)=O)cn3)c2c1,5.6777807052660805
N=C(N)c1ccc2ncn(CC(=O)c3ccc(-c4ccccc4S(N)(=O)=O)cc3)c2c1,5.552841968657781
N=C(N)c1ccc2c(c1)ncn2CC(=O)Nc1ccc(-c2ccccc2)cc1,4.903089986991944
Cc1cc(NS(=O)(=O)c2ccccc2)cc(OCCCCN=C(N)N)c1,6.7447274948966935
Cc1ccc(NS(=O)(=O)Cc2ccc(F)cc2Cl)c(=O)n1CC(=O)NCC1CCc2n[nH]cc2C1,6.804100347590766
N=C(N)NCCC[C@H](NC(=O)[C@@H]1CCN2CC[C@@](N)(Cc3ccccc3)CN12)C(=O)C(=O)NCCc1ccc(Cl)cc1,9.508638306165729
N=C(N)NCCC[C@H](NC(=O)[C@@H]1CCN2CC[C@@](N)(Cc3ccccc3)CN12)C(=O)C(=O)NCc1ccccc1,10.136677139879543
CN1CCN=C1c1cccc(Oc2cc(C(=O)O)cc(Oc3cc(C(=N)N)ccc3O)n2)c1,6.091514981121351
N=C(N)NCCC[C@H](NC(=O)[C@@H]1CCC2CC[C@@](N)(Cc3ccccc3)CN21)C(=O)c1nc2ccccc2s1,8.265600257479432
N=C(N)c1cccc(Oc2nc(Oc3cccc(C(=N)N)c3)c(F)cc2F)c1,4.431798275933005
CCOC(=O)CN1CCC(Oc2c(F)c(Oc3cccc(C4=NCCN4C)c3)nc(Oc3cc(C(=N)N)ccc3O)c2F)CC1,6.721246399047171
N=C(N)NCCC[C@H](NC(=O)[C@@H]1CCN2CC[C@@](N)(Cc3ccccc3)CN12)C(=O)C(=O)NCCc1ccccc1,10.148741651280924
COc1ccc2ccc(S(=O)(=O)N[C@H]3CCN(Cc4cc(C(=N)N)ccc4O)C3=O)cc2c1,6.686132779630847
CN(C)C(=O)[C@H](Cc1ccc(CN)cc1)NS(=O)(=O)c1ccc2ccccc2c1,5.51427857351842
CC(C)N(C)C(=O)[C@H](Cc1ccc(CN)cc1)NS(=O)(=O)c1ccc2ccccc2c1,6.221848749616356
CCOC(=O)[C@@H]1C[C@@H](Oc2c(F)c(Oc3cccc(C(=O)N(C)C)c3)nc(Oc3cc(C(=N)N)ccc3O)c2F)CN1,6.552841968657781
NCc1ccc(C[C@H](NS(=O)(=O)c2ccc3ccccc3c2)C(=O)NCc2ccccc2)cc1,4.012333735073725
Cc1c(F)c(Oc2cccc(C(=N)N)c2)nc(Oc2cccc(N(C)C)c2)c1F,5.585026652029182
CCOC(=O)CN(C)c1c(F)c(Oc2cccc(C3=NCCN3C)c2)nc(Oc2cc(C(=N)N)ccc2O)c1F,6.200659450546418
CCOC(=O)[C@@H]1C[C@@H](Oc2c(F)c(Oc3cccc(C4=NCCN4C)c3)nc(Oc3cc(C(=N)N)ccc3O)c2F)CN1,6.853871964321762
CC(C)NC(=O)[C@H](Cc1ccc(CN)cc1)NS(=O)(=O)c1ccc2ccccc2c1,4.498940737782249
CN(C)C(=O)c1cccc(Oc2nc(Oc3cc(C(=N)N)ccc3O)c(F)c(OC3CCN(CC(=O)O)CC3)c2F)c1,6.716698771296451
COc1ccc2sc(S(=O)(=O)N[C@H]3CCN(Cc4cc(C(=N)N)ccc4N)C3=O)cc2n1,6.6777807052660805
N=C(N)c1ccc(O)c(CN2CC[C@H](NS(=O)(=O)c3cc4cnccc4s3)C2=O)c1,5.585026652029182
N=C(N)c1ccc(O)c(Oc2cc(C(=O)O)cc(Oc3cccc(-n4ccnc4)c3)n2)c1,5.853871964321762
N=C(N)c1ccc(O)c(CN2CC[C@H](NS(=O)(=O)c3cc4c(Cl)nccc4s3)C2=O)c1,5.3979400086720375
N[C@H]1CC[C@H](CNC(=O)[C@@H]2CCCN2C(=O)C2(O)c3ccccc3-c3ccccc32)CC1,8.823908740944319
N=C(N)NCCC[C@H](NC(=O)[C@@H]1CCN2CC[C@@](N)(Cc3ccccc3)CN12)C(=O)c1nccs1,8.619788758288394
CN1CCN=C1c1cccc(Oc2nc(Oc3cc(C(=N)N)ccc3O)c(F)c(OC3CCN(CC(=O)O)CC3)c2F)c1,6.903089986991944
N=C(N)c1cccc(Oc2cccc(Oc3cccc(C(=N)N)c3)n2)c1,4.853871964321762
N=C(N)c1ccc(Oc2nc(Oc3ccc(C(=N)N)cc3)c(Cl)cc2Cl)cc1,5.853871964321762
Cc1c(F)c(Oc2cccc(C(=N)N)c2)nc(Oc2cccc(C(=O)N(C)C)c2)c1F,4.823908740944319
Cc1c(F)c(Oc2cccc(CN(C)C)c2)nc(Oc2cccc(C(=N)N)c2)c1F,4.657577319177793
N=C(N)c1ccc(N)c(CN2CC[C@H](NS(=O)(=O)c3cc4nc(Cl)ccc4s3)C2=O)c1,5.958607314841775
N=C(N)c1ccc(Oc2cccc(Oc3ccc(C(=N)N)cc3)n2)cc1,6.259637310505756
Cc1c(F)c(Oc2cccc(C(=O)N(C)C)c2)nc(Oc2cc(C(=N)N)ccc2N)c1F,5.638272163982407
N=C(N)c1cccc(CN2CC[C@H](NS(=O)(=O)c3cc4nc(Cl)ccc4s3)C2=O)c1,5.508638306165727
N=C(N)N1CCC[C@@H](CNC(=O)C[C@H](NS(=O)(=O)c2ccc3ccccc3c2)C(=O)N(CC(=O)O)C2CC2)C1,9.54515513999149
Cc1c(F)c(Oc2cccc(C(=O)N(C)C)c2)nc(Oc2cc(C(=N)N)ccc2O)c1F,5.958607314841775
N=C(N)c1ccc(O)c(CN2CC[C@H](NS(=O)(=O)c3cc4ccnc(Cl)c4s3)C2=O)c1,5.585026652029182
CC(=N)N1CCC(Oc2ccc(NCc3ccc4ccc(C(=N)N)cc4c3)cc2[N+](=O)[O-])CC1,5.707743928643524
CC(=N)N1CCC(Oc2ccc(NC/C=C/c3cccc(C(=N)N)c3)cc2)CC1,5.301029995663981
CN1CCC(Oc2ccc(NC/C=C/c3cc(C(=N)N)ccc3O)cc2C(F)(F)F)CC1,5.739928612014925
CCOC(=O)c1cc(NC/C=C/c2cccc(C(=N)N)c2)ccc1OC1CCN(C(C)=N)CC1,6.318758762624412
CC(=N)N1CCC(Oc2ccc(N(C/C=C/c3cc(C(=N)N)ccc3O)C(=O)CCC(=O)O)cc2C(F)(F)F)CC1,5.289036881004725
CCOC(=O)CCC(=O)N(C/C=C/c1cc(C(=N)N)ccc1O)c1ccc(OC2CCN(C(C)=N)CC2)c(C(F)(F)F)c1,5.642065152999546
CC(=N)N1CCC(Oc2ccc(NC/C=C/c3cc(C(=N)N)ccc3O)cc2C(F)(F)F)CC1,5.958607314841775
CS(=O)(=O)N1CCC(Oc2ccc(NC/C=C/c3cc(C(=N)N)ccc3O)cc2C(F)(F)F)CC1,6.050609993355087
CC(=N)N1CCC(Oc2ccc(N(C/C=C/c3cccc(C(=N)N)c3)C(=O)CCC(=O)O)cc2C(F)(F)F)CC1,5.301029995663981
N=C(N)c1ccc(O)c(/C=C/CNc2ccc(OC3CCN(C(N)=O)CC3)c(C(F)(F)F)c2)c1,6.6020599913279625
CC(=O)N1CCC(Oc2ccc(NC/C=C/c3cc(C(=N)N)ccc3O)cc2C(F)(F)F)CC1,6.318758762624412
CN(C(=O)[C@H](CC#Cc1cccnc1)NS(=O)(=O)c1ccc2ccccc2c1)C1CCCC1,5.6020599913279625
CN(C(=O)[C@H](CC#Cc1cccc(N)c1)NS(=O)(=O)c1ccc2ccccc2c1)C1CCCC1,5.657577319177793
CS(=O)(=O)c1ccccc1S(=O)(=O)Oc1cc(CO)cc(OCC2(CON=C(N)N)CC2)c1,6.394694953858891
N=C(N)c1ccc(Oc2ccc(Oc3ccc(C(=N)N)cc3)cc2)cc1,5.573488738635425
CNc1ccc(C#CC[C@H](NS(=O)(=O)c2ccc3c(c2)CCCC3)C(=O)N(C)C2CCCC2)cc1,8.301029995663981
CN(C(=O)[C@H](CC#Cc1c[nH]cn1)NS(=O)(=O)c1ccc2ccccc2c1)C1CCCC1,5.522878745280337
Cc1cc(OCCCON=C(N)N)cc(OS(=O)(=O)c2ccccc2Cl)c1,8.67778070526608
Cc1ccc(S(=O)(=O)Nc2cccc(OCCN(C(=O)OC(C)(C)C)c3ccncc3)c2)cc1,4.045757490560675
CN(CC(=O)N[C@@H](CCCCN)B(O)O)C(=O)c1ccccc1Sc1ccccc1C#N,8.05551732784983
CC(NC(=O)CNC(=O)Nc1ccc(C(=N)N)cc1)c1ccc(N2CCOCC2)c(C(F)(F)F)c1,5.721246399047171
Cc1cc(OCCCON=C(N)N)cc(OS(=O)(=O)c2cccc3cnccc23)c1,7.87942606879415
COc1cc(OCCCON=C(N)N)cc(OS(=O)(=O)c2ccccc2S(C)(=O)=O)c1,7.460923901207224
COC(=O)[C@H](Cc1cccc(C(=N)N)c1)[C@@H](CC(C)C)NC(=O)c1ccc(-c2cccc(CN)c2)cc1,6.00436480540245
CN(CC(=O)N[C@@H](CCCCN)C(=O)C(=O)Nc1cccc(N)c1)C(=O)c1ccccc1Sc1ccccc1C#N,6.920818753952375
CC(C)(C)OC(=O)N(CCOc1cccc(NS(=O)(=O)c2ccccc2)c1)c1ccncc1,5.910094888560602
C[C@H](NC(=O)CNC(=O)Nc1ccc(C(=N)N)cc1)c1ccc2ccccc2c1,5.497572880015567
CCc1cc(OCCCONC(=N)N)cc(OS(=O)(=O)c2ccccc2S(C)(=O)=O)c1,7.527243550682788
Cc1ccc(S(=O)(=O)N(c2cccc(OCCNc3ccncc3)c2)S(=O)(=O)c2ccc(C)cc2)cc1,6.568636235841013
N[C@H]1CC[C@H](C(NC(=O)[C@@H]2CC[C@H]3CN(S(=O)(=O)Cc4ccccc4)CC(=O)N32)C(=O)C(=O)O)CC1,10.045757490560677
CN(CCOc1cccc(N(C)S(=O)(=O)c2ccccc2)c1)c1ccncc1,6.199970640755866
CN(C(=O)[C@H](CC#Cc1ccc(CN)cc1)NS(=O)(=O)c1ccc2ccccc2c1)C1CCCC1,5.468521082957745
Cc1cc(OCC(F)CON=C(N)N)cc(OS(=O)(=O)c2ccccc2S(C)(=O)=O)c1,6.943095148663527
CC(NC(=O)CNC(=O)Nc1ccc(C(=N)N)cc1)c1ccc(Oc2ccccc2)cc1,5.040958607678906
CN(CC(=O)N[C@@H](CCCCN)C(=O)C(=O)Nc1ccc(Oc2ccc(N)cc2)cc1)C(=O)c1ccccc1Sc1ccccc1C#N,7.167491087293763
O=C(CNS(=O)(=O)C1CCCCC1)NC(CCNc1ccncc1)C(=O)N1CCCCC1,5.3979400086720375
COc1cccc([C@H](C)NC(=O)CNC(=O)Nc2ccc(C(=N)N)cc2)c1,4.739928612014925
COc1ccc(Oc2ccc(C(C)NC(=O)CNC(=O)Nc3ccc(C(=N)N)cc3)cc2)cc1,5.008773924307505
Cc1cccc(C(=O)Nc2ccc(C(C)NC(=O)CNC(=O)Nc3ccc(C(=N)N)cc3)cc2)c1,4.962573502059376
Cc1cc(OCCCON=C(N)N)cc(OS(=O)(=O)c2cccc3c2NCCC3)c1,7.508638306165727
COc1cc(OCCNc2ccncc2)cc(S(=O)(=O)c2ccccc2)c1,6.801342913045577
CC(NC(=O)CNC(=O)Nc1ccc(C(=N)N)cc1)c1ccc(NC(=O)c2ccccc2)cc1,4.8297382846050425
CNc1ccc(C#CC[C@H](NS(=O)(=O)c2ccc3cc(OC)ccc3c2)C(=O)N(C)C2CCCC2)cc1,7.568636235841013
CS(=O)(=O)c1ccccc1S(=O)(=O)Oc1cc(Cl)cc(OCCCON=C(N)N)c1,7.404503778174426
COC(=O)[C@H](Cc1cccc(C(=N)N)c1)[C@@H](CCc1ccccc1)NC(=O)c1ccc(-c2ccccc2)cc1,6.091514981121351
CN(CC(=O)N[C@@H](CCCCN)B(O)O)C(=O)c1ccccc1Cc1ccccc1,8.309803919971486
CS(=O)(=O)N[C@H](Cc1ccccc1)C(=O)N1CCC[C@H]1C(=O)NCC1CCC(N)CC1,8.522878745280337
COC(=O)c1cc(C(C)NC(=O)CNC(=O)Nc2ccc(C(=N)N)cc2)ccc1OCc1ccccc1,6.301029995663981
CN(C(=O)[C@H](CC#Cc1ccc(NN)cc1)NS(=O)(=O)c1ccc2ccccc2c1)C1CCCC1,5.823908740944319
COC(=O)[C@H](Cc1cccc(C(=N)N)c1)[C@@H](C)NC(=O)c1ccc(-c2cccc(CN(C)C)c2)cc1,5.575118363368933
CN(CC(=O)N[C@@H](CCCCN)C(=O)C(=O)Nc1ccc(Oc2cccc(N)c2)cc1)C(=O)c1ccccc1Sc1ccccc1C#N,7.229147988357855
CN(c1ccccc1)S(=O)(=O)c1cc(Cl)cc(OCCNc2ccncc2)c1,7.397940008672037
CC(NC(=O)CNC(=O)Nc1ccc(C(=N)N)cc1)c1ccc(NC(=O)c2cccc(Oc3ccccc3)c2)cc1,4.478861916295964
CN(CC(=O)N[C@@H](CCCCN)C(=O)C(=O)NCCN1CCOCC1)C(=O)c1ccccc1Sc1ccccc1C#N,5.060480747381382
CC(NC(=O)CNC(=O)Nc1ccc(C(=N)N)cc1)c1ccc(NC(=O)C2CC2)cc1,4.838631997765025
COC(=O)[C@H](Cc1cccc(C(=N)N)c1)[C@@H](Cc1ccccc1)NC(=O)c1ccc(-c2ccccc2)cc1,6.149353764816934
CN(CC(=O)N[C@@H](CCCCN)C(=O)C(=O)NCc1ccccn1)C(=O)c1ccccc1Sc1ccccc1C#N,5.130768280269024
CN(C(=O)[C@H](CC#Cc1cnc(N)s1)NS(=O)(=O)c1ccc2ccccc2c1)C1CCCC1,5.346787486224656
C=C(CON=C(N)N)COc1cc(C)cc(OS(=O)(=O)c2ccccc2S(C)(=O)=O)c1,7.489454989793388
COC(=O)[C@H](Cc1cccc(C(=N)N)c1)[C@@H](/C=C/c1ccccc1)NC(=O)c1ccc(-c2ccccc2)cc1,6.020451625295905
CNC(=O)C(=O)[C@H](CCCCN)NC(=O)CN(C)C(=O)c1ccccc1Sc1ccccc1C#N,6.2441251443275085
O=S(=O)(Nc1cccc(OCCNc2ccncc2)c1)c1ccc(F)cc1,6.5003129173815966
CC(NC(=O)CNC(=O)Nc1ccc(C(=N)N)cc1)c1ccc(N2CCOCC2)cc1,5.494850021680094
CN(C(=O)[C@H](CC#Cc1ccc(N)nc1)NS(=O)(=O)c1ccc2ccccc2c1)C1CCCC1,5.823908740944319
CCCc1ccc(S(=O)(=O)N[C@@H](CC#Cc2ccc(NC)cc2)C(=O)N(C)C2CCCC2)cc1,8.096910013008056
Cc1cc(OCC2(CONC(=N)N)CC2)cc(OS(=O)(=O)c2ccccc2S(C)(=O)=O)c1,8.113509274827518
COc1ccccc1S(=O)(=O)N(CC(N)=O)c1cc(C)cc(OCCNc2ccncc2)c1,8.397940008672037
CNc1ccc(C#CC[C@H](NS(=O)(=O)c2ccc3ccccc3c2)C(=O)N(C)C2CCCC2)cc1N,7.397940008672037
CNc1ccc(C#CC[C@H](NS(=O)(=O)c2ccc3ccccc3c2)C(=O)N(C)C2CCCC2)cn1,6.522878745280337
CCNc1ccc(C#CC[C@H](NS(=O)(=O)c2ccc3ccccc3c2)C(=O)N(C)C2CCCC2)cc1,4.309803919971486
CCSC(=O)C(=O)C(NC(=O)[C@@H]1CC[C@H]2CN(S(=O)(=O)Cc3ccccc3)CC(=O)N21)[C@H]1CC[C@H](N)CC1,9.585026652029182
O=S(=O)(c1ccccc1)c1cc(Cl)cc(OCCNc2ccncc2)c1,7.301029995663981
CNc1ccc(C#CC[C@H](NS(=O)(=O)c2ccc3ccccc3c2)C(=O)N(C)C2CCCC2)cc1,7.721246399047171
Cc1cc(OCCCON=C(N)N)cc(OS(=O)(=O)c2ccccc2N)c1,7.062482107982653
Cc1cc(OCCCON=C(N)N)cc(OS(=O)(=O)c2ccc(S(C)(=O)=O)cc2S(C)(=O)=O)c1,6.125518182300533
N=C(N)c1ccc(OCCCCCCOc2ccc(C(=N)N)cc2)cc1,6.649751981665837
CC(NC(=O)CNC(=O)Nc1ccc(C(=N)N)cc1)c1ccc(NC(=O)C2CCNCC2)cc1,4.164309428507575
Cc1cc(OCCCON=C(N)N)cc(OS(=O)(=O)c2cccc(S(C)(=O)=O)c2)c1,6.690369832574102
O=S(=O)(c1ccccc1)c1cccc(OCCNc2ccncc2)c1,6.5003129173815966
O=S(=O)(Nc1ccccc1)c1cccc(OCCNc2ccncc2)c1,5.79997073344623
CS(=O)(=O)c1ccccc1S(=O)(=O)Oc1cc(F)cc(OCC2(CON=C(N)N)CC2)c1,7.30715308072277
CC(=N)N1CCC(Oc2ccc(C(=O)NCCOc3cc(C(=N)N)ccc3CC(=O)C(=O)O)cc2)CC1,4.275724130399211
N=C(N)c1ccc(CC(=O)C(=O)O)c(OCCNC(=O)c2ccc(C(=O)N3CCCC3)cc2)c1,4.619788758288394
N=C(N)c1ccc(C(=O)NCCOc2cc(C(=N)N)ccc2CC(=O)C(=O)O)cc1,4.42021640338319
CN(C)C(=O)COc1ccc2c3ccccc3n(Cc3ccc4ccc(C(=N)N)cc4c3)c2c1,7.301029995663981
CN(C)S(=O)(=O)N=C(N)N,5.920818753952375
CN(C)c1cccc2c(S(=O)(=O)NN=C(N)N)cccc12,6.886056647693163
N=C(N)NS(=O)(=O)c1ccc(F)cc1,6.619788758288394
N=C(N)NNS(=O)(=O)c1ccc([N+](=O)[O-])cc1,6.779891911959945
CCOC(=O)c1cc2ccc(OC3CCN(C(C)=N)CC3)cc2n1Cc1ccc2ccc(C(=N)N)cc2c1,6.443697499232712
COC(=N)NS(=O)(=O)c1ccc(NC(=O)[C@@H](Cc2ccccc2)NC(=O)OCc2ccccc2)cc1,7.207608310501746
COc1ccc(S(=O)(=O)NN=C(N)N)cc1N,6.6595558851598815
N=C(N)NCCC[C@H]1NC(=O)[C@H]2CCCN2C(=O)[C@H](CCc2ccccc2)NC(=O)CCCCCCCNC(=O)C1=O,7.698970004336019
N=C(N)NNS(=O)(=O)c1ccc(I)cc1,6.752026733638194
N=C(N)NNS(=O)(=O)c1ccc([N+](=O)[O-])c(Cl)c1,6.812479279163537
Cc1cc(C)c(S(=O)(=O)NN=C(N)N)c(C)c1,6.6595558851598815
N=C(N)NS(=O)(=O)c1ccc(Br)cc1,6.657577319177793
N=C(N)NS(=O)(=O)c1ccc(C(=O)O)cc1,6.982966660701219
Cc1ccc(S(=O)(=O)NC(=O)N[C@@H](Cc2ccccc2)C(=O)N2CCCC2C(=O)Nc2ccc(S(=O)(=O)N=C(N)N)cc2)cc1,7.920818753952375
COC(=N)NS(=O)(=O)c1ccc(NC(=O)C2CCCN2C(=O)[C@H](Cc2ccccc2)NC(=O)NS(=O)(=O)c2ccc(C)cc2)cc1,7.744727494896693
CC(=O)Nc1ccc(S(=O)(=O)NN=C(N)N)cc1,6.764471553092451
N=C(N)c1cccc(CNC(=O)c2c(Br)c3ccccc3n2Cc2cccc(C(=N)N)c2)c1,5.482804102050026
COC1C[C@@H]2C(=O)N[C@H](CCCN=C(N)N)C(=O)C(=O)NCCCCCCCC(=O)N[C@@H](Cc3ccccc3)C(=O)N2C1,6.798602875679548
CC(=N)N1CCC(Oc2ccc3cc(C(=O)NC(CC(=O)O)C(=O)O)n(Cc4ccc5ccc(C(=N)N)cc5c4)c3c2)CC1,5.628932137728264
N=C(N)NS(=O)(=O)c1cccc(N)c1,6.97061622231479
Cc1ccc(S(=O)(=O)NC(=O)NCC(=O)N[C@@H](Cc2c[nH]cn2)C(=O)Nc2ccc(S(=O)(=O)N=C(N)N)cc2)cc1,7.744727494896693
Cc1ccc(NS(=O)(=O)Cc2ccccc2)c(=O)n1CC(=O)NCc1ccc2[nH]ncc2c1,6.521621113968107
N=C(N)NS(=O)(=O)c1c(F)c(F)c(F)c(F)c1F,6.835647144215563
N=C(N)NNS(=O)(=O)c1cccc2ccccc12,6.903089986991944
N=C(N)NS(=O)(=O)c1ccc([N+](=O)[O-])c(Cl)c1,6.795880017344075
N=C(N)NNS(=O)(=O)c1ccc2ccccc2c1,6.889410289700751
COC(=N)NS(=O)(=O)c1ccc(F)cc1,6.552841968657781
N=C(N)c1ccc(CNC(=O)c2cc3c(O)cccc3n2Cc2cccc(C(=N)N)c2)cc1,5.376750709602099
N=C(N)c1ccc(Oc2ccc3c4ccccc4n(Cc4ccc5ccc(C(=N)N)cc5c4)c3c2)cc1,6.6777807052660805
CN(C)c1ccc(/N=N/c2ccc(S(=O)(=O)N=C(N)N)cc2)cc1,6.872895201635193
COC(=N)NS(=O)(=O)c1ccc(C(=O)O)cc1,6.876148359032914
COC(=N)NS(=O)(=O)c1ccc(/N=N/c2ccc(N(C)C)cc2)cc1,6.772113295386326
COC(=N)NS(=O)(=O)c1cccc([N+](=O)[O-])c1,6.671620396561262
COC(=N)NS(=O)(=O)c1cccc2c(N(C)C)cccc12,6.860120913598763
N=C(N)NNS(=O)(=O)c1c(Br)c(Br)c(Br)c(Br)c1C(=O)O,6.671620396561262
CC(=N)N1CCC(Oc2ccc3cc(C(=O)O)n(Cc4ccc5ccc(C(=N)N)cc5c4)c3c2)CC1,6.2839966563652006
Cc1ccc(S(=O)(=O)NC(=O)NCCC(=O)N[C@@H](Cc2c[nH]cn2)C(=O)Nc2ccc(S(=O)(=O)N=C(N)N)cc2)cc1,7.823908740944319
COC(=N)NS(=O)(=O)c1ccc(NC(=O)C2CCCN2C(=O)NS(=O)(=O)c2ccc(C)cc2)cc1,7.200659450546418
Cc1cc(CNC(=O)c2cc3c(O)cccc3n2Cc2cccc(C(=N)N)c2)cc(C(F)(F)F)c1,6.318758762624412
N=C(N)c1ccc(CNc2ccc3ccn(Cc4ccc(C(=N)N)cc4)c3c2)cc1,5.452225294612178
COC(=N)NS(=O)(=O)c1ccc(NC(=O)CNC(=O)[C@@H]2CCCN2C(=O)NS(=O)(=O)c2ccc(C)cc2)cc1,7.568636235841013
Cc1ccc(S(=O)(=O)NC(=O)N[C@@H](Cc2ccccc2)C(=O)N2CCCC2C(=O)Nc2ccc(S(=O)(=O)NN=C(N)N)cc2)cc1,8.0
COC(=N)NS(=O)(=O)Cc1ccccc1,6.346787486224656
N=C(N)NS(=O)(=O)c1cccc2ccccc12,6.866461091629782
N=C(N)NS(=O)(=O)c1ccc2ccccc2c1,6.87942606879415
COC(=N)NS(=O)(=O)c1ccc(OC)c(N)c1,7.017728766960431
Cc1ccc(S(=O)(=O)NC(=O)N[C@H](Cc2ccccc2)C(=O)Nc2ccc(S(=O)(=O)NN=C(N)N)cc2)cc1,7.356547323513812
Cc1cccc2c1c(Br)c(C(=O)NCc1cccc(C(=N)N)c1)n2Cc1cccc(C(=N)N)c1,5.684029654543083
N=C(N)c1ccc(-n2c3ccccc3c3ccc(OCc4ccc5ccc(C(=N)N)cc5c4)cc32)cc1,5.701146923590294
COC(=N)NS(=O)(=O)c1c(Br)c(Br)c(Br)c(Br)c1C(=O)O,6.621602099051862
COC(=N)NS(=O)(=O)c1ccc(OC)cc1,6.559090917934782
Cc1ccc(S(=O)(=O)NC(=O)NCC(=O)N[C@@H](Cc2c[nH]cn2)C(=O)Nc2ccc(S(=O)(=O)NN=C(N)N)cc2)cc1,7.823908740944319
N=C(N)c1cccc(Cn2c(C(=O)NCc3nccc4ccccc34)cc3c(O)cccc32)c1,6.537602002101044
N=C(N)c1ccc(-n2ccc3ccc(NC(=O)c4cccc(C(=N)N)c4)cc32)cc1,5.634512015109101
N=C(N)c1ccc(-n2ccc3ccc(NCc4ccc5ccc(C(=N)N)cc5c4)cc32)cc1,6.2441251443275085
N=C(N)NNS(=O)(=O)c1ccc(NC(=O)[C@@H](Cc2ccccc2)NC(=O)OCc2ccccc2)cc1,7.301029995663981
N=C(N)NNS(=O)(=O)c1ccc(NC(=O)C2CCCN2C(=O)[C@H](Cc2ccccc2)NC(=O)OCc2ccccc2)cc1,7.958607314841775
CC(=N)N1CCC(Oc2ccc3c4ccccc4n(Cc4ccc5ccc(C(=N)N)cc5c4)c3c2)CC1,7.397940008672037
N=C(N)NS(=O)(=O)c1ccccc1[N+](=O)[O-],6.494850021680094
COC(=N)NS(=O)(=O)N(C)C,5.864867348623225
COC(=N)NS(=O)(=O)c1cccc(N)c1,7.00436480540245
COC(=N)NS(=O)(=O)c1ccc2ccccc2c1,6.832682665251824
N=C(N)NNS(=O)(=O)c1cccc([N+](=O)[O-])c1,6.769551078621726
Cc1ccc(NS(=O)(=O)Cc2ccccc2)c(=O)n1CC(=O)NCC1CCc2nn(C)cc2C1,4.928117992693875
CC1(C)C2CCC1(CS(=O)(=O)N=C(N)N)C(=O)C2,6.494850021680094
N=C(N)NNS(=O)(=O)c1ccccc1[N+](=O)[O-],6.489454989793388
CN(C)c1ccc(/N=N/c2ccc(S(=O)(=O)NN=C(N)N)cc2)cc1,6.856985199745905
N=C(N)c1cccc(Cn2c(C(=O)NCc3cc(F)cc(C(F)(F)F)c3)cc3c(O)cccc32)c1,5.767003889607846
N=C(N)c1cccc(Oc2ccc3c4ccccc4n(Cc4ccc5ccc(C(=N)N)cc5c4)c3c2)c1,6.769551078621726
N=C(N)NS(=O)(=O)c1cccc([N+](=O)[O-])c1,6.721246399047171
COC(=N)NS(=O)(=O)c1ccc(NC(C)=O)cc1,6.694648630553377
Cc1ccc(S(=O)(=O)NC(=O)N[C@H](Cc2ccccc2)C(=O)Nc2ccc(S(=O)(=O)N=C(N)N)cc2)cc1,7.366531544420414
COC(=N)NS(=O)(=O)c1ccc(I)cc1,6.614393726401688
N=C(N)NNS(=O)(=O)c1ccccc1C(=O)O,6.688246138944246
N=C(N)NCCC[C@H]1NC(=O)[C@H]2CCCCN2C(=O)[C@H](Cc2ccccc2)NC(=O)CCCCCCCNC(=O)C1=O,7.0655015487564325
N=C(N)NCCC[C@H]1NC(=O)[C@H]2CCCN2C(=O)[C@H](Cc2ccccc2)NC(=O)CCCCCNC(=O)[C@H](CCc2ccccc2)NC(=O)C1=O,8.508638306165727
Cc1ccc(NS(=O)(=O)Cc2ccccc2)c(=O)n1CC(=O)NCC1CCc2ncncc2C1,4.468521082957745
COC(=N)NS(=O)(=O)c1c(F)c(F)c(F)c(F)c1F,6.815308569182402
COC(=N)NS(=O)(=O)C(F)(F)C(F)(F)C(F)(F)C(F)(F)C(F)(F)C(F)(F)C(F)(F)C(F)(F)F,6.394694953858891
Cc1cccc2c1cc(C(=O)NCc1cccc(C(=N)N)c1)n2Cc1cccc(C(=N)N)c1,5.621602099051862
N=C(N)c1cccc(CNc2ccc3ccn(-c4cccc(C(=N)N)c4)c3c2)c1,5.3979400086720375
N=C(N)NS(=O)(=O)C(F)(F)C(F)(F)C(F)(F)C(F)(F)C(F)(F)C(F)(F)C(F)(F)C(F)(F)F,6.443697499232712
COC(=N)NS(=O)(=O)C(F)(F)F,6.048176964684088
COC(=N)NS(=O)(=O)c1cccc(C(=O)O)c1,6.705533773838407
Cc1ccc(NS(=O)(=O)Cc2ccccc2)c(=O)n1CC(=O)NCC1CCc2nc(N)sc2C1,5.6020599913279625
N=C(N)NS(=O)(=O)c1cccc(C(=O)O)c1,6.91721462968355
COc1ccc(S(=O)(=O)N=C(N)N)cc1,6.619788758288394
N=C(N)NNS(=O)(=O)c1cccc(N)c1,7.055517327849832
N=C(N)NNS(=O)(=O)c1cc(Cl)cc(Cl)c1O,7.008773924307505
N=C(N)NS(=O)(=O)c1ccc(C(=N)N)cc1,6.522878745280337
N=C(N)c1cccc(CNC(=O)c2cc3c(O)cccc3n2Cc2cccc(C(=N)N)c2)c1,5.443697499232712
N=C(N)c1ccc(-n2ccc3ccc(NCc4cccc(C(=N)N)c4)cc32)cc1,5.422508200162775
NC(N)=NS(=O)(=O)c1ccc(N)cc1,7.022276394711152
COC(=N)NS(=O)(=O)c1ccc(C)cc1,6.484126156288321
COC(=N)NS(=O)(=O)c1ccccc1C(=O)O,6.488116639021126
COC(=N)NS(=O)(=O)c1ccc(Br)cc1,6.576754126063192
COc1ccc(S(=O)(=O)NN=C(N)N)cc1,6.6439741428068775
Cc1ccc(S(=O)(=O)NC(=O)N2CCC[C@H]2C(=O)NCC(=O)Nc2ccc(S(=O)(=O)NN=C(N)N)cc2)cc1,7.823908740944319
N=C(N)c1ccc2ccc(Cn3c4ccccc4c4ccc(OC5CCNCC5)cc43)cc2c1,6.769551078621726
N=C(N)NS(=O)(=O)c1ccc(I)cc1,6.6777807052660805
Cc1cc(C)c(S(=O)(=O)N=C(N)N)c(C)c1,6.5934598195660445
N=C(N)NS(=O)(=O)c1ccc(NC(=O)C2CCCN2C(=O)[C@H](Cc2ccccc2)NC(=O)OCc2ccccc2)cc1,7.886056647693163
COC(=N)NS(=O)(=O)c1cccs1,6.671620396561262
N=C(N)c1ccc(CNC(=O)c2cc3cc(N)ccc3n2Cc2cccc(C(=N)N)c2)cc1,5.251811972993799
COC(=N)NS(=O)(=O)c1ccc(NC(=O)[C@H](Cc2c[nH]cn2)NC(=O)CCNC(=O)NS(=O)(=O)c2ccc(C)cc2)cc1,7.721246399047171
Cc1ccc(NS(=O)(=O)Cc2ccccc2)c(=O)n1CC(=O)NC1CCc2n[nH]cc2C1,5.327902142064283
COC(=O)c1cc2ccc(OC3CCN(C(C)=N)CC3)cc2n1Cc1ccc2ccc(C(=N)N)cc2c1,6.7447274948966935
N=C(N)NS(=O)(=O)c1cc(Cl)cc(Cl)c1O,6.818156412055227
COC(=N)NS(=O)(=O)c1ccc(NC(=O)[C@@H](Cc2ccccc2)NC(=O)NS(=O)(=O)c2ccc(C)cc2)cc1,7.221848749616356
COC(=N)NS(=O)(=O)c1ccc(NC(=O)[C@H](Cc2c[nH]cn2)NC(=O)CNC(=O)NS(=O)(=O)c2ccc(C)cc2)cc1,7.67778070526608
N=C(N)NNS(=O)(=O)c1c(F)c(F)c(F)c(F)c1F,6.910094888560602
N=C(N)c1cccc(CNC(=O)c2c(Cl)c3ccccc3n2Cc2cccc(C(=N)N)c2)c1,5.372634143407267
N=C(N)c1cccc(-n2nnnc2C(=O)Nc2ccc(-c3ccccc3S(N)(=O)=O)cc2)c1,6.522878745280337
Nc1cc(-n2nnnc2C(=O)Nc2ccc(C(=O)N3CCCC3)cc2F)ccc1Cl,5.920818753952375
Nc1cc(-n2nnnc2C(=O)Nc2ccc(-c3ccccc3S(N)(=O)=O)cc2Cl)ccc1Cl,5.795880017344075
Nc1cc(-n2nnnc2C(=O)Nc2ccc(-c3ccccc3S(N)(=O)=O)cn2)ccc1Cl,5.102372908709558
COc1ccc(-n2nnnc2C(=O)Nc2ccc(-c3ccccc3S(N)(=O)=O)cc2)cc1N,5.3979400086720375
Nc1cc(-n2nnnc2C(=O)Nc2ccc(-c3ccccc3S(N)(=O)=O)cc2)ccc1Cl,5.795880017344075
CS(=O)(=O)c1ccccc1-c1ccc(NC(=O)c2nnnn2-c2ccc3onc(N)c3c2)c(F)c1,6.3979400086720375
Cc1nc(N)ccc1CNC(=O)Cn1c(C)cc2c(c1=O)NCN(CC1CCC1)S2(=O)=O,8.4089353929735
N=C(N)c1ccc(CNC(=O)[C@@H]2CCCN2C(=O)[C@H](NS(N)(=O)=O)C(c2ccccc2)c2ccccc2)c(F)c1,11.0
N=C(N)c1ccc(C(=O)NCC2CCN(C(=O)O[C@H]3CCC[C@@H](OC(=O)N4CCC(CNC(=O)c5ccc(C(=N)N)cc5)CC4)CCC3)CC2)cc1,4.681936665037238
Oc1ccc2c(Cc3ccc(CN4CCCC4)c(O)c3)c(-c3ccc(OCCN4CCCC4)cc3)sc2c1,8.292429823902063
NCc1cc(Cc2c(-c3ccc(OCCN4CCCC4)cc3)sc3cc(O)ccc23)ccc1CN1CCCC1,7.958607314841775
COc1cc(Cc2c(-c3ccc(CCN)cc3)sc3cc(O)ccc23)ccc1CN1CCCC1,8.292429823902063
N=C(N)c1ccc2cc(C(=O)Nc3ccccc3)cc(-c3ccoc3)c2c1,6.886056647693163
COc1cc(Cc2c(-c3ccc(OCCN4CCCC4)cc3)sc3cc(O)ccc23)ccc1CN1CCCC1,9.045757490560677
COc1cc(Cc2c(-c3ccc(OCCN)cc3)sc3cc(O)ccc23)ccc1CN1CCCC1,8.42021640338319
Cc1nc(N)ccc1CNC(=O)Cn1c(C)cc(S(=O)(=O)c2cccs2)c(N)c1=O,8.769551078621726
Cc1nc(N)ccc1CNC(=O)Cn1c(C)cc(S(=O)(=O)CC2CCCC2)c(N)c1=O,8.920818753952375
N=C(N)c1ccc(C(=O)NCC2CCN(C(=O)O[C@H]3CCC[C@@H](OC(=O)N4CCN(C(=O)NCCC5CCNCC5)CC4)CCC3)CC2)cc1,4.3851027839668655
N=C(N)c1ccc(NC(=O)CC2CCN(C(=O)O[C@H]3CCC[C@@H](OC(=O)N4CCN(C(=O)NCCC5CCNCC5)CC4)CCC3)CC2)cc1,4.276544327964814
N=C(N)c1ccc2cccc(Nc3ncccn3)c2c1,5.494850021680094
N=C(N)c1ccc2cc(C(=O)Nc3ccccc3)cc(Nc3ncccn3)c2c1,6.769551078621726
COc1cc(Cc2c(-c3ccc(OCCN4CCCC4CO)cc3)sc3cc(O)ccc23)ccc1CN1CCCC1,9.30102999566398
Cc1nc(N)ccc1CNC(=O)Cn1c(C)cc(S(=O)(=O)C2CCCCC2)c(N)c1=O,8.522878745280337
COC(=O)N[C@@H](C(=O)N1CCC[C@H]1C(=O)NCc1ccc(C(=N)N)s1)C(c1ccccc1)c1ccccc1,10.82390874094432
COc1cc(Cc2c(-c3ccc(NC(=O)CN)cc3)sc3cc(O)ccc23)ccc1CN1CCCC1,8.154901959985743
CC(C)Oc1cccc(NC(=O)c2cc(C3CCOC3)c3cc(C(=N)N)ccc3c2)c1,5.958607314841775
COc1cc(Cc2c(-c3ccc(CCN4CCCC4)cc3)sc3cc(O)ccc23)ccc1CN1CCCC1,9.522878745280336
N=C(N)c1ccc(CC(=O)N2CCN(C(=O)O[C@H]3CCC[C@@H](OC(=O)N4CCN(C(=O)NCCC5CCNCC5)CC4)CCC3)CC2)cc1,4.025028005701931
N=C(N)c1ccc2cc(C(=O)Nc3ccccc3)cc(C3CCOC3)c2c1,6.443697499232712
Cc1nc(N)ccc1CNC(=O)Cn1c(C)cc2c(c1=O)NCN(CC1CC1)S2(=O)=O,8.67778070526608
N=C(N)c1cc(CNC(=O)[C@@H]2CCCN2C(=O)[C@H](NS(N)(=O)=O)C(c2ccccc2)c2ccccc2)cs1,9.795880017344077
N=C(N)c1ccc2cc(C(=O)Nc3ccc(CN)cc3)cc(Nc3ncccn3)c2c1,6.026872146400302
Oc1ccc2c(Cc3ccc(CN4CCCC4)cc3)c(-c3ccc(OCCN4CCCC4)cc3)sc2c1,8.387216143280265
Cc1nc(N)ccc1CNC(=O)Cn1c(C)cc(S(=O)(=O)NC2CC2)c(N)c1=O,8.130768280269024
N=C(N)c1ccc2cccc(N)c2c1,5.2839966563652006
N=C(N)c1ccc(C(=O)NCC2CCN(C(=O)OCc3ccc(COC(=O)N4CCC(CNC(=O)c5ccc(C(=N)N)cc5)CC4)cc3)CC2)cc1,4.374687549038326
N=C(N)c1cc(CNC(=O)[C@@H]2CCCN2C(=O)[C@H](NCC(=O)O)C(c2ccccc2)c2ccccc2)cs1,10.0
Cc1nc(N)ccc1CNC(=O)Cn1c(C)cc(S(=O)(=O)NC2CCC2)c(N)c1=O,8.769551078621726
N=C(N)c1csc(CNC(=O)[C@@H]2CCCN2C(=O)[C@H](NS(N)(=O)=O)C(c2ccccc2)c2ccccc2)c1,10.69897000433602
Oc1ccc2c(Cc3ccc(CN4CCCC4)c(Br)c3)c(-c3ccc(OCCN4CCCC4)cc3)sc2c1,8.67778070526608
N=C(N)c1ccc(CNC(=O)[C@@H]2CCCN2C(=O)[C@H](NCCC(=O)O)C(c2ccccc2)c2ccccc2)s1,11.0
COc1ccc2ccc(C(=N)N)cc2c1C1CCOC1,6.346787486224656
Cc1cc(Cc2c(-c3ccc(OCCN4CCCC4)cc3)sc3cc(O)ccc23)ccc1CN1CCCC1,8.721246399047171
COC(=O)N[C@@H](C(=O)N1CCC[C@H]1C(=O)NCc1csc(C(=N)N)c1)C(c1ccccc1)c1ccccc1,9.221848749616356
N=C(N)c1ccc(CNC(=O)[C@@H]2CCCN2C(=O)[C@H](NCC(=O)O)C(c2ccccc2)c2ccccc2)cc1,10.886056647693165
Cc1nc(N)ccc1CNC(=O)Cn1c(C)cc2c(c1=O)NCN(C1CC1)S2(=O)=O,7.721246399047171
N=C(N)c1ccc(CNC(=O)[C@@H]2CCCN2C(=O)[C@H](NS(N)(=O)=O)C(c2ccccc2)c2ccccc2)o1,9.366531544420411
COC(=O)N[C@@H](C(=O)N1CCC[C@H]1C(=O)NCc1ccc(C(=N)N)cc1)C(c1ccccc1)c1ccccc1,10.522878745280336
N=C(N)c1csc(CNC(=O)[C@@H]2CCCN2C(=O)[C@H](NCC(=O)O)C(c2ccccc2)c2ccccc2)n1,9.193820026016112
COC(=O)N[C@@H](C(=O)N1CCC[C@H]1C(=O)NCc1ccc(C(=N)N)nc1)C(c1ccccc1)c1ccccc1,10.769551078621726
N=C(N)c1ccc2cc(C(=O)Nc3ccccc3)ccc2c1,5.248720896016658
Cc1nc(N)ccc1CNC(=O)Cn1c(C)cc(S(=O)(=O)NCC2CC2)c(N)c1=O,8.346787486224656
N=C(N)c1ccc(CC(=O)N2CCN(C(=O)O[C@H]3CCC[C@@H](OC(=O)N4CCN(C(=O)Cc5ccc(C(=N)N)cc5)CC4)CCC3)CC2)cc1,4.468521082957745
COc1ccc2ccc(C(=N)N)cc2c1-c1ccoc1,5.886056647693163
Cc1nc(N)ccc1CNC(=O)Cn1c(C)cc(S(=O)(=O)Cc2ccccc2)c(N)c1=O,8.795880017344075
CC(=O)N[C@H](CC1CCCCC1)C(=O)N1CCC[C@H]1C(=O)N[C@@H](CCCN=C(N)N)C(=O)Cc1ccccc1,6.732828271596986
Cc1nc(N)ccc1CNC(=O)Cn1c(C)ccc(NS(=O)(=O)Cc2ccc(Cl)cc2)c1=O,9.920818753952377
NC(N)=NCCC[C@H](NC(=O)[C@@H]1CCCN1C(=O)[C@H](N)CC1CCCCC1)C(=O)C[n+]1ccccc1,9.721246399047171
Cc1nc(N)ccc1CNC(=O)Cn1c(C2CC2)ccc(NS(=O)(=O)Cc2ccc(Cl)cc2)c1=O,8.397940008672037
C[C@@H]1CCN(C(=O)[C@H](CC(=O)NC[C@@H]2CCCN(C(=N)N)C2)NS(=O)(=O)c2ccc3ccccc3c2)[C@@H](C(=O)O)C1,8.173925197299173
CCCc1ccc(NS(=O)(=O)Cc2ccccc2)c(=O)n1CC(=O)NCc1ccc(N)nc1C,9.070581074285707
CC(=O)N[C@H](Cc1ccccc1)C(=O)N1CCC[C@H]1C(=O)N[C@@H](CCCN=C(N)N)C(=O)C[n+]1ccccc1,6.508638306165727
Cc1ccc(S(=O)(=O)Nc2ccc(C)n(CC(=O)NCC3CCN(C(=N)N)CC3)c2=O)cc1,7.5376020021010435
N=C(N)N1CCC[C@@H](CNC(=O)C[C@H](NS(=O)(=O)c2ccc3ccccc3c2)C(=O)N(CC(=O)O)Cc2ccccc2)C1,9.167491087293763
Oc1ccc2c(Cc3ccc(OCCN4CCCC4)nc3)c(-c3ccc(OCCN4CCCC4)cc3)sc2c1,5.045757490560675
Cc1nc(N)ccc1CNC(=O)Cn1c(C(F)(F)F)ccc(NS(=O)(=O)Cc2ccccc2)c1=O,7.920818753952375
Cc1ccc(NC(=O)OCc2ccccc2)c(=O)n1CC(=O)NCC1CCN(C(=N)N)CC1,7.113509274827518
CC(=O)[C@H](CCCN=C(N)N)NC(=O)[C@@H]1CCCN1C(=O)[C@H](N)CC1CCCCC1,7.221848749616356
Cc1nc(N)ccc1CNC(=O)Cn1c(C2CC2)ccc(NS(=O)(=O)Cc2ccccc2)c1=O,7.795880017344075
O=C1CN(S(=O)(=O)c2cc3ccc(Cl)cc3s2)CCN1Cc1cc2cc[nH]cc-2n1,5.4089353929735005
N=C(N)N1CCCC(CNC(=O)C[C@H](NS(=O)(=O)c2ccc3ccccc3c2)C(=O)N2CCC(C(=O)O)CC2)C1,5.853871964321762
CC(=O)N[C@H](CC1CCCCC1)C(=O)N1CCC[C@H]1C(=O)N[C@@H](CCCN=C(N)N)C(=O)C[n+]1ccccc1,7.67778070526608
Cc1ccc(NC(=O)c2ccccc2)c(=O)n1CC(=O)NCC1CCN(C(=N)N)CC1,6.161150909262744
CCCCN(CC(=O)O)C(=O)[C@H](CC(=O)NC[C@@H]1CCCN(C(=N)N)C1)NS(=O)(=O)c1ccc2ccccc2c1,9.065501548756432
NC(N)=NCCC[C@H](NC(=O)[C@@H]1CCCN1C(=O)[C@H](N)CC1CCCCC1)C(=O)Cc1ccccc1,8.903089986991944
CC1(C)CNc2c(cccc2S(=O)(=O)N[C@@H](Cc2nc3ccccc3s2)C(=O)N2CCC(CCCl)CC2)C1,7.031517051446065
CC1(C)CNc2c(cccc2S(=O)(=O)N[C@@H](Cc2nc3ccccc3s2)C(=O)N2CCC(CCNC(=O)OC(C)(C)C)CC2)C1,7.2839966563652
CNS(=O)(=O)NCCC1CCN(C(=O)[C@H](Cc2nc3ccccc3s2)NS(=O)(=O)c2cccc3c2NCC(C)(C)C3)CC1,6.924453038607469
N=C(N)c1ccc(CNC(=O)[C@@H]2CC[C@H]3CC[C@@](O)(Cc4ccccc4)C(=O)N32)cc1,8.045757490560675
CC1(C)CNc2c(cccc2S(=O)(=O)N[C@@H](Cc2nc3ccccc3s2)C(=O)N2CCC(CCN)CC2)C1,5.928117992693875
CCNC(=O)NCCC1CCN(C(=O)[C@H](Cc2nc3ccccc3s2)NS(=O)(=O)c2cccc3c2NCC(C)(C)C3)CC1,7.187086643357144
N=C(N)c1ccc(CNC(=O)[C@@H]2CCCN2C(=O)[C@H](N)Cc2ccccc2)cc1,8.823908740944319
N=C(N)c1ccc(O)c(/C=C/CNC(=O)c2ccc(-c3ccc(C(N)=O)cc3)cc2)c1,5.537602002101044
CC(=O)NCCC1CCN(C(=O)[C@H](Cc2nc3ccccc3s2)NS(=O)(=O)c2cccc3c2NCC(C)(C)C3)CC1,6.184422251675732
N/C(=N\O)N1CCC(CNC(=O)[C@@H]2CCCN2C(=O)[C@@H](Cc2ccccc2)NS(=O)(=O)Cc2ccccc2)CC1,9.337242168318426
CNC(=O)NCCC1CCN(C(=O)[C@H](Cc2nc3ccccc3s2)NS(=O)(=O)c2cccc3c2NCC(C)(C)C3)CC1,7.619788758288394
CN(C)CCC1CCN(C(=O)[C@H](Cc2nc3ccccc3s2)NS(=O)(=O)c2cccc3c2NCC(C)(C)C3)CC1,4.4165744995934935
Cc1cc(OCC2CCN(C(=N)N)CC2)cc(OS(=O)(=O)c2ccccc2Cl)c1,8.337242168318426
CCOc1ccc2ccc(S(=O)(=O)N[C@H]3CCN(Cc4cccc(C(=N)N)c4)C3=O)cc2c1,5.721246399047171
COc1ccc2ccc(S(=O)(=O)N(Cc3ccsc3)[C@H]3CCN(Cc4cccc(C(=N)N)c4)C3=O)cc2c1,6.443697499232712
NC1CCC(CNC(=O)[C@@H]2CCCN2C(=O)C2COc3ccccc3O2)CC1,7.1249387366083
CCCCS(=O)(=O)N[C@H](Cc1ccccc1)C(=O)N1CCC[C@H]1C(=O)N[C@@H](CCCSc1ncccn1)B1O[C@@H]2CC3CC(C3(C)C)[C@]2(C)O1,8.05551732784983
COc1ccc(C[C@H]2C(=O)N(CCCc3ccccc3)CC(=O)N2CC(=O)N[C@@H](CC2CCCN(C(=N)N)C2)C(=O)c2nccs2)cc1,7.366531544420414
CS(=O)(=O)N[C@@H](C(=O)N1CCC[C@H]1C(=O)NCC#Cc1c[nH]cn1)C(c1ccccc1)c1ccccc1,8.585026652029182
CS(=O)(=O)N1CCN(C(=O)[C@H](Cc2ccc(C(N)NN)cc2)NS(=O)(=O)c2ccc3ccccc3c2)CC1,7.958607314841775
Cc1ccc2ccc(S(=O)(=O)N[C@H]3CCN(Cc4cccc(C(=N)N)c4)C3=O)cc2c1,5.872895201635193
CC(C)(C)OC(=O)N[C@@H](C(=O)N1CCC[C@H]1C(=O)NCC#Cc1c[nH]cn1)C(c1ccccc1)c1ccccc1,7.619788758288394
CC(=O)N[C@H](Cc1ccccc1)C(=O)N1CCC[C@H]1C(=O)N[C@@H](CCCn1ccnc1)B1O[C@@H]2CC3CC(C3(C)C)[C@]2(C)O1,7.173925197299173
Cc1cc(OCC2CCN(C(=N)N)CC2)cc(OS(=O)(=O)c2cccc(Cl)c2Cl)c1,7.657577319177793
CN(C(=O)[C@H](Cc1ccc(C(N)NN)cc1)NS(=O)(=O)c1ccc2ccccc2c1)C1CCCC1,9.42021640338319
Cc1cc(OCC2CCN(C(=N)N)CC2)cc(OS(=O)(=O)c2ccccc2N)c1,7.2839966563652
Cc1cc(OCC2CCN(C(=N)N)CC2)cc(OS(=O)(=O)c2cccc([N+](=O)[O-])c2)c1,6.939302159646388
Cc1cc(OCC2CCN(C(=N)N)CC2)cc(OS(=O)(=O)c2ccccc2)c1,7.494850021680094
COC(=O)c1cc(OCC2CCN(C(=N)N)CC2)cc(OS(=O)(=O)c2ccccc2Cl)c1,5.431798275933005
CN(C(=O)[C@H](Cc1ccc(C(N)NN)cc1)NS(=O)(=O)c1cccc2ccccc12)C1CCCC1,8.096910013008056
COc1ccc2ccc(S(=O)(=O)N(Cc3ccccc3)[C@H]3CCN(Cc4cccc(C(=N)N)c4)C3=O)cc2c1,6.356547323513812
NC1CCC(CNC(=O)[C@@H]2CCCN2C(=O)[C@@H](N)C2CCCCC2)CC1,8.522878745280337
Cc1cc(OCC2CCN(C(=N)N)CC2)cc(OS(=O)(=O)c2ccc(N)cc2)c1,6.399027104313252
N=C(N)c1cccc(C2=NOC(Cn3cnnn3)(C(=O)Nc3ncc(-c4ccccc4S(N)(=O)=O)cn3)C2)c1,5.522878745280337
CC(C)(C)OC(=O)N[C@@H](C(=O)N1CCC[C@H]1C(=O)NCC#Cc1c[nH]cn1)C(C1CCCCC1)C1CCCCC1,7.5376020021010435
CCCC[C@H]1C(=O)N(CCCc2ccccc2)CC(=O)N1CC(=O)N[C@@H](CC1CCCN(C(=N)N)C1)C(=O)c1nccs1,7.008773924307505
CC(=O)N[C@H](Cc1ccccc1)C(=O)N1CCC[C@H]1C(=O)N[C@@H](CCCn1ncnc1[N+](=O)[O-])B1O[C@@H]2CC3CC(C3(C)C)[C@]2(C)O1,6.701146923590294
Cc1cc(OCC2CCN(C(=N)N)CC2)cc(OS(=O)(=O)c2cccc(Cl)c2)c1,7.4089353929735005
CN(C(=O)[C@H](Cc1ccc(C(N)NN)cc1)NS(=O)(=O)c1ccc2cc3ccccc3cc2c1)C1CCCC1,10.0
CN(C(=O)[C@H](Cc1ccc(CCN)cc1)NS(=O)(=O)c1ccc2ccccc2c1)C1CCCC1,8.481486060122112
COc1ccc2ccc(S(=O)(=O)N[C@H]3CCN(Cc4cccc(C(=N)N)c4)C3=O)cc2c1,5.853871964321762
COc1ccc2ccc(S(=O)(=O)N(Cc3cc[nH]n3)[C@H]3CCN(Cc4cccc(C(=N)N)c4)C3=O)cc2c1,5.966576244513051
CN1CC(=O)N(CC(=O)N[C@@H](CC2CCCN(C(=N)N)C2)C(=O)c2nccs2)[C@@H](Cc2ccc3ccccc3c2)C1=O,6.853871964321762
COc1ccc2ccc(S(=O)(=O)N(Cc3ccccn3)[C@H]3CCN(Cc4cccc(C(=N)N)c4)C3=O)cc2c1,5.935542010773082
N=C(N)N1CCCC(C[C@H](NC(=O)CN2C(=O)CN(CCCc3ccccc3)C(=O)[C@@H]2CC2CCCCC2)C(=O)c2nccs2)C1,7.1249387366083
N=C(N)N1CCC(COc2cccc(OS(=O)(=O)c3ccccc3Cl)c2)CC1,6.721246399047171
COC(=O)N[C@@H](C(=O)N1CCC[C@H]1C(=O)NCC#Cc1c[nH]cn1)C(C1CCCCC1)C1CCCCC1,7.823908740944319
Cc1cc(OCC2CCN(C(=N)N)CC2)cc(OS(=O)(=O)c2ccccc2[N+](=O)[O-])c1,7.795880017344075
CCOCC1(C(=O)Nc2ccc(-c3ccccc3S(N)(=O)=O)cn2)CC(c2cccc(C(=N)N)c2)=NO1,5.301029995663981
COc1ccc2ccc(S(=O)(=O)N(CCC(N)=O)[C@H]3CCN(Cc4cccc(C(=N)N)c4)C3=O)cc2c1,5.823908740944319
CC(=O)N[C@H](Cc1ccccc1)C(=O)N1CCC[C@H]1C(=O)N[C@@H](CCCNc1ccccn1)B1O[C@@H]2CC3CC(C3(C)C)[C@]2(C)O1,6.638272163982407
CC(=O)N[C@H](Cc1ccccc1)C(=O)N1CCC[C@H]1C(=O)N[C@@H](CCCn1ccnc1[N+](=O)[O-])B1O[C@@H]2CC3CC(C3(C)C)[C@]2(C)O1,6.187086643357144
CC(=O)N[C@H](Cc1ccccc1)C(=O)N1CCC[C@H]1C(=O)N[C@@H](CCCn1ncnc1N)B1O[C@@H]2CC3CC(C3(C)C)[C@]2(C)O1,6.294992040666664
CC(=O)N[C@H](Cc1ccccc1)C(=O)N1CCC[C@H]1C(=O)N[C@@H](CCCn1nnnc1N)B1O[C@@H]2CC3CC(C3(C)C)[C@]2(C)O1,6.455931955649724
CCOCC1(C(=O)Nc2ccc(-c3ccccc3S(N)(=O)=O)cc2)CC(c2cccc(C(=N)N)c2)=NO1,5.6777807052660805
CC(=O)N[C@H](Cc1ccccc1)C(=O)N1CCC[C@H]1C(=O)N[C@@H](CCCNc1ccnc(N)n1)B1O[C@@H]2CC3CC(C3(C)C)[C@]2(C)O1,6.823908740944319
COc1ccc2ccc(S(=O)(=O)N(CC(N)=O)[C@H]3CCN(Cc4cccc(C(=N)N)c4)C3=O)cc2c1,5.841637507904751
O=C(O)CN[C@@H](C(=O)N1CCC[C@H]1C(=O)NCC#Cc1c[nH]cn1)C(c1ccccc1)c1ccccc1,7.356547323513812
Cc1cc(OCC2CCN(C(=N)N)CC2)cc(OS(=O)(=O)c2cccc(N)c2)c1,7.494850021680094
NC1CCC(CNC(=O)[C@@H]2CCCN2C(=O)C(Cc2ccc(O)cc2)c2ccccc2)CC1,8.602059991327963
N=C(N)N1CCCC(C[C@H](NC(=O)CN2C(=O)CN(CCCc3ccccc3)C(=O)[C@@H]2CCc2ccccc2)C(=O)c2nccs2)C1,6.978810700930062
CC(=O)N[C@H](Cc1ccccc1)C(=O)N1CCC[C@H]1C(=O)N[C@@H](CCCNc1ncccn1)B1O[C@@H]2CC3CC(C3(C)C)[C@]2(C)O1,6.221848749616356
N=C(N)N1CCC(COc2cc(Cl)cc(OS(=O)(=O)c3ccccc3Cl)c2)CC1,7.522878745280337
COc1cccc(-c2ccc(S(=O)(=O)N[C@H]3CCN(Cc4cccc(C(=N)N)c4)C3=O)cc2)c1,5.6020599913279625
O=C(NCC#Cc1c[nH]cn1)[C@@H]1CCCN1C(=O)[C@H](NS(=O)(=O)Cc1ccccc1)C(c1ccccc1)c1ccccc1,8.522878745280337
CC(=N)N1CCC(COc2cc(C)cc(OS(=O)(=O)c3ccccc3Cl)c2)CC1,5.886056647693163
COc1ccc2ccc(S(=O)(=O)N[C@H]3CCN(Cc4cc(C(=N)N)cs4)C3=O)cc2c1,5.619788758288394
CC(=O)N[C@H](Cc1ccccc1)C(=O)N1CCC[C@H]1C(=O)N[C@@H](CCCn1ccnc1N)B1O[C@@H]2CC3CC(C3(C)C)[C@]2(C)O1,8.769551078621726
CCC(C)[C@H]1C(=O)N(CCCc2ccccc2)CC(=O)N1CC(=O)N[C@@H](CC1CCCN(C(=N)N)C1)C(=O)c1nccs1,6.698970004336019
Cc1cc(OCC2CCN(C(=N)N)CC2)cc(OS(=O)(=O)c2ccccc2C(F)(F)F)c1,7.853871964321762
COc1ccc2ccc(S(=O)(=O)N(C)[C@H]3CCN(Cc4csc(C(=N)N)c4)C3=O)cc2c1,6.0
Cc1cc(OCC2CCN(C(=N)N)CC2)cc(OS(=O)(=O)c2cccc3ccccc23)c1,7.455931955649724
CN(C(=O)[C@H](Cc1ccc(C(N)NN)cc1)NS(=O)(=O)c1ccc2c(c1)CCCC2)C1CCCC1,9.920818753952377
COc1cc(C(O)C(=O)N2CCC[C@H]2C(=O)NCC2CCC(N)CC2)ccc1O,8.602059991327963
COc1ccc2ccc(S(=O)(=O)N[C@H]3CCN(Cc4cc(C(=N)N)ccc4N)C3=O)cc2c1,6.555955204081924
COc1ccc(C[C@@H](CO)Nc2ccncc2S(=O)(=O)N[C@@H](Cc2ccccc2)C(=O)N2CCC(CCF)CC2)cc1,7.070581074285707
Cc1c(F)c(Oc2cccc(N(C)C)c2)nc(Oc2cc(C(=N)N)ccc2N)c1F,6.522878745280337
COc1ccc(Oc2nc(Oc3cccc(C(=N)N)c3)c(F)c(C)c2F)cc1C(=O)N(C)C,5.522878745280337
COC(=O)CC1(C(=O)Nc2ccc(C(=N)N)cc2)CC(c2cccc(C(=N)N)c2)=NO1,4.795880017344075
N=C(N)c1ccc2[nH]c(-c3cc(Cc4nn[nH]n4)cc(Br)c3O)c(Cc3ccccc3)c2c1,6.356547323513812
N=C(N)c1ccc2[nH]c(-c3cc(Br)cc(CCC(=O)O)c3)c(Cc3ccccc3)c2c1,4.920818753952375
N=C(N)c1ccc(O)c(CN2CC[C@H](NS(=O)(=O)c3ccc(-c4ccon4)s3)C2=O)c1,5.653842697767992
COc1cccc(Oc2nc(Oc3cccc(C(=N)N)c3)c(F)c(C)c2F)c1,5.7447274948966935
Cc1cn(C)c(-c2cccc(Oc3cc(C(=O)O)cc(Oc4cc(C(=N)N)ccc4O)n3)c2)n1,6.055517327849832
N=C(N)c1cccc(C(=O)N[C@@H](C(=O)N2CCN(Cc3ccccc3)CC2)c2ccccc2)c1,5.100179497572904
Cc1cc(Br)c(O)c(-c2[nH]c3ccc(C(=N)N)cc3c2Cc2ccccc2)c1,6.585026652029182
CC(C)(C(=O)O)c1cc(Br)c(O)c(-c2[nH]c3ccc(C(=N)N)cc3c2Cc2ccccc2)c1,6.1249387366083
Cc1c(F)c(Oc2cccc(C(=N)N)c2)nc(Oc2cc(O)cc(C(=O)N(C)C)c2)c1F,6.130768280269024
N=C(N)c1ccc(NC(=O)C2CC(c3cccc(C(=N)N)c3)=NO2)cc1,4.795880017344075
Cc1c(F)c(Oc2cccc(N(C)C)c2)nc(Oc2cc(C(=N)N)ccc2O)c1F,6.721246399047171
N=C(N)c1ccc(N)c(CN2CC[C@H](NS(=O)(=O)c3ccc(-c4ccon4)s3)C2=O)c1,5.652084813498309
N=C(N)c1ccc(NC(=O)CC2CC(c3ccc(C(=N)N)cc3)=NO2)cc1,5.657577319177793
N=C(N)c1cccc(C(=O)N[C@@H](C(=O)N2CCC(C(=O)c3ccc(F)cc3)CC2)c2ccccc2)c1,5.928117992693875
COC(=O)Cc1cc(Br)c(O)c(-c2[nH]c3ccc(C(=N)N)cc3c2Cc2ccccc2)c1,7.096910013008056
N=C(N)c1cccc(Oc2cc(C(=O)O)cc(Oc3cc(C(=N)N)ccc3O)n2)c1,5.292429823902063
CN(C)C(=O)Cc1cc(Br)c(O)c(-c2[nH]c3ccc(C(=N)N)cc3c2Cc2ccccc2)c1,7.366531544420414
Cc1c(F)c(Oc2cccc(Nc3ccccc3)c2)nc(Oc2cccc(C(=N)N)c2)c1F,5.42021640338319
N=C(N)c1cccc(C(=O)N[C@@H](C(=O)NCc2ccccc2)c2ccccc2)c1,5.070581074285707
N=C(N)c1ccc(O)c(CN2CC[C@H](NS(=O)(=O)c3ccc(-c4cccnc4)s3)C2=O)c1,5.552841968657781
Cc1ccc(CNC(=O)[C@H](NC(=O)c2cccc(C(=N)N)c2)c2ccccc2)cc1,5.721246399047171
Cc1cc(Br)c(O)c(-c2[nH]c3ccc(C(=N)N)cc3c2CCCc2ccccc2)c1,5.180456064458132
CCC1CCN(C(=O)[C@H](Cc2ccc(N)cc2)NS(=O)(=O)c2cnccc2N[C@H](COCCO)Cc2ccccc2)CC1,6.832682665251824
N=C(N)c1ccc(NC(=O)CC2CC(c3cccc(C(=N)N)c3)=NO2)cc1,4.954677021213342
Cc1c(F)c(Oc2cccc(C(=O)N(C)C)c2)nc(Oc2cc(C(=N)N)cc(O)c2O)c1F,5.920818753952375
N=C(N)c1ccc2[nH]c(-c3cc(-c4nn[nH]n4)cc(Br)c3O)c(Cc3ccccc3)c2c1,6.455931955649724
Cc1cc(Br)c(O)c(-c2[nH]c3ccc(C(=N)N)cc3c2CCc2ccccc2)c1,6.1487416512809245
N=C(N)c1ccc2[nH]c(-c3cc(CC(=O)O)cc(Br)c3O)c(Cc3ccccc3)c2c1,6.0
CCC1CCN(C(=O)[C@H](Cc2ccc(N)cc2)NS(=O)(=O)c2cnccc2N[C@H](CO)Cc2ccc(OC)cc2)CC1,7.397940008672037
Cc1cc(Cl)c(O)c(-c2cc3cc(C(=N)N)ccc3[nH]2)c1,6.337242168318426
N=C(N)c1ccc2[nH]c(-c3cc(CCOP(=O)(O)O)cc(Br)c3O)c(Cc3ccccc3)c2c1,6.481486060122113
Cc1c(F)c(Oc2cccc(NS(C)(=O)=O)c2)nc(Oc2cccc(C(=N)N)c2)c1F,5.309803919971486
N=C(N)c1cccc(NC(=O)CC2CC(c3cccc(C(=N)N)c3)=NO2)c1,4.950781977329818
N=C(N)c1cccc(C(=O)N[C@@H](C(=O)N2CCN(c3ccccc3)CC2)c2ccccc2)c1,5.7594507517174005
Cn1c(CNc2ccc(C(=N)N)cc2)nc2cc(C(=O)N(CCC(=O)O)c3ccccn3)ccc21,8.292429823902063
Cc1c(F)c(Oc2cccc(C(=N)N)c2)nc(Oc2ccc(Cl)c(N(C)C)c2)c1F,5.275724130399211
Cc1c(F)c(Oc2cccc(OC(C)C)c2)nc(Oc2cccc(C(=N)N)c2)c1F,5.275724130399211
COc1ccc(CNC(=O)[C@H](NC(=O)c2cccc(C(=N)N)c2)c2ccccc2)cc1,5.638272163982407
N=C(N)c1ccc(N)c(CN2CC[C@H](NS(=O)(=O)c3ccc(-c4cccnc4)s3)C2=O)c1,5.585026652029182
Cc1cn(-c2cccc(Oc3cc(C(=O)O)cc(Oc4cc(C(=N)N)ccc4O)n3)c2)cn1,6.187086643357144
N=C(N)c1cccc(C(=O)N[C@@H](C(=O)N2CCN(C(=O)c3ccccc3)CC2)c2ccccc2)c1,5.100179497572904
N=C(N)c1ccc(C2=NOC(CC(=O)Nc3cccc(C(=N)N)c3)C2)cc1,5.657577319177793
COC(=O)CC1(C(=O)Nc2cccc(C(=N)N)c2)CC(c2ccc(C(=N)N)cc2)=NO1,4.85078088734462
N=C(N)c1cccc(C(=O)N[C@@H](C(=O)N2CCN(c3ccncc3)CC2)c2ccccc2)c1,4.749579997691106
N=C(N)N1CCC(CC(=O)CN2CCCC[C@H](NS(=O)(=O)c3ccccc3)C2=O)CC1,7.146301788223826
COC(=O)[C@H](Cc1cccc(C(=N)N)c1)[C@@H](C)NC(=O)c1ccc(-c2ccccc2)cc1,5.488116639021126
Cc1ccc(NS(=O)(=O)Cc2ccccc2)c(=O)n1CC(=O)NCc1cc(Cl)ccc1-n1cncn1,9.795880017344077
O=C(Cn1c(Cl)cnc(NCC(F)(F)c2ccccn2)c1=O)NCc1ccccc1,7.920818753952375
O=C(Cn1ccnc(NCC(F)(F)c2cccc[n+]2[O-])c1=O)NCc1ccccc1-n1cnnn1,8.958607314841775
COc1ccc(S(=O)(=O)N[C@H]2CCCCN(CC(=O)CC3CCN(C(=N)N)CC3)C2=O)cc1OC,7.0670191780768015
CCCc1ccc(S(=O)(=O)N[C@@H](Cc2ccc(C(=N)NN)cc2)C(=O)N(C)C2CCCC2)cc1,9.69897000433602
COc1ccc(OC)c(S(=O)(=O)N[C@H]2CCCCN(CC(=O)CC3CCN(C(=N)N)CC3)C2=O)c1,6.778064400171995
CCC1CNCc2ccc(NC(=O)c3ccc4cc(C(=N)N)ccc4c3)cc21,5.191114132640188
N[C@H](Cc1ccccc1)C(=O)N1CCC[C@H]1CC(=O)NCc1ccccc1-n1cncn1,8.97469413473523
CC(C)C1=NCCc2ccc(NC(=O)c3ccc4cc(C(=N)N)ccc4c3)cc21,5.30189945437661
CN(C(=O)[C@H](Cc1ccc(C(=N)NN)c(F)c1)NS(=O)(=O)c1ccc2c(c1)CCCC2)C1CCCC1,9.045757490560677
N[C@H](Cc1ccccc1)C(=O)N1CCC[C@H]1CC(=O)NCc1cc(Cl)ccc1-n1cncn1,8.744727494896694
N=C(N)c1ccc(CC(=O)CN2CCCC[C@H](NS(=O)(=O)c3ccccc3)C2=O)cc1,7.712198270069774
N=C(N)c1ccc(CC(=O)CN2C(=O)[C@@H](NS(=O)(=O)c3ccc4c(c3)CCO4)CCc3ccccc32)cc1,7.841637507904751
O=C(Cn1c(Cl)cnc(NCC(F)(F)c2cccc[n+]2[O-])c1=O)NCc1ccccc1-n1cnnn1,10.30102999566398
N[C@H](Cc1ccccn1)C(=O)N1CCC[C@H]1CC(=O)NCc1cc(Cl)ccc1-n1cnnn1,9.397940008672036
N=C(N)c1ccc(CC(=O)CN2CCCC[C@H](NS(=O)(=O)Cc3ccccc3)C2=O)cc1,7.712198270069774
N[C@H]1CC[C@H](CC(=O)CN2CCCC[C@H](NS(=O)(=O)c3ccc4c(c3)CCO4)C2=O)CC1,7.274088367704952
COc1ccc(S(=O)(=O)N[C@H]2CCCCN(CC(=O)Cc3ccc(C(=N)N)cc3)C2=O)cc1OC,7.876148359032914
N[C@H]1CC[C@H](CC(=O)CN2CCCC[C@H](NS(=O)(=O)Cc3ccccc3)C2=O)CC1,6.709520186669327
CC(C)Oc1cccc(NC(=O)c2ccc3cc(C(=N)N)ccc3c2)c1,5.45717457304082
CCCc1ccc(S(=O)(=O)N[C@@H](Cc2ccc(C(=N)NN)cc2F)C(=O)N(C)C2CCCC2)cc1,9.154901959985745
N[C@H](Cc1ccccc1)C(=O)N1CCC[C@H]1CC(=O)NCc1ccccc1-n1cnnn1,7.853871964321762
Cn1nnnc1-c1ccccc1CNC(=O)Cn1c(Cl)cnc(NCC(F)(F)c2ccccn2)c1=O,8.920818753952375
CCc1ccc(NC(=O)c2ccc3cc(C(=N)N)ccc3c2)cc1,4.359518563029578
N=C(N)c1ccc(CC(=O)CN2CCCC[C@H](NS(=O)(=O)c3ccc4c(c3)CCO4)C2=O)c(F)c1,7.525783735923745
COC(=O)[C@H](Cc1cccc(C(=N)N)c1)[C@@H](C)NC(=O)c1ccc(-c2cccnc2)cc1,5.3979400086720375
O=C(Cn1ccnc(NCC(F)(F)c2cccc[n+]2[O-])c1=O)NCc1cc(Cl)ccc1-n1cnnn1,10.886056647693165
CC(C)Oc1cc(NC(=O)c2ccc3cc(C(=N)N)ccc3c2)cc(OC2CCCC2)c1,4.665546248849069
CN(C(=O)[C@H](Cc1ccc(C(=N)NN)c(F)c1)NS(=O)(=O)c1ccc2ccccc2c1)C1CCCC1,8.259637310505756
O=C(Cn1c(Cl)cnc(NCC(F)(F)c2ccccn2)c1=O)NCc1ccccc1-c1csnn1,9.075720713938118
N=C(N)c1ccc(CC(=O)CN2CCCC[C@H](NS(=O)(=O)c3ccc4ccccc4c3)C2=O)cc1,6.786482243003695
COC(=O)[C@H](Cc1cccc(C(=N)N)c1)[C@@H](C)NC(=O)c1ccc(-c2ccccn2)cc1,5.552841968657781
O=C(Cn1ccnc(NCC(F)(F)c2cccc[n+]2[O-])c1=O)NCc1ccccc1-n1cncn1,8.142667503568731
Cc1ccc(NS(=O)(=O)Cc2ccccc2)c(=O)n1CC(=O)NCc1cc(Cl)ccc1-n1cnnn1,10.744727494896694
O=C(Cn1c(Cl)cnc(NCC(F)(F)c2ccccn2)c1=O)NCc1ccccc1-c1ncc[nH]1,8.142667503568731
N=C(N)c1ccc(CC(=O)CN2CCCC[C@H](NS(=O)(=O)c3ccc4c(c3)CCO4)C2=O)s1,9.221848749616356
Cc1nc(N)ccc1CC(=O)CN1CCCC[C@H](NS(=O)(=O)c2ccc3c(c2)CCO3)C1=O,7.403402904373539
Cc1c(F)c(N(C)c2cccc(C(=N)N)c2)nc(N(C)c2cccc(C(=N)N)c2)c1F,6.443697499232712
N[C@H](Cc1ccccn1)C(=O)N1CCC[C@H]1CC(=O)NCc1ccccc1-n1cncn1,8.698970004336019
N=C(N)c1ccc2cc(C(=O)Nc3ccc(C(N)=O)cc3)ccc2c1,5.628932137728264
O=C(Cc1ccc2[nH]ncc2c1)CN1CCCC[C@H](NS(=O)(=O)c2ccc3c(c2)CCO3)C1=O,6.548981547844543
Cn1nnc(-c2ccccc2CNC(=O)Cn2c(Cl)cnc(NCC(F)(F)c3ccccn3)c2=O)n1,8.236572006437063
N=C(N)c1ccc2cc(C(=O)Nc3cccc(OC4CCCC4)c3)ccc2c1,5.253365801062421
CCCc1ccc(S(=O)(=O)N[C@@H](Cc2ccc(C(=N)NN)c(F)c2)C(=O)N(C)C2CCCC2)cc1,8.744727494896694
COc1ccc2cc(S(=O)(=O)N[C@@H](Cc3ccc(C(=N)NN)cc3)C(=O)N(C)C3CCCC3)ccc2c1,10.221848749616356
COC(=O)c1ccccc1CS(=O)(=O)N[C@H]1CCCCN(CC(=O)N[C@@H](CCCNC(=N)N)C(=O)O)C1=O,9.022276394711152
O=C(Cn1c(Cl)cnc(NCC(F)(F)c2ccccn2)c1=O)NCc1ccccc1-n1cnnc1,8.455931955649724
Cc1ccc(NS(=O)(=O)Cc2ccccc2)c(=O)n1CC(=O)NCc1ccccc1-n1cnnn1,8.853871964321762
N=C(N)N1CCC(CC(=O)CN2CCCC[C@H](NS(=O)(=O)c3ccc4c(c3)CCO4)C2=O)CC1,7.623423042943488
CN(C(=O)[C@H](Cc1ccc(C(=N)NN)cc1F)NS(=O)(=O)c1ccc2c(c1)CCCC2)C1CCCC1,9.30102999566398
O=C(Cn1c(Cl)cnc(NCC(F)(F)c2ccccn2)c1=O)NCc1ccccc1-c1cc[nH]n1,8.2518119729938
N=C(N)c1ccc2cc(C(=O)Nc3ccc4c(c3)CCNC4)ccc2c1,5.1598939055432425
N=C(N)c1cccc(Oc2cc(C(N)=O)cc(Oc3cccc(C(=N)N)c3)n2)c1,5.221848749616356
CC(C)Oc1cc(NC(=O)c2ccc3cc(C(=N)N)ccc3c2)cc(OC(C)C)c1,4.663540266151471
COc1ccc2cc(S(=O)(=O)N[C@@H](Cc3ccc(C(=N)NN)cc3F)C(=O)N(C)C3CCCC3)ccc2c1,9.69897000433602
N=C(N)N1CCC(CC(=O)[C@@H]2Cc3cccc4c3N2C(=O)[C@@H](NS(=O)(=O)c2ccc3c(c2)CCO3)CC4)CC1,7.966576244513051
Cc1ccc(-n2cncn2)c(CNC(=O)CN2C=CN=C(NCC(F)(F)c3ccccn3)C2)c1,9.619788758288394
N#Cc1ccc2cc(NC(=O)c3ccccc3)ccc2c1,4.7544873321858505
N=C(N)c1ccc2cc(C(=O)Nc3ccc4c(c3)C(C3CCCC3)=NCC4)ccc2c1,5.274905478918531
O=C(Cn1c(Cl)cnc(NCC(F)(F)c2ccccn2)c1=O)NCc1cccc(Cl)c1,9.356547323513812
O=C(Cn1ccnc(NCC(F)(F)c2ccccn2)c1=O)NCc1ccccc1-n1cnnn1,8.568636235841012
CC(C)CC1NCCc2ccc(NC(=O)c3ccc4cc(C(=N)N)ccc4c3)cc21,5.13608262304214
CCOC(=O)C(Oc1ccc2c(c1)CN(C(=N)N)CC2)c1ccc(OC2CCOCC2)cc1,5.096910013008056
Cc1nc(N)ccc1CNC(=O)C1C=CCn2c(=O)n(C(CSc3ccc(Cl)cc3)C(=O)N3CCCC3)c(=O)n21,7.619788758288394
COC(=O)C(CSc1ccc(Cl)cc1)n1c(=O)n2n(c1=O)C(C(=O)NC[C@H]1CC[C@H](N)CC1)C=CC2,9.494850021680094
NCCCC[C@H](NC(=O)CN(C(=O)CCc1ccccc1)C1CCCCC1)B(O)O,8.309803919971486
Cc1nc(N)ccc1CNC(=O)C1C=CCn2c(=O)n(C(CSc3ccccc3)C(=O)O)c(=O)n21,7.823908740944319
CN(CC(=O)N[C@@H](CCCCN)B(O)O)C(=O)Cc1ccccc1,7.795880017344075
COC(=O)C(CSc1ccc(Cl)c(Cl)c1)n1c(=O)n2n(c1=O)C(C(=O)NCc1ccc(N)nc1C)C=CC2,7.107905397309519
Cc1nc(N)ccc1CNC(=O)C1C=CCn2c(=O)n(C(CSc3ccc(Cl)c(Cl)c3)C(=O)O)c(=O)n21,7.657577319177793
N[C@H]1CC[C@H](CNC(=O)C2C=CCn3c(=O)n(C(CSc4ccccc4)C(=O)O)c(=O)n32)CC1,7.443697499232712
COC(=O)C(CSc1ccc(Cl)cc1)n1c(=O)n2n(c1=O)C(C(=O)NCc1ccc(N)nc1C)C=CC2,7.086186147616283
COC(=O)C(CSc1ccc(OC)cc1)n1c(=O)n2n(c1=O)C(C(=O)NC[C@H]1CC[C@H](N)CC1)C=CC2,9.1249387366083
Cc1nc(N)ccc1CNC(=O)C1C=CCn2c(=O)n(C(CSc3ccc(Cl)cc3)C(=O)OC3CCCCC3)c(=O)n21,10.244125144327509
Cc1nc(N)ccc1CNC(=O)C1C=CCn2c(=O)n(C(CSc3ccc(Cl)c(Cl)c3)C(=O)OC(C)C)c(=O)n21,7.275724130399211
Cc1nc(N)ccc1CNC(=O)C1C=CCn2c(=O)n(C(CSc3ccc(Br)cc3)C(=O)N3CCOCC3)c(=O)n21,7.4089353929735005
Cc1nc(N)ccc1CNC(=O)C1C=CCn2c(=O)n(C(CSC3CCCCC3)C(=O)O)c(=O)n21,7.958607314841775
N=C(N)NCCC[C@@H]1NC(=O)[C@@H]2CCCN2C(=O)[C@@H](NC=O)NC(=O)CCCCCCNC(=O)C1=O,6.585026652029182
Cc1cc(OCCCN=C(N)N)cc(OS(=O)(=O)c2ccccc2Cl)c1,7.481486060122112
COC(=O)C(CSC1CCCCC1)n1c(=O)n2n(c1=O)C(C(=O)NC[C@H]1CC[C@H](N)CC1)C=CC2,7.040958607678906
N=C(N)NCCC[C@@H]1NC(=O)C2CCCN2C(=O)[C@@H](NC(=O)Cc2ccccc2)CNC(=O)/C=C/[C@H](Cc2ccc(O)cc2)NC(=O)[C@@H](Cc2ccccc2)NC(=O)C1=O,8.508638306165727
NCCCC[C@H](NC(=O)[C@@H]1CCCN1C(=O)CCc1ccccc1)B(O)O,9.096910013008056
CC(C)N(CC(=O)N[C@@H](CCCCN)B(O)O)C(=O)CCc1ccccc1,8.795880017344075
Cc1nc(N)ccc1CNC(=O)C1C=CCn2c(=O)n(C(CSc3ccc(Cl)cc3)C(=O)N3CCOCC3)c(=O)n21,8.113509274827518
CN[C@H](Cc1ccccc1)C(=O)N1CCC[C@H]1C(=O)N[C@@H](CCCNC(=N)N)C(=O)c1nc2ccc(C(=O)O)cc2s1,8.698970004336019
CC(=O)N[C@H](Cc1ccccc1)C(=O)N1CCC[C@H]1C(=O)N[C@@H](CCCCN)B(O)O,9.619788758288394
N[C@H]1CC[C@H](CNC(=O)C2C=CCn3c(=O)n(C(CSc4ccc(Cl)cc4)C(=O)O)c(=O)n32)CC1,8.244125144327509
CN(CC(=O)N[C@@H](CCCN=C(N)N)B(O)O)C(=O)CCc1ccccc1,9.795880017344077
COC(=O)C(CSc1ccc(Br)cc1)n1c(=O)n2n(c1=O)C(C(=O)NC[C@H]1CC[C@H](N)CC1)C=CC2,10.638272163982409
CN[C@H](Cc1ccccc1)C(=O)N1CCC[C@H]1C(=O)N[C@@H](CCCNC(=N)N)C(=O)c1nccn1C,6.698970004336019
COC(=O)C(CSc1ccc(OC)cc1)n1c(=O)n2n(c1=O)C(C(=O)NCc1ccc(N)nc1C)C=CC2,7.096910013008056
COC(=O)C(CSC1CCCCC1)n1c(=O)n2n(c1=O)C(C(=O)NCc1ccc(N)nc1C)C=CC2,7.552841968657781
CCOC(=O)C(Oc1ccc2c(c1)CN(C(=N)N)CC2)c1ccc(OC2CCN(C(=N)c3ccc(OC)cc3)CC2)cc1,5.301029995663981
NCCCC[C@H](NC(=O)CN(Cc1ccccc1)C(=O)CCc1ccccc1)B(O)O,8.329754146925875
CN[C@H](Cc1ccccc1)C(=O)N1CCC[C@H]1C(=O)N[C@@H](CCCNC(=N)N)C(=O)c1cc2ccccc2s1,5.619788758288394
COc1ccc(SCC(C(=O)O)n2c(=O)n3n(c2=O)C(C(=O)NCc2ccc(N)nc2C)C=CC3)cc1,7.5376020021010435
CN(CC(=O)N[C@@H](CCC/N=C\N)B(O)O)C(=O)CCc1ccccc1,8.040958607678906
CCOC(=O)C(CSc1ccc(Cl)c(Cl)c1)n1c(=O)n2n(c1=O)C(C(=O)NCc1ccc(N)nc1C)C=CC2,7.552841968657781
Cc1nc(N)ccc1CNC(=O)C1C=CCn2c(=O)n(C(CSc3ccc(Cl)cc3)C(=O)OC(C)C)c(=O)n21,8.823908740944319
CCOC(=O)C(Oc1ccc2c(c1)CN(C(=N)N)CC2)c1ccc(O[C@H]2CCN(C(=N)N)C2)cc1,4.886056647693163
CN(CC(=O)N[C@@H](CCCCN)B(O)O)C(=O)c1ccccc1,6.910094888560602
CN(CC(=O)N[C@@H](CCCCN)B(O)O)C(=O)CCCc1ccccc1,8.267606240177031
CCOC(=O)C(CSc1ccc(Br)cc1)n1c(=O)n2n(c1=O)C(C(=O)NCc1ccc(N)nc1C)C=CC2,9.568636235841012
CN[C@H](Cc1ccccc1)C(=O)N1CCC[C@H]1C(=O)N[C@@H](CCCN=C(N)N)C(=O)c1nccs1,8.67778070526608
COC(=O)C(CSc1ccccc1)n1c(=O)n2n(c1=O)C(C(=O)NCc1ccc(N)nc1C)C=CC2,7.494850021680094
Cc1nc(N)ccc1CNC(=O)C1C=CCn2c(=O)n(C(CSc3ccc(Br)cc3)C(=O)N3CCCC3)c(=O)n21,7.522878745280337
CN[C@H](Cc1ccccc1)C(=O)N1CCC[C@H]1C(=O)N[C@@H](CCCNC(=N)N)C(=O)c1ccccn1,7.070581074285707
NC(=O)COc1ccc(Cl)cc1CNC(=O)[C@@H]1CCCN1C(=O)[C@H](N)C1CCCCC1,9.30102999566398
NCc1ccccc1-n1nc(C(F)(F)F)cc1C(=O)Nc1ccc(-c2ccccc2S(N)(=O)=O)cc1F,5.443697499232712
COc1ccc2ccc(S(=O)(=O)N[C@H]3CCN(Cc4ccc5ccnc(N)c5c4)C3=O)cc2c1,5.8696662315049934
COC(=O)Cc1cn(CC(=O)N2CCC(Cc3ccccc3)CC2)c2ccc(C(=N)N)cc12,8.130768280269024
CC[C@@H](C)[C@H](NC(=O)[C@H](CCC(=O)O)NC(=O)[C@H](CCC(=O)O)NC(=O)[C@H](Cc1ccccc1)NC(=O)[C@H](CC(=O)O)NC(=O)CNC(=O)CCCCCNC(=O)CNCC(=O)NCC(=O)[C@H](CCCN=C(N)N)NC(=O)[C@@H]1CCCN1C(=O)[C@H](N)Cc1ccccc1)C(=O)N1CCC[C@H]1C(=O)N[C@@H](CCC(=O)O)C(=O)N[C@@H](CCC(=O)O)C(=O)N[C@@H](Cc1ccc(O)cc1)C(=O)N[C@@H](CC(C)C)C(=O)N[C@@H](CCC(N)=O)C(=O)O,8.136677139879543
NCc1ccccc1-n1nc(C(F)(F)F)cc1C(=O)Nc1ccc(-c2ccccc2S(N)(=O)=O)cc1,5.3872161432802645
N=C(N)c1ccc2c(ccn2CC(=O)N2CCC(Cc3ccccc3F)CC2)c1,7.619788758288394
N=C(N)c1ccc2c(ccn2CC(=O)N2CCC(Cc3cccc(F)c3)CC2)c1,7.619788758288394
CC[C@@H](C)[C@H](NC(=O)[C@H](CCC(=O)O)NC(=O)[C@H](CCC(=O)O)NC(=O)[C@H](Cc1ccccc1)NC(=O)[C@H](CC(=O)O)NC(=O)CNC(=O)CNC(=O)CNC(=O)CNC(=O)CNCC(=O)[C@H](CCCN=C(N)N)NC(=O)[C@@H]1CCCN1C(=O)[C@H](N)Cc1ccccc1)C(=O)N1CCC[C@H]1C(=O)N[C@@H](CCC(=O)O)C(=O)N[C@@H](CCC(=O)O)C(=O)N[C@@H](Cc1ccc(O)cc1)C(=O)N[C@@H](CC(C)C)C(=O)N[C@@H](CCC(N)=O)C(=O)O,10.080921907623926
N[C@@H](C(=O)N1CCC[C@H]1C(=O)NCc1cc(Cl)ccc1OCC(=O)NC1CC1)C1CCCCC1,9.214670164989233
N=C(N)c1ccc2c(c1)c(CC(=O)O)cn2CC(=O)N1CCC(Cc2ccccc2)CC1,7.721246399047171
COc1ccc(-n2nc(C(F)(F)F)cc2C(=O)Nc2ccc(-c3ccccc3S(N)(=O)=O)cc2)c(CN)c1,4.853871964321762
CC[C@@H](C)[C@H](NC(=O)[C@H](CCC(=O)O)NC(=O)[C@H](CCC(=O)O)NC(=O)[C@H](Cc1ccccc1)NC(=O)[C@H](CC(=O)O)NC(=O)CNC(=O)CNC(=O)CNC(=O)CNC(=O)CSCC(=O)[C@H](CCCN=C(N)N)NC(=O)[C@@H]1CCCN1C(=O)[C@@H](Cc1ccccc1)NC(C)=O)C(=O)N1CCC[C@H]1C(=O)N[C@@H](CCC(=O)O)C(=O)N[C@@H](CCC(=O)O)C(=O)N[C@@H](Cc1ccc(O)cc1)C(=O)N[C@@H](CC(C)C)C(=O)N[C@@H](CCC(N)=O)C(=O)O,8.97469413473523
CS(=O)(=O)c1ccccc1-c1ccc(NC(=O)c2cc(C(F)(F)F)nn2-c2ccccc2CN)cc1,5.853871964321762
COc1ccc(-n2nc(C(F)(F)F)cc2C(=O)Nc2ccc(-c3ccccc3S(C)(=O)=O)cc2F)c(CN)c1,5.187086643357144
CC[C@@H](C)[C@H](NC(=O)[C@@H]1CCCN1C(=O)[C@H](CCC(=O)O)NC(=O)[C@H](Cc1ccc(O)cc1)NC(=O)[C@H](CC(=O)O)NC(=O)CNC(=O)[C@H](CC(N)=O)NC(C)=O)C(=O)N1CCC[C@H]1C(=O)N[C@@H](CCC(=O)O)C(=O)N[C@@H](CCC(=O)O)C(=O)N[C@@H](C)C(=O)N[C@@H](CC1CCCCC1)C(=O)N[C@H](CCC(=O)O)C(=O)O,6.798602875679548
CS(=O)(=O)c1ccccc1-c1ccc(NC(=O)c2cc(C(F)(F)F)nn2-c2ccccc2CN)c(F)c1,5.823908740944319
CC[C@@H](C)[C@H](NC(=O)[C@H](CCC(=O)O)NC(=O)[C@H](CCC(=O)O)NC(=O)[C@H](Cc1ccccc1)NC(=O)[C@H](CC(=O)O)NC(C)=O)C(=O)N1CCC[C@H]1C(=O)N[C@@H](CCC(=O)O)C(=O)N[C@@H](CCC(=O)O)C(=O)N[C@@H](Cc1ccc(O)cc1)C(=O)N[C@@H](CC(C)C)C(=O)N[C@@H](CCC(N)=O)C(=O)O,5.835647144215563
COc1ccc(-n2nc(C(F)(F)F)cc2C(=O)Nc2ccc(-c3ccccc3S(N)(=O)=O)cc2F)c(CN)c1,4.823908740944319
N[C@@H](C(=O)N1CCC[C@H]1C(=O)NCc1cc(Cl)ccc1OCC(=O)O)C1CCCCC1,7.221848749616356
CCN(CC)C(=O)CN[C@@H](C(=O)N1CCC[C@H]1C(=O)NCc1cccc(Cl)c1)C1CCCCC1,7.744727494896693
CCN(CC)C(=O)CN[C@@H](C(=O)N1CCC[C@H]1C(=O)NCc1ccccc1Cl)C1CCCCC1,7.698970004336019
CCOC(=O)COc1ccc(Cl)cc1CNC(=O)[C@@H]1CCCN1C(=O)[C@H](N)C1CCCCC1,9.346787486224656
CC(C)(C)OC(=O)N[C@@H](C(=O)N1CCC[C@H]1C(=O)NCc1ccc(C(=N)NN)s1)C(c1ccccc1)c1ccccc1,7.075720713938118
CS(=O)(=O)N[C@@H](C(=O)N1CCC[C@H]1C(=O)NCc1ccc(CN)s1)C(c1ccccc1)c1ccccc1,8.236572006437063
N=C(N)N1CCc2sc(C(=O)N3CCN(C(=O)COc4ccc(OCC(=O)N5CCN(C(=O)c6cc7c(s6)CCN(C(=N)N)C7)CC5)cc4)CC3)cc2C1,4.537602002101044
N=C(N)c1ccc2oc(C(=O)N3CCN(C(=O)COc4ccc(OCC(=O)NCc5ccccc5)cc4)CC3)cc2c1,4.552841968657781
CS(=O)(=O)N[C@@H](C(=O)N1CCC[C@H]1C(=O)NCc1csc(CN)c1)C(c1ccccc1)c1ccccc1,8.275724130399212
CC(=O)N[C@@H](C(=O)N1CCC[C@H]1C(=O)NCc1ccc(C(=N)NN)s1)C(c1ccccc1)c1ccccc1,6.978810700930062
CC1CNc2c(cccc2S(=O)(=O)N[C@@H](CCCNC(N)N)C(=O)N2CCCCC2)C1,6.886056647693163
N=C(N)c1ccc2oc(C(=O)N3CCN(C(=O)CCCCC(=O)N4CCN(C(=O)c5cc6cc(C(=N)N)ccc6o5)CC4)CC3)cc2c1,4.638272163982407
CS(=O)(=O)N[C@@H](C(=O)N1CCC[C@H]1C(=O)NCc1ccc(CN)cc1)C(c1ccccc1)c1ccccc1,8.397940008672037
N=C(N)c1ccc2oc(C(=O)N3CCN(C(=O)CCCCCC(=O)N4CCN(C(=O)c5cc6cc(C(=N)N)ccc6o5)CC4)CC3)cc2c1,4.070581074285707
CS(=O)(=O)N[C@@H](C(=O)N1CCC[C@H]1C(=O)NCc1ccc(C(=N)NN)cc1)C(c1ccccc1)c1ccccc1,7.327902142064283
N=C(NN)c1ccc(CNC(=O)[C@@H]2CCCN2C(=O)[C@H](NCC(=O)O)C(c2ccccc2)c2ccccc2)s1,7.508638306165727
N=C(N)c1ccc2oc(C(=O)N3CCN(C(=O)COc4ccc(OCC(=O)N5CCN(C(=O)c6cc7cc(C(=N)N)ccc7o6)CC5)cc4)CC3)cc2c1,4.494850021680094
N=C(N)c1ccc2sc(C(=O)N3CCN(C(=O)COc4ccc(OCC(=O)N5CCN(C(=O)c6cc7cc(C(=N)N)ccc7s6)CC5)cc4)CC3)cc2c1,4.657577319177793
CS(=O)(=O)N[C@H](Cc1ccc(Cl)c(Cl)c1)C(=O)N1CCC[C@H]1C(=O)NCc1ccc(C(=N)N)cc1,10.30102999566398
CS(=O)(=O)N[C@@H](C(=O)N1CCC[C@H]1C(=O)NCc1csc(C(=N)NN)c1)C(c1ccccc1)c1ccccc1,8.744727494896694
CC1CCN(C(=O)[C@H](CCCNC(N)N)NS(=O)(=O)c2cccc3c2NCC(C)C3)CC1,7.522878745280337
CS(=O)(=O)N[C@@H](C(=O)N1CCC[C@H]1C(=O)NCc1cc(CN)cs1)C(c1ccccc1)c1ccccc1,8.619788758288394
N=C(N)c1ccc2oc(C(=O)N3CCN(C(=O)CCC(=O)N4CCN(C(=O)c5cc6cc(C(=N)N)ccc6o5)CC4)CC3)cc2c1,4.292429823902063
CS(=O)(=O)N[C@@H](C(=O)N1CCC[C@H]1C(=O)NCc1ccc(C(=N)N)cc1)C1CCCCC1,9.30102999566398
CS(=O)(=O)N[C@H](CC1CCCCC1)C(=O)N1CCC[C@H]1C(=O)NCc1ccc(C(=N)N)cc1,10.69897000433602
Cc1ccc(NS(=O)(=O)Cc2ccccc2)c(=O)n1CC(=O)NCc1ccccc1CCN,8.387216143280265
NCCc1ccc(Cl)cc1CNC(=O)[C@@H]1CCCN1C(=O)[C@H](N)Cc1ccccc1,7.207608310501746
N[C@H](Cc1ccccc1)C(=O)N1CCC[C@H]1C(=O)NCc1ccccc1,5.337242168318426
NC(N)=NCCCC(NC(=O)[C@@H]1CCCN1C(=O)[C@H](N)Cc1ccccc1)C(=O)CCC(=O)N1CCCCC1,5.886056647693163
NCc1ccccc1CNC(=O)[C@@H]1CCCN1C(=O)[C@H](N)Cc1ccccc1,6.504455662453552
Cc1cc(CNC(=O)[C@@H]2CCCN2C(=O)[C@H](N)C(c2ccccc2)c2ccccc2)c(C)cc1CN,7.4089353929735005
Cc1ccc(NS(=O)(=O)Cc2ccccc2)c(=O)n1CC(=O)NCc1ccccc1CN,8.2839966563652
Cc1ccc(NS(=O)(=O)Cc2ccccc2)c(=O)n1CC(=O)NCc1cccc(CN)c1,6.309803919971486
Cc1ccc(NS(=O)(=O)Cc2ccccc2)c(=O)n1CC(=O)NCc1ccccc1,6.886056647693163
Cc1ccc(NS(=O)(=O)Cc2ccccc2)c(=O)n1CC(=O)NCc1ccc(CN)cc1,7.309803919971486
CC(NC(=O)CNC(=O)Nc1ccc(C(=N)N)cc1)c1ccc2c(c1)NC(=O)CO2,4.785156151952302
Cc1ccc(NS(=O)(=O)Cc2ccccc2)c(=O)n1CC(=O)NCc1cc(Cl)ccc1CN,10.337242168318426
CN[C@H](Cc1ccccc1)C(=O)N1CCCC[C@H]1C(=O)NC(CCCN=C(N)N)C(=O)c1nc2ccccc2s1,9.468521082957745
CN[C@H](Cc1ccccc1)C(=O)N1CCC[C@H]1C(=O)N(C)[C@@H](CCCN=C(N)N)C(=O)c1nc2ccccc2s1,5.6777807052660805
CN[C@H](Cc1ccccc1)C(=O)N1CCC[C@H]1C(=O)N[C@@H](CCCOC)C(=O)c1nc2ccccc2s1,5.4089353929735005
CN[C@H](Cc1ccccc1)C(=O)N1CCC[C@H]1C(=O)NC(CCCN=C(N)N)C(=O)c1cc2ccccc2s1,5.619788758288394
CN[C@H](Cc1ccccc1)C(=O)N1CCC[C@H]1C(=O)NC(CCCN=C(N)N)C(=O)c1nc2ccccc2n1C,8.09151498112135
CN[C@H](Cc1ccccc1)C(=O)N1CCC[C@H]1C(=O)NC(CCCN=C(N)N)C(=O)c1nc2ccc3ccccc3c2s1,9.236572006437065
CN[C@H](Cc1ccccc1)C(=O)N1CCC[C@H]1C(=O)NC(CCCN=C(N)N)C(=O)c1nc2ccc(O)cc2s1,9.638272163982409
CN[C@H](Cc1ccccc1)C(=O)N1CCC[C@H]1C(=O)NC(CCCN=C(N)N)C(=O)c1nc2ccc(F)cc2s1,9.82390874094432
CN[C@H](Cc1ccccc1)C(=O)N1CCC[C@H]1C(=O)NC(CCCN=C(N)N)C(=O)c1nc2ccc(C(=O)O)cc2s1,8.698970004336019
CCS(=O)(=O)N[C@H](Cc1ccccc1)C(=O)N1CCC[C@H]1C(=O)NC(C(=O)c1nc2ccccc2s1)C1CCC(N)CC1,7.275724130399211
N=C(N)NCCC[C@H](NC(=O)CN1CCCC[C@H](NS(=O)(=O)Cc2ccccc2)C1=O)C(=O)c1nc2ccccc2s1,7.795880017344075
CS(=O)(=O)CC[C@H](NS(=O)(=O)Cc1ccccc1)C(=O)N1CCC[C@H]1C(=O)N[C@@H](CCCNC(=N)N)C(=O)c1nc2ccccc2s1,8.823908740944319
Nc1noc2ccc(-n3nc(C(F)(F)F)cc3C(=O)Nc3ccc(-c4ccccc4S(N)(=O)=O)cc3F)cc12,5.638272163982407
Nc1noc2ccc(-n3nc(C(F)(F)F)cc3C(=O)Nc3ccc(-c4ccncc4S(N)(=O)=O)cc3F)cc12,6.130768280269024
Cn1ccnc1-c1ccc(NC(=O)c2cc(C(F)(F)F)nn2-c2ccc3onc(N)c3c2)c(F)c1,7.468521082957745
Nc1noc2ccc(-n3nc(C(F)(F)F)cc3C(=O)Nc3ccc(N4CCOCC4)cc3F)cc12,4.698970004336019
Cc1nccn1-c1ccc(NC(=O)c2cc(C(F)(F)F)nn2-c2ccc3onc(N)c3c2)c(C#N)c1,6.045757490560675
Cc1nccn1-c1ccc(NC(=O)c2cc(C(F)(F)F)nn2-c2ccc3onc(N)c3c2)c(F)c1,6.045757490560675
Nc1noc2ccc(-n3nc(C(F)(F)F)cc3C(=O)Nc3ccc(-n4ccnc4CO)cc3F)cc12,5.769551078621726
CS(=O)(=O)c1ccccc1-c1ccc(NC(=O)c2cc(C(F)(F)F)nn2-c2ccc3onc(N)c3c2)c(F)c1,5.200659450546418
CS(=O)(=O)c1ccccc1-c1ccc(NC(=O)c2cc(C(F)(F)F)nn2-c2cccc(CN)c2)c(F)c1,5.221848749616356
CN[C@H](Cc1ccc(F)cc1)C(=O)N1CCC[C@H]1C(=O)NC(CCCN=C(N)N)C(=O)c1nc2ccccc2s1,9.920818753952377
CC(=O)N[C@H](Cc1ccccc1)C(=O)N1CCC[C@H]1C(=O)NC(CCCN=C(N)N)C(=O)c1nc2ccccc2s1,7.886056647693163
CCS(=O)(=O)N[C@H](Cc1ccccc1)C(=O)N1CCC[C@H]1C(=O)NC(CCCN=C(N)N)C(=O)c1nc2ccccc2s1,7.619788758288394
N=C(N)NCCCC(NC(=O)[C@@H]1CCCN1C(=O)[C@@H](CC1CCCCC1)NCC(=O)O)C(=O)c1nc2ccccc2s1,9.443697499232712
CN[C@@H](C(=O)N1CCC[C@H]1C(=O)NC(CCCN=C(N)N)C(=O)c1nc2ccccc2s1)c1ccccc1,9.337242168318426
CNC1(C(=O)N2CCC[C@H]2C(=O)NC(CCCN=C(N)N)C(=O)c2nc3ccccc3s2)CCCCC1,7.136677139879544
CNC(C(=O)N1CCC[C@H]1C(=O)NC(CCCN=C(N)N)C(=O)c1nc2ccccc2s1)(c1ccccc1)c1ccccc1,8.67778070526608
N=C(N)NCCCC(NC(=O)[C@@H]1CCCN1C(=O)C(O)C1c2ccccc2-c2ccccc21)C(=O)c1nc2ccccc2s1,8.508638306165727
COc1cc(CNc2ccc(C(=N)N)cc2)c(NS(C)(=O)=O)cc1OCc1ccccc1,5.853871964321762
COc1cc(C(Nc2ccc(C(=N)N)cc2)C(=O)NCc2ccccc2)c(S(=O)(=O)c2ccccc2)cc1OCc1ccccc1,5.769551078621726
COc1cc([C@@H](Nc2ccc(C(=N)N)cc2)C(=O)N[C@H](C(=O)O)c2ccccc2)ccc1OCc1ccccc1,7.455931955649724
COc1cc([C@@H](Nc2ccc(C(=N)N)cc2)C(=O)N[C@H](C(=O)O)c2ccccc2)c(C(=O)Cc2ccccc2)cc1OCc1ccccc1,5.1938200260161125
COc1ccc(C(Nc2ccc(C(=N)N)cc2)C(=O)NCc2ccccc2)cc1OC,6.337242168318426
CCOc1ccc(C(Nc2ccc(C(=N)N)cc2)C(=O)NCc2ccccc2)cc1OCC,6.2441251443275085
COc1cc(C(Nc2ccc(C(=N)N)cc2)C(=O)NCc2ccccc2)ccc1OCc1ccccc1,7.366531544420414
CCOc1cc(C(Nc2ccc(C(=N)N)cc2)C(=O)NCc2ccccc2)ccc1OCc1ccccc1,7.318758762624412
CCOc1ccc(CNc2ccc(C(=N)N)cc2)cc1OCC,5.346787486224656
N=C(N)c1ccc2[nH]cc(C(Cc3ccccc3)C(=O)Nc3ccc(-c4ccccc4S(N)(=O)=O)cc3)c2c1,6.221848749616356
CC(C)(C1CC1)[C@@H](O)C(=O)N1CC[C@H]1C(=O)NCc1cc(Cl)ccc1CN,8.431798275933005
NCc1ccc(Cl)cc1CNC(=O)[C@@H]1CCCN1C(=O)CO,9.30102999566398
NCc1ccc(Cl)cc1CNC(=O)[C@@H]1CCCN1C(=O)[C@H](O)C1CCCCC1,9.568636235841012
CC(C)[C@@H](O)C(=O)N1CCC[C@H]1C(=O)NCc1cc(Cl)ccc1CN,8.2518119729938
NCc1ccc(Cl)cc1CNC(=O)[C@@H]1CCCN1C(=O)C1(O)c2ccccc2-c2ccccc21,9.309803919971486
NCCc1ccc(Cl)cc1CNC(=O)[C@@H]1CCCN1C(=O)C1(O)c2ccccc2-c2ccccc21,8.508638306165727
CC(=O)NCc1ccc(Cl)cc1CNC(=O)[C@@H]1CCCN1C(=O)C1(O)c2ccccc2-c2ccccc21,6.259637310505756
NCc1ccc(Cl)cc1CNC(=O)[C@@H]1CCCN1C(=O)C(O)(c1ccccc1)c1ccccc1,9.259637310505756
NCc1ccc(Cl)cc1CNC(=O)[C@@H]1CCCN1C(=O)C1(O)c2ccccc2-c2cccnc21,8.756961951313706
NCc1ccc(Cl)cc1CNC(=O)[C@@H]1CCCN1C(=O)C1(O)c2ccccc2-c2ccncc21,8.756961951313706
NCc1ccc(Cl)cc1CNC(=O)[C@@H]1CCCN1C(=O)C1(O)c2ccccc2-c2ncccc21,8.962573502059376
NCc1ccc(Cl)cc1CNC(=O)[C@@H]1CCCN1C(=O)C1(O)c2cc(Cl)ccc2-c2ncccc21,9.243363891754152
CC(C)CCN(Cc1ccc2ccc(C(=N)N)cc2c1)C(=O)c1ccc2ccccc2c1,6.313363730737707
CN1CCN(CCCN(Cc2ccc3ccc(C(=N)N)cc3c2)C(=O)c2cccc3ccccc23)CC1,6.301029995663981
N=C(N)c1ccc2ccc(CN(CCc3ccc(F)cc3)C(=O)c3cccc4ccccc34)cc2c1,5.774174008538107
N=C(N)c1ccc2ccc(CN(CCc3ccccn3)C(=O)c3cccc4ccccc34)cc2c1,5.32202824718926
N=C(N)c1ccc2ccc(CN(CCCc3ccccc3)C(=O)c3cccc4ccccc34)cc2c1,5.922268820347608
CC(C)CCN(Cc1ccc2ccc(C(=N)N)cc2c1)C(=O)c1cccc2ccccc12,5.934047019686131
N#Cc1ccc(NCC(F)(F)c2ccccn2)[n+]([O-])c1CC(=O)NCc1ccccc1,6.823908740944319
O=C(Cc1c(Cl)ccc(NCC(F)(F)c2ccccn2)[n+]1[O-])NCc1ccccc1-n1cncn1,8.585026652029182
N#Cc1ccc(NCC(F)(F)c2ccccn2)[n+]([O-])c1CC(=O)NCc1ncccc1-n1cncn1,9.638272163982409
[O-][n+]1c(NCC(F)(F)c2ccccn2)ccc(Cl)c1CC(O)NCc1cccc(Cl)c1,9.3767507096021
N#Cc1ccc(NCC(F)(F)c2ccccn2)[n+]([O-])c1CC(O)NCc1cccc(Cl)c1,10.096910013008056
O=C(Cc1cccc(NCC(F)(F)c2ccccn2)[n+]1[O-])NCc1cc(Cl)ccc1-n1cncn1,8.823908740944319
O=C(Cc1cccc(NCC(F)(F)c2ccccn2)[n+]1[O-])NCc1cc(Cl)ccc1-n1cnnn1,9.853871964321762
Nc1ccc(Cl)c(CC(=O)NCc2cc(Cl)ccc2-n2cnnn2)[n+]1[O-],6.853871964321762
N#Cc1ccc(N)[n+]([O-])c1CC(=O)NCc1cc(Cl)ccc1CN,8.0
NCc1ccc(Cl)cc1C(CO)NC(=O)Cc1c(Cl)ccc(NCC(F)(F)c2ccccn2)[n+]1[O-],9.318758762624412
O=C(Cc1c(Cl)ccc(NCC(F)(F)c2ccccn2)[n+]1[O-])NCc1ncccc1F,8.221848749616356
N#Cc1ccc(NCC(F)(F)c2ccccn2)[n+]([O-])c1CC(=O)NCc1ncccc1F,8.823908740944319
FC(F)(CNc1cccc2oc(Nc3cccc(Cl)c3)nc12)c1ccccn1,6.173925197299173
FC(F)(CNc1nccc2oc(Cc3ccccc3-n3cnnn3)nc12)C1CCCCN1,8.920818753952375
FC(F)(CNc1nccc2oc(Cc3cc(Cl)ccc3-n3cncn3)nc12)C1CCCCN1,10.221848749616356
FC(F)(CNc1cccc2oc(Cc3cccc(Cl)c3)nc12)c1ccccn1,7.602059991327962
c1ccc(-n2cnnn2)c(Cc2nc3c(NCCC4CCCCN4)nccc3o2)c1,8.769551078621726
FC(F)(CNc1cccc2oc(Cc3cc(Cl)ccc3Cl)nc12)c1ccccn1,8.468521082957745
FC(F)(CNc1cccc2oc(Cc3ccccc3-n3cncn3)nc12)c1ccccn1,8.0
Clc1ccc(-n2cncn2)c(Cc2nc3c(NCCC4CCCCN4Cc4ccccc4)nccc3o2)c1,9.853871964321762
CCOC(=O)CN1CCCCC1CCNc1nccc2oc(Cc3cc(Cl)ccc3-n3cncn3)nc12,10.154901959985745
FC(F)(CNc1nccc2oc(Cc3ccccc3-n3cncn3)nc12)c1ccccn1,7.795880017344075
FC(F)(CNc1nccc2oc(Cc3cc(Cl)ccc3-n3cncn3)nc12)c1ccccn1,9.508638306165729
OCCN1CCCCC1CCNc1nccc2oc(Cc3cc(Cl)ccc3-n3cncn3)nc12,9.602059991327964
Cc1cc2oc(Cc3cc(Cl)ccc3-n3cncn3)nc2c(NCC(F)(F)c2ccccn2)n1,10.397940008672036
FC(F)CN1CCCCC1CCNc1nccc2oc(Cc3cc(Cl)ccc3-n3cncn3)nc12,9.2839966563652
Cc1cc2oc(Cc3cccc(Cl)c3)nc2c(NCC(F)(F)c2ccccn2)n1,8.10790539730952
FC(F)(F)CN1CCCCC1CCNc1nccc2oc(Cc3cc(Cl)ccc3-n3cncn3)nc12,8.337242168318426
[O-][n+]1ccccc1C(F)(F)CNc1nccc2oc(Cc3cccc(Cl)c3)nc12,7.823908740944319
FC(F)(CNc1cccc2oc(Cc3ccccc3-n3cncn3)nc12)C1CCCCN1,6.0
Cc1cc2oc(Cc3cccc(Cl)c3)nc2c(NCC(F)(F)c2cccc[n+]2[O-])n1,8.638272163982407
[O-][n+]1ccccc1C(F)(F)CNc1nccc2oc(Cc3ccccc3N3CN=CN3)nc12,8.0268721464003
Cc1cc2oc(Cc3ccccc3-n3cncn3)nc2c(NCC(F)(F)c2cccc[n+]2[O-])n1,8.823908740944319
[O-][n+]1ccccc1C(F)(F)CNc1nccc2oc(Cc3ccccc3-n3cnnn3)nc12,8.698970004336019
Cc1cc(NCCc2ccccc2)n2nc(Nc3cc(Cl)ccc3C)nc2n1,6.537602002101044
COc1cc(C(Nc2ccc(C(=N)N)cc2)C(=O)O)ccc1OCc1ccccc1,7.130768280269024
CCOc1cc(-c2cccnc2)cc(C(Nc2ccc(C(=N)N)cc2)C(=O)O)c1,4.991399828238082
CCOc1cc(-c2ccccc2)cc(C(Nc2ccc(C(=N)N)cc2)C(=O)O)c1,5.136677139879544
C=Cc1cc(OC2CCOCC2)cc(C(Nc2ccc(C(=N)N)cc2)C(=O)O)c1,5.537602002101044
CCc1cc(OC2CCOCC2)cc(C(Nc2ccc(C(=N)N)cc2)C(=O)O)c1,5.795880017344075
Cc1cc2cc(NC(=N/[C@H]3CCCCN(CC(=O)N4CCCC4)C3=O)/C(C#N)=C(\O)OCCCCO)ccc2o1,5.200659450546418
CC[C@H](C)[C@H](NC(=O)[C@H](CCC(=O)O)NC(=O)[C@H](CCC(=O)O)NC(=O)[C@H](Cc1ccccc1)NC(=O)[C@H](CC(=O)O)NC(=O)CNC(=O)[C@H](CO)NC(=O)[C@@H](NC(=O)[C@H](CCCCN)NC(=O)[C@H](CCC(=O)O)NC(=O)[C@H](Cc1ccc(O)cc1)NC(=O)[C@H](Cc1c[nH]cn1)NC(=O)[C@@H]1CCCN1C(=O)[C@H](CO)NC(=O)CNC(=O)[C@H]1CCCCN1C(=O)[C@H](CCCN=C(N)N)NS(=O)(=O)c1ccc(C(C)(C)C)cc1)C(C)C)C(=O)N1CCC[C@H]1C(=O)N[C@@H](CCC(=O)O)C(=O)N[C@@H](CCC(=O)O)C(=O)N[C@@H](Cc1ccc(O)cc1)C(=O)N[C@@H](CC(C)C)C(=O)N[C@@H](CCC(N)=O)C(=O)O,9.0
CC[C@H](C)[C@H](NC(=O)[C@H](CCC(=O)O)NC(=O)[C@H](CCC(=O)O)NC(=O)[C@H](Cc1ccccc1)NC(=O)[C@H](CC(=O)O)NC(=O)CNC(=O)[C@H](CO)NC(=O)[C@@H](NC(=O)[C@H](CCCCN)NC(=O)[C@H](CCC(=O)O)NC(=O)[C@H](Cc1ccc(OP(=O)(O)O)cc1)NC(=O)[C@H](Cc1c[nH]cn1)NC(=O)[C@@H]1CCCN1C(=O)[C@H](CO)NC(=O)CNC(=O)[C@H]1CCCCN1C(=O)[C@H](CCCNC(=N)N)NS(=O)(=O)c1ccc(C(C)(C)C)cc1)C(C)C)C(=O)N1CCC[C@H]1C(=O)N[C@@H](CCC(=O)O)C(=O)N[C@@H](CCC(=O)O)C(=O)N[C@@H](Cc1ccc(O)cc1)C(=O)N[C@@H](CC(C)C)C(=O)N[C@@H](CCC(N)=O)C(=O)O,8.823908740944319
CC[C@H](C)C[C@H](NC(=O)[C@H](CC(C)C)NC(=O)[C@H](CCCCN)NC(=O)[C@H](CCC(N)=O)NC(=O)[C@H](CCC(=O)O)NC(=O)CNC(=O)[C@H]1CCCCN1C(=O)[C@H](CCCN=C(N)N)NS(=O)(=O)c1ccc(C(C)(C)C)cc1)C(=O)N[C@@H](CO)C(=O)N[C@@H](CCC(=O)O)C(=O)N[C@@H](CCC(=O)O)C(=O)N[C@@H](CC(=O)O)C(=O)N[C@@H](CC(C)C)C(=O)NCC(=O)N[C@@H](CC(=O)O)C(=O)N[C@@H](Cc1ccccc1)C(=O)N[C@@H](CCC(=O)O)C(=O)N[C@@H](CCC(=O)O)C(=O)N[C@H](C(=O)N1CCC[C@H]1C(=O)N[C@@H](CCC(=O)O)C(=O)N[C@@H](CCC(=O)O)C(=O)N[C@@H](Cc1ccc(O)cc1)C(=O)N[C@@H](CC(C)C)C(=O)N[C@@H](CCC(N)=O)C(=O)O)[C@@H](C)CC,7.180456064458132
Cc1nc[nH]c1CNC(=O)Cn1c(C)cnc(NCCc2ccccn2)c1=O,7.657577319177793
Cc1nc(N)sc1CNC(=O)Cn1c(C)ccc(NS(=O)(=O)Cc2ccccc2)c1=O,8.0
Cc1ccc(NS(=O)(=O)Cc2ccccc2)c(=O)n1CC(=O)NCCCc1cnc(N)s1,6.346787486224656
Cc1ccc(NS(=O)(=O)Cc2ccccc2)c(=O)n1CC(=O)NC/C=C/c1c[nH]cn1,6.844663962534939
Nc1ncc(CCCNC(=O)[C@@H]2CCCN2C(=O)[C@H](N)C(c2ccccc2)c2ccccc2)s1,6.703334809738469
Cc1[nH]cnc1/C=C/CNC(=O)[C@@H]1CCCN1C(=O)[C@H](N)C(c1ccccc1)c1ccccc1,9.0
Cc1[nH]cnc1C#CCNC(=O)[C@@H]1CCCN1C(=O)[C@H](N)C(c1ccccc1)c1ccccc1,8.221848749616356
N[C@@H](C(=O)N1CCC[C@H]1C(=O)NCCCc1c[nH]cn1)C(c1ccccc1)c1ccccc1,7.769551078621726
N=C(N)c1ccc2[nH]c(Cc3ccccn3)nc2c1,4.978810700930062
N=C(N)c1ccc2[nH]c(-c3nc4ccccc4[nH]3)nc2c1,6.494850021680094
CN(C)Cc1ccccc1-c1ccc(NC(=O)c2cc(C(F)(F)F)nn2-c2ccc3onc(N)c3c2)c(F)c1,6.522878745280337
CN(C)Cc1nccn1-c1ccc(NC(=O)c2cc(C(F)(F)F)nn2-c2ccc3onc(N)c3c2)c(F)c1,6.267606240177032
Nc1noc2ccc(-n3nc(C(F)(F)F)cc3C(=O)Nc3ccc(-c4ccccc4CN4CCCC4)cc3F)cc12,6.6020599913279625
Nc1ccc2[nH]c(-c3cc(CC(=O)O)cc(-c4cccc([N+](=O)[O-])c4)c3O)cc2n1,4.356547323513812
N=C(N)c1ccc2[nH]c(-c3cc(CC(=O)O)cc(-c4cccc([N+](=O)[O-])c4)c3O)cc2c1,5.537602002101044
CCOP(=O)(F)CCCCCCCCCC(=O)NCCOCCOCCOCCOCCOCCOCCOCCNC(=O)CCCC[C@@H]1SC[C@@H]2NC(=O)N[C@H]12,5.102372908709558
NCCCC[C@@H](NC(=O)[C@@H]1CCCN1C(=O)CCOCCOCCOCCOCCNC(=O)CCCC[C@@H]1SC[C@@H]2NC(=O)N[C@H]12)P(=O)(Oc1ccccc1)Oc1ccccc1,5.97061622231479
N=C(N)c1ccc2[nH]c(-c3cccc(-c4cc(CNC(N)=O)ccc4O)c3O)nc2c1,4.045757490560675
NC(=O)NCc1cccc(-c2cccc(-c3cc4c[nH]ccc-4n3)c2O)c1,4.145693958198919
COc1ccc(-n2nc(C(N)=O)c3ncn(-c4ccc(-c5ccccc5CN5CCCC5)cc4F)c(=O)c32)cc1,5.7447274948966935
CCOC(=O)N[C@@H](CCCCN)C(=O)c1noc(Cc2ccc(OCCc3ccccc3)cc2)n1,4.1938200260161125
N=C(N)c1cccc(C[C@H](NS(=O)(=O)c2cccc(NC(=O)CN)c2)C(=O)N2CCC(CCN)CC2)c1,5.154901959985743
N=C(N)c1cccc(C[C@H](NS(=O)(=O)c2cccc(NC(=O)CCCN)c2)C(=O)N2CCC(CCN)CC2)c1,4.6777807052660805
N=C(N)c1cccc(C[C@H](NS(=O)(=O)c2cccc(NC(=O)CCN)c2)C(=O)N2CCC(CCN)CC2)c1,4.568636235841013
N=C(N)NCCC1CCN(C(=O)[C@H](Cc2cccc(C(=N)N)c2)NS(=O)(=O)c2cccc(NC(=O)CCN)c2)CC1,5.221848749616356
N=C(N)NCCC(=O)Nc1cccc(S(=O)(=O)N[C@@H](Cc2cccc(C(=N)N)c2)C(=O)N2CCC(CCNC(=N)N)CC2)c1,5.3979400086720375
N=C(N)NCCC(=O)Nc1ccc(S(=O)(=O)N[C@@H](Cc2cccc(C(=N)N)c2)C(=O)N2CCC(CCNC(=N)N)CC2)cc1,5.7447274948966935
N=C(N)NCCC1CCN(C(=O)[C@H](Cc2cccc(C(=N)N)c2)NS(=O)(=O)c2ccc(Cc3ccncc3)cc2)CC1,6.568636235841013
N=C(N)NCCC1CCN(C(=O)[C@H](Cc2cccc(C(=N)N)c2)NS(=O)(=O)c2ccc(Oc3ccccc3)cc2)CC1,6.6777807052660805
N=C(N)c1cccc(C[C@H](NS(=O)(=O)c2ccc3ccccc3c2)C(=O)N2CCC(C3CCN(C(=N)N)CC3)CC2)c1,5.7447274948966935
N=C(N)c1cccc(C[C@H](NS(=O)(=O)c2ccc3ccccc3c2)C(=O)N2CCC(C3CCNCC3)CC2)c1,4.920818753952375
N=C(N)NCCCC1CCN(C(=O)[C@H](Cc2cccc(C(=N)N)c2)NS(=O)(=O)c2ccc3ccccc3c2)CC1,6.769551078621726
CC(C)c1cc(C(C)C)c(S(=O)(=O)N[C@@H](Cc2cccc(C(=N)N)c2)C(=O)N2CCC(CCN=C(N)N)CC2)c(C(C)C)c1,6.522878745280337
N=C(N)NCCC1CCN(C(=O)[C@H](Cc2cccc(C(=N)N)c2)NS(=O)(=O)c2ccc(C3CCCCC3)cc2)CC1,7.292429823902063
N=C(N)NCCC1CCN(C(=O)[C@H](Cc2cccc(C(=N)N)c2)NS(=O)(=O)c2cccc3ccccc23)CC1,6.721246399047171
N=C(N)c1cccc(C[C@H](NS(=O)(=O)c2ccc3ccccc3c2)C(=O)N2CCC(CCN)CC2)c1,6.6777807052660805
N=C(N)c1cccc(C[C@H](NS(=O)(=O)c2ccc(C3CCCCC3)cc2)C(=O)N2CCNCC2)c1,6.769551078621726
N=C(N)c1cccc(C[C@H](NS(=O)(=O)c2ccc3c(c2)C(=O)c2ccccc2C3=O)C(=O)N2CCC(C(=O)NCCN)CC2)c1,6.376750709602099
CC(C)c1cc(C(C)C)c(S(=O)(=O)N[C@@H](Cc2cccc(C(=N)N)c2)C(=O)N2CCC(C(=O)NCCN=C(N)N)CC2)c(C(C)C)c1,4.698970004336019
CC(C)c1cc(C(C)C)c(S(=O)(=O)N[C@@H](Cc2cccc(C(=N)N)c2)C(=O)N2CCCN(C(=O)C3CCN(C(=N)N)CC3)CC2)c(C(C)C)c1,5.6020599913279625
N=C(N)NCCC(=O)N1CCN(C(=O)[C@H](Cc2cccc(C(=N)N)c2)NS(=O)(=O)CCc2cccc3ccccc23)CC1,5.823908740944319
CCC(=O)N1CCN(C(=O)[C@H](Cc2cccc(C(=N)N)c2)NS(=O)(=O)c2ccc3c(c2)C(=O)c2ccccc2C3=O)CC1,7.267606240177032
CC(C)c1cc(C(C)C)c(S(=O)(=O)N[C@@H](Cc2cccc(C(=N)N)c2)C(=O)N2CCC(C(=O)NCCN)CC2)c(C(C)C)c1,4.795880017344075
N=C(N)NCCNC(=O)C1CCN(C(=O)[C@H](Cc2cccc(C(=N)N)c2)NS(=O)(=O)c2ccc3c(c2)C(=O)c2ccccc2C3=O)CC1,6.376750709602099
CC(C)c1cc(C(C)C)c(S(=O)(=O)N[C@@H](Cc2cccc(C(=N)N)c2)C(=O)N2CCCN(C(=O)CCN)CC2)c(C(C)C)c1,6.309803919971486
CC(C)c1cc(C(C)C)c(S(=O)(=O)N[C@@H](Cc2cccc(C(=N)N)c2)C(=O)N2CCN(C(=O)CCCN)CC2)c(C(C)C)c1,5.026872146400302
CC(C)c1cc(C(C)C)c(S(=O)(=O)N[C@@H](Cc2cccc(C(=N)N)c2)C(=O)N2CCN(C(=O)CCCN=C(N)N)CC2)c(C(C)C)c1,5.376750709602099
CC(C)c1cc(C(C)C)c(S(=O)(=O)N[C@@H](Cc2cccc(C(=N)N)c2)C(=O)N2CCN(C(=O)CCN)CC2)c(C(C)C)c1,5.481486060122113
CC(C)c1cc(C(C)C)c(S(=O)(=O)N[C@@H](Cc2cccc(C(=N)N)c2)C(=O)N2CCN(C(=O)CCN=C(N)N)CC2)c(C(C)C)c1,5.795880017344075
CN1CCN(Cc2ccccc2-c2ccc(N3CCc4c(C(F)(F)F)nn(-c5ccc6onc(N)c6c5)c4C3=O)cc2)CC1,6.638272163982407
Nc1noc2ccc(-n3nc(C(F)(F)F)c4c3C(=O)N(c3ccc(-c5ccccc5CN5CCNCC5)cc3)CC4)cc12,6.552841968657781
Nc1noc2ccc(-n3nc(C(F)(F)F)c4c3C(=O)N(c3ccc(-c5ccccc5CN5CCOCC5)cc3)CC4)cc12,6.886056647693163
CN(C)Cc1ccccc1-c1ccc(N2CCc3c(C(F)(F)F)nn(-c4ccc5onc(N)c5c4)c3C2=O)cc1,7.366531544420414
CN(C)Cc1ccccc1-c1ccc(N2CCc3c(C(F)(F)F)nn(-c4ccc5onc(N)c5c4)c3C2=O)c(F)c1,7.1249387366083
CNCc1ccccc1-c1ccc(N2CCc3c(C(F)(F)F)nn(-c4ccc5onc(N)c5c4)c3C2=O)cc1,6.823908740944319
Nc1noc2ccc(-n3nc(C(F)(F)F)c4c3C(=O)N(c3ccc(-c5ccccc5CN5CC[C@@H](O)C5)cc3F)CC4)cc12,7.142667503568732
Cc1nn(-c2ccc3onc(N)c3c2)c2c1CCN(c1ccc(-c3ccccc3CN(C)C)cc1)C2=O,6.42021640338319
Cc1nn(-c2ccc3onc(N)c3c2)c2c1CCN(c1ccc(-c3ccccc3CN3CCCC3)cc1)C2=O,6.920818753952375
Cc1nn(-c2ccc3onc(N)c3c2)c2c1CCN(c1ccc(-c3ccccc3CN3CC[C@@H](O)C3)cc1F)C2=O,6.6020599913279625
O=C(NCc1cccc(-c2cccc(-c3cc4c[nH]ccc-4n3)c2O)c1)[C@@H](O)Cc1ccccc1,4.0
Cc1nn(-c2ccc3onc(N)c3c2)c2c(=O)n(-c3ccc(-c4ccccc4CN4CC[C@@H](O)C4)cc3)c(C)nc12,6.610833915635467
Cc1nc2c(C(F)(F)F)nn(-c3ccc4onc(N)c4c3)c2c(=O)n1-c1ccc(-c2ccccc2CN(C)C)cc1,6.886056647693163
N=C(N)NCCC[C@H](NS(=O)(=O)c1cccc(C(F)(F)F)c1)C(=O)N1CCN(CCOCCOCCN)CC1,4.939302159646388
N=C(N)NCCC[C@H](NS(=O)(=O)c1cccc(C(F)(F)F)c1)C(=O)N1CCN(C(=O)CCCCCCCCCCCN)CC1,5.6020599913279625
N=C(N)NCCC[C@H](NS(=O)(=O)c1cccc2ccccc12)C(=O)N1CCN(CCCCCCCCCCCCN)CC1,5.275724130399211
Cc1cccc(S(=O)(=O)N[C@@H](CCCNC(=N)N)C(=O)N2CCN(CCCCCCCCCCCCN)CC2)c1,6.0
N=C(N)NCCC[C@H](NS(=O)(=O)c1cccc(C(F)(F)F)c1)C(=O)N1CCN(CCCCCCCCCCCCN)CC1,5.136677139879544
CC(=O)N1CCN(C(=O)[C@H](CCCNC(=N)N)NS(=O)(=O)c2cccc3c2NCCC3)CC1,5.920818753952375
CC(=O)N1CCN(C(=O)[C@H](CCCNC(=N)N)NS(=O)(=O)c2cccc3ccccc23)CC1,6.0
CC(=O)N1CCN(C(=O)[C@H](CCCNC(=N)N)NS(=O)(=O)c2cccc(C)c2)CC1,5.356547323513812
CC(=O)N1CCN(C(=O)[C@H](CCCNC(=N)N)NS(=O)(=O)c2cccc(C(F)(F)F)c2)CC1,5.6020599913279625
N=C(N)NCCC[C@H](NS(=O)(=O)c1cccc2ccccc12)C(=O)N1CCNCC1,5.1938200260161125
Cc1cccc(S(=O)(=O)N[C@@H](CCCNC(=N)N)C(=O)N2CCOCC2)c1,5.823908740944319
N=C(N)NCCC[C@H](NS(=O)(=O)c1cccc2ccccc12)C(=O)N1CCCCC1,6.154901959985743
N=C(N)c1ccc(CNC(=O)CNC(=O)[C@@H](CCc2cccc[n+]2[O-])NS(=O)(=O)Cc2ccccc2)cc1,5.568636235841013
NCc1ccc(Cl)cc1CNC(=O)[C@@H]1CCCN1C(=O)[C@@H](CCc1ccc(O)cc1)NCC(=O)O,8.494850021680094
NCc1ccc(Cl)cc1CNC(=O)[C@@H]1CCCN1C(=O)[C@@H](CCc1ccccn1)NCC(=O)O,8.455931955649724
CCOC(=O)CN[C@H](CCc1ccccn1)C(=O)N1CCC[C@H]1C(=O)NCc1cc(Cl)ccc1CN,8.42021640338319
NCc1ccc(Cl)cc1CNC(=O)[C@@H]1CCCN1C(=O)[C@@H](CCc1cccc[n+]1[O-])NCC(=O)O,7.761953896871205
NCc1ccc(Cl)cc1CNC(=O)[C@@H]1CCCN1C(=O)[C@@H](CCc1cccc[n+]1[O-])NCC(=O)OC1CCCCC1,8.045757490560675
CCCCCCOC(=O)CN[C@H](CCc1cccc[n+]1[O-])C(=O)N1CCC[C@H]1C(=O)NCc1cc(Cl)ccc1CN,8.10790539730952
NCc1ccc(Cl)cc1CNC(=O)[C@@H]1CCCN1C(=O)[C@@H](CCc1cccc[n+]1[O-])NS(=O)(=O)Cc1ccccc1,9.2518119729938
NCc1ccc(Cl)cc1CNC(=O)[C@H](CCC(=O)O)NC(=O)C(CCc1cccc[n+]1[O-])NS(=O)(=O)Cc1ccccc1,4.698970004336019
NCc1ccc(Cl)cc1CNC(=O)[C@H](CO)NC(=O)[C@@H](CCc1cccc[n+]1[O-])NS(=O)(=O)Cc1ccccc1,6.0655015487564325
C[C@H](NC(=O)[C@@H](CCc1cccc[n+]1[O-])NS(=O)(=O)Cc1ccccc1)C(=O)NCc1cc(Cl)ccc1CN,6.769551078621726
C[C@H](NC(=O)[C@@H](CCc1ccccn1)NS(=O)(=O)Cc1ccccc1)C(=O)NCc1cc(Cl)ccc1CN,7.619788758288394
NCc1ccc(Cl)cc1CNC(=O)CNC(=O)C(CCc1cccc[n+]1[O-])NC(=O)C(=O)O,4.7447274948966935
COC(=O)C(=O)NC(CCc1cccc[n+]1[O-])C(=O)NCC(=O)NCc1cc(Cl)ccc1CN,5.187086643357144
CC(C)OC(=O)CS(=O)(=O)NC(CCc1cccc[n+]1[O-])C(=O)NCC(=O)NCc1cc(Cl)ccc1CN,6.275724130399211
CCCS(=O)(=O)NC(CCc1cccc[n+]1[O-])C(=O)NCC(=O)NCc1cc(Cl)ccc1CN,5.568636235841013
NCc1ccc(Cl)cc1CNC(=O)CNC(=O)C(CCc1cccc[n+]1[O-])NS(=O)(=O)Cc1ccc(CC(=O)O)cc1,6.031517051446065
COC(=O)Cc1ccc(CS(=O)(=O)NC(CCc2cccc[n+]2[O-])C(=O)NCC(=O)NCc2cc(Cl)ccc2CN)cc1,5.997833938243493
NCc1ccccc1CNC(=O)CNC(=O)C(CCc1cccc[n+]1[O-])NS(=O)(=O)Cc1ccccc1,4.3979400086720375
O=C(CNC(=O)C(CCc1cccc[n+]1[O-])NS(=O)(=O)Cc1ccccc1)NCc1cc(Cl)ccc1Cl,5.119186407719209
Nc1ccc(CNC(=O)CNC(=O)C(CCc2cccc[n+]2[O-])NS(=O)(=O)Cc2ccccc2)cn1,4.055517327849831
COc1cc(Cl)cc(C(=O)Nc2ccc(Cl)cn2)c1NC(=O)c1scc(CN(C)c2ncc[nH]2)c1Cl,6.0655015487564325
CCNc1nccn1Cc1csc(C(=O)Nc2c(OC)cc(Cl)cc2C(=O)Nc2ccc(Cl)cn2)c1Cl,5.958607314841775
CNc1nccn1Cc1csc(C(=O)Nc2c(OC)cc(Cl)cc2C(=O)Nc2ccc(Cl)cn2)c1Cl,6.00436480540245
COc1cc(Cl)cc(C(=O)Nc2ccc(Cl)cn2)c1NC(=O)c1scc(Cn2ccnc2N)c1Cl,5.455931955649724
COc1cc(Cl)cc(C(=O)Nc2ccc(Cl)cn2)c1NC(=O)c1scc(Cn2ccnc2C)c1Cl,6.356547323513812
COc1cc(Cl)cc(C(=O)Nc2ccc(Cl)cn2)c1NC(=O)c1scc(Cn2ccnc2)c1Cl,6.292429823902063
COc1cc(Cl)cc(C(=O)Nc2ccc(Cl)cn2)c1NC(=O)c1scc(CN(C)C(=N)N)c1Cl,6.200659450546418
COc1cc(Cl)cc(C(=O)Nc2ccc(Cl)cn2)c1NC(=O)c1scc(CN2CCN=C2C)c1Cl,5.481486060122113
COc1cc(Cl)cc(C(=O)Nc2ccc(Cl)cn2)c1NC(=O)c1scc(CN2CCN=C2SC)c1Cl,5.657577319177793
COc1cc(Cl)cc(C(=O)Nc2ccc(Cl)cn2)c1NC(=O)c1scc(CN2CCSC2=N)c1Cl,5.585026652029182
COc1cc(Cl)cc(C(=O)Nc2ccc(Cl)cn2)c1NC(=O)c1scc(CN(C)C2=NCCC2)c1Cl,6.013228265733755
COc1cc(Cl)cc(C(=O)Nc2ccc(Cl)cn2)c1NC(=O)c1scc(CN(C)C2=NC(=O)CO2)c1Cl,7.045757490560675
COc1cc(Cl)cc(C(=O)Nc2ccc(Cl)cn2)c1NC(=O)c1scc(CN(C)C2=NCC(C)O2)c1Cl,6.3872161432802645
COCCN(Cc1csc(C(=O)Nc2c(OC)cc(Cl)cc2C(=O)Nc2ccc(Cl)cn2)c1Cl)C1=NCCO1,5.698970004336019
CCN(Cc1csc(C(=O)Nc2c(OC)cc(Cl)cc2C(=O)Nc2ccc(Cl)cn2)c1Cl)C1=NCCO1,6.327902142064283
COc1cc(Cl)cc(C(=O)Nc2ccc(Cl)cn2)c1NC(=O)c1scc(CN(C)C2=NCCO2)c1Cl,7.045757490560675
COc1cc(Cl)cc(C(=O)Nc2ccc(Cl)cn2)c1NC(=O)c1scc(CN(C)S(C)(=O)=O)c1Cl,6.468521082957745
COc1cc(Cl)cc(C(=O)Nc2ccc(Cl)cn2)c1NC(=O)c1scc(CN(C)CCN2CCCC2)c1Cl,6.721246399047171
COc1cc(Cl)cc(C(=O)Nc2ccc(Cl)cn2)c1NC(=O)c1scc(CN(C)CC(C)O)c1Cl,5.6777807052660805
COc1cc(Cl)cc(C(=O)Nc2ccc(Cl)cn2)c1NC(=O)c1scc(CN(C)CCCO)c1Cl,5.958607314841775
COc1cc(Cl)cc(C(=O)Nc2ccc(Cl)cn2)c1NC(=O)c1scc(CN(C)CCO)c1Cl,5.853871964321762
COc1cc(Cl)cc(C(=O)Nc2ccc(Cl)cn2)c1NC(=O)c1scc(CN2CCC(O)CC2)c1Cl,6.113509274827518
COc1cc(Cl)cc(C(=O)Nc2ccc(Cl)cn2)c1NC(=O)c1scc(CN2CCCC2)c1Cl,5.853871964321762
COc1cc(Cl)cc(C(=O)Nc2ccc(Cl)cn2)c1NC(=O)c1scc(CN2CCOCC2)c1Cl,5.853871964321762
CNCc1csc(C(=O)Nc2c(OC)cc(Cl)cc2C(=O)Nc2ccc(Cl)cn2)c1Cl,5.431798275933005
COc1cc(Cl)cc(C(=O)Nc2ccc(Cl)cn2)c1NC(=O)c1scc(CN2CCN(C)CC2)c1Cl,5.823908740944319
CCNC(=O)N(C)Cc1csc(C(=O)Nc2c(OC)cc(Cl)cc2C(=O)Nc2ccc(Cl)cn2)c1Cl,6.346787486224656
O=C(Nc1ccc(Cl)cc1)c1cc(Cl)ccc1NC(=O)c1scc(COCC(O)CO)c1Cl,5.619788758288394
COCCOCCOCc1csc(C(=O)Nc2ccc(Cl)cc2C(=O)Nc2ccc(Cl)cc2)c1Cl,5.443697499232712
C[S+](O)Cc1csc(C(=O)Nc2ccc(Cl)cc2C(=O)Nc2ccc(Cl)cc2)c1Cl,6.013228265733755
O=C(Nc1ccc(Cl)cc1)c1cc(Cl)ccc1NC(=O)c1scc(Cn2ccnn2)c1Cl,5.568636235841013
O=C(Nc1ccc(Cl)cc1)c1cc(Cl)ccc1NC(=O)c1scc(Cn2cncn2)c1Cl,5.619788758288394
O=C(Nc1ccc(Cl)cc1)c1cc(Cl)ccc1NC(=O)c1scc(Cn2cccn2)c1Cl,6.259637310505756
O=C(Nc1ccc(Cl)cc1)c1cc(Cl)ccc1NC(=O)c1scc(CNCCCn2ccnc2)c1Cl,5.7447274948966935
CN(CCN1CCCC1)Cc1csc(C(=O)Nc2ccc(Cl)cc2C(=O)Nc2ccc(Cl)cc2)c1Cl,6.795880017344075
CN(C)CCCN(C)Cc1csc(C(=O)Nc2ccc(Cl)cc2C(=O)Nc2ccc(Cl)cc2)c1Cl,6.721246399047171
CCN(CC)CCN(C)Cc1csc(C(=O)Nc2ccc(Cl)cc2C(=O)Nc2ccc(Cl)cc2)c1Cl,6.920818753952375
CN(C)CCN(C)Cc1csc(C(=O)Nc2ccc(Cl)cc2C(=O)Nc2ccc(Cl)cc2)c1Cl,6.795880017344075
CN(CCOCCO)Cc1csc(C(=O)Nc2ccc(Cl)cc2C(=O)Nc2ccc(Cl)cc2)c1Cl,5.958607314841775
CN(Cc1csc(C(=O)Nc2ccc(Cl)cc2C(=O)Nc2ccc(Cl)cc2)c1Cl)CC(O)CO,6.00436480540245
CN(CCO)Cc1csc(C(=O)Nc2ccc(Cl)cc2C(=O)Nc2ccc(Cl)cc2)c1Cl,6.080921907623926
CCOC(=O)CN(C)Cc1csc(C(=O)Nc2ccc(Cl)cc2C(=O)Nc2ccc(Cl)cc2)c1Cl,5.638272163982407
CC(=O)N1CCN(Cc2csc(C(=O)Nc3ccc(Cl)cc3C(=O)Nc3ccc(Cl)cc3)c2Cl)CC1,5.356547323513812
CCCN1CC2SC(C(=O)Nc3ccc(Cl)cc3C(=O)Nc3ccc(Cl)cc3)=C(Cl)C2C1,5.494850021680094
CCCNCc1sc(C(=O)Nc2ccc(Cl)cc2C(=O)Nc2ccc(Cl)cc2)c(Cl)c1CNCCC,5.823908740944319
Cc1c(CN2CCN(C)CC2)sc(C(=O)Nc2ccc(Cl)cc2C(=O)Nc2ccc(Cl)cc2)c1Cl,5.823908740944319
Cc1sc(C(=O)Nc2ccc(Cl)cc2C(=O)Nc2ccc(Cl)cc2)c(Cl)c1CN1CCN(C)CC1,5.356547323513812
O=C(Nc1ccc(Cl)cc1)c1cc(Cl)ccc1NC(=O)c1scc(Cn2ccnc2)c1Cl,6.0
CN1CCN(Cc2cc(Cl)c(C(=O)Nc3ccc(Cl)cc3C(=O)Nc3ccc(Cl)cc3)s2)CC1,6.0
CN1CCN(Cc2c(C(=O)Nc3ccc(Cl)cc3C(=O)Nc3ccc(Cl)cc3)sc3ccccc23)CC1,6.0
O=C(N[C@H]1CCC[C@H]1NC(=O)c1ccc(Cl)s1)c1ccc(-n2ccccc2=O)cc1,5.115771230367396
O=C(N[C@H]1CCC[C@H]1NC(=O)c1ccc(Cl)s1)c1ccc(C2(CN3CCCC3)CC2)cc1,5.443576878628715
CCS(=O)(=O)N1C[C@H](NC(=O)c2ccc(-n3ccccc3=O)cc2)[C@H](NC(=O)c2ccc(Cl)s2)C1,5.403402904373539
CCOC(=O)N1C[C@H](NC(=O)c2ccc(-n3ccccc3=O)cc2)[C@H](NC(=O)c2ccc(Cl)s2)C1,5.39577394691553
CC(=O)N1C[C@H](NC(=O)c2ccc(-n3ccccc3=O)cc2)[C@H](NC(=O)c2ccc(Cl)s2)C1,5.26440110030182
COc1ccc(-n2nc(Cn3cncn3)c3c2C(=O)N(c2ccc(-c4ccccc4CN4CC[C@@H](O)C4)cc2)CC3)cc1,5.721246399047171
CCOC(=O)c1nn(-c2ccc(OC)cc2)c2c1CCN(c1ccc(-c3ccccc3CN3CC[C@@H](O)C3)cc1)C2=O,6.008773924307505
COc1ccc(-n2nc(S(C)(=O)=O)c3c2C(=O)N(c2ccc(-c4ccccc4CN4CC[C@@H](O)C4)cc2)CC3)cc1,6.7447274948966935
COc1ccc(-n2nc(NC(=O)OC(C)(C)C)c3c2C(=O)N(c2ccc(-c4ccccc4CN4CC[C@@H](O)C4)cc2)CC3)cc1,5.337242168318426
COc1ccc(-n2nc(C#N)c3c2C(=O)N(c2ccc(-c4ccccc4CN4CC[C@@H](O)C4)cc2)CC3)cc1,7.0
COc1ccc(-n2nc(C(=O)N(C)C)c3c2C(=O)N(c2ccc(-c4ccccc4CN4CC[C@@H](O)C4)cc2)CC3)cc1,4.958607314841775
CNC(=O)c1nn(-c2ccc(OC)cc2)c2c1CCN(c1ccc(-c3ccccc3CN3CC[C@@H](O)C3)cc1)C2=O,5.154901959985743
COc1ccc(-n2nc(C(N)=O)c3c2C(=O)N(c2ccc(-c4ccccc4CN4CC[C@@H](O)C4)cc2)CC3)cc1,6.853871964321762
COc1ccc(-n2nc(N(C)C(=O)OC(C)(C)C)c3c2C(=O)N(c2ccc(-c4ccccc4CN4CC[C@@H](O)C4)cc2)CC3)cc1,6.022276394711152
COc1ccc(-n2nc(N)c3c2C(=O)N(c2ccc(-c4ccccc4CN4CC[C@@H](O)C4)cc2)CC3)cc1,5.026872146400302
COc1ccc(-n2nc(Cn3nccn3)c3c2C(=O)N(c2ccc(-c4ccccc4CN4CC[C@@H](O)C4)cc2)CC3)cc1,6.008773924307505
COc1ccc(-n2nc(Cn3ccnn3)c3c2C(=O)N(c2ccc(-c4ccccc4CN4CC[C@@H](O)C4)cc2)CC3)cc1,4.920818753952375
COc1ccc(-n2nc(C(F)(F)F)c3c2C(=O)N(c2ccc(N4CCCCCC4=O)cc2)CC3)cc1,5.481486060122113
COc1ccc(-n2nc(C(F)(F)F)c3c2C(=O)N(c2ccc(N4CCCCC4=O)cc2)CC3)cc1,5.356547323513812
COc1ccc(-n2nc(C(N)=O)c3c2C(=O)N(c2ccc(N(C)C(C)=O)cc2)CC3)cc1,5.598599459218456
COc1ccc(-n2nc(C(N)=O)c3c2C(=O)N(c2ccc(N4CCCCC4=O)cc2)CC3)cc1,5.508638306165727
C[C@@H](C(=O)N1CCOCC1)N1CC[C@H](NS(=O)(=O)/C=C/c2ccc(Cl)s2)C1=O,6.43533393574791
C/C(=C\S(=O)(=O)N[C@H]1CCN([C@@H](C)C(=O)N2CCOCC2)C1=O)c1ccc(Cl)s1,8.698970004336019
N=C(N)NOCCNC(=O)Cc1c(Cl)ccc(NCC(F)(F)c2ccccc2)c1F,7.327440372236724
Cc1nc(N)ccc1CNC(=O)Cc1c(Cl)ccc(NCC(F)(F)c2ccc(Cl)c[n+]2[O-])c1F,9.045757490560677
N=C(N)NOCCNC(=O)Cc1c(Cl)ccc(NCC2(c3cccnc3)CC2)c1F,6.847711655616943
N=C(N)NOCCNC(=O)Cc1c(Cl)ccc(NCC2(c3ccccn3)CC2)c1F,7.244125144327507
N=C(N)NOCCNC(=O)Cc1c(Cl)ccc(NCC(F)(F)c2ccc(Cl)cn2)c1F,8.744727494896694
N=C(N)NOCCNC(=O)Cc1c(Cl)ccc(NCC(F)(F)c2cnc3ccccc3c2)c1F,6.772113295386326
N=C(N)NOCCNC(=O)Cc1c(Cl)ccc(NCC(F)(F)c2ccccn2)c1F,8.065501548756432
N=C(N)NOCCNC(=O)Cc1c(Cl)ccc(NCC(F)(F)c2ccc(F)c3ccccc23)c1F,8.508638306165727
CC(C)(CNc1ccc(Cl)c(CC(=O)NCCONC(=N)N)c1F)c1cccnc1,6.892790030352131
CC(C)(CNc1ccc(Cl)c(CC(=O)NCCONC(=N)N)c1F)c1ccccn1,7.236572006437063
N=C(N)NOCCNC(=O)Cc1c(Cl)ccc(NS(=O)(=O)c2ccccc2)c1F,5.892450870255313
Nc1noc2ccc(-n3nc(C(F)(F)F)cc3C(=O)N3CCc4cc(-c5ccccc5CN5CCCC5)ccc43)cc12,4.823908740944319
CN(C)Cc1ccccc1-c1ccc2c(c1)CCN2C(=O)c1cc(C(F)(F)F)nn1-c1ccc2onc(N)c2c1,4.716698771296451
Nc1noc2ccc(-n3nc(C(F)(F)F)cc3C(=O)Cc3ccc(-c4ccccc4CN4CCCC4)cc3)cc12,6.508638306165727
CN(C)Cc1nccn1-c1ccc(CC(=O)c2cc(C(F)(F)F)nn2-c2ccc3onc(N)c3c2)cc1,6.455931955649724
N=C(N)NCCC[C@H](NC(=O)[C@@H]1CC[C@H]2CN(S(=O)(=O)Cc3ccccc3)CC(=O)N21)C(=O)c1nccs1,9.69897000433602
CCOC(=O)c1csc(C(=O)[C@H](CCCNC(=N)N)NC(=O)[C@@H]2CCCN2C(=O)[C@@H](Cc2ccccc2)NC)n1,8.346787486224656
CN[C@H](Cc1ccccc1)C(=O)N1CCC[C@H]1C(=O)N[C@@H](CCCNC(=N)N)C(=O)c1nc2ccc(C(=O)OC)cc2s1,8.886056647693163
CN[C@H](Cc1ccccc1)C(=O)N1CCC[C@H]1C(=O)N[C@@H](CCCNC(=N)N)C(=O)c1nc2ccc(OC)cc2s1,9.853871964321762
N=C(N)NCCC[C@H](NC(=O)[C@@H]1CC[C@H]2CN(C(=O)[C@H](N)Cc3cc4ccccc4[nH]3)CC(=O)N21)C(=O)c1nccs1,9.0
C[C@]12C[C@@H](Cc3ccc4nc(C(F)(F)F)ccc4c3)CC(=O)N1[C@H](C(=O)N[C@@H](CCCNC(=N)N)C(=O)c1nccs1)CS2,8.0
C[C@]12C[C@@H](Cc3ccc4nc(C(F)(F)F)ccc4c3)CC(=O)N1[C@H](C(=O)N[C@@H](CCCNC(=N)N)C(=O)c1nc3ccccc3s1)CS2,7.744727494896693
C[C@]12C[C@@H](Cc3ccccc3)CC(=O)N1[C@H](C(=O)N[C@@H](CCCNC(=N)N)C(=O)c1nccs1)CS2,7.795880017344075
CCC(C)(C)NC(=O)Cn1cnc(C)c1Cn1c(C)ccc(NS(=O)(=O)Cc2ccccc2)c1=O,9.721246399047171
Cc1ncn(CC(=O)NCC(F)(F)F)c1Cn1c(C)ccc(NS(=O)(=O)Cc2ccccc2)c1=O,9.080921907623926
Cc1ncn(CC(=O)NN2CC(O)C2)c1Cn1c(C)ccc(NS(=O)(=O)Cc2ccccc2)c1=O,8.55284196865778
Cc1ncn(CC(=O)NCCO)c1Cn1c(C)ccc(NS(=O)(=O)Cc2ccccc2)c1=O,8.619788758288394
Cc1ncn(CC(=O)NCCN)c1Cn1c(C)ccc(NS(=O)(=O)Cc2ccccc2)c1=O,9.045757490560677
Cc1ncn(CC(=O)NN2CCCCC2)c1Cn1c(C)ccc(NS(=O)(=O)Cc2ccccc2)c1=O,9.187086643357144
Cc1ncn(CC(=O)NC2CCCNC2)c1Cn1c(C)ccc(NS(=O)(=O)Cc2ccccc2)c1=O,9.508638306165729
Cc1ncn(CC(=O)NC2CC(N)C2)c1Cn1c(C)ccc(NS(=O)(=O)Cc2ccccc2)c1=O,8.522878745280337
Cc1ncn(CC(=O)NC2CC2)c1Cn1c(C)ccc(NS(=O)(=O)Cc2ccccc2)c1=O,8.744727494896694
Cc1ncn(CC(=O)NC2CCCNC2)c1CNC(=O)Cn1c(C)cnc(NCCc2ccccc2)c1=O,8.920818753952375
N#Cc1ccc(NCC(F)(F)c2ccccc2)c(F)c1CC(=O)NCCONC(=N)N,8.638272163982407
N#Cc1ccc(NCC(F)(F)c2ccccn2)c(F)c1CC(=O)NCc1ccc2c(N)noc2c1,7.721246399047171
N#Cc1ccc(NCC(F)(F)c2ccccn2)c(F)c1CC(=O)NCc1ncccc1F,7.481486060122112
Cc1nc(N)ccc1CNC(=O)Cc1c(C#N)ccc(NCC(F)(F)c2ccccn2)c1F,9.113509274827518
N#Cc1ccc(NCC(F)(F)c2ccccn2)c(F)c1CC(=O)NCc1ccc(N)nc1,7.958607314841775
CN(OCCNC(=O)Cc1c(C#N)ccc(NCC(F)(F)c2ccccn2)c1F)C(=N)N,8.045757490560675
N#Cc1ccc(NCC(F)(F)c2cccc(F)c2)c(F)c1CC(=O)NCCONC(=N)N,8.494850021680094
N#Cc1ccc(NCC(F)(F)c2cccc(Cl)c2)c(F)c1CC(=O)NCCONC(=N)N,8.769551078621726
N#Cc1ccc(NCc2cccc3cccnc23)c(F)c1CC(=O)NCCONC(=N)N,9.42021640338319
N#Cc1ccc(NCC(F)(F)c2ccc(Cl)cn2)c(F)c1CC(=O)NCCONC(=N)N,9.244125144327509
Cc1cccc(C(F)(F)CNc2ccc(C#N)c(CC(=O)NCCONC(=N)N)c2F)n1,9.102372908709558
Cc1ccnc(C(F)(F)CNc2ccc(C#N)c(CC(=O)NCCONC(=N)N)c2F)c1,8.537602002101044
CCCS(=O)(=O)N[C@@H](C(=O)N[C@@H](CCC(N)=O)C(=O)NCc1ccc(C(=N)N)cc1)[C@@H](C)CC,6.301029995663981
CSCC[C@H](NC(=O)[C@H](NS(=O)(=O)Cc1ccccc1)[C@@H](C)O)C(=O)NCc1ccc(C(=N)N)cc1,6.119186407719209
CCCS(=O)(=O)N[C@@H](C(=O)N[C@@H](CCSC)C(=O)NCc1ccc(C(=N)N)cc1)[C@@H](C)O,5.468521082957745
CCCS(=O)(=O)N[C@@H](C(=O)N[C@@H](CCSC)C(=O)NCc1ccc(C(=N)N)cc1)[C@@H](C)CC,6.657577319177793
C[C@@H](O)[C@@H](NS(=O)(=O)Cc1ccccc1)C(=O)N[C@@H](CCC(N)=O)C(=O)NCc1ccc(C(=N)N)cc1,5.473402290896548
CCCS(=O)(=O)N[C@@H](C(=O)N[C@@H](CCC(N)=O)C(=O)NCc1ccc(C(=N)N)cc1)[C@@H](C)O,4.874779063683436
CSCC[C@H](NC(=O)[C@@H](NS(=O)(=O)Cc1cccc(C(=O)O)c1)[C@@H](C)O)C(=O)NCc1ccc(C(=N)N)cc1,4.596879478824183
C[C@@H](O)[C@H](NS(=O)(=O)Cc1cccc(C(=O)O)c1)C(=O)N[C@@H](CCC(N)=O)C(=O)NCc1ccc(C(=N)N)cc1,4.341988603342887
N=C(N)NCCCC[C@@H](NC(=O)[C@@H](Cc1ccc(O)cc1)NC(=O)[C@@H]1CCN1C(=O)[C@H](CC1CCCCC1)NC(=O)[C@H]1CC[C@H](CNC(=N)N)CC1)C(N)=O,8.522878745280337
N=C(N)c1cccc(C[C@H](NS(=O)(=O)c2cccc(CCCCN)c2)C(=O)N2CCC(CCN)CC2)c1,6.337242168318426
N=C(N)c1cccc(C[C@H](NS(=O)(=O)c2cccc(NCCCN)c2)C(=O)N2CCC(CCN)CC2)c1,5.657577319177793
N=C(N)c1cccc(C[C@H](NS(=O)(=O)c2cccc(NC(=O)C3CNC3)c2)C(=O)N2CCC(CCN)CC2)c1,5.292429823902063
N=C(N)c1cccc(C[C@H](NS(=O)(=O)c2cccc(NC(=O)CCO)c2)C(=O)N2CCC(CCN)CC2)c1,5.259637310505756
CCC(=O)Nc1cccc(S(=O)(=O)N[C@@H](Cc2cccc(C(=N)N)c2)C(=O)N2CCC(CCN)CC2)c1,5.721246399047171
CCOC(=O)Nc1cccc(S(=O)(=O)N[C@@H](Cc2cccc(C(=N)N)c2)C(=O)N2CCC(CCN)CC2)c1,5.920818753952375
N=C(N)c1cccc(CC(NS(=O)(=O)c2cccc(-c3ccccc3Cl)c2)C(=O)N2CCC(CCN)CC2)c1,7.958607314841775
N=C(N)c1cccc(CC(NS(=O)(=O)c2cccc(-c3cccc(Cl)c3)c2)C(=O)N2CCC(CCN)CC2)c1,7.292429823902063
N=C(N)c1cccc(CC(NS(=O)(=O)c2cccc(-c3ccc(Cl)cc3)c2)C(=O)N2CCC(CCN)CC2)c1,8.0
COc1ccc(-c2cccc(S(=O)(=O)NC(Cc3cccc(C(=N)N)c3)C(=O)N3CCC(CCN)CC3)c2)cc1,7.397940008672037
CCOc1ccc(-c2cccc(S(=O)(=O)NC(Cc3cccc(C(=N)N)c3)C(=O)N3CCC(CCN)CC3)c2)cc1,6.346787486224656
CCc1ccc(-c2cccc(S(=O)(=O)NC(Cc3cccc(C(=N)N)c3)C(=O)N3CCC(CCN)CC3)c2)cc1,7.481486060122112
N=C(N)c1cccc(CC(NS(=O)(=O)c2cccc(-c3ccncc3)c2)C(=O)N2CCC(CCN)CC2)c1,6.795880017344075
N=C(N)c1cccc(C[C@H](NS(=O)(=O)c2cccc(-c3ccc(N)nc3)c2)C(=O)N2CCC(CCN)CC2)c1,6.958607314841775
N=C(N)c1cccc(C[C@H](NS(=O)(=O)c2cccc(C3CCC(N)=NC3)c2)C(=O)N2CCC(CCN)CC2)c1,6.2839966563652006
COc1ccc(-c2cccc(S(=O)(=O)NC(Cc3cccc(CN)c3)C(=O)N3CCC(CCN)CC3)c2)cc1,5.008773924307505
N=C(N)c1cccc(C[C@H](NS(=O)(=O)c2cccc(NC(=O)CCN)c2)C(=O)N2CCC(CCCC(=O)O)CC2)c1,4.853871964321762
CNC(=O)CCCC1CCN(C(=O)[C@H](Cc2cccc(C(=N)N)c2)NS(=O)(=O)c2cccc(NC(=O)CCN)c2)CC1,6.070581074285707
N=C(N)c1cccc(C[C@H](NS(=O)(=O)c2cccc(NC(=O)CCN)c2)C(=O)N2CCN(C(=O)OCc3ccccc3)CC2)c1,5.853871964321762
N=C(N)c1cccc(C[C@H](NS(=O)(=O)c2cccc(NC(=O)CCN)c2)C(=O)N2CCC(C(N)=O)CC2)c1,5.903089986991944
N=C(N)c1cccc(C[C@H](NS(=O)(=O)c2cccc(NC(=O)CCN)c2)C(=O)N2CCC(Cc3ccccc3)CC2)c1,6.455931955649724
N=C(N)c1cccc(C[C@H](NS(=O)(=O)c2cccc(NC(=O)CCN)c2)C(=O)N2CCCC(C(N)=O)C2)c1,5.6777807052660805
N=C(N)c1cccc(C[C@H](NS(=O)(=O)c2cccc(NC(=O)CCN)c2)C(=O)N2CCCCC2)c1,6.568636235841013
N=C(N)c1cccc(C[C@H](NS(=O)(=O)c2cccc(NC(=O)CCN)c2)C(=O)N2CCNCC2)c1,4.144480844332199
CC1CCN(C(=O)[C@H](Cc2cccc(C(=N)N)c2)NS(=O)(=O)c2cccc(NC(=O)CCN)c2)CC1,6.958607314841775
CNC(=O)CCC(=O)N1CCN(C(=O)[C@H](Cc2cccc(C(=N)N)c2)NS(=O)(=O)c2cccc(NC(=O)CCN)c2)CC1,4.537602002101044
CCOC(=O)N1CCN(C(=O)[C@H](Cc2cccc(C(=N)N)c2)NS(=O)(=O)c2cccc(NC(=O)CCN)c2)CC1,5.292429823902063
N=C(N)c1cccc(C[C@H](NS(=O)(=O)c2cccc(NC(=O)CCN)c2)C(=O)N2CCCC[C@@H]2C(=O)O)c1,5.638272163982407
CC1CCCCN1C(=O)[C@H](Cc1cccc(C(=N)N)c1)NS(=O)(=O)c1cccc(NC(=O)CCN)c1,6.403402904373539
Cc1ncc2n1C(=O)N(C1CCN(C(=O)CCS(=O)(=O)c3ccc4cc(Cl)ccc4c3)CC1)C2,5.207608310501746
CN1C(=O)C(Cc2ccc(C(=N)N)cc2)Oc2cc(N(Cc3ccccc3)C(=O)CCC(=O)O)ccc21,8.187086643357144
CN1C(=O)C(Cc2ccc(C(=N)N)cc2)Oc2cc(N(Cc3ccccc3)C(=O)CC(=O)O)ccc21,8.585026652029182
COC(=O)CC(=O)N(Cc1ccccc1)c1ccc2c(c1)OC(Cc1ccc(C(=N)N)cc1)C(=O)N2C,8.468521082957745
CN1C(=O)C(Cc2ccc(C(=N)N)cc2)Oc2cc(N(Cc3ccccc3)C(=O)C(=O)O)ccc21,7.958607314841775
CN1C(=O)C(OCc2ccc(C(=N)N)cc2)Oc2cc(C(=O)N(CC(=O)O)c3ccccc3)ccc21,5.7544873321858505
CCOC(=O)CN(C(=O)c1ccc2c(c1)OC(OCc1ccc(C(=N)N)cc1)C(=O)N2C)c1ccccc1,5.400116927926312
CCOC(=O)C(C(=O)Nc1ccc2c(c1)OC(OCc1ccc(C(=N)N)cc1)C(=O)N2C)c1ccccc1,5.004803708402821
CN1C(=O)C(OCc2ccc(C(=N)N)cc2)Oc2cc(C(=O)N[C@@H](CC(=O)O)c3ccccc3)ccc21,4.826813731587726
CCOC(=O)CCC(=O)Nc1ccc2c(c1)OC(C)(COc1ccc(C(=N)N)cc1)CN2C,4.772113295386326
CN1CC(C)(COc2ccc(C(=N)N)cc2)Oc2cc(NC(=O)c3ccccc3)ccc21,5.301029995663981
CCOC(=O)CN(C(=O)c1ccccc1)c1ccc2c(c1)OC(C)(COc1ccc(C(=N)N)cc1)CN2C,6.806875401645538
CCOC(=O)CCC(=O)N(Cc1ccccn1)c1ccc2c(c1)OC(C)(COc1ccc(C(=N)N)cc1)CN2C,7.602059991327962
CCOC(=O)CCC(=O)N(Cc1ccccc1)c1ccc2c(c1)N(C)CC(C)(COc1ccc(C(=N)N)cc1)O2,6.173925197299173
CN1CC(C)(COc2ccc(C(=N)N)cc2)Oc2cc(N(Cc3ccccc3)C(=O)CCC(=O)O)ccc21,6.309803919971486
CCOC(=O)CCC(=O)N(Cc1ccccc1)c1ccc2c(c1)OC(C)(COc1ccc(C(=N)N)cc1)CN2C,7.221848749616356
CO[C@H](COS(=O)(=O)O)C(=O)N[C@H](CC(C)C)C(=O)N1[C@H](C(=O)NCCC2=CC[N+](=C(N)N)C2)C[C@@H]2C[C@H](O)[C@@H](O)C[C@@H]21,6.345823458122039
COc1ccc(-n2nc(C(F)(F)F)c3c2C(=O)N(c2ccc(C4(CN(C)C)CC4)cc2)CC3)cc1,6.718966632752273
CN1CCc2nc(C(=O)N[C@@H]3C[C@@H](C(=O)N(C)C)CC[C@@H]3NC(=O)c3cc4cc(Cl)ccc4[nH]3)sc2C1,5.5951662833800615
O=C(Nc1nc(CC(=O)N2CCN(CC(=O)N3CCCC3)CC2)cs1)c1ccc(Cl)cc1,5.552841968657781
O=C(Nc1nc(CC(=O)N2CCN(CC(=O)N3CCCC3)CC2)cs1)c1ccc(Cl)s1,5.229147988357856
Cc1cc2cc(/N=C(/NC#N)N[C@H]3CCCCN(CC(=O)N4CCCC4)C3=O)ccc2o1,5.180456064458132
CC(C)[C@H](NC(=O)[C@H](CCCNC(=N)N)NC(=O)Cc1ccccc1)C(=O)N[C@@H](CCCNC(=N)N)C(=O)NCc1ccc(C(=N)N)cc1,4.638272163982407
CC(C)[C@H](NC(=O)[C@H](CCCNC(=N)N)NC(=O)Cc1ccccc1)C(=O)N[C@@H](CCCNC(=N)N)C(=O)NCC1CCN(C(=N)N)CC1,4.301029995663981
Cc1cc2cc(N/C(=N\C(=O)c3ccc(C(=O)N(C)C)nc3)N[C@H]3CCCCN(CC(=O)N4CCCC4)C3=O)ccc2o1,5.638272163982407
Cc1ncc2n1C(=O)N(C1CCN(C(=O)[C@H](O)CS(=O)(=O)c3ccc4cc(Cl)ccc4c3)CC1)C2,5.721246399047171
O=C(CCS(=O)(=O)c1ccc2cc(Cl)ccc2c1)N1CCC(N2Cc3cnc(CO)n3C2=O)CC1,5.107905397309519
CS(=O)(=O)c1ccccc1-c1ccc(NC(=O)c2cc(C(F)(F)F)nn2-c2cccc(-c3nnc(N)[nH]3)c2)c(F)c1,5.309803919971486
O=C(NCc1cccc(Cl)c1)[C@@H]1CCCN1C(=O)CC1CCCCC1,4.462180904926726
O=C(NCc1cccc(Cl)c1)[C@@H]1CCCN1C(=O)CCC1CCCC1,4.031984286006359
O=C(NCc1cccc(Cl)c1)[C@@H]1CCCN1C(=O)CCC1CCCCC1,4.527243550682788
N#Cc1cnc(NCC(F)(F)c2ccccc2)c(=O)n1CC(=O)NCCONC(=N)N,8.638272163982407
Cc1cnc(NCCc2ccc(F)cc2)c(=O)n1CC(=O)NCCONC(=N)N,7.886056647693163
Cc1cnc(NCCc2ccc(F)c(F)c2)c(=O)n1CC(=O)NCCONC(=N)N,7.327902142064283
Cc1cnc(NCCc2ccc(C(F)(F)F)cc2)c(=O)n1CC(=O)NCCONC(=N)N,7.327902142064283
COc1ccc(CCNc2ncc(C)n(CC(=O)NCCONC(=N)N)c2=O)cc1OC,6.920818753952375
CCc1ccc(CCNc2ncc(C)n(CC(=O)NCCONC(=N)N)c2=O)cc1,7.180456064458132
Cc1cnc(NCCc2cccc3ccccc23)c(=O)n1CC(=O)NCCONC(=N)N,7.920818753952375
Cc1ccc(CCNc2ncc(C)n(CC(=O)N(C)CCONC(=N)N)c2=O)cc1,7.431798275933005
Cn1c(CNc2ccc(C(=N)N)cc2)nc2cc([C@@](C)(NCC(=O)O)C(=O)N3CCCC3)ccc21,8.568636235841012
C/C(=N/NC(=N)N)c1cc(OCC(=O)Nc2cc(/C(C)=N\NC(=N)N)cc(/C(C)=N/NC(=N)N)c2)cc(/C(C)=N\NC(=N)N)c1,6.0655015487564325
C/C(=N\NC(=N)N)c1cc(NS(=O)(=O)c2ccccc2)cc(/C(C)=N/NC(=N)N)c1,4.494850021680094
N=C(N)N/N=C/c1ccc(/C=N/NC(=N)N)cc1,4.167491087293763
Cc1cnc(NCCc2ccccn2)c(=O)n1CC(=O)NCc1cc(Cl)ccc1OCC(=O)NC1CCCNC1,9.903089986991944
Cc1cnc(NCCc2ccccn2)c(=O)n1CC(=O)NCc1cccc(Cl)c1,8.522878745280337
COc1ccc(Cl)cc1CNC(=O)Cn1c(C)cnc(NCCc2ccccn2)c1=O,8.698970004336019
COc1ccc(C)cc1CNC(=O)Cn1c(C)cnc(NCCc2ccccn2)c1=O,8.096910013008056
Cc1ccc(Cl)cc1CNC(=O)Cn1c(C)cnc(NCCc2ccccn2)c1=O,8.958607314841775
Cc1cnc(NCCc2ccccn2)c(=O)n1CC(=O)NCc1cc(Cl)ccc1OCC(F)(F)F,9.30102999566398
Cc1ccc(OCC(F)(F)F)c(CNC(=O)Cn2c(C)cnc(NCCc3ccccn3)c2=O)c1,8.823908740944319
COc1ccc(Cl)cc1CNC(=O)Cn1c(C)cnc(NCCC2CCCCN2)c1=O,8.318758762624412
COc1ccc(C#N)c(CNC(=O)Cn2c(C)cnc(NCCC3CCCCN3)c2=O)c1,8.744727494896694
Cc1ccc(Cl)cc1CNC(=O)Cn1c(Cl)cnc(NCCc2cccc[n+]2[O-])c1=O,8.958607314841775
O=C(Cn1c(Cl)cnc(NCCc2cccc[n+]2[O-])c1=O)NCc1cc(Cl)ccc1Cl,9.119186407719209
O=C(Cn1c(Cl)cnc(NCCc2cccc[n+]2[O-])c1=O)NCc1cc(Cl)ccc1OCC(F)(F)F,9.508638306165729
Cc1cc(C(=O)NCc2cc(Cl)ccc2-n2cnnn2)cc(N(C2CCCC2)S(C)(=O)=O)c1,8.903089986991944
CC(=O)N(c1cc(C)cc(C(=O)NCc2cc(Cl)ccc2-n2cnnn2)c1)C1CCCCC1,8.387216143280265
Cc1cc(NC2CCCCC2)cc(C(=O)NCc2cc(Cl)ccc2-n2cnnn2)c1,8.017728766960431
Cc1cc(C(=O)NCc2cc(Cl)ccc2-n2cnnn2)cc(-c2c[n+]([O-])ccc2C(C)C)c1,9.113509274827518
CC(=O)c1ccncc1-c1cc(C)cc(C(=O)NCc2cc(Cl)ccc2-n2cnnn2)c1,7.070581074285707
Cc1cc(C(=O)NCc2cc(Cl)ccc2-n2cnnn2)cc(-c2cnccc2N(C)C)c1,7.173925197299173
Cc1cc(C(=O)NCc2cc(Cl)ccc2-n2cnnn2)cc(C(=O)N(CC(C)C)CC(C)C)c1,9.568636235841012
Cc1cc(OCCc2cc(Cl)ccc2OCC(=O)NC2CCCNC2)cc(C(=O)N(CC(C)C)CC(C)C)c1,8.795880017344075
Cc1cc(OCCc2ccccc2-n2cnnn2)cc(C(=O)N(CC(C)C)CC(C)C)c1,8.769551078621726
COc1ccc(Cl)cc1CCOc1cc(C)cc(C(=O)N(CC(C)C)CC(C)C)c1,7.468521082957745
Cc1cc(OCCc2ccccc2CN)cc(C(=O)N(CC(C)C)CC(C)C)c1,8.537602002101044
Cc1cc(OCC(F)(F)c2cc(C)ccn2)cc(C(=O)N(CC(C)C)CC(C)C)c1,7.431798275933005
Cc1cc(OCCc2nc[nH]c2C)cc(C(=O)N(CC(C)C)CC(C)C)c1,8.455931955649724
CCOC(=O)CN(Cc1cc(F)cc(F)c1)c1ccc2c(c1)N(C)CC(C)(COc1ccc(C(=N)N)cc1)O2,6.022276394711152
CCOC(=O)C(=O)N(Cc1cccc(F)c1)c1ccc2c(c1)N(C)CC(C)(COc1ccc(C(=N)N)cc1)O2,6.522878745280337
CCOC(=O)C(=O)N(Cc1ccc(F)cc1)c1ccc2c(c1)N(C)CC(C)(COc1ccc(C(=N)N)cc1)O2,6.481486060122113
CCOC(=O)C(=O)N(Cc1ccc(F)c(F)c1)c1ccc2c(c1)N(C)CC(C)(COc1ccc(C(=N)N)cc1)O2,6.431798275933005
CCOC(=O)C(=O)N(Cc1cc(F)cc(F)c1)c1ccc2c(c1)N(C)CC(C)(COc1ccc(C(=N)N)cc1)O2,6.537602002101044
CCOC(=O)CN(Cc1cccc(F)c1)c1ccc2c(c1)OC(C)(COc1ccc(C(=N)N)cc1)CN2C,6.455931955649724
CCOC(=O)CN(Cc1ccc(F)c(F)c1)c1ccc2c(c1)OC(C)(COc1ccc(C(=N)N)cc1)CN2C,6.366531544420414
CCOC(=O)CN(Cc1cc(F)cc(F)c1)c1ccc2c(c1)OC(C)(COc1ccc(C(=N)N)cc1)CN2C,6.318758762624412
N=C(N)NCCCC[C@@H](NS(=O)(=O)Cc1ccccc1)C(=O)N1CCC[C@H]1C(=O)NCc1ccc(C(=N)N)cc1,9.4089353929735
N=C(N)c1ccc(CNC(=O)[C@@H]2CCCN2C(=O)[C@@H](CCCCN)NS(=O)(=O)Cc2ccccc2)cc1,9.0
N=C(N)c1ccc(CNC(=O)[C@@H]2CCCN2C(=O)[C@@H](CCC(=O)N2CCN(c3ncccn3)CC2)NS(=O)(=O)Cc2ccccc2)cc1,8.2839966563652
N=C(N)c1ccc(CNC(=O)[C@@H]2CCCN2C(=O)[C@@H](CCC(=O)N2CCN(C(=O)OCc3ccccc3)CC2)NS(=O)(=O)Cc2ccccc2)cc1,8.008773924307505
CCC(NCc1ccc(C(=N)N)cc1)C(=O)[C@@H](CCCNC(=N)N)NS(=O)(=O)Cc1ccccc1,7.5376020021010435
CC(C)[C@H](NCc1ccc(C(=N)N)cc1)C(=O)[C@@H](CCCNC(=N)N)NS(=O)(=O)Cc1ccccc1,7.180456064458132
N=C(N)NCCC[C@@H](NS(=O)(=O)Cc1ccccc1)C(=O)[C@H](CO)NCc1ccc(C(=N)N)cc1,5.79317412396815
O=S(=O)(/C=C/c1cccc(Cl)c1)Nc1cccc(OCc2cn(Cc3cc4ccccc4s3)nn2)c1,6.055517327849832
O=[N+]([O-])c1cccc(/C=C/S(=O)(=O)Nc2cccc(OCc3cn(Cc4cc5ccccc5s4)nn3)c2)c1,5.767003889607846
Nc1cccc(/C=C/S(=O)(=O)Nc2cccc(OCc3cn(Cc4cc5ccccc5s4)nn3)c2)c1,5.756961951313706
O=S(=O)(/C=C/c1cccc(C(F)(F)F)c1)Nc1cccc(OCc2cn(Cc3cc4ccccc4s3)nn2)c1,5.705533773838407
O=S(=O)(/C=C/c1cccc(F)c1)Nc1cccc(OCc2cn(Cc3cc4ccccc4s3)nn2)c1,5.6439741428068775
Cc1cccc(/C=C/S(=O)(=O)Nc2cccc(-c3nnn(Cc4cccc(Cl)c4)n3)c2)c1,5.2839966563652006
O=S(=O)(/C=C/c1cccc(Cl)c1)Nc1cccc(OCc2cn(Cc3nc4ccccc4s3)nn2)c1,5.265200170411153
O=S(=O)(/C=C/c1cccc(Cl)c1)Nc1cccc(OCc2cn(Cc3ccccc3)nn2)c1,5.050122295963125
O=S(=O)(/C=C/c1cccc(Cl)c1)Nc1cccc(OCc2cn(Cc3cccc(Cl)c3)nn2)c1,4.863279432843593
O=S(=O)(/C=C/c1cccc(Cl)c1)Nc1cccc(OCc2cn(Cc3cccnc3)nn2)c1,4.406713932979542
O=[N+]([O-])c1cccc(/C=C/S(=O)(=O)Nc2cccc(OCc3cn(Cc4cccnc4)nn3)c2)c1,4.204119982655925
CN1CC(C)(COc2ccc(C(=N)N)cc2)Oc2ccc(N(Cc3ccc(F)cc3)C(=O)C(=O)O)cc21,5.698970004336019
CCOC(=O)C(=O)N(Cc1ccc(F)cc1)c1ccc2c(c1)OC(C)(COc1ccc(C(=N)N)cc1)CN2C,7.638272163982407
CN1CC(C)(COc2ccc(C(=N)N)cc2)Oc2ccc(N(CC(=O)O)Cc3cccc(F)c3)cc21,6.173925197299173
CN1CC(C)(COc2ccc(C(=N)N)cc2)Oc2cc(N(CC(=O)O)Cc3cccc(F)c3)ccc21,6.494850021680094
CCOC(=O)C(=O)N(Cc1cccc(F)c1)c1ccc2c(c1)OC(C)(COc1ccc(C(=N)N)cc1)CN2C,7.721246399047171
CN1CC(C)(COc2ccc(C(=N)N)cc2)Oc2cc(N(Cc3cccc(F)c3)C(=O)C(=O)O)ccc21,6.619788758288394
CCOC(=O)C(=O)N(Cc1ccc(F)c(F)c1)c1ccc2c(c1)OC(C)(COc1ccc(C(=N)N)cc1)CN2C,7.552841968657781
CN1CC(C)(COc2ccc(C(=N)N)cc2)Oc2cc(N(Cc3ccc(F)c(F)c3)C(=O)C(=O)O)ccc21,6.537602002101044
CN1CC(C)(COc2ccc(C(=N)N)cc2)Oc2cc(N(CC(=O)O)Cc3cc(F)cc(F)c3)ccc21,6.698970004336019
CN1CC(C)(COc2ccc(C(=N)N)cc2)Oc2ccc(N(Cc3cc(F)cc(F)c3)C(=O)C(=O)O)cc21,5.301029995663981
CN1CC(C)(COc2ccc(C(=N)N)cc2)Oc2cc(N(Cc3cc(F)cc(F)c3)C(=O)C(=O)O)ccc21,6.823908740944319
N=C(N)NCc1cccc(C[C@H](NC(=O)[C@@H](CCCc2ccccc2)NS(=O)(=O)Cc2cccc(C(=O)O)c2)C(=O)NCc2ccc(C(=N)N)cc2)c1,6.175874166083451
N=C(N)c1ccc(CNC(=O)[C@@H]2Cc3cccc(c3)CNC(=O)Cc3ccc(cc3)CC(=O)NCc3cccc(c3)C[C@@H](NS(=O)(=O)Cc3ccccc3)C(=O)N2)cc1,7.342944147142896
N=C(N)c1ccc(CNC(=O)[C@@H]2Cc3cccc(c3)CNC(=O)Cc3cccc(c3)CC(=O)NCc3cccc(c3)C[C@@H](NS(=O)(=O)Cc3ccccc3)C(=O)N2)cc1,7.5718652059712115
N=C(N)c1ccc(CNC(=O)[C@@H]2Cc3ccc(cc3)OCCCCOc3ccc(cc3)C[C@@H](NS(=O)(=O)Cc3ccccc3)C(=O)N2)cc1,6.292429823902063
N=C(N)c1ccc(CNC(=O)[C@@H]2Cc3cn(nn3)Cc3cccc([n+]3[O-])Cn3cc(nn3)C[C@@H](NS(=O)(=O)Cc3ccccc3)C(=O)N2)cc1,5.928117992693875
C[C@H](NC(=O)[C@H](CCC(N)=O)NC(=O)[C@@H](N)CCCNC(=N)N)C(=O)N[C@@H](CCCNC(=N)N)C(=O)c1nc2ccccc2s1,6.195860567664649
C[C@@H](NS(=O)(=O)Cc1ccccc1)C(=O)N1CCC[C@H]1C(=O)NCc1cc(Cl)ccc1CN,8.657577319177793
CC(C)[C@@H](NS(=O)(=O)Cc1ccccc1)C(=O)N1CCC[C@H]1C(=O)NCc1cc(Cl)ccc1CN,9.09799710864927
CC(C)C[C@@H](NS(=O)(=O)Cc1ccccc1)C(=O)N1CCC[C@H]1C(=O)NCc1cc(Cl)ccc1CN,9.586700235918748
N=C(N)c1ccc(CNC(=O)[C@@H]2CCCN2C(=O)CNS(=O)(=O)Cc2ccccc2)cc1,8.431798275933005
CC(C)[C@@H](NS(=O)(=O)Cc1ccccc1)C(=O)N1CCC[C@H]1C(=O)NCc1ccc(C(=N)N)cc1,8.88941028970075
N=C(N)c1ccc(CNC(=O)[C@@H]2CCCN2C(=O)[C@@H](CC2CCCCC2)NS(=O)(=O)Cc2ccccc2)cc1,9.924453038607467
O=C1Cn2c(Cl)cnc(c2=O)N[C@@H](Cc2ccccc2)CNCCCNCCOc2ccc(Cl)cc2CN1,10.045757490560677
CCCNc1cnc2n(c1=O)[C@H](C(=O)NCc1ccc(C(=N)N)cc1)C[C@@]2(C)CC,5.6777807052660805
CCCNc1cnc2n(c1=O)[C@H](C(=O)NCc1ccc(C(=N)N)cc1)CC2,6.823908740944319
CC(C)(C)OC(=O)CNc1nc(Cl)c2n(c1=O)[C@H](C(=O)NCc1ccc(C(=N)N)cc1)CC2(C)C,7.494850021680094
CC1(C)C[C@@H](C(=O)NCc2ccc(C(=N)N)cc2)n2c1c(Cl)nc(NC1(CO)CCCC1)c2=O,6.42021640338319
CC1(C)C[C@@H](C(=O)NCc2ccc(C(=N)N)cc2)n2c1c(Cl)nc(NC1CCCC1)c2=O,6.795880017344075
CC(C)CNc1nc(Cl)c2n(c1=O)[C@H](C(=O)NCc1ccc(C(=N)N)cc1)CC2(C)C,6.657577319177793
CC1(C)C[C@@H](C(=O)NCc2ccc(C(=N)N)cc2)n2c1c(Cl)nc(NC1CC1)c2=O,6.443697499232712
CC(C)Nc1nc(Cl)c2n(c1=O)[C@H](C(=O)NCc1ccc(C(=N)N)cc1)CC2(C)C,6.886056647693163
CCNc1nc(Cl)c2n(c1=O)[C@H](C(=O)NCc1ccc(C(=N)N)cc1)CC2(C)C,6.585026652029182
CNc1nc(Cl)c2n(c1=O)[C@H](C(=O)NCc1ccc(C(=N)N)cc1)CC2(C)C,6.638272163982407
N=C(N)c1ccc(CNC(=O)[C@@H]2CC3(CCCC3)c3c(Cl)nc(NC4CCC4)c(=O)n32)cc1,7.107905397309519
CCCC1(CCC)C[C@@H](C(=O)NCc2ccc(C(=N)N)cc2)n2c1c(Cl)nc(NC1CCC1)c2=O,6.769551078621726
C=CC[C@]1(C)C[C@@H](C(=O)NCc2ccc(C(=N)N)cc2)n2c1c(Cl)nc(NC1CCC1)c2=O,6.657577319177793
CC1(C)C[C@@H](C(=O)NCc2ccc(C(=N)N)cc2)n2c1c(Cl)nc(NC1CCC1)c2=O,6.698970004336019
N=C(N)c1ccc(CNC(=O)[C@@H]2CCc3c(Cl)nc(NC4CCC4)c(=O)n32)cc1,7.455931955649724
COc1ccc(OC)c(S(=O)(=O)NC2CCCCN(CC(=O)NCc3ccc(C(=N)N)cc3)C2=O)c1,8.0
COc1cc([C@@H]2Nc3ccc(C(=N)N)cc3[C@H]3c4ccccc4C[C@@H]23)c(-c2ccc(C(=O)O)cc2)cc1O,5.7447274948966935
COc1cc([C@@H]2Nc3ccc(C(=N)N)cc3[C@H]3c4ccccc4C[C@@H]23)c(-c2cccc(C(=O)O)c2)cc1O,6.481486060122113
COc1cc([C@@H]2Nc3ccc(C(=N)N)cc3[C@H]3c4ccccc4C[C@@H]23)ccc1O,6.522878745280337
CCOc1cc(C(Nc2ccc3c(N)nccc3c2)C(=O)NS(=O)(=O)c2cccc(O)c2)ccc1OC(C)C,4.958607314841775
CCOc1cc(C(Nc2ccc3cnccc3c2)C(=O)NS(=O)(=O)c2ccccc2S(=O)(=O)CC)ccc1OC(C)C,5.026872146400302
CCOc1cc([C@@H](Nc2ccc3c(N)nccc3c2)C(=O)NS(=O)(=O)c2cccc(S(N)(=O)=O)c2)ccc1OC(C)C,5.026872146400302
CCOc1cc(C(Nc2ccc3c(N)nccc3c2)C(=O)NS(=O)(=O)c2ccc(N)cc2)ccc1OC(C)C,5.130768280269024
COc1ccc(COc2cccc(NC(=O)C3CCN(c4ccncc4)CC3)c2)cc1OC,6.122053048370812
O=C(Nc1cccc(OCc2cc(F)cc(F)c2)c1)C1CCN(c2ccncc2)CC1,7.508638306165727
O=C(Nc1cccc(OCc2ccccc2F)c1)C1CCN(c2ccncc2)CC1,7.045757490560675
O=C(Nc1cccc(OCc2cccc(F)c2)c1)C1CCN(c2ccncc2)CC1,7.795880017344075
O=C(Nc1cccc(OCc2ccc(F)cc2)c1)C1CCN(c2ccncc2)CC1,7.853871964321762
N=C(N)c1ccc(Oc2cc(C(=O)N[C@H]3CC[C@H](N)CC3)cc(Oc3ccc(C(=N)N)cc3)n2)cc1,5.6020599913279625
N=C(N)c1ccc(Oc2cc(C(=O)NC3CCN(CCCN)CC3)cc(Oc3ccc(C(=N)N)cc3)n2)cc1,5.537602002101044
N=C(N)c1ccc(Oc2ccc(NS(=O)(=O)c3ccc4ccccc4c3)c(Oc3ccc(C(=N)N)cc3)n2)cc1,5.236572006437063
N=C(N)c1ccc(Oc2ccc(NS(=O)(=O)c3ccc(F)cc3)c(Oc3ccc(C(=N)N)cc3)n2)cc1,5.3872161432802645
N=C(N)c1ccc(Oc2ccc(N)c(Oc3ccc(C(=N)N)cc3)n2)cc1,5.356547323513812
CCOc1ccc(F)c([C@@H](Nc2ccc3c(N)nccc3c2)C(=O)N2CCC[C@@H]2c2cc(NC(=O)OC)ccc2S(=O)(=O)C(C)C)c1,5.356547323513812
COC(=O)Nc1ccc(S(=O)(=O)C(C)C)c([C@H]2CCCN2C(=O)[C@H](Nc2ccc3c(N)nccc3c2)c2cc(OC)ccc2F)c1,5.356547323513812
COC(=O)Nc1ccc(S(=O)(=O)C(C)C)c([C@H]2CCCN2C(=O)[C@H](Nc2ccc3c(N)nccc3c2)c2cc(C)ccc2F)c1,5.443697499232712
COC(=O)Nc1ccc(S(=O)(=O)C(C)C)c([C@H]2CCCN2C(=O)[C@H](Nc2ccc3c(N)nccc3c2)c2ccc(F)c(OC)c2)c1,5.173925197299174
COC(=O)Nc1ccc(S(=O)(=O)C(C)C)c([C@H]2CCCN2C(=O)[C@H](Nc2ccc3c(N)nccc3c2)c2ccc(Cl)c(OC)c2)c1,5.309803919971486
COC(=O)Nc1ccc(S(=O)(=O)C(C)C)c([C@H]2CCCN2C(=O)[C@H](Nc2ccc3c(N)nccc3c2)c2ccc(OC)c(OC)c2)c1,5.251811972993799
COC(=O)Nc1ccc(S(=O)(=O)C(C)C)c([C@H]2CCCN2C(=O)[C@H](Nc2ccc3c(N)nccc3c2)c2cccc(OC(F)F)c2)c1,5.1938200260161125
CCOc1cc(C(Nc2ccc3c(N)nccc3c2)C(=O)NCc2cc(NC(C)=O)ccc2S(=O)(=O)CC)ccc1OC(C)C,4.920818753952375
CCOc1cc(C(Nc2ccc3c(N)nccc3c2)C(=O)NCc2ccccc2S(=O)(=O)C2CC2)ccc1OC(C)C,5.619788758288394
CCOc1cc(C(Nc2ccc3c(N)nccc3c2)C(=O)NCc2cccc(N(C)C(C)=O)c2)ccc1OC(C)C,5.173925197299174
CCOc1cc(C(Nc2ccc3c(N)nccc3c2)C(=O)NCc2cccc(N)c2)ccc1OC(C)C,5.102372908709558
CCOc1cc(C(Nc2ccc3c(N)nccc3c2)C(=O)NCc2cccc(NC(=O)OC)c2)ccc1OC(C)C,4.958607314841775
CCOc1cc(C(Nc2ccc3c(N)nccc3c2)C(=O)NCc2cccc(S(N)(=O)=O)c2)ccc1OC(C)C,5.060480747381382
N=C(N)c1ccc(CNC(=O)C(Cc2ccc(CN)cc2)NC(=O)[C@@H](CC2CCCCC2)NCC(=O)O)cc1,5.698970004336019
N#Cc1ccc(CC(NC(=O)[C@@H](CC2CCCCC2)NCC(=O)O)C(=O)NCc2ccc(C(=N)N)cc2)cc1,5.698970004336019
N=C(N)c1ccc(CNC(=O)[C@H](Cc2ccc(N)cc2)NC(=O)[C@@H](CC2CCCCC2)NCC(=O)O)cc1,6.301029995663981
N=C(N)c1ccc(CNC(=O)[C@@H](NC(=O)[C@@H](CC2CCCCC2)NCC(=O)O)C2CCNCC2)cc1,4.853871964321762
N=C(N)c1ccc(CNC(=O)[C@H](CC2CCCN2)NC(=O)[C@@H](CC2CCCCC2)NCC(=O)O)cc1,5.3979400086720375
N=C(N)NCCC[C@H](NC(=O)[C@@H](CC1CCCCC1)NCCC(=O)O)C(=O)NCc1ccc(C(=N)N)cc1,5.522878745280337
N=C(N)NCCC[C@H](NC(=O)[C@H](N)C1CCCCC1)C(=O)NCc1ccc(C(=N)N)cc1,6.0
N=C(N)NCCC[C@H](NC(=O)[C@@H](CC1CCCCC1)NCC(=O)O)C(=O)NCc1ccc(C(=N)N)cc1,6.0
N=C(N)c1ccc(CNC(=O)C2(NC(=O)[C@H](NCC(=O)O)C3CCCCC3)Cc3ccccc3C2)cc1,4.721246399047171
CC(C)CC(=O)Nc1cc(-c2ccc(C(N)=O)cc2C(=O)O)cc(C2CC(C)(c3ccccc3)c3cc(C(=N)N)ccc3N2)c1,4.899629454882437
Cn1c(CNc2ccc(C(=N)N)cc2)nc2cc(C3(C(=O)N4CCCC4)CC3)ccc21,7.698970004336019
CCOC(=O)C1CCCCN1c1ccc(N2C[C@H](CNC(=O)c3ccc(Cl)s3)OC2=O)cc1,6.452225294612178
O=C(NC[C@H]1CN(c2ccc(N3CCC(C(=O)O)CC3=O)cc2)C(=O)O1)c1ccc(Cl)s1,4.157390760389438
N=C(N)c1cccc(OCc2cc(COc3cccc(C(=N)N)c3)cc(COc3cccc(C(=N)N)c3)c2)c1,6.186419011431808
N=C(N)c1cccc(OCCCOc2ccccc2)c1,4.100000018985305
N=C(N)c1ccc(Oc2cc(Oc3ccc(C(=N)N)cc3)cc(C(=O)NC3CCC(O)CC3)c2)cc1,5.906578314837765
N=C(N)c1ccc(Oc2cc(Oc3ccc(C(=N)N)cc3)cc(C(=O)NC3CCCCC3)c2)cc1,5.786216700664696
N=C(N)c1ccc(Oc2cc(Oc3ccc(C(=N)N)cc3)cc(C(=O)Nc3ccc(F)cc3)c2)cc1,5.676747899828313
N=C(N)c1ccc(Oc2cc(NC(=O)[C@H]3CC[C@H](N)CC3)cc(Oc3ccc(C(=N)N)cc3)c2)cc1,5.654430243943608
CC1CCC(C(=O)Nc2cc(Oc3ccc(C(=N)N)cc3)cc(Oc3ccc(C(=N)N)cc3)c2)CC1,5.6302277114030375
N=C(N)c1ccc(Oc2cc(Oc3ccc(C(=N)N)cc3)cc(C(=O)NCC3CCCCC3)c2)cc1,5.618704376996174
N=C(N)c1ccc(Oc2cc(OCc3cccc(C(=N)N)c3)cc(C(=O)N[C@H]3CC[C@H](N)CC3)c2)cc1,5.572351628813068
N=C(N)c1ccc(Oc2cc(NC(=O)C3CCN(C(=O)CCN)CC3)cc(Oc3ccc(C(=N)N)cc3)c2)cc1,5.571865205971212
N=C(N)c1ccc(Oc2cc(N)cc(Oc3ccc(C(=N)N)cc3)c2)cc1,5.5503673495299255
N=C(N)c1ccc(Oc2cc(Oc3ccc(CN)cc3)cc(C(=O)N[C@H]3CC[C@H](N)CC3)c2)cc1,5.505149978319906
N=C(N)c1ccc(Oc2cc(Oc3ccc(NC(=O)CCN)cc3)cc(C(=O)N[C@H]3CC[C@H](N)CC3)c2)cc1,5.488116639021126
N=C(N)c1ccc(Oc2cc(OCc3ccc(Br)cc3)cc(C(=O)N[C@H]3CC[C@H](N)CC3)c2)cc1,5.400881434944637
N=C(N)c1ccc(Oc2cc(OCc3ccc(Br)nc3)cc(C(=O)N[C@H]3CC[C@H](N)CC3)c2)cc1,5.399571674267869
N=C(N)c1ccc(Oc2cc(Oc3ccc(C(=N)N)cc3)cc(C(=O)N3CCC(CCN)CC3)c2)cc1,5.391367010509963
N=C(N)c1ccc(Oc2cc(NS(=O)(=O)c3ccc(F)cc3)cc(Oc3ccc(C(=N)N)cc3)c2)cc1,5.314258261397736
COc1ccc(-n2nc(C(N)=O)c3c2C(=O)N(c2ccc(C(C)(C)CO)cc2)CC3)cc1,5.588717086982616
CCOc1cc(OC(C)C)c(F)c(C(Nc2ccc(C(=N)N)cc2)c2nc(-c3ccccc3)c[nH]2)c1,5.920818753952375
CCOc1cc(OC(C)C)c(F)c(C(Nc2ccc(C(=N)N)cc2)c2nc(-c3ccccc3C)c[nH]2)c1,6.1487416512809245
CCOc1cc(OC(C)C)c(F)c(C(Nc2ccc(C(=N)N)cc2)c2nc(-c3cccc(C)c3)c[nH]2)c1,6.1249387366083
CCOc1cc(OC(C)C)c(F)c(C(Nc2ccc(C(=N)N)cc2)c2nc(-c3cccc(OC)c3)c[nH]2)c1,6.102372908709558
CCOc1cc(OC(C)C)c(F)c(C(Nc2ccc(C(=N)N)cc2)c2nc(-c3ccc(OC)cc3)c[nH]2)c1,6.1938200260161125
CCOc1cc(OC(C)C)c(F)c(C(Nc2ccc(C(=N)N)cc2)c2nc(-c3ccccc3C(C)=O)c[nH]2)c1,5.777283528852417
CCOc1cc(OC(C)C)c(F)c(C(Nc2ccc(C(=N)N)cc2)c2nc(-c3ccccc3C(=O)OC)c[nH]2)c1,5.349692476868063
CCOc1cc(OC(C)C)c(F)c(C(Nc2ccc(C(=N)N)cc2)c2nc(-c3ccccc3C(N)=O)c[nH]2)c1,5.924453038607469
CCS(=O)(=O)c1ccc2cc1CNC(=O)[C@H](Nc1ccc(C(=N)N)cc1)c1ccc(cc1)CCCC(=O)N2,6.7447274948966935
N=C(N)c1ccc(CNC(=O)CNC(=O)[C@@H](Cc2ccccc2)NS(=O)(=O)Cc2ccccc2)cc1,6.853871964321762
COc1ccc(C(=O)Nc2ccccn2)cc1,2.614393726401688
NC(=O)c1ccc(Cl)s1,3.3655227298392685
N=C(N)c1ccc(C2C3C(=O)N(Cc4ccc(F)cc4)C(=O)C3C3CCCN32)cc1,7.244125144327507
N=C(N)c1ccc(C2C3C(=O)N(Cc4ccccc4)C(=O)C3C3CCCN32)cc1,6.508638306165727
CC[C@H](C)[C@@H]1NC(=O)[C@@H]2CCCN2C(=O)[C@@H]2CCCN2C(=O)[C@H]([C@@H](C)CC)NC(=O)[C@H](CO)NC(=O)[C@H](CCCNC(=N)N)NC(=O)[C@H]([C@@H](C)O)NC(=O)[C@@H]2CSSC[C@H](NC1=O)C(=O)N[C@@H](Cc1ccccc1)C(=O)N1CCC[C@H]1C(=O)N[C@H](C(=O)O)CC(=O)NCC(=O)N[C@@H](CCCNC(=N)N)C(=O)N2,6.419075024324381
CC(C)[C@@H]1[C@H]2C3CCCN3[C@@H](c3ccc(C(=N)N)cc3)[C@H]2C(=O)N1Cc1ccccc1,7.187086643357144
CC(C)[C@@H]1[C@H]2C3CCCN3[C@@H](c3ccc(C(=N)N)cc3)[C@H]2C(=O)N1Cc1ccc(F)cc1,8.301029995663981
CC(C)[C@@H]1[C@H]2C3CCCN3[C@@H](c3ccc(C(=N)N)cc3)[C@H]2C(=O)N1Cc1ccc(Cl)cc1,8.096910013008056
COc1ccc(CN2C(=O)[C@H]3[C@H](C4CCCN4[C@H]3c3ccc(C(=N)N)cc3)[C@H]2C(C)C)cc1,7.823908740944319
N=C(N)c1ccc2[nH]c(-c3cccc(C4(O)CCCCC4)n3)cc2c1,5.6777807052660805
N=C(N)c1ccc2[nH]c(-c3cccc(C4(F)CCCCC4)n3)cc2c1,5.443697499232712
N=C(N)c1ccc2[nH]c(-c3cccc(C4(O)CCCCC4)[n+]3[O-])cc2c1,5.0655015487564325
N=C(N)c1ccc(CNC(=O)[C@@H]2Cc3cccc(c3)CNC(=O)Cc3ccccc3CC(=O)NCc3cccc(c3)C[C@@H](NS(=O)(=O)Cc3ccccc3)C(=O)N2)cc1,6.2403321553103694
O=C1CN2CCN(CC2)CC(=O)Nc2ccc(cc2)C[C@@H](NS(=O)(=O)Cc2ccccc2)C(=O)N[C@H](C(=O)O)Cc2ccc(cc2)N1,5.075720713938118
N=C(N)c1ccc(CNC(=O)[C@@H]2Cc3ccc(cc3)CNC(=O)Cc3cccc(c3)CC(=O)NCc3ccc(cc3)C[C@@H](NS(=O)(=O)Cc3ccccc3)C(=O)N2)cc1,5.522878745280337
CC1CN(CC2CCN(Cc3ccccc3)CC2)C(=O)N(c2cccc(C(=N)N)c2)C1,4.935542010773082
COCC1CN(CC2CCN(Cc3ccccc3)CC2)C(=O)N(c2cccc(C(=N)N)c2)C1,5.091514981121351
N=C(N)c1cccc(N2CC(OCc3ccccc3)CN(CC3CCN(Cc4ccccc4)CC3)C2=O)c1,4.527243550682788
N=C(N)c1cccc(N2CC(COCc3ccccc3)CN(CC3CCN(Cc4ccccc4)CC3)C2=O)c1,5.671620396561262
N=C(N)c1cccc(N2CC(NC(=O)Cc3ccccc3)CN(CC3CCN(Cc4ccccc4)CC3)C2=O)c1,4.373659632624958
N=C(N)c1cccc(N2CC(NS(=O)(=O)Cc3ccccc3)CN(CC3CCN(Cc4ccccc4)CC3)C2=O)c1,4.872895201635193
N[C@H](CC1CCCCC1)C(=O)N1CCCC1C(=O)NCc1cccc(Cl)c1,7.0
N=C(N)c1ccc(NCCCCCCCCNc2ccc(C(=N)N)cc2)cc1,6.498940737782249
N=C(N)c1ccc(N2CCCN(c3ccc(C(=N)N)cc3)CC2)cc1,5.275724130399211
N=C(N)c1ccc(N2CCN(c3ccc(C(=N)N)cc3)CC2)cc1,4.995678626217358
N=C(N)c1ccc(OCc2ccc(COc3ccc(C(=N)N)cc3)cc2)cc1,5.935542010773082
N=C(N)c1ccc(NC(=O)C(=O)Nc2ccc(C(=N)N)cc2)cc1,4.801342913045577
Cc1cc2ccc1[C@@H](C)COC(=O)Nc1ccc(S(=O)(=O)C3CC3)c(c1)CN(C)C(=O)[C@@H]2Nc1ccc2c(N)ncc(F)c2c1,4.958607314841775
Cc1cc2ccc1[C@@H](C)COC(=O)Nc1ccc(S(=O)(=O)C3CC3)c(c1)CN(C)C(=O)[C@@H]2Nc1ccc2c(N)nccc2c1,5.42021640338319
Cc1cc2ccc1[C@@H](C)COC(=O)Nc1ccc(-c3ccnn3C)c(c1)CN(C)C(=O)[C@@H]2Nc1ccc2c(N)nccc2c1,5.045757490560675
CC(C)(C)[C@@H](CCO)C(=O)N1CCC[C@H]1C(=O)NCc1cc(Cl)ccc1CN,7.602059991327962
NCc1ccc(Cl)cc1CNC(=O)[C@@H]1CCCN1C(=O)c1cc(C(F)(F)F)c[nH]1,6.958607314841775
CCOC(=O)c1ccc(C(=O)N2CCC[C@H]2C(=O)NCc2cc(Cl)ccc2CN)[nH]1,7.327902142064283
NCc1ccc(Cl)cc1CNC(=O)[C@@H]1CCCN1C(=O)c1ccc(C(F)(F)F)[nH]1,7.568636235841013
NCc1ccc(Cl)cc1CNC(=O)[C@@H]1CCCN1C(=O)c1cc(Cc2ccncc2)c[nH]1,7.769551078621726
NCc1ccc(Cl)cc1CNC(=O)[C@@H]1CCCN1C(=O)c1cc(C(O)c2cccnc2)c[nH]1,7.886056647693163
NCc1ccc(Cl)cc1CNC(=O)[C@@H]1CCCN1C(=O)c1cc(C(=O)c2ccccn2)c[nH]1,7.769551078621726
NCc1ccc(Cl)cc1CNC(=O)[C@@H]1CCCN1C(=O)c1cc(C(O)c2ccccn2)c[nH]1,8.013228265733755
NCc1ccc(Cl)cc1CNC(=O)[C@@H]1CCCN1C(=O)c1cc(-c2cccnc2)c[nH]1,7.657577319177793
NCc1ccc(Cl)cc1CNC(=O)[C@@H]1CCCN1C(=O)c1cc(-c2ccccn2)c[nH]1,7.657577319177793
NCc1ccc(Cl)cc1CNC(=O)[C@@H]1CCCN1C(=O)C1(O)CCc2cccnc21,8.113509274827518
NCc1ccc(Cl)cc1CNC(=O)[C@@H]1CCCN1C(=O)C1OCc2ccccc21,7.823908740944319
NCc1ccc(Cl)cc1CNC(=O)[C@@H]1CCCN1C(=O)C1COc2ccccc21,8.036212172654444
NCc1ccc(Cl)cc1CNC(=O)[C@@H]1CCCN1C(=O)C1CNc2ccccc21,7.229147988357855
NCc1ccc(Cl)cc1CNC(=O)[C@@H]1CCN1C(=O)C1(O)CCc2ncccc21,6.488116639021126
NCc1ccc(Cl)cc1CNC(=O)[C@@H]1CCCN1C(=O)C1(O)CCc2cnccc21,7.698970004336019
NCc1ccc(Cl)cc1CNC(=O)[C@@H]1CCCN1C(=O)C1(O)CCc2ccncc21,7.795880017344075
NCc1ccc(Cl)cc1CNC(=O)[C@@H]1CCCN1C(=O)C1(O)CCCc2ncccc21,7.958607314841775
O=C(NCc1cc(Cl)ccc1-n1cnnn1)[C@@H]1CCCN1C(=O)C1(O)CCc2cccnc21,8.602059991327963
NCc1ccc(Cl)cc1CNC(=O)[C@@H]1CCCN1C(=O)[C@H]1CCCO1,7.0
NCc1ccc(Cl)cc1CNC(=O)[C@@H]1CCCN1C(=O)c1ncccn1,6.585026652029182
C[C@@]1(C(=O)NCc2cc(Cl)ccc2CN)CCCN1C(=O)[C@H]1CCC(=O)N1,6.279014255846261
Cc1ccc(C(=O)N2CCC[C@@]2(C)C(=O)NCc2cc(Cl)ccc2CN)[nH]1,7.031517051446065
CC1CNc2c(cccc2S(=O)(=O)N[C@@H](CCCNC(=N)N)C(=O)N2CCC(CCO)CC2)C1,7.397940008672037
COC(=O)Nc1ccc(-c2cc([C@H](Cc3ccccc3)NC(=O)/C=C/c3cc(Cl)ccc3-n3cnnn3)c(Cl)nn2)cc1,4.97469413473523
CC[C@H](CC[C@@H](C)[C@H]1CC[C@H]2[C@@H]3CC=C4C[C@@H](O)CC[C@]4(C)[C@H]3CC[C@@]21C)C(C)C,6.573163546196492
N=C(N)c1ccc(CNC(=O)[C@@H]2CCCN2C(=O)[C@H](N)CC2CCCCC2)cc1,9.82390874094432
NCc1ccc(Cl)cc1CNC(=O)[C@@H]1CCCN1C(=O)[C@H](N)CC1CCCCC1,10.154901959985745
O=C(NCc1cc(Cl)ccc1CO)[C@@H]1CCCN1C(=O)CNS(=O)(=O)Cc1ccccc1,6.3154867673018495
CC(=O)N[C@@H](CCCCN)C(=O)N[C@@H](CCCNC(=N)N)C(=O)N[C@@H](CC(C)C)C(=O)N[C@@H](CCCNC(=N)N)C(=O)c1nc2ccc(C(=O)NCc3ccc(C(=O)O)cc3)cc2s1,5.791021482723746
N=C(N)c1ccc(NC(C(=O)NCc2ccccc2)c2ccccc2)cc1,7.301029995663981
CC1=C(CC(=O)NCc2cc(Cl)ccc2CN)C(=O)N(NCc2ccccc2)CC1,9.30102999566398
N=C(N)c1ccc(CNC(=O)[C@@H]2CCCN2CCCc2ccccc2)cc1,4.920818753952375
CCCCN1CCC[C@H]1C(=O)NCc1ccc(C(=N)N)cc1,4.267606240177032
N=C(N)c1ccc(CNC(=O)[C@@H]2CCCN2C(=O)Cc2ccccc2)cc1,6.698970004336019
CC(C)CC(=O)N1CCC[C@H]1C(=O)NCc1ccc(C(=N)N)cc1,5.3979400086720375
CCCC(=O)N1CCC[C@H]1C(=O)NCc1ccc(C(=N)N)cc1,5.301029995663981
CC(=N)N1CCC(Oc2ccc3c(c2)nc(C(C)C)n3Cc2ccc3ccc(C(=N)N)cc3c2)CC1,6.060480747381382
CCCCc1nc2cc(OC3CCN(C(C)=N)CC3)ccc2n1Cc1ccc2ccc(C(=N)N)cc2c1,5.698970004336019
c1ccc(COc2ccc(CCNc3ccncc3)cc2)cc1,5.102372908709558
COC(=O)C(C)CN(c1ccc2nc(C)n(Cc3ccc4ccc(C(=N)N)cc4c3)c2c1)C1CCN(C(C)=N)CC1,6.522878745280337
CC(=N)N1CCC(N(CCCC(=O)O)c2ccc3c(c2)nc(C)n3Cc2ccc3ccc(C(=N)N)cc3c2)CC1,5.301029995663981
CC(=O)N[C@H](Cc1ccccc1)C(=O)NCC(=O)NC(CCCN=C(N)N)B(O)O,8.366531544420413
COC(=O)OC[C@@H](NS(=O)(=O)Cc1ccccc1)C(=O)NCC(=O)NCc1ccc(C(=N)N)cc1,5.522878745280337
Cc1cc(OCC/C=N/N=C(N)N)cc(OS(=O)(=O)c2cccc3cccnc23)c1,8.327902142064282
N=C(N)c1ccc(CNC(=O)CNC(=O)[C@@H](CO)NS(=O)(=O)c2ccc3ccccc3c2)cc1,4.958607314841775
N=C(N)c1ccc(CNC(=O)CNC(=O)[C@@H](CO)NS(=O)(=O)/C=C/c2ccccc2)cc1,4.823908740944319
N=C(N)c1ccc(CNC(=O)CNC(=O)[C@@H](CO)NS(=O)(=O)Cc2ccccc2)cc1,4.886056647693163
CC1(C)[C@H]2C[C@@H]1[C@]1(C)OB([C@H](CCCCN)NC(=O)Cn3nc(CNC=O)nc3Cc3ccccc3)O[C@@H]1C2,7.481486060122112
CC1(C)[C@H]2C[C@@H]1[C@]1(C)OB([C@H](CCCCN)NC(=O)Cn3nc(-c4ccccc4)nc3Cc3ccccc3)O[C@@H]1C2,6.761953896871205
COCCOCOCc1cc2c(c(S(=O)(=O)N[C@@H](Cc3nc4ccccc4s3)C(=O)N3CCC(CCF)CC3)c1)NCC(C)(C)C2,6.903089986991944
CC(C)(C)OC(=O)N[C@@H](C(=O)N1CCC[C@H]1C(=O)NCC1CCc2n[nH]cc2C1)C(c1ccccc1)c1ccccc1,6.275724130399211
CC1(C)[C@H]2C[C@@H]1[C@]1(C)OB([C@H](CCCCN)NC(=O)Cn3nc(Cc4nnn[nH]4)nc3Cc3ccccc3)O[C@@H]1C2,6.455931955649724
CC1(C)[C@H]2C[C@@H]1[C@]1(C)OB([C@H](CCCCN)NC(=O)Cn3ncnc3Cc3ccccc3)O[C@@H]1C2,7.508638306165727
CC1(C)[C@H]2C[C@@H]1[C@]1(C)OB([C@H](CCCCN)NC(=O)Cn3nc(Cc4ccccc4)nc3Cc3ccccc3)O[C@@H]1C2,7.387216143280264
C[S+](O)Cc1nc(Cc2ccccc2)n(CC(=O)N[C@@H](CCCCN)B2O[C@@H]3C[C@@H]4C[C@@H](C4(C)C)[C@]3(C)O2)n1,7.327902142064283
CC1(C)CNc2c(cc(CCC(=O)N3CCN(Cc4ccncc4)CC3)cc2S(=O)(=O)N[C@@H](Cc2nc3ccccc3s2)C(=O)N2CCC(CCF)CC2)C1,7.568636235841013
CC1(C)CNc2c(cccc2S(=O)(=O)N[C@@H](CCCN=C(N)N)C(=O)N2CCC(CCF)CC2)C1,8.221848749616356
CC(C)(C)OC(=O)/C=C/c1nc(Cc2ccccc2)n(CC(=O)N[C@@H](CCCCN)B2O[C@@H]3C[C@@H]4C[C@@H](C4(C)C)[C@]3(C)O2)n1,6.823908740944319
CC1(C)[C@H]2C[C@@H]1[C@]1(C)OB([C@H](CCCCN)NC(=O)Cn3nc(CC#N)cc3CCc3ccccc3)O[C@@H]1C2,8.337242168318426
CNC(=O)[C@H](CC1CCCN(C(=N)N)C1)NC(=O)CN1C(=O)CN(CCCc2ccccc2)C(=O)[C@H]1Cc1ccccc1,7.259637310505756
CN(CC(=O)N[C@@H](CCCSC(=N)N)B(O)O)C(=O)CCc1ccccc1,9.522878745280336
CS(=O)(=O)c1ccccc1-c1ccc(NC(=O)c2cc(C(F)(F)F)nn2-c2cccc(CN)c2)cc1,5.236572006437063
N=C(N)NCCCC(NC(=O)[C@@H]1CC[C@H]2CN(C(=O)COc3ccccc3)CC(=O)N21)C(=O)c1nccs1,7.795880017344075
CCc1nc2ccc(OC3CCN(C(C)=N)CC3)cc2n1Cc1ccc(-c2ccc(C(=N)N)cc2)cc1,7.657577319177793
Cc1cc(C(=O)Nc2ccc(-c3ccccc3S(C)(=O)=O)cc2F)n(-c2cccc(CN)c2)n1,4.853871964321762
Cc1cc(C(=O)Nc2ccc(-c3ccccc3S(N)(=O)=O)cc2Br)n(-c2cccc(C(=N)N)c2)n1,6.698970004336019
N=C(N)N1CCC(OCCC2CCCCN2C(=O)[C@@H](Cc2ccccc2)NCC(=O)O)CC1,6.431798275933005
CCc1nc2cc(OC3CCN(C(C)=N)CC3)ccc2n1Cc1ccc(-c2ccc(C(=N)N)cc2)cc1,5.823908740944319
N=C(N)c1cccc(-n2nc(C(F)(F)F)cc2C(=O)Nc2ccc(-c3ccccc3S(N)(=O)=O)cn2)c1,6.3979400086720375
Cc1nc(N)ccc1CNC(=O)Cn1c(C)ccc(NS(=O)(=O)Cc2ccccc2)c1=O,9.30102999566398
NCc1cccc(-n2nc(C(F)(F)F)cc2C(=O)Nc2ccc(-c3ccccc3S(N)(=O)=O)cc2)c1,4.853871964321762
N=C(N)NCCCC(NC(=O)[C@@H]1CC[C@H]2CN(C(=O)CCc3ccccn3)CC(=O)N21)C(=O)c1nccs1,8.522878745280337
CCS(=O)(=O)N[C@H](Cc1ccccc1)C(=O)N1CCC[C@H]1C(=O)NCC1CCN(C(=N)N)CC1,7.823908740944319
COc1ccc(CCC(=O)N2CC(=O)N3[C@@H](CC[C@H]3C(=O)NC(CCCN=C(N)N)C(=O)c3nccs3)C2)cc1,9.30102999566398
N=C(N)N1CCC(OCCC2CCCCN2C(=O)[C@H](N)Cc2ccccc2)CC1,7.251811972993799
Cc1cc(C(=O)Nc2ccc(-c3ccccc3S(C)(=O)=O)cc2)n(-c2cccc(C(=N)N)c2)n1,6.7447274948966935
N=C(N)NCCCC(NC(=O)[C@@H]1CC[C@H]2CN(C(=O)Cc3ccccc3)CC(=O)N21)C(=O)c1nccs1,8.602059991327963
CCOC(=O)CC(CCc1ccc(C(=N)N)cc1)c1ccccc1,5.207608310501746
COC(=O)CC(CCc1ccc(C(=N)N)cc1)c1cccc(C(=N)N)c1,5.920818753952375
CC1(C)CNc2c(cccc2S(=O)(=O)NC(Cc2nc(CN)cs2)C(=O)N2CCC(CCO)CC2)C1,6.119186407719209
CC1(C)C2CC1[C@]1(C)OB([C@H](CCCN=C(N)N)NC(=O)c3cccc(-c4ccccc4)c3)O[C@@H]1C2,6.958607314841775
CC1(C)C2CC1[C@]1(C)OB([C@H](CCCN=C(N)N)NC(=O)c3cccc(-c4cccc(NS(C)(=O)=O)c4)c3)O[C@@H]1C2,8.455931955649724
CC1(C)C2CC1[C@]1(C)OB([C@H](CCCN=C(N)N)NC(=O)c3ccc(-c4ccccc4)o3)O[C@@H]1C2,6.863279432843593
N=C(N)c1ccc(COc2cccc(CCNS(=O)(=O)c3ccc(Cl)cc3)c2)cc1,5.823908740944319
C=CCC1(CC=C)C(=O)N2CC(C)=CC(C(=O)NC(CCCCN)C(=O)C(=O)NCCc3ccc(C(N)=O)cc3)N2C1=O,7.744727494896693
CC1=CC(C(=O)NC(CCCCN)C(=O)C(=O)NCCc2ccc(C(N)=O)cc2)n2c(=O)n(CC(c3ccccc3)c3ccccc3)c(=O)n2C1,10.455931955649724
N=C(N)c1ccc2[nH]c(-c3ccccc3O)cc2c1,4.886056647693163
O=S(=O)(Nc1cccc(OCCNc2ccncc2)c1)c1ccc2ccccc2c1,5.154901959985743
Cc1ccc(O)c(-c2nc3cc(C(=N)N)ccc3[nH]2)c1,4.187086643357144
CCCCC1(CCCC)C(=O)N2CC(C)=CC(C(=O)NC(CCCCN)C(=O)C(=O)NCCc3ccc(C(N)=O)cc3)N2C1=O,9.69897000433602
Cc1cc(-c2ccccc2S(N)(=O)=O)ccc1C(=O)N[C@@H](CCCN=C(N)N)B1O[C@@H]2CC3CC(C3(C)C)[C@]2(C)O1,9.036212172654444
NCCCC[C@H](NC(=O)[C@@H]1CCCN1C(=O)CC(c1ccccc1)c1ccccc1)C(=O)c1nccs1,6.694648630553377
CC[C@H](C)[C@H](NC(=O)[C@H]1CCCN1C(=O)[C@H](CCC(=O)O)NC(=O)[C@@H](Cc1ccc(O)cc1)NC(=O)CC(N)C(=O)CCCCCCCNc1cccc2c(N(C)C)cccc12)C(=O)N1CCC[C@@H]1C(=O)N[C@@H](CCC(=O)O)C(=O)N[C@H](CCC(=O)O)C(=O)N[C@@H](C)C(=O)N[C@H](CC1CCCCC1)C(=O)N[C@@H](CCC(=O)O)C(=O)O,7.0
NCCCC[C@H](NC(=O)[C@@H]1CCCN1C(=O)[C@H](N)Cc1ccccc1)C(=O)c1nccs1,6.8297382846050425
O=C(O)COc1cc(Cc2cc(OCc3ccccc3)c(Cc3cc(OCc4ccccc4)c(Cc4cc(OCc5ccccc5)c(Cc5cc(O)ccc5OCC(=O)O)cc4OCC(=O)O)cc3OCC(=O)O)cc2OCC(=O)O)c(OCc2ccccc2)cc1CO,6.1249387366083
CS(=O)(=O)NCC1(C(=O)Nc2ccc(-c3ccccc3S(N)(=O)=O)cn2)CC(c2ccc3onc(N)c3c2)=NO1,5.2839966563652006
Cc1cnc(NCCc2ccccn2)c(=O)n1CC(=O)NCc1ccc2[nH]ccc2c1,8.795880017344075
CC[C@H](C)[C@H](NC(=O)[C@H]1CCCN1C(=O)[C@H](CCC(=O)O)NC(=O)[C@@H](Cc1ccc(O)cc1)NC(=O)CC(N)C(=O)CCCCCCCNC(=O)c1ccccc1N)C(=O)N1CCC[C@@H]1C(=O)N[C@@H](CCC(=O)O)C(=O)N[C@H](CCC(=O)O)C(=O)N[C@@H](C)C(=O)N[C@H](CC1CCCCC1)C(=O)N[C@@H](CCC(=O)O)C(=O)O,7.0
CC1(C)CCN(C(=O)[C@@H](CC2CCCCC2)NCC(=O)O)[C@@H]1C(=O)N[C@@H](CCCCN)C(=O)C(=O)O,6.424812155072339
Cc1cc(N)nc(C)c1CNC(=O)[C@@H]1CCCN1C(=O)[C@H](NC(=O)OC(C)(C)C)C(C1CCCCC1)C1CCCCC1,8.657577319177793
N=C(N)c1ccc(CN(NS(=O)(=O)c2ccc3ccccc3c2)C(=O)N2CCCCCC2)cc1,7.494850021680094
CC(C)(C)OC(=O)N[C@@H](C(=O)N1CCC[C@H]1C(=O)NCc1ccc(N)nc1)C(C1CCCCC1)C1CCCCC1,8.522878745280337
Nc1nc(CNC(=O)[C@@H]2CCCN2C(=O)[C@H](N)C(c2ccccc2)c2ccccc2)cs1,6.455931955649724
N/C(=N\O)c1cccc(CN(NS(=O)(=O)c2ccc3ccccc3c2)C(=O)N2CCCCCC2)c1,6.229147988357855
N/C(=N\O)c1ccc(CN(NS(=O)(=O)c2ccc3ccccc3c2)C(=O)N2CCCCCC2)cc1,6.6777807052660805
CC1CCCCN1C(=O)N(Cc1ccc(C(=N)NO)cc1)NS(=O)(=O)c1ccc2ccccc2c1,6.366531544420414
O=C(NCc1ccncc1)[C@@H]1CCCN1C(=O)[C@@H](Cc1ccc(Cl)c(Cl)c1)NS(=O)(=O)Cc1ccccc1,6.292429823902063
Cc1cc(N)nc(C)c1CNC(=O)[C@@H]1CCCN1C(=O)[C@H](N)C(C1CCCCC1)C1CCCCC1,8.4089353929735
CC1CCCCN1C(=O)N(Cc1ccc(C(=N)N)cc1)NS(=O)(=O)c1ccc2ccccc2c1,7.070581074285707
Cc1cc(C)cc(C(C)(C)CN(CC(=O)NC(CCCN=C(N)N)B(O)O)C(=O)CCc2ccccc2)c1,9.522878745280336
CCNc1ccc([C@H](NS(=O)(=O)c2cnccc2N[C@H](CO)Cc2ccccc2)C(=O)N2CCC(CCF)CC2)cc1,6.2403321553103694
O=C([C@@H](NS(=O)(=O)c1cnccc1N[C@H](CO)Cc1ccccc1)c1ccc(O)c(O)c1)N1CCC(CCF)CC1,7.086186147616283
N/C=N/CCCC(NC(=O)CN(CC1(c2ccccc2)CC1)C(=O)CCc1ccccc1)B(O)O,9.080921907623926
CC(C)(CN(CC(=O)NC(CCCN=C(N)N)B(O)O)C(=O)CCc1ccccc1)c1ccccc1,10.221848749616356
O=C([C@@H](NS(=O)(=O)c1cnccc1N[C@H](CO)Cc1ccccc1)C1CCCCC1)N1CCC(CCF)CC1,4.927750102386486
O=C([C@@H](NS(=O)(=O)c1cnccc1N[C@H](CO)Cc1ccccc1)c1ccccc1)N1CCC(CCF)CC1,7.0
NCCCCC(NC(=O)CN(CC1(c2ccccc2)CC1)C(=O)CCc1ccccc1)B(O)O,9.366531544420411
CC(C)[C@H](NS(=O)(=O)c1cnccc1N[C@H](CO)Cc1ccccc1)C(=O)N1CCC(CCF)CC1,5.186419011431808
CC(C)COc1cccc(-c2nc3cc(C(=N)N)c(Cl)cc3[nH]2)c1O,4.045757490560675
CN(C(=O)[C@H](Cc1ccc(C(=N)NN)cc1)NS(=O)(=O)c1ccc2ccccc2c1)C1CCCC1,9.412663265492744
CCC(C)(C)C(NC(=O)[C@@H]1CCCN1C(=O)[C@@H](NC(=O)OCc1ccccc1)C(c1ccccc1)c1ccccc1)B1O[C@@H]2CC3CC(C3(C)C)[C@]2(C)O1,10.508638306165729
CN(C(=O)[C@H](Cc1ccc(CN)cc1)NS(=O)(=O)c1ccc2cc3ccccc3cc2c1)C1CCCC1,8.244125144327509
Cc1cnc(NCCc2ccccc2)c(=O)n1CC(=O)NCc1ccc(C(=N)NO)s1,7.511449283499556
N=C(N)c1cc2[nH]c(-c3cccc(OCC4CCCNC4)c3O)nc2cc1F,4.301029995663981
CC1(C)C2CC1[C@]1(C)OB(C(Cc3ccccc3)NC(=O)[C@@H]3CCCN3C(=O)[C@@H](NC(=O)OCc3ccccc3)C(c3ccccc3)c3ccccc3)O[C@@H]1C2,10.024568191490737
O=C(Cn1c(C(F)(F)F)cnc(NCC(F)(F)c2ccccn2)c1=O)NCc1ncccc1F,7.356547323513812
CN(C(=O)[C@H](Cc1ccc(CN)cc1)NS(=O)(=O)c1ccc2ccccc2c1)C1CCCC1,7.73754891026957
Cc1cnc(NCC2(c3ccc(Cl)cc3)CCC2)c(=O)n1CC(=O)NCc1cnc(N)cn1,8.259637310505756
Cc1nc(N)ccc1CNC(=O)Cn1c(C)cnc(NCCc2cccnc2)c1=O,9.267606240177033
Cc1cnc(NCC(F)(F)c2ccccn2)c(=O)n1CC(=O)NCc1ccccn1,7.823908740944319
N=C(N)c1ccc2[nH]c(-c3cccc(OC4CCCC4)c3O)nc2c1,4.823908740944319
N=C(N)NCCC[C@@H](NC(=O)Cn1cccc(NS(=O)(=O)Cc2ccccc2F)c1=O)C(=O)O,9.2518119729938
CC(C)COc1cccc(-c2cc3cc(C(=N)N)ccc3[nH]2)c1O,5.1249387366083
N=C(N)c1ccc2[nH]c(-c3cccc(Oc4ccccc4)c3O)nc2c1,4.823908740944319
O=C(Cn1c(Cl)cnc(NCC(F)(F)c2ccccn2)c1=O)NCc1ncccc1Cl,8.102372908709558
Cc1cnc(NCC(F)(F)c2ccccn2)c(=O)n1CC(=O)NCc1ncccc1F,8.3767507096021
Cc1ccnc(CNC(=O)Cn2c(Cl)cnc(NCC(F)(F)c3ccccn3)c2=O)c1F,9.045757490560677
O=C(Cn1ccnc(NCC(F)(F)c2ccccn2)c1=O)NCc1ncccc1F,6.853871964321762
CCCCCCCCC(NC(=O)[C@@H]1CCCN1C(=O)[C@H](Cc1ccccc1)NC(=O)OCc1ccccc1)B1O[C@@H]2CC3CC(C3(C)C)[C@]2(C)O1,7.366531544420414
COCC1(C(=O)Nc2ccc(-c3ccccc3S(N)(=O)=O)cc2)CC(c2cccc(C(=N)N)c2)=NO1,5.619788758288394
Cc1cc(OCCCON=C(N)N)cc(C(=O)N(CCC(C)C)Cc2ccoc2)c1,8.154901959985743
O=C(Cn1c(Cl)cnc(NCC(F)(F)c2cccc[n+]2[O-])c1=O)NCc1ccccc1,8.154901959985743
CCOc1ccccc1CNC(=O)Cn1c(Cl)cnc(NCC(F)(F)c2cccc[n+]2[O-])c1=O,8.2839966563652
Cc1cc(OCCCON=C(N)N)cc(C(=O)N(Cc2ccoc2)CC2CC2)c1,7.958607314841775
O=C1Cn2c(Cl)cnc(c2=O)N[C@@H](Cc2ccccc2)CNCCCNCCc2ccccc2CN1,10.045757490560677
C[C@H](CS)C(=O)N1CCC[C@H]1C(=O)O,7.318758762624412
O=C(Cn1c(Cl)cnc(NCC(F)(F)c2cccc[n+]2[O-])c1=O)NCc1ccccc1OC(F)F,8.522878745280337
N=C(N)NOCCCOc1cc(Cl)cc(C(=O)N(CCC(=O)O)CC2CC2)c1,6.671620396561262
N=C(N)NOCCCOc1cc(Cl)cc(C(=O)N2CCOCC2)c1,5.1180450286604
Cc1cc(OCC2(CON=C(N)N)CC2)cc(C(=O)N(Cc2ccoc2)CC2CC2)c1,8.397940008672037
CCSCCN(Cc1ccoc1)C(=O)c1cc(C)cc(OCCCON=C(N)N)c1,8.221848749616356
CCCN(Cc1nccs1)C(=O)c1cc(C)cc(OCCCON=C(N)N)c1,6.709965388637482
O=C1Cn2c(Cl)cnc(c2=O)N[C@@H](Cc2ccccc2)CNCCOCCOc2ccc(Cl)cc2CN1,10.30102999566398
CCCN(Cc1ccoc1)C(=O)c1cc(C)cc(OCCCON=C(N)N)c1,8.045757490560675
Cc1ccccc1CNC(=O)Cn1c(Cl)cnc(NCC(F)(F)c2cccc[n+]2[O-])c1=O,8.200659450546418
C=CCN(Cc1cccs1)C(=O)c1cc(Cl)cc(OCCCONC(=N)N)c1,6.832682665251824
Cc1cc(OCCCON=C(N)N)cc(C(=O)N(Cc2cccnc2)CC2CC2)c1,7.468521082957745
CCCN(Cc1cccnc1)C(=O)c1cc(C)cc(OCCCON=C(N)N)c1,7.2839966563652
COC(=O)CCN(CC1CC1)C(=O)c1cc(Cl)cc(OCCCON=C(N)N)c1,7.42021640338319
CCCN(CC1CC1)C(=O)c1cc(Cl)cc(OCCCON=C(N)N)c1,7.638272163982407
Cc1cccc(CNC(=O)Cn2c(Cl)cnc(NCC(F)(F)c3cccc[n+]3[O-])c2=O)c1,9.096910013008056
COc1ccc(C[C@@H](CO)Nc2ccncc2S(=O)(=O)N[C@@H](Cc2ccc(N)cc2)C(=O)N2CCC(CCF)CC2)cc1,7.721246399047171
O=C([C@H](Cc1ccc(O)cc1)NS(=O)(=O)c1cnccc1N[C@H](CO)Cc1ccccc1)N1CCC(CCF)CC1,7.387216143280264
Nc1ccc(C[C@H](NS(=O)(=O)c2cnccc2N[C@H](CO)Cc2ccccc2)C(=O)N2CCC(CCF)CC2)cc1,7.4089353929735005
CC(=O)N1CCN(C[C@H](Cc2ccccc2)Nc2ccncc2S(=O)(=O)N[C@@H](Cc2ccc(N)cc2)C(=O)N2CCC(CCF)CC2)CC1,7.619788758288394
Nc1ccc(C[C@H](NS(=O)(=O)c2cnccc2N[C@@H](Cc2ccccc2)CN2CCNC(=O)C2)C(=O)N2CCC(CCF)CC2)cc1,7.045757490560675
Cc1cc(NS(=O)(=O)c2ccccc2)cc(OCCCN=C(N)N)c1,6.200659450546418
Cc1ccc(NS(=O)(=O)Cc2cccc(C(F)(F)F)c2)c(=O)n1CC(=O)NCC1CCc2n[nH]cc2C1,6.250263684430939
N=C(N)c1ccc2ncn(CC(=O)c3ccc(-c4ccccc4)cc3)c2c1,5.920818753952375
CNS(=O)(=O)c1ccccc1-c1ccc(NC(=O)Cc2c[nH]c3ccc(C(=N)N)cc23)cc1,6.045757490560675
Cc1cc(-c2ccccc2S(N)(=O)=O)ccc1NC(=O)Cc1c[nH]c2ccc(C(=N)N)cc12,6.0
N=C(N)c1ccc2ncn(CC(=O)Nc3ccc(-c4ccccc4)cc3)c2c1,5.327902142064283
Cc1ccc(NS(=O)(=O)Cc2ccc(F)cc2Cl)c(=O)n1CC(=O)NC1CCc2nc(N)sc2C1,6.804100347590766
Cc1ccc(NS(=O)(=O)Cc2ccc(F)cc2)c(=O)n1CC(=O)NCC1CCc2n[nH]cc2C1,6.826813731587726
NCCCC[C@H](NC(=O)[C@@H]1CCN2CC[C@@](N)(Cc3ccccc3)CN12)C(=O)C(=O)NCc1ccccc1,5.698970004336019
N=C(N)c1ccc(O)c(CN2CC[C@H](NS(=O)(=O)c3cc4ccncc4s3)C2=O)c1,5.698970004336019
COc1ccc(CCNC(=O)C(=O)[C@H](CCCN=C(N)N)NC(=O)[C@@H]2CCN3CC[C@@](N)(Cc4ccccc4)CN23)cc1,9.346787486224656
N=C(N)c1ccc(O)c(CN2CC[C@H](NS(=O)(=O)c3cc4nc(Cl)ccc4s3)C2=O)c1,6.036212172654444
NCc1ccc(C[C@H](NS(=O)(=O)c2ccc3ccccc3c2)C(=O)N2CCCC2)cc1,6.698970004336019
N=C(N)N1CCC[C@H](C(=O)NC[C@@H]2CCCN2C(=O)[C@H](CO)NS(=O)(=O)c2ccc3ccccc3c2)C1,8.453457336521868
N=C(N)NCCC[C@H](NC(=O)[C@@H]1CCN2CC[C@@](N)(Cc3ccccc3)CN12)C(=O)c1nc2ccccc2s1,9.187086643357144
Cn1ccnc1-c1cccc(Oc2cc(C(=O)O)cc(Oc3cc(C(=N)N)ccc3O)n2)c1,6.7447274948966935
CC(=N)N1CCC(Oc2ccc(NC/C=C/c3cccc(C(=N)N)c3)cc2C(F)(F)F)CC1,5.669586226650809
CCOC(=O)CCC(=O)N(C/C=C/c1cccc(C(=N)N)c1)c1ccc(OC2CCN(C(C)=N)CC2)c(C(F)(F)F)c1,6.0
CC(=N)N1CCC(Oc2ccc3c(nc(C)n3Cc3ccc4ccc(C(=N)N)cc4c3)c2[N+](=O)[O-])CC1,5.301029995663981
CN(CC(=O)N[C@@H](CCCCN)B(O)O)C(=O)c1ccccc1S(=O)(=O)c1ccccc1,7.013228265733755
Cc1cc(OCCCON=C(N)N)cc(OS(=O)(=O)c2ccccc2C#N)c1,8.00436480540245
COc1ccccc1S(=O)(=O)Oc1cc(C)cc(OCCCON=C(N)N)c1,8.173925197299173
CN(C(=O)[C@H](CC#Cc1ccc(N)c(N)c1)NS(=O)(=O)c1ccc2ccccc2c1)C1CCCC1,6.657577319177793
COc1cccc(COc2ccc(C(C)NC(=O)CNC(=O)Nc3ccc(C(=N)N)cc3)cc2)c1,5.638272163982407
CC(C)(C)OC(=O)N(CCOc1cccc(N(S(=O)(=O)c2ccccc2)S(=O)(=O)c2ccccc2)c1)c1ccncc1,6.013228265733755
COC(=O)C(=O)C(NC(=O)[C@@H]1CC[C@H]2CN(S(=O)(=O)Cc3ccccc3)CC(=O)N21)[C@H]1CC[C@H](N)CC1,9.886056647693165
CN(CC(=O)N[C@@H](CCCCN)B(O)O)C(=O)c1ccccc1Sc1ccccc1,8.795880017344075
Cc1cc(OCCNc2ccncc2)cc(OS(=O)(=O)c2cccs2)c1,8.301029995663981
CC(NC(=O)CNC(=O)Nc1ccc(C(=N)N)cc1)c1ccc(C(=O)Nc2ccccc2)cc1,4.91721462968355
CNC(=O)C(=O)C(NC(=O)[C@@H]1CC[C@H]2CN(S(=O)(=O)Cc3ccccc3)CC(=O)N21)[C@H]1CC[C@H](N)CC1,9.481486060122112
CC(NC(=O)CNC(=O)Nc1ccc(C(=N)N)cc1)c1ccc(OCc2cccc(Cl)c2)cc1,5.638272163982407
CN(C(=O)[C@H](CC#Cc1ccc(N)cc1)NS(=O)(=O)c1ccc2ccccc2c1)C1CCCC1,6.537602002101044
COC(=O)[C@H](Cc1cccc(C(=N)N)c1)[C@@H](CC1CCCCC1)NC(=O)c1ccc(-c2cccc(CN)c2)cc1,6.187086643357144
Cc1cc(OCCCON=C(N)N)cc(OS(=O)(=O)c2ccccc2S(=O)(=O)c2ccccc2)c1,8.318758762624412
N[C@H]1CC[C@H](C(NC(=O)[C@@H]2CC[C@H]3CN(S(=O)(=O)Cc4ccccc4)CC(=O)N32)C(=O)C(=O)NCC(=O)O)CC1,8.669586226650809
Cc1cc(OCCNc2ccncc2)cc(OS(=O)(=O)c2ccccc2[N+](=O)[O-])c1,8.221848749616356
C[C@H](NC(=O)CNC(=O)Nc1ccc(C(=N)N)cc1)c1ccccc1,4.294992040666664
N=C(N)c1ccc(NC(=O)NCC(=O)NCc2ccc(Cl)c(Cl)c2)cc1,4.995678626217358
CNc1ncc(C#CC[C@H](NS(=O)(=O)c2ccc3ccccc3c2)C(=O)N(C)C2CCCC2)cn1,5.455931955649724
CNC(=O)C(=O)[C@@H](NC(=O)[C@@H]1CCCN1C(=O)[C@@H](Cc1ccccc1)NC)[C@H]1CC[C@H](N)CC1,10.045757490560677
CN(CC(=O)N[C@@H](CCCCN)C(=O)C(=O)Nc1ccccc1)C(=O)c1ccccc1Sc1ccccc1C#N,7.221848749616356
N=C(N)NS(=O)(=O)C(F)(F)F,6.050609993355087
N=C(N)NNS(=O)(=O)c1ccc(Cl)cc1,6.673664139071248
Cc1cccc2c1cc(C(=O)NCc1cc(Cl)cc(Cl)c1)n2Cc1cccc(C(=N)N)c1,5.79317412396815
N=C(N)NS(=O)(=O)c1ccc(NC(=O)[C@@H](Cc2ccccc2)NC(=O)OCc2ccccc2)cc1,7.267606240177032
N=C(N)c1cccc(Cn2c(C(=O)NCc3cc(Cl)cc(Cl)c3Cl)cc3c(O)cccc32)c1,6.568636235841013
N=C(N)c1cccc(CNC(=O)c2cc3cc(N)ccc3n2Cc2cccc(C(=N)N)c2)c1,4.00436480540245
COC(=N)NS(=O)(=O)c1cc(Cl)cc(Cl)c1O,6.769551078621726
N=C(N)NS(=O)(=O)c1c(Br)c(Br)c(Br)c(Br)c1C(=O)O,6.647817481888637
Cc1ccc(S(=O)(=O)NC(=O)N2CCCC2C(=O)Nc2ccc(S(=O)(=O)NN=C(N)N)cc2)cc1,7.366531544420414
COC(=N)NS(=O)(=O)C(F)(F)C(F)(F)C(F)(F)C(F)(F)F,6.247951552180561
N=C(N)NS(=O)(=O)c1cccs1,6.732828271596986
N=C(N)c1cccc(Cn2c(C(=O)NCc3cc(C(F)(F)F)cc(C(F)(F)F)c3)cc3c(O)cccc32)c1,5.928117992693875
N=C(N)NNS(=O)(=O)c1cccc(C(=O)O)c1,6.950781977329818
Cc1ccc(S(=O)(=O)NC(=O)NCCC(=O)N[C@@H](Cc2c[nH]cn2)C(=O)Nc2ccc(S(=O)(=O)NN=C(N)N)cc2)cc1,8.0
COC(=N)NS(=O)(=O)c1ccc(NC(=O)C2CCCN2C(=O)[C@H](Cc2ccccc2)NC(=O)OCc2ccccc2)cc1,7.795880017344075
COc1ccc(S(=O)(=O)N=C(N)N)cc1N,6.987162775294828
Cc1ccc(S(=O)(=O)NC(=O)N2CCCC2C(=O)Nc2ccc(S(=O)(=O)N=C(N)N)cc2)cc1,7.318758762624412
Cc1ccc(NS(=O)(=O)Cc2ccccc2)c(=O)n1CC(=O)NC1CCc2nn(C)cc2C1,4.6020599913279625
Nc1noc2ccc(-n3nnnc3C(=O)Nc3ccc(-c4ccccc4S(N)(=O)=O)cc3)cc12,5.823908740944319
NC(N)c1ccc(CC(=O)C(=O)O)cc1,6.2076083105017466
COc1ccc(-n2nnnc2C(=O)Nc2ccc(-c3ccccc3S(N)(=O)=O)cc2)cc1,5.0
Nc1noc2ccc(-n3nnnc3C(=O)Nc3ccc(-c4ccccc4S(N)(=O)=O)cc3F)cc12,6.221848749616356
Cc1nc(N)ccc1CNC(=O)Cn1c(C)cc(S(=O)(=O)C2CC2)c(N)c1=O,7.769551078621726
CCS(=O)(=O)c1cc(-c2cc(C(=O)Nc3cccc(OC4CCCC4)c3)cc3ccc(C(=N)N)cc23)co1,6.214670164989233
CCSc1cc(-c2cc(C(=O)Nc3ccccc3)cc3ccc(C(=N)N)cc23)co1,6.920818753952375
N#Cc1cc(Cc2c(-c3ccc(OCCN4CCCC4)cc3)sc3cc(O)ccc23)ccc1CN1CCCC1,8.142667503568731
COc1cc(Cc2c(-c3ccc(NC(=O)CN(C)C)cc3)sc3cc(O)ccc23)ccc1CN1CCCC1,8.638272163982407
Cc1nc(N)ccc1CNC(=O)Cn1c(C)cc(S(=O)(=O)c2ccccc2)c(N)c1=O,8.42021640338319
COc1ccc2ccc(C(=N)N)cc2c1-c1cnn(S(C)(=O)=O)c1,5.1487416512809245
Cc1ccc(NC(=O)CCc2ccccc2)c(=O)n1CC(=O)NCC1CCN(C(=N)N)CC1,7.022276394711152
Cc1ccc(S(=O)(=O)Nc2ccc(C)n(CC(=O)NC[C@H]3CC[C@H](N)CC3)c2=O)cc1,7.327902142064283
Cc1nc(N)ccc1CNC(=O)Cn1c(C(F)(F)F)ccc(NS(=O)(=O)Cc2ccc(Cl)cc2)c1=O,8.585026652029182
CNC(=O)OCCC1CCN(C(=O)[C@H](Cc2nc3ccccc3s2)NS(=O)(=O)c2cccc3c2NCC(C)(C)C3)CC1,7.42021640338319
CC1(C)CNc2c(cccc2S(=O)(=O)N[C@@H](Cc2nc3ccccc3s2)C(=O)N2CCN(CCO)CC2)C1,6.455931955649724
CC(C)(C)c1ccc(C(=O)NC/C=C/c2cc(C(=N)N)ccc2O)cc1,5.494850021680094
CN(C)C(=O)NCCC1CCN(C(=O)[C@H](Cc2nc3ccccc3s2)NS(=O)(=O)c2cccc3c2NCC(C)(C)C3)CC1,6.0
CCOC(=O)N1CCN(C(=O)[C@H](Cc2ccc(C(N)NN)cc2)NS(=O)(=O)c2ccc3ccccc3c2)CC1,5.481486060122113
O=C(O)CN[C@H](CC1CCCCC1)C(=O)N1CCC[C@H]1C(=O)NCC#Cc1c[nH]cn1,6.318758762624412
Cc1cc(OCc2ccc(C(=N)N)cc2)cc(OS(=O)(=O)c2ccccc2Cl)c1,6.958607314841775
N[C@@H](C(=O)N1CCC[C@H]1C(=O)NCC#Cc1c[nH]cn1)C(c1ccccc1)c1ccccc1,7.903089986991944
COc1cc(OCC2CCN(C(=N)N)CC2)cc(OS(=O)(=O)c2ccccc2Cl)c1,7.356547323513812
CC(=O)N[C@H](Cc1ccccc1)C(=O)N1CCC[C@H]1C(=O)N[C@@H](CCCSc1ncccn1)B1O[C@@H]2CC3CC(C3(C)C)[C@]2(C)O1,5.698970004336019
Cc1cc(OCc2cccc(C(=N)N)c2)cc(OS(=O)(=O)c2ccccc2Cl)c1,7.00436480540245
N=C(N)c1cccc(CN2CC[C@H](NS(=O)(=O)c3ccc4ccc(N)cc4c3)C2=O)c1,5.585026652029182
CN(C(=O)[C@H](Cc1ccc(C(N)NN)cc1)NS(=O)(=O)c1ccc2c(c1)CCCCC2)C1CCCC1,10.346787486224656
CCc1ccc2ccc(S(=O)(=O)N[C@H]3CCN(Cc4cccc(C(=N)N)c4)C3=O)cc2c1,5.795880017344075
N=C(N)N1CCC(COc2cc(CO)cc(OS(=O)(=O)c3ccccc3Cl)c2)CC1,6.309803919971486
Cc1cc(OC[C@H]2CC[C@H](C(=N)N)CC2)cc(OS(=O)(=O)c2ccccc2Cl)c1,5.6777807052660805
COc1ccc2cc(S(=O)(=O)N[C@H]3CCN(Cc4cccc(C(=N)N)c4)C3=O)ccc2c1,6.045757490560675
CCCCS(=O)(=O)N[C@H](Cc1ccccc1)C(=O)N1CCC[C@H]1C(=O)N[C@@H](CCCNc1cc(Cl)nc(N)n1)B1O[C@@H]2CC3CC(C3(C)C)[C@]2(C)O1,8.67778070526608
N=C(N)c1cccc(CNC(=O)CNS(=O)(=O)c2ccc3ccccc3c2)c1,6.200659450546418
N=C(N)c1cccc(CN2CC[C@H](NS(=O)(=O)c3ccc4ccc(Cl)cc4c3)C2=O)c1,5.920818753952375
CCN([C@H]1CCN(Cc2cccc(C(=N)N)c2)C1=O)S(=O)(=O)c1ccc2ccc(OC)cc2c1,6.055517327849832
Cn1cncc1C#CCNC(=O)[C@@H]1CCCN1C(=O)[C@@H](Cc1ccccc1)NC(=O)OC(C)(C)C,5.259637310505756
CN(C(=O)[C@H](Cc1ccc(C(N)NN)cc1)NS(=O)(=O)c1cccc2c1CCCC2)C1CCCC1,8.42021640338319
N=C(N)c1ccc(F)c(CN2CC[C@H](NS(=O)(=O)c3ccc(-c4cccnc4)s3)C2=O)c1,5.3979400086720375
CCN(CC)c1cccc(Oc2nc(Oc3cccc(C(=N)N)c3)c(F)c(C)c2F)c1,6.136677139879544
N=C(N)c1cccc(C(=O)N[C@@H](C(=O)NCCc2ccccc2)c2ccccc2)c1,5.508638306165727
Cc1ccc(O)c(-c2cc3cc(C(=N)N)ccc3[nH]2)c1,4.638272163982407
COc1c(Br)cc(CCC(=O)O)cc1-c1[nH]c2ccc(C(=N)N)cc2c1Cc1ccccc1,5.6020599913279625
COC(=O)CC1(C(=O)Nc2cccc(C(=N)N)c2)CC(c2cccc(C(=N)N)c2)=NO1,4.928117992693875
N=C(N)c1ccc2[nH]c(-c3cc(CCCC(=O)O)cc(Br)c3O)c(Cc3ccccc3)c2c1,7.397940008672037
N=C(N)c1cccc(C(=O)N[C@@H](C(=O)N2CCC(C(=O)c3ccccc3)CC2)c2ccccc2)c1,5.8996294548824375
N=C(N)c1cccc(C(=O)N[C@@H](C(=O)N2CCC(Cc3ccccc3)CC2)c2ccccc2)c1,5.8696662315049934
O=C([C@H](Cc1ccccc1)NS(=O)(=O)c1cnccc1N[C@H](COCCO)Cc1ccccc1)N1CCC(CCF)CC1,6.657577319177793
CCC1CCN(C(=O)[C@H](Cc2ccc(N)cc2)NS(=O)(=O)c2cnccc2N[C@@H](Cc2ccccc2)CN2CCOCC2)CC1,7.207608310501746
O=C([C@H](Cc1ccc(O)cc1)NS(=O)(=O)c1cnccc1N[C@H](COCCO)Cc1ccccc1)N1CCC(CCCl)CC1,7.552841968657781
COC(=O)CNC(=O)CC1(C(=O)Nc2ccc(C(=N)N)cc2)CC(c2cccc(C(=N)N)c2)=NO1,5.508638306165727
N=C(N)c1cccc(Oc2ccc(NC(=O)c3ccccc3)c(Oc3cccc(C(=N)N)c3)n2)c1,5.468521082957745
N=C(N)N1CCC(CC(=O)CN2C(=O)[C@@H](NS(=O)(=O)c3ccc4c(c3)CCO4)CCc3ccccc32)CC1,7.214670164989233
N=C(N)c1ccc(Oc2cc(Oc3ccc(C(=N)N)cc3)c(Cl)cc2Cl)cc1,5.6020599913279625
O=C(Cn1ccnc(NCC(F)(F)c2ccccn2)c1=O)NCc1cc(Cl)ccc1-n1cnnn1,10.481486060122112
N/C(=N\O)c1ccc(CC(=O)CN2CCCC[C@H](NS(=O)(=O)c3ccc4c(c3)CCO4)C2=O)cc1,6.620331965966346
N=C(N)c1ccc(Oc2cccc(Oc3ccccc3C(=N)N)n2)cc1,5.920818753952375
Cc1ccc(NS(=O)(=O)Cc2ccccc2)c(=O)n1CC(=O)NCc1ccccc1-n1cncn1,8.136677139879543
N=C(N)c1ccc2cc(C(=O)Nc3ccc4c(c3)C(C3CCCC3)NCC4)ccc2c1,4.9931062920521
O=C(Cn1c(Cl)cnc(NCC(F)(F)c2cccc[n+]2[O-])c1=O)NCc1ccccc1-n1cncn1,9.67778070526608
CN(C(=O)[C@H](Cc1ccc(C(=N)NN)cc1)NS(=O)(=O)c1ccc2c(c1)CCCC2)C1CCCC1,10.0
CCOC(=O)C(Oc1ccc2c(c1)CN(C(=N)N)CC2)c1ccc(OC2CCN(C(=N)CC)CC2)cc1,4.698970004336019
CN[C@H](Cc1ccccc1)C(=O)N1CCC[C@H]1C(=O)N[C@@H](CCCNC(=N)N)C(=O)c1nc2ccccc2n1C,8.09151498112135
COc1ccc(SCC(C(=O)O)n2c(=O)n3n(c2=O)C(C(=O)NC[C@H]2CC[C@H](N)CC2)C=CC3)cc1,8.327902142064282
NCCCC[C@H](NC(=O)CN(C(=O)CCc1ccccc1)C1CC1)B(O)O,9.161150909262744
COC(=O)C(CSc1ccccc1)n1c(=O)n2n(c1=O)C(C(=O)NC[C@H]1CC[C@H](N)CC1)C=CC2,8.537602002101044
COC(=O)C(CSc1ccc(Br)cc1)n1c(=O)n2n(c1=O)C(C(=O)NCc1ccc(N)nc1C)C=CC2,7.080921907623926
Cc1nc(N)ccc1CNC(=O)C1C=CCn2c(=O)n(C(CSc3ccc(Br)cc3)C(=O)OC(C)C)c(=O)n21,10.060480747381382
Cc1nc(N)ccc1CNC(=O)C1C=CCn2c(=O)n(C(CSc3ccc(Cl)c(Cl)c3)C(=O)N3CCCC3)c(=O)n21,7.744727494896693
Cc1cc(OCCCCCN=C(N)N)cc(OS(=O)(=O)c2ccccc2Cl)c1,6.585026652029182
C=CCOC(=O)N1CCC(Oc2ccc(C(Oc3ccc4c(c3)CN(C(=N)N)CC4)C(=O)OCC)cc2)CC1,5.3979400086720375
Cc1cc(OCC2CCCN(C(=N)N)C2)cc(OS(=O)(=O)c2ccccc2Cl)c1,6.494850021680094
N=C(N)c1ccc2c(ccn2CC(=O)N2CCC(Cc3ccccc3)CC2)c1,7.744727494896693
CC[C@@H](C)[C@H](NC(=O)[C@@H]1CCCN1C(=O)[C@H](CCC(=O)O)NC(=O)[C@H](Cc1ccc(O)cc1)NC(=O)[C@H](CC(=O)O)NC(=O)CNC(=O)CNC(=O)CNC(=O)CNC(=O)CN(C)CC(=O)[C@H](CCCN=C(N)N)NC(=O)[C@@H]1CCCN1C(=O)[C@H](N)Cc1ccccc1)C(=O)N1CCC[C@H]1C(=O)N[C@@H](CCC(=O)O)C(=O)N[C@@H](CCC(=O)O)C(=O)N[C@@H](Cc1ccc(O)cc1)C(=O)N[C@@H](CC1CCCCC1)C(=O)N[C@@H](CC(=O)O)C(=O)O,10.455931955649724
COC(=O)/C=C/c1cn(CC(=O)N2CCC(Cc3ccccc3)CC2)c2ccc(C(=N)N)cc12,7.552841968657781
N=C(N)c1ccc2c(c1)c(CCO)cn2CC(=O)N1CCC(Cc2ccccc2)CC1,8.154901959985743
CC1CNc2c(cccc2S(=O)(=O)N[C@@H](CCCNC(N)N)C(=O)N2CCCCC2C(=O)O)C1,6.508638306165727
N=C(N)c1ccc2oc(C(=O)N3CCN(C(=O)COc4ccc(OCC(=O)Nc5ccc(-c6c[nH]cn6)cc5)cc4)CC3)cc2c1,5.275724130399211
CS(=O)(=O)N[C@@H](C(=O)N1CCC[C@H]1C(=O)NCc1cc(C(=N)NN)cs1)C(c1ccccc1)c1ccccc1,8.657577319177793
Cc1cc(CNC(=O)[C@@H]2CCCN2C(=O)[C@H](NS(C)(=O)=O)C(c2ccccc2)c2ccccc2)ccc1CN,7.494850021680094
N=C(N)c1ccc2oc(C(=O)N3CCN(C(=O)CC(=O)N4CCN(C(=O)c5cc6cc(C(=N)N)ccc6o5)CC4)CC3)cc2c1,4.086186147616283
CS(=O)(=O)N[C@@H](C(=O)N1CCC[C@H]1C(=O)NCc1ccc(CN)c(N)c1)C(c1ccccc1)c1ccccc1,7.920818753952375
N=C(N)c1ccc2oc(C(=O)N3CCN(C(=O)CCCC(=O)N4CCN(C(=O)c5cc6cc(C(=N)N)ccc6o5)CC4)CC3)cc2c1,4.494850021680094
N=C(N)c1ccc2oc(C(=O)N3CCN(C(=O)CO[C@H]4CCC[C@@H](OCC(=O)N5CCN(C(=O)c6cc7cc(C(=N)N)ccc7o6)CC5)CCC4)CC3)cc2c1,4.823908740944319
CS(=O)(=O)N[C@@H](C(=O)N1CCC[C@H]1C(=O)NCc1ccc(CN)nc1)C(c1ccccc1)c1ccccc1,8.221848749616356
CC1CNc2c(cccc2S(=O)(=O)N[C@@H](CCCNC(N)N)C(=O)N2CC[C@@H](C)C[C@@H]2C(=O)O)C1,7.721246399047171
Cc1ccc(NS(=O)(=O)Cc2ccccc2)c(=O)n1CC(=O)NCc1cc(Cl)ccc1CCN,10.30102999566398
Cc1ccc(NS(=O)(=O)Cc2ccccc2)c(=O)n1CC(=O)NCc1ccccc1N,6.327902142064283
Cc1cnc(NCCc2ccccc2)c(=O)n1CC(=O)NCc1cc(Cl)ccc1CN,9.886056647693165
NCc1ccc(Cl)cc1CNC(=O)[C@@H]1CCCN1C(=O)[C@H](N)Cc1ccccc1,8.481486060122112
CN[C@H](Cc1ccccc1)C(=O)N[C@H](C(=O)NC(CCCN=C(N)N)C(=O)c1nc2ccccc2s1)C(C)C,7.67778070526608
CN[C@H](Cc1ccccc1)C(=O)N1CCC[C@H]1C(=O)N[C@@H](Cc1ccccc1)C(=O)c1nc2ccccc2s1,5.1487416512809245
CN[C@H](Cc1ccccc1)C(=O)N1CCC[C@H]1C(=O)NC(CCCN=C(N)N)C(=O)c1nc(C(=O)O)cs1,8.040958607678906
CCOC(=O)c1csc(C(=O)C(CCCN=C(N)N)NC(=O)[C@@H]2CCCN2C(=O)[C@@H](Cc2ccccc2)NC)n1,8.346787486224656
CN[C@H](Cc1ccccc1)C(=O)N1CCC[C@H]1C(=O)NC(CCCN=C(N)N)C(=O)c1nc2ccc(CO)cc2s1,9.431798275933003
CN[C@H](Cc1ccccc1)C(=O)N1CCC[C@H]1C(=O)NC(CCCN=C(N)N)C(=O)c1nc2ccc(C(=O)OC)cc2s1,8.886056647693163
N=C(N)NCCC[C@H](NC(=O)[C@@H]1CCCN1C(=O)[C@H](CO)NS(=O)(=O)c1cccc2ccccc12)C(=O)c1nc2ccccc2s1,9.102372908709558
CNCc1nccn1-c1ccc(NC(=O)c2cc(C(F)(F)F)nn2-c2ccc3onc(N)c3c2)c(F)c1,5.769551078621726
Nc1noc2ccc(-n3nc(C(F)(F)F)cc3C(=O)Nc3ccc(-n4ccnc4CN4CCCC4)cc3F)cc12,6.221848749616356
CC(C)c1nccn1-c1ccc(NC(=O)c2cc(C(F)(F)F)nn2-c2ccc3onc(N)c3c2)c(F)c1,6.045757490560675
CN[C@H](Cc1c(F)c(F)c(F)c(F)c1F)C(=O)N1CCC[C@H]1C(=O)NC(CCCN=C(N)N)C(=O)c1nc2ccccc2s1,8.42021640338319
COc1cc([C@@H](Nc2ccc(C(=N)N)cc2)C(=O)N[C@H](C(=O)O)c2ccccc2)c(S(=O)(=O)c2ccccc2)cc1OCc1ccccc1,6.267606240177032
COc1cc(CNc2ccc(C(=N)N)cc2)ccc1OCc1ccccc1,6.568636235841013
CC(C)N1CCC(NC(=O)c2cc3ccccc3n2Cc2cc3ccc(Cl)cc3s2)CC1,5.043831569524636
CC(C)(C)[C@@H](O)C(=O)N1CCC[C@H]1C(=O)NCc1cc(Cl)ccc1CN,8.67778070526608
O=C(NC1CCN(C2CC2)CC1)c1cc2ccccc2n1Cc1cc(-c2ccc(Cl)s2)on1,5.0851281824599495
NCc1ccc(Cl)cc1CNC(=O)[C@@H]1CCCN1C(=O)C1(O)c2ccccc2-c2cnccc21,8.920818753952375
O=C(Cc1c(Cl)ccc(NCC(F)(F)c2ccccn2)[n+]1[O-])NCc1ncccc1-n1cncn1,8.602059991327963
N#Cc1ccc(N)[n+]([O-])c1CC(=O)NCc1cc(Cl)ccc1-n1cnnn1,7.744727494896693
FC(F)(CNc1cccc2oc(Cc3ccccc3-n3cnnn3)nc12)c1ccccn1,8.67778070526608
Cc1cc2oc(Cc3cccc(Cl)c3)nc2c(NCCC2CCCCN2)n1,8.508638306165727
CCOc1cc(O[C@H]2CC[C@H](O)CC2)cc(C(Nc2ccc(C(=N)N)cc2)C(=O)O)c1,5.259637310505756
C#Cc1cc(OC2CCOCC2)cc(C(Nc2ccc(C(=N)N)cc2)C(=O)O)c1,5.327902142064283
CCOc1cc(C(Nc2ccc(C(=N)N)cc2)C(=O)O)ccc1OCc1ccccc1,7.070581074285707
N[C@@H](C(=O)N1CCC[C@H]1C(=O)NCc1c[nH]cn1)C(c1ccccc1)c1ccccc1,6.42021640338319
Cc1nc[nH]c1CNC(=O)Cn1c(C)ccc(NS(=O)(=O)Cc2ccccc2)c1=O,8.096910013008056
Cc1ccc(NS(=O)(=O)Cc2ccccc2)c(=O)n1CC(=O)NCCCc1c[nH]cn1,7.468521082957745
Cc1ccc(NS(=O)(=O)Cc2ccccc2)c(=O)n1CC(=O)NCc1c[nH]cn1,6.769551078621726
Nc1ncc(/C=C/CNC(=O)[C@@H]2CCCN2C(=O)[C@H](N)C(c2ccccc2)c2ccccc2)s1,7.522878745280337
N[C@@H](C(=O)N1CCC[C@H]1C(=O)NC/C=C/c1c[nH]cn1)C(c1ccccc1)c1ccccc1,8.698970004336019
Nc1ncc(CNC(=O)[C@@H]2CCCN2C(=O)[C@H](N)C(c2ccccc2)c2ccccc2)s1,6.455931955649724
Nc1noc2ccc(-n3nc(C(F)(F)F)cc3C(=O)Nc3ccc(-c4ccccc4CN4CC[C@@H](O)C4)cc3F)cc12,6.3979400086720375
N=C(N)c1cccc(C[C@H](NS(=O)(=O)c2cccc(NC(=O)CCN)c2)C(=O)N2CCC(CCCN=C(N)N)CC2)c1,5.3979400086720375
N=C(N)c1cccc(C[C@H](NS(=O)(=O)c2cccc(NC(=O)CCN)c2)C(=O)N2CCC(CCCN)CC2)c1,4.886056647693163
N=C(N)c1cccc(C[C@H](NS(=O)(=O)c2ccc(NC(=O)CCN)cc2)C(=O)N2CCC(CCN)CC2)c1,5.055517327849832
N=C(N)NCCC1CCN(C(=O)[C@H](Cc2cccc(C(=N)N)c2)NS(=O)(=O)c2ccc(Oc3ccccc3)nc2)CC1,7.00436480540245
CC(C)c1cc(C(C)C)c(S(=O)(=O)N[C@@H](Cc2cccc(C(=N)N)c2)C(=O)N2CCN(C(=N)N)CC2)c(C(C)C)c1,4.886056647693163
CC(C)c1cc(C(C)C)c(S(=O)(=O)N[C@@H](Cc2cccc(C(=N)N)c2)C(=O)N2CCNCC2)c(C(C)C)c1,5.886056647693163
N=C(N)NCCC(=O)N1CCN(C(=O)[C@H](Cc2cccc(C(=N)N)c2)NS(=O)(=O)c2cccc3ccccc23)CC1,5.6020599913279625
N=C(N)NCCC(=O)N1CCN(C(=O)[C@H](Cc2cccc(C(=N)N)c2)NS(=O)(=O)c2ccc(-c3ccccc3)cc2)CC1,6.236572006437063
CC(C)c1cc(C(C)C)c(S(=O)(=O)N[C@@H](Cc2cccc(C(=N)N)c2)C(=O)N2CCCN(C(=O)CCN=C(N)N)CC2)c(C(C)C)c1,6.2076083105017466
Nc1noc2ccc(-n3nc(C(F)(F)F)c4c3C(=O)N(c3ccc(-c5ccccc5CN5CCC(O)CC5)cc3)CC4)cc12,7.1487416512809245
Nc1noc2ccc(-n3nc(C(F)(F)F)c4c3C(=O)N(c3ccc(-c5ccccc5CN5CCCC5)cc3)CC4)cc12,7.236572006437063
CCN(CC)Cc1ccccc1-c1ccc(N2CCc3c(C(F)(F)F)nn(-c4ccc5onc(N)c5c4)c3C2=O)cc1,7.013228265733755
CCOC(=O)N[C@@H](CCCCN)C(=O)c1noc(Cc2ccc(C(=O)NC3Cc4ccccc4C3)cc2)n1,4.221848749616356
Nc1[nH]ccc2nc(-c3cccc(-c4cccc(CNC(=O)[C@@H](O)Cc5ccccc5)c4)c3O)cc1-2,4.00436480540245
Nc1noc2ccc(-n3nc(C(F)(F)F)c4c3C(=O)N(c3ccc(-c5ccccc5CN5CC[C@@H](O)C5)cc3)CN4)cc12,6.886056647693163
CN(C)Cc1ccccc1-c1ccc(N2CCc3c(C(F)(F)F)nn(-c4cccc(C(N)=O)c4)c3C2=O)cc1,6.107905397309519
N=C(N)NCCC[C@H](NS(=O)(=O)c1cccc(C(F)(F)F)c1)C(=O)N1CCCCC1,5.638272163982407
N=C(N)NCCC[C@H](NS(=O)(=O)c1cccc2ccccc12)C(=O)N1CCN(C(=O)CCCCCCCCCCCN)CC1,5.096910013008056
Cc1cccc(S(=O)(=O)N[C@@H](CCCNC(=N)N)C(=O)N2CCN(C(=O)CCCCCCCCCCCN)CC2)c1,5.431798275933005
Cc1cccc(S(=O)(=O)N[C@@H](CCCNC(=N)N)C(=O)N2CCNCC2)c1,5.267606240177032
CCOC(=O)CN[C@H](CCc1cccc[n+]1[O-])C(=O)N1CCC[C@H]1C(=O)NCc1cc(Cl)ccc1CN,8.309803919971486
NCc1ccc(Cl)cc1CNC(=O)[C@@H]1CCCN1C(=O)[C@@H](CCc1cccc[n+]1[O-])NS(=O)(=O)CC(=O)O,8.113509274827518
CCOC(=O)CC(=O)NC(CCc1cccc[n+]1[O-])C(=O)NCC(=O)NCc1cc(Cl)ccc1CN,4.3979400086720375
NCc1ccc(Cl)cc1CNC(=O)CNC(=O)[C@@H](CCc1cccc[n+]1[O-])NS(=O)(=O)Cc1ccccc1,6.769551078621726
COc1cc(Cl)cc(C(=O)Nc2ccc(Cl)cn2)c1NC(=O)c1scc(Cn2ccnc2NC(C)C)c1Cl,5.920818753952375
COc1cc(Cl)cc(C(=O)Nc2ccc(Cl)cn2)c1NC(=O)c1scc(CN(C)C(C)=N)c1Cl,6.036212172654444
COc1cc(Cl)cc(C(=O)Nc2ccc(Cl)cn2)c1NC(=O)c1scc(CN2CCNC2=N)c1Cl,5.823908740944319
COc1cc(Cl)cc(C(=O)Nc2ccc(Cl)cn2)c1NC(=O)c1scc(CN(C)C2=NCCCO2)c1Cl,6.795880017344075
CCN(Cc1csc(C(=O)Nc2c(OC)cc(Cl)cc2C(=O)Nc2ccc(Cl)cn2)c1Cl)C1=NC(C)CO1,6.236572006437063
COc1cc(Cl)cc(C(=O)Nc2ccc(Cl)cn2)c1NC(=O)c1scc(CN(C)C(=O)NCCC(=O)O)c1Cl,6.200659450546418
COc1cc(Cl)cc(C(=O)Nc2ccc(Cl)cn2)c1NC(=O)c1scc(CN(C)C(=O)NCCN2CCCC2)c1Cl,6.853871964321762
COc1cc(Cl)cc(C(=O)Nc2ccc(Cl)cn2)c1NC(=O)c1scc(CN(C)CCCN(C)C)c1Cl,6.522878745280337
CCN(C)Cc1csc(C(=O)Nc2c(OC)cc(Cl)cc2C(=O)Nc2ccc(Cl)cn2)c1Cl,5.769551078621726
COc1cc(Cl)cc(C(=O)Nc2ccc(Cl)cn2)c1NC(=O)c1scc(CNC(C)C)c1Cl,5.267606240177032
CCNCc1csc(C(=O)Nc2c(OC)cc(Cl)cc2C(=O)Nc2ccc(Cl)cn2)c1Cl,5.585026652029182
COc1cc(Cl)cc(C(=O)Nc2ccc(Cl)cc2)c1NC(=O)c1scc(CN2CCN(C)CC2)c1Cl,5.886056647693163
CN(C)CCSCc1csc(C(=O)Nc2ccc(Cl)cc2C(=O)Nc2ccc(Cl)cc2)c1Cl,6.251811972993799
O=C(Nc1ccc(Cl)cc1)c1cc(Cl)ccc1NC(=O)c1scc(Cn2nccn2)c1Cl,5.481486060122113
O=C(Nc1ccc(Cl)cc1)c1cc(Cl)ccc1NC(=O)c1sc(Cn2ccnc2)cc1Cl,6.292429823902063
COc1ccc(-n2nc(Cn3cnnn3)c3c2C(=O)N(c2ccc(-c4ccccc4CN4CC[C@@H](O)C4)cc2)CC3)cc1,6.013228265733755
COc1ccc(-n2nc(Cn3ncnn3)c3c2C(=O)N(c2ccc(-c4ccccc4CN4CC[C@@H](O)C4)cc2)CC3)cc1,6.0
COc1ccc(-n2nc(-c3nnn[nH]3)c3c2C(=O)N(c2ccc(-c4ccccc4CN4CC[C@@H](O)C4)cc2)CC3)cc1,4.920818753952375
CNc1nn(-c2ccc(OC)cc2)c2c1CCN(c1ccc(-c3ccccc3CN3CC[C@@H](O)C3)cc1)C2=O,5.318758762624412
COc1ccc(-n2nc(C(F)(F)F)c3c2C(=O)N(c2ccc(N4CCCCC4)cc2)CC3)cc1,5.4089353929735005
COc1ccc(-n2nc(C(N)=O)c3c2C(=O)N(C2CCN(c4ccccc4S(C)(=O)=O)CC2)CC3)cc1,5.920818753952375
Cc1nc(N)ccc1CNC(=O)Cc1c(Cl)ccc(NCC(F)(F)c2ccccc2)c1F,7.987162775294828
N=C(N)NOCCNC(=O)Cc1c(Cl)ccc(NCC(F)(F)c2cccc3cccnc23)c1F,8.568636235841012
Cc1cccc(C(C)(C)CN(CC(=O)NCC(=O)N[C@@H](CCCNC(=N)N)B(O)O)C(=O)CCc2ccccc2)c1,6.3979400086720375
Cc1cc(N2CCC(N(C)C(=O)CCS(=O)(=O)c3ccc4cc(Cl)ccc4c3)CC2)ccn1,5.1249387366083
Cc1ncn(CC(=O)NN2CCOCC2)c1Cn1c(C)ccc(NS(=O)(=O)Cc2ccccc2)c1=O,8.721246399047171
Cc1ncn(CC(=O)NCC(C)(C)N)c1Cn1c(C)ccc(NS(=O)(=O)Cc2ccccc2)c1=O,9.167491087293763
Cc1ncn(CC(=O)OC(C)(C)C)c1Cn1c(C)ccc(NS(=O)(=O)Cc2ccccc2)c1=O,9.318758762624412
Cc1ncn(CC(=O)NC(C)(C)C)c1Cn1c(C)ccc(NS(=O)(=O)Cc2ccccc2)c1=O,9.443697499232712
O=C(CCS(=O)(=O)c1ccc2cc(Cl)ccc2c1)N1CCN(c2cccc3nc(CO)cn23)CC1,6.017728766960431
Cc1cccc(S(=O)(=O)Nc2ccc(C)n(CC(=O)NCCONC(=N)N)c2=O)c1,8.397940008672037
CS(=O)(=O)c1ccccc1C(F)(F)CNc1ccc(C#N)c(CC(=O)NCCONC(=N)N)c1F,9.187086643357144
N#Cc1ccc(NCC(F)(F)c2ccc(F)c(F)c2)c(F)c1CC(=O)NCCONC(=N)N,8.744727494896694
Cc1ccc(C(F)(F)CNc2ccc(C#N)c(CC(=O)NCCONC(=N)N)c2F)nc1,8.920818753952375
Cc1cccnc1C(F)(F)CNc1ccc(C#N)c(CC(=O)NCCONC(=N)N)c1F,8.0
N#Cc1ccc(NCC(F)(F)c2ccccn2)c(F)c1CC(=O)NCCONC(=N)N,8.920818753952375
CC[C@H](C)[C@@H](NS(=O)(=O)Cc1ccccc1)C(=O)N[C@@H](CCC(N)=O)C(=O)NCc1ccc(C(=N)N)cc1,6.823908740944319
CC[C@H](C)[C@H](NS(=O)(=O)Cc1ccc(C(=O)O)cc1)C(=O)N[C@@H](CCC(N)=O)C(=O)NCc1ccc(C(=N)N)cc1,6.167491087293763
CC[C@H](C)[C@H](NS(=O)(=O)Cc1cccc(C(=O)O)c1)C(=O)N[C@@H](CCC(N)=O)C(=O)NCc1ccc(C(=N)N)cc1,5.24176959154225
N=C(N)c1cccc(CC(NS(=O)(=O)c2cccc(-c3ccc4[nH]ccc4c3)c2)C(=O)N2CCC(CCN)CC2)c1,6.721246399047171
Cc1nccc(-c2cccc(S(=O)(=O)N[C@@H](Cc3cccc(C(=N)N)c3)C(=O)N3CCC(CCN)CC3)c2)n1,6.508638306165727
COC(=O)CCCC1CCN(C(=O)[C@H](Cc2cccc(C(=N)N)c2)NS(=O)(=O)c2cccc(NC(=O)CCN)c2)CC1,6.221848749616356
CCOC(=O)CCC(=O)N(Cc1ccccc1)c1ccc2c(c1)OC(Cc1ccc(C(=N)N)cc1)C(=O)N2C,8.236572006437063
CCOC(=O)C[C@H](NC(=O)c1ccc2c(c1)OC(OCc1ccc(C(=N)N)cc1)C(=O)N2C)c1ccccc1,5.431798275933005
Cc1cnc(NCC(F)(F)c2ccccc2)c(=O)n1CC(=O)NCCONC(=N)N,8.886056647693163
Cc1cnc(NCCc2ccc(F)cc2F)c(=O)n1CC(=O)NCCONC(=N)N,7.823908740944319
Cc1cnc(NCCc2ccc3c(c2)CCC3)c(=O)n1CC(=O)NCCONC(=N)N,7.356547323513812
N=C(N)NOCCNC(=O)Cn1c(Cl)cnc(NCC(F)(F)c2ccccc2)c1=O,8.769551078621726
COc1ccc(C#N)c(CNC(=O)Cn2c(C)cnc(NCCc3ccccn3)c2=O)c1,8.795880017344075
Cc1cc(C(=O)NCc2cc(Cl)ccc2-n2cnnn2)cc(N(CCN)C2CCCCC2)c1,8.795880017344075
Cc1cc(C(=O)NCc2cc(Cl)ccc2-n2cnnn2)cc(N(C2CCCCC2)S(C)(=O)=O)c1,9.031517051446064
Cc1cc(C(=O)NCc2cc(Cl)ccc2-n2cnnn2)cc(C2CNCCC2CC(C)C)c1,8.744727494896694
Cc1cc(C(=O)NCc2cc(Cl)ccc2-n2cnnn2)cc(-c2cnccc2C(C)C)c1,9.568636235841012
Cc1cc(C(=O)NCc2cc(Cl)ccc2-n2cncn2)cc(C(=O)N(CC(C)C)CC(C)C)c1,8.154901959985743
Cc1cc(C(=O)NCc2cc(Cl)ccc2CN)cc(C(=O)N(CC(C)C)CC(C)C)c1,9.167491087293763
COC(=O)COc1ccc(Cl)cc1CCOc1cc(C)cc(C(=O)N(CC(C)C)CC(C)C)c1,9.136677139879543
N=C(N)NCCC[C@@H](NS(=O)(=O)Cc1ccccc1)C(=O)N1CCC[C@H]1C(=O)NCc1ccc(C(=N)N)cc1,8.455931955649724
N=C(N)c1ccc(CNC(=O)[C@@H]2CCCN2C(=O)[C@@H](CCC(=O)N2CCNCC2)NS(=O)(=O)Cc2ccccc2)cc1,7.8696662315049934
CN1CC(C)(COc2ccc(C(=N)N)cc2)Oc2cc(N(CC(=O)O)Cc3ccc(F)cc3)ccc21,6.619788758288394
CN1CC(C)(COc2ccc(C(=N)N)cc2)Oc2ccc(N(Cc3cccc(F)c3)C(=O)C(=O)O)cc21,5.769551078621726
CN1CC(C)(COc2ccc(C(=N)N)cc2)Oc2ccc(N(CC(=O)O)Cc3ccc(F)c(F)c3)cc21,6.481486060122113
CN1CC(C)(COc2ccc(C(=N)N)cc2)Oc2ccc(N(CC(=O)O)Cc3cc(F)cc(F)c3)cc21,6.119186407719209
CCOC(=O)C(=O)N(Cc1cc(F)cc(F)c1)c1ccc2c(c1)OC(C)(COc1ccc(C(=N)N)cc1)CN2C,7.744727494896693
NCc1ccc(Cl)cc1CNC(=O)[C@@H]1CCCN1C(=O)CNS(=O)(=O)Cc1ccccc1,8.972650392225244
NCc1ccc(Cl)cc1CNC(=O)[C@@H]1CCCN1C(=O)[C@@H](CC1CCCCC1)NS(=O)(=O)Cc1ccccc1,10.2839966563652
C[C@@H](NS(=O)(=O)Cc1ccccc1)C(=O)N1CCC[C@H]1C(=O)NCc1ccc(C(=N)N)cc1,8.2839966563652
CC(C)C[C@@H](NS(=O)(=O)Cc1ccccc1)C(=O)N1CCC[C@H]1C(=O)NCc1ccc(C(=N)N)cc1,9.050122295963126
CCCNc1cnc2n(c1=O)[C@H](C(=O)NCc1ccc(C(=N)N)cc1)CC2(CC)CC,5.2839966563652006
N=C(N)c1ccc(CNC(=O)CN2C(=O)C(NS(=O)(=O)c3ccc4c(c3)CCO4)CCc3ccccc32)cc1,7.79997073344623
CCOc1cc(C(Nc2ccc3cnccc3c2)C(=O)NS(=O)(=O)c2ccccc2S(C)(=O)=O)ccc1OC(C)C,4.987162775294828
CC(=O)Nc1c(-c2ccccc2)cccc1S(=O)(=O)N[C@@H](CCCc1ccc(N)cn1)C(=O)N1CCC(=C(F)F)CC1,7.508638306165727
N=C(N)c1ccc(Oc2ccc(C(=O)NC3CCN(C(=O)CCN)CC3)c(Oc3ccc(C(=N)N)cc3)n2)cc1,5.443697499232712
N=C(N)c1ccc(Oc2ccc(C(=O)N[C@H]3CC[C@H](N)CC3)c(Oc3ccc(C(=N)N)cc3)n2)cc1,5.468521082957745
CCOc1cc(C(Nc2ccc3c(N)nccc3c2)C(=O)NCc2ccccc2S(=O)(=O)C(C)C)ccc1OC(C)C,5.537602002101044
CCOc1cc(C(Nc2ccc3c(N)nccc3c2)C(=O)NCc2cccc(NC(C)=O)c2)ccc1OC(C)C,4.886056647693163
CCOc1cc(C(Nc2ccc3c(N)nccc3c2)C(=O)NCc2ccccc2)ccc1OC(C)C,5.107905397309519
N=C(N)c1ccc(CNC(=O)[C@H](Cc2ccc3ccccc3c2)NC(=O)[C@@H](CC2CCCCC2)NCC(=O)O)cc1,5.522878745280337
N=C(N)c1ccc(CNC(=O)[C@H](Cc2cccc3ccccc23)NC(=O)[C@@H](CC2CCCCC2)NCC(=O)O)cc1,5.221848749616356
N=C(N)c1ccc(CNC(=O)C(CCC2CCNCC2)NC(=O)[C@H](N)CC2CCCCC2)cc1,4.823908740944319
N=C(N)c1ccc(CNC(=O)C(CC2CCNCC2)NC(=O)[C@@H](CC2CCCCC2)NCC(=O)O)cc1,5.221848749616356
N=C(N)c1ccc(CC(=O)C(=O)O)cc1,5.40000018605658
N=C(N)c1cccc(C(=N)Nc2cccc3ccccc23)c1,4.0
N=C(N)c1ccc(Oc2cc(Oc3ccc(C(=N)N)cc3)cc(C(=O)N[C@H]3CC[C@H](N)CC3)c2)cc1,5.676747899828313
N=C(N)c1ccc(Oc2cc(Oc3ccc(C(=N)N)cc3)cc(C(=O)O[C@H]3CC[C@H](N)CC3)c2)cc1,5.607830850510264
N=C(N)c1ccc(Oc2cc(NC(=O)C3CCN(CCN)CC3)cc(Oc3ccc(C(=N)N)cc3)c2)cc1,5.596879478824183
N=C(N)c1ccc(COc2cc(Oc3ccc(C(=N)N)cc3)cc(C(=O)N[C@H]3CC[C@H](N)CC3)c2)cc1,5.551602896542232
N=C(N)c1ccc(Oc2cc(Oc3ccc(C(=N)N)cc3)cc(C(=O)NCC3CCC(O)CC3)c2)cc1,5.544850478820172
CCOc1cc(OC(C)C)c(F)c(C(Nc2ccc(C(=N)N)cc2)c2nc(-c3ccc(C)cc3)c[nH]2)c1,6.119186407719209
CCOc1cc(OC(C)C)c(F)c(C(Nc2ccc(C(=N)N)cc2)c2nc(-c3ccccc3OC)c[nH]2)c1,6.2441251443275085
CC(C)S(=O)(=O)c1ccc2cc1CNC(=O)[C@H](Nc1ccc3c(N)nccc3c1)c1ccc(cc1)CCCC(=O)N2,5.3979400086720375
CCS(=O)(=O)c1ccc2cc1CNC(=O)[C@H](Nc1ccc3c(N)nccc3c1)c1ccc(cc1)CCCC(=O)N2,5.236572006437063
N[C@@H](Cc1ccccc1)C(=O)N1CCC[C@H]1C(=O)NCc1cc(Cl)ccc1Cl,7.221848749616356
CC[C@H](C)[C@@H]1NC(=O)[C@@H]2CCCN2C(=O)[C@@H]2CCCN2C(=O)[C@H](Cc2ccc(O)cc2)NC(=O)[C@H](CO)NC(=O)[C@H](CCCNC(=N)N)NC(=O)[C@H]([C@@H](C)O)NC(=O)[C@@H]2CSSC[C@H](NC1=O)C(=O)N[C@@H](Cc1ccccc1)C(=O)N1CCC[C@H]1C(=O)N[C@H](C(=O)O)CC(=O)NCC(=O)N[C@@H](CCCNC(=N)N)C(=O)N2,6.669586226650809
N=C(N)c1ccc(CNC(=O)[C@@H]2Cc3cn(nn3)Cc3ccc(cc3)Cn3cc(nn3)C[C@@H](NS(=O)(=O)Cc3ccccc3)C(=O)N2)cc1,6.6595558851598815
CC1CN(c2cccc(C(=N)N)c2)C(=O)N(C2CCN(Cc3ccccc3)CC2)C1,4.444905551421681
N=C(N)c1cccc(N2CC(O)CN(CC3CCN(Cc4ccccc4)CC3)C2=O)c1,4.6595558851598815
N=C(N)c1ccc(NCCCCCCCNc2ccc(C(=N)N)cc2)cc1,6.30189945437661
Cc1cc2ccc1[C@@H](C)COC(=O)Nc1ccc(C3CC3)c(c1)CN(C)C(=O)[C@@H]2Nc1ccc2c(N)ncc(F)c2c1,4.7447274948966935
NCc1ccc(Cl)cc1CNC(=O)[C@@H]1CCCN1C(=O)c1cc(C(=O)c2cccnc2)c[nH]1,7.744727494896693
NCc1ccc(Cl)cc1CNC(=O)[C@@H]1CCCN1C(=O)c1cc(-c2ccncc2)c[nH]1,8.468521082957745
NCc1ccc(Cl)cc1CNC(=O)[C@@H]1CCCN1C(=O)C1(O)CCCc2cccnc21,8.4089353929735
NCc1ccc(Cl)cc1CNC(=O)[C@@H]1CCN1C(=O)C1CNc2ccccc21,6.958607314841775
N[C@H](CC1CCCCC1)C(=O)N1CCC[C@H]1C(=O)NCc1cc(Cl)ccc1CO,8.036212172654444
N=C(N)c1ccc(CNC(=O)[C@H](Cc2cccc(CN)c2)NC(=O)[C@@H](CCCc2ccccc2)NS(=O)(=O)Cc2cccc(C(=O)O)c2)cc1,5.769551078621726
CC1=C(CC(=O)NCc2cc(Cl)ccc2CN)C(=O)N(NCc2cccc(C(=O)O)c2)CC1,8.337242168318426
CC(C)CCN1CCC[C@H]1C(=O)NCc1ccc(C(=N)N)cc1,4.318758762624412
CC(C)CCC(=O)N1CCC[C@H]1C(=O)NCc1ccc(C(=N)N)cc1,6.0
