smiles,y
CC(c1ccccc1)N1CC[C@H]1[C@@H](N)c1cccc(Cl)c1,4.97387548325455
N[C@H](c1cccc(C(F)(F)F)c1)[C@H]1CCN1C(c1ccccc1)c1ccccc1,6.287350298372789
Cc1ccc([C@H](N)[C@@H]2CCN2C(c2ccccc2)c2ccccc2)cc1,6.311580177997289
CCCCC(CCCC)N1CC[C@H]1[C@@H](N)c1cccc(Cl)c1,5.0147532091971385
N[C@H](c1cccc(Cl)c1)[C@@H]1CCN1C(c1cccc(F)c1)c1cccc(F)c1,5.364817951343732
Cc1ccc([C@H](N)[C@@H]2CCN2C(c2ccccc2)c2ccccc2)cc1F,6.818156412055227
N[C@@H](c1cc(F)cc(F)c1)[C@@H]1CCN1C(c1ccccc1)c1ccccc1,5.372122305420029
N[C@H](c1cccc(Cl)c1)[C@@H]1CCN1C(c1ccc(Cl)cc1)c1ccc(Cl)cc1,5.461929212956828
N[C@@H](c1ccc(Oc2ccccc2)cc1)[C@@H]1CCN1C(c1ccccc1)c1ccccc1,5.267525822718807
CCNC(=O)c1ccc(C(=C2CC3CCC(C2)N3c2cccn2C)c2ccccc2)cc1,7.229147988357855
CC(C)C[C@H](NC(=O)[C@H](Cc1ccccc1)NC(=O)[C@@H]1CCCN1C(=O)CNC(=O)[C@@H](N)Cc1ccc(O)cc1)C(=O)N[C@@H](CCCN=C(N)N)C(=O)N[C@@H](CCCN=C(N)N)C(=O)N[C@@H](CCCN=C(N)N)C(=O)N[C@@H](CCCN=C(N)N)C(=O)N1CCC[C@@H]1C(=O)N[C@@H](CCCCN)C(N)=O,5.560667306169737
O=C1[C@@H](Cc2ccccc2)C[C@@]2(O)[C@H]3Cc4ccc(O)c5c4[C@@]2(CCN3CC2CC2)[C@H]1O5,8.853871964321762
CCNC(=O)c1ccc(C(=C2CC3CCC(C2)N3CC=C(C)C)c2cccc(O)c2)cc1,8.598599459218455
CCNC(=O)c1ccc(C(=C2CC3CCC(C2)N3Cc2ccccc2Cl)c2cccc(OC)c2)cc1,7.238523220455298
CC(C)C[C@H](NC(=O)[C@H](Cc1ccccc1)NC(=O)[C@@H]1CCCN1C(=O)CNC(=O)[C@@H](N)Cc1ccc(O)cc1)C(=O)N[C@@H](CCCN=C(N)N)C(N)=O,4.709965388637482
CCNC(=O)c1ccc(C(=C2CC3CCC(C2)N3Cc2ccccc2Cl)c2ccc(OC)cc2)cc1,6.913640169325252
CCNC(=O)c1ccc(C(=C2CC3CCC(C2)N3Cc2[nH]cnc2C)c2ccccc2)cc1,7.214670164989233
CC[C@H](C)[C@H](NC(=O)[C@H](CCCN=C(N)N)NC(=O)[C@H](CCCN=C(N)N)NC(=O)[C@H](CC(C)C)NC(=O)[C@H](Cc1ccccc1)NC(=O)[C@@H]1CCCN1C(=O)CNC(=O)[C@@H](N)Cc1ccc(O)cc1)C(=O)N[C@@H](CCCN=C(N)N)C(=O)N1CCC[C@@H]1C(=O)N[C@@H](CCCCN)C(=O)O,4.82102305270683
NC(=O)[C@H](Cc1ccccc1)NC(=O)[C@H](Cc1ccccc1)NC(=O)[C@H]1CCCN1C(=O)[C@@H](N)Cc1ccccc1,9.161150909262744
O=C(Nc1ccccc1)c1ccc(C(=C2CC3CCC(C2)N3CCc2ccccc2)c2ccccc2)cc1,5.372429335819457
CCNC(=O)c1ccc(C(=C2CC3CCC(C2)N3Cc2c[nH]cn2)c2ccccc2)cc1,6.995678626217358
Cc1cc(O)cc(C)c1C[C@H](N)[C@@H](O)C/C=C/[C@H](O)[C@@H](Cc1ccccc1)C(=O)O[C@@H](Cc1ccccc1)C(N)=O,9.346787486224656
CCNC(=O)c1ccc(C(=C2CC3CCC(C2)N3CCc2ccccc2)c2cccc(OC)c2)cc1,9.184422251675732
Cc1cc(O)cc(C)c1C[C@H](N)[C@@H](O)C/C=C/[C@H](O)[C@@H](Cc1ccccc1)C(=O)N[C@H](CO)Cc1ccccc1,9.795880017344077
CCNC(=O)c1ccc(C(=C2CC3CCC(C2)N3)c2ccc(O)cc2)cc1,6.576754126063192
CC[C@H](C)[C@H](NC(=O)[C@H](CCCN=C(N)N)NC(=O)[C@H](CCCN=C(N)N)NC(=O)[C@H](CC(C)C)NC(=O)[C@H](Cc1ccccc1)NC(=O)[C@@H]1CCCN1C(=O)CNC(=O)[C@@H](N)Cc1ccc(O)cc1)C(=O)N[C@@H](CCCN=C(N)N)C(=O)N[C@H](CCCN=C(N)N)C(=O)N[C@@H](CCCCN)C(N)=O,5.779891911959945
CCNC(=O)c1ccc(C(=C2CC3CCC(C2)N3Cc2ccccc2Cl)c2cccc(O)c2)cc1,7.824488186636552
COCCNC(=O)c1ccc(C(=C2CC3CCC(C2)N3CCc2ccccc2)c2ccccc2)cc1,6.787812395596042
CNC(=O)c1ccc(C(=C2CC3CCC(C2)N3CCc2ccccc2)c2ccccc2)cc1,9.853871964321762
CCNC(=O)c1ccc(C(=C2CC3CCC(C2)N3CCOc2ccccc2)c2ccccc2)cc1,7.031517051446065
Oc1ccc2c3c1O[C@H]1c4[nH]c5ccccc5c4C[C@@]4(O)[C@@H](C2)N(CC2CC2)CC[C@]314,7.894206055349364
CCNC(=O)c1ccc(C(=C2CC3CCC(C2)N3Cc2cccs2)c2cccc(O)c2)cc1,9.177831920631982
CC[C@H](C)[C@H](NC(=O)[C@H](CCCN=C(N)N)NC(=O)[C@H](CCCN=C(N)N)NC(=O)[C@H](CC(C)C)NC(=O)[C@H](Cc1ccccc1)NC(=O)[C@@H]1CCCN1C(=O)CNC(=O)[C@@H](N)Cc1ccc(O)cc1)C(N)=O,4.790484985457369
Oc1ccc2c3c1O[C@H]1C4(CC[C@@]5(O)[C@@H](C2)N(CC2CC2)CC[C@]315)Oc1ccccc1O4,8.2839966563652
CC[C@H](C)[C@H](NC(=O)[C@H](CCCN=C(N)N)NC(=O)[C@H](CCCN=C(N)N)NC(=O)[C@H](CC(C)C)NC(=O)[C@H](Cc1ccccc1)NC(=O)[C@@H]1CCCN1C(=O)CNC(=O)[C@@H](N)Cc1ccc(O)cc1)C(=O)N[C@@H](CCCN=C(N)N)C(N)=O,5.219682687859849
CCNC(=O)c1ccc(C(=C2CC3CCC(C2)N3CCc2ccccc2)c2cccc(O)c2)cc1,9.65364702554936
CCCNC(=O)c1ccc(C(=C2CC3CCC(C2)N3CCc2ccccc2)c2ccccc2)cc1,8.795880017344075
CCNC(=O)c1ccc(C(=C2CC3CCC(C2)N3Cc2ccccc2Cl)c2ccc(O)cc2)cc1,8.059483515067432
CC[C@H](C)[C@H](NC(=O)[C@H](CCCN=C(N)N)NC(=O)[C@H](CCCN=C(N)N)NC(=O)[C@H](CC(C)C)NC(=O)[C@H](Cc1ccccc1)NC(=O)[C@@H]1CCCN1C(=O)CNC(=O)[C@@H](N)Cc1ccc(O)cc1)C(=O)N[C@@H](CCCN=C(N)N)C(=O)N1CCC[C@@H]1C(N)=O,5.207608310501746
Cc1cc(O)cc(C)c1C[C@H](N)[C@@H](O)C/C=C/[C@H](O)[C@@H](Cc1ccccc1)C(=O)OCCc1ccccc1,9.619788758288394
CC(C)(C)NC(=O)c1ccc(C(=C2CC3CCC(C2)N3CCc2ccccc2)c2ccccc2)cc1,6.216096420727265
CC[C@H](C)[C@H](NC(=O)[C@H](CCCN=C(N)N)NC(=O)[C@H](CCCN=C(N)N)NC(=O)[C@H](CC(C)C)NC(=O)[C@H](Cc1ccccc1)NC(=O)CNC(=O)CNC(=O)[C@@H](N)Cc1ccc(O)cc1)C(=O)N[C@@H](CCCN=C(N)N)C(=O)N1CCC[C@H]1C(=O)N[C@@H](CCCCN)C(N)=O,8.17979854051436
CCNC(=O)c1ccc(C(=C2CC3CCC(C2)N3CC=C(C)C)c2cccc(OC)c2)cc1,8.6903698325741
CC[C@H](C)[C@H](NC(=O)[C@H](CCCN=C(N)N)NC(=O)[C@H](CCCN=C(N)N)NC(=O)[C@H](CC(C)C)NC(=O)[C@H](Cc1ccccc1)NC(=O)[C@@H]1CCCN1C(=O)CNC(=O)[C@@H](N)Cc1ccc(O)cc1)C(=O)N[C@@H](CCCN=C(N)N)C(=O)N[C@H](CCCN=C(N)N)C(N)=O,5.6307841425898575
CCNC(=O)c1ccc(/C(=C2\C[C@@H]3CC[C@H](C2)N3)c2ccccc2)cc1,7.126505017743831
CC[C@H](C)[C@H](NC(=O)[C@H](CCCN=C(N)N)NC(=O)[C@H](CCCN=C(N)N)NC(=O)[C@H](CC(C)C)NC(=O)[C@H](Cc1ccccc1)NC(=O)CNC(=O)CNC(=O)[C@@H](N)Cc1ccc(O)cc1)C(=O)N[C@@H](CCCN=C(N)N)C(=O)O,7.623423042943488
CC(C)C[C@H](NC(=O)[C@H](Cc1ccccc1)NC(=O)CNC(=O)CNC(=O)[C@@H](N)Cc1ccc(O)cc1)C(=O)N[C@@H](CCCN=C(N)N)C(=O)O,7.391473966422806
CC(C)C[C@H](NC(=O)[C@H](Cc1ccccc1)NC(=O)[C@@H]1CCCN1C(=O)CNC(=O)[C@@H](N)Cc1ccc(O)cc1)C(=O)N[C@@H](CCCN=C(N)N)C(=O)N[C@@H](CCCN=C(N)N)C(=O)N[C@@H](CCCN=C(N)N)C(N)=O,5.508638306165727
CCNC(=O)c1ccc(C(=C2CC3CCC(C2)N3Cc2cccs2)c2cccc(OC)c2)cc1,8.421360790031928
CC(C)C[C@H](NC(=O)[C@H](Cc1ccccc1)NC(=O)CNC(=O)CNC(=O)[C@@H](N)Cc1ccc(O)cc1)C(=O)N[C@@H](CCCN=C(N)N)C(=O)N[C@@H](CCCN=C(N)N)C(=O)O,7.42021640338319
Cc1cc(O)cc(C)c1C[C@H](N)[C@@H](O)C/C=C/[C@H](O)[C@@H](Cc1ccccc1)C(=O)O[C@H](CO)Cc1ccccc1,9.356547323513812
CCC(=O)NCCc1ccc2[nH]c3c(c2c1)C[C@@]1(O)C2Cc4ccc(O)c5c4[C@@]1(CCN2CC1CC1)[C@H]3O5,7.638839004804974
CCCCNC(=O)NCCc1ccc2[nH]c3c(c2c1)C[C@@]1(O)C2Cc4ccc(O)c5c4[C@@]1(CCN2CC1CC1)[C@H]3O5,8.318758762624412
CC(C)C1CCC(N2CCC(N3C(=O)N[C@@H]4CCCC[C@H]43)CC2)CC1,6.018181392829336
CCN1C(=O)N(C2CCN(Cc3ccc4ccccc4c3)CC2)[C@@H]2CCCC[C@H]21,6.701146923590294
CCC(=N)NCCc1ccc2[nH]c3c(c2c1)C[C@@]1(O)C2Cc4ccc(O)c5c4[C@@]1(CCN2CC1CC1)[C@H]3O5,7.579219380451435
CCCCC(=O)NCCc1ccc2[nH]c3c(c2c1)C[C@@]1(O)C2Cc4ccc(O)c5c4[C@@]1(CCN2CC1CC1)[C@H]3O5,7.500450374094851
CCC/N=C(\N)Cc1ccc2[nH]c3c(c2c1)C[C@@]1(O)C2Cc4ccc(O)c5c4[C@@]1(CCN2CC1CC1)[C@H]3O5,7.870310107800699
CCN1C(=O)N(C2CCN(Cc3ccccc3)CC2)[C@@H]2CCCC[C@H]21,6.145086977692144
CC(C)CC(=N)NCCc1ccc2[nH]c3c(c2c1)C[C@@]1(O)C2Cc4ccc(O)c5c4[C@@]1(CCN2CC1CC1)[C@H]3O5,7.324221658325915
CCCCCCNC(=O)NCCc1ccc2[nH]c3c(c2c1)C[C@@]1(O)C2Cc4ccc(O)c5c4[C@@]1(CCN2CC1CC1)[C@H]3O5,7.867100230055517
O=C(NCCCCc1ccccc1)c1ccc2[nH]c3c(c2c1)C[C@@]1(O)C2Cc4ccc(O)c5c4[C@@]1(CCN2CC1CC1)[C@H]3O5,7.431211787684653
CC(=N)NCCc1ccc2[nH]c3c(c2c1)C[C@@]1(O)C2Cc4ccc(O)c5c4[C@@]1(CCN2CC1CC1)[C@H]3O5,7.651305809734459
CCCCCCCNC(=O)c1ccc2[nH]c3c(c2c1)C[C@@]1(O)C2Cc4ccc(O)c5c4[C@@]1(CCN2CC1CC1)[C@H]3O5,7.208239195987095
O=C(NCCc1ccccc1)c1ccc2[nH]c3c(c2c1)C[C@@]1(O)C2Cc4ccc(O)c5c4[C@@]1(CCN2CC1CC1)[C@H]3O5,7.628378072823978
CCN1C(=O)N(C2CCN(C(C)CCC(C)C)CC2)[C@@H]2CCCC[C@H]21,6.403402904373539
CCCC(=O)NCCc1ccc2[nH]c3c(c2c1)C[C@@]1(O)C2Cc4ccc(O)c5c4[C@@]1(CCN2CC1CC1)[C@H]3O5,7.509058794643213
CCCC1CCC(N2CCC(N3C(=O)N(CC)[C@@H]4CCCC[C@H]43)CC2)CC1,5.664542099310616
CCN1C(=O)N(C2CCN(CCC(c3ccccc3)c3ccccc3)CC2)[C@@H]2CCCC[C@H]21,6.573488738635425
COc1ccc(CNC(=O)c2ccc3[nH]c4c(c3c2)C[C@@]2(O)C3Cc5ccc(O)c6c5[C@@]2(CCN3CC2CC2)[C@H]4O6)cc1,8.33348201944512
O=C(NCc1ccccc1)c1ccc2[nH]c3c(c2c1)C[C@@]1(O)C2Cc4ccc(O)c5c4[C@@]1(CCN2CC1CC1)[C@H]3O5,7.3570411205902095
CCCC1CCC(N2CCC(N3C(=O)N[C@@H]4CCCC[C@H]43)CC2)CC1,6.361510743045363
CCNC(=O)NCCc1ccc2[nH]c3c(c2c1)C[C@@]1(O)C2Cc4ccc(O)c5c4[C@@]1(CCN2CC1CC1)[C@H]3O5,7.4243503852447805
CCN1C(=O)N(C2CCN(C3CCCCCCC3)CC2)[C@@H]2CCCC[C@H]21,6.041436116778033
CCN1C(=O)N(C2CCN(C3CCC(C(C)C)CC3)CC2)[C@@H]2CCCC[C@H]21,6.375717904164332
N=C(N)NCCc1ccc2[nH]c3c(c2c1)C[C@@]1(O)[C@H]2Cc4ccc(O)c5c4[C@@]1(CCN2CC1CC1)[C@H]3O5,8.244887733604928
CCCN/C(=N\CC1CC1)Nc1ccc2[nH]c3c(c2c1)C[C@@]1(O)[C@H]2Cc4ccc(O)c5c4[C@@]1(CCN2CC1CC1)[C@H]3O5,7.648977147415876
CCCC/N=C(\NCCCC)Nc1ccc2[nH]c3c(c2c1)C[C@@]1(O)[C@H]2Cc4ccc(O)c5c4[C@@]1(CCN2CC1CC1)[C@H]3O5,7.738261452647462
N=C(N)NCc1ccc2[nH]c3c(c2c1)C[C@@]1(O)[C@H]2Cc4ccc(O)c5c4[C@@]1(CCN2CC1CC1)[C@H]3O5,7.432973633840939
N/C(=N\CCc1ccc2[nH]c3c(c2c1)C[C@@]1(O)[C@H]2Cc4ccc(O)c5c4[C@@]1(CCN2CC1CC1)[C@H]3O5)NCc1ccc(N)cc1,8.10902040301031
N/C(=N\CCc1ccc2[nH]c3c(c2c1)C[C@@]1(O)[C@H]2Cc4ccc(O)c5c4[C@@]1(CCN2CC1CC1)[C@H]3O5)NCc1ccc([N+](=O)[O-])cc1,8.03574036980315
Oc1ccc2c3c1O[C@H]1c4[nH]c5ccc(N/C(=N/CC6CC6)NCc6ccccc6)cc5c4C[C@@]4(O)[C@@H](C2)N(CC2CC2)CC[C@]314,7.751291264399082
N/C(=N/Cc1ccc(O)cc1)Nc1ccc2[nH]c3c(c2c1)C[C@@]1(O)[C@H]2Cc4ccc(O)c5c4[C@@]1(CCN2CC1CC1)[C@H]3O5,7.833569886156718
N/C(=N/Cc1ccc(N)cc1)Nc1ccc2[nH]c3c(c2c1)C[C@@]1(O)[C@H]2Cc4ccc(O)c5c4[C@@]1(CCN2CC1CC1)[C@H]3O5,8.10292299679058
N/C(=N\CCc1ccc2[nH]c3c(c2c1)C[C@@]1(O)[C@H]2Cc4ccc(O)c5c4[C@@]1(CCN2CC1CC1)[C@H]3O5)NCc1ccc(Cl)cc1,8.111259039317108
CCCC/N=C(\NCCCC)NCCc1ccc2[nH]c3c(c2c1)C[C@@]1(O)[C@H]2Cc4ccc(O)c5c4[C@@]1(CCN2CC1CC1)[C@H]3O5,8.10292299679058
N/C(=N/Cc1ccccc1)Nc1ccc2[nH]c3c(c2c1)C[C@@]1(O)[C@H]2Cc4ccc(O)c5c4[C@@]1(CCN2CC1CC1)[C@H]3O5,7.980053318321158
CCC/N=C(\NCCC)Nc1ccc2[nH]c3c(c2c1)C[C@@]1(O)[C@H]2Cc4ccc(O)c5c4[C@@]1(CCN2CC1CC1)[C@H]3O5,8.007446482167865
N/C(=N\CCc1ccc2[nH]c3c(c2c1)C[C@@]1(O)[C@H]2Cc4ccc(O)c5c4[C@@]1(CCN2CC1CC1)[C@H]3O5)NCc1ccccc1,8.450996737974211
CC1(C)SSC[C@H](NC(=O)[C@@H](N)Cc2ccccc2)C(=O)N[C@H](Cc2ccccc2)C(=O)N[C@@H]1C(N)=O,7.866461091629782
CC(=O)N[C@@H](Cc1ccccc1)C(=O)N[C@@H](Cc1ccccc1)C(=O)N[C@@H](Cc1ccccc1)C(=O)N[C@@H](CCCN=C(N)N)C(=O)N[C@@H](CC(C)C)C(=O)N[C@@H](CCCN=C(N)N)C(=O)N[C@@H](CCCN=C(N)N)C(=O)N[C@@H](C)C(=O)N[C@@H](CCCN=C(N)N)C(=O)N1CCC[C@H]1C(=O)N[C@@H](CCCCN)C(N)=O,5.7594507517174005
NC(=O)[C@@H]1CCCN1C(=O)[C@H](Cc1ccccc1)NC(=O)[C@@H]1CCCN1C(=O)[C@@H](N)Cc1ccc(O)cc1,6.823908740944319
NCCCC[C@H](NC(=O)[C@H](CO)NC(=O)[C@@H]1CCCN1C(=O)[C@@H](N)Cc1ccccc1)C(=O)N1CCC[C@H]1C(=O)O,5.1249387366083
NCCCC[C@H](C(=O)[C@H](CO)NC(=O)[C@@H]1CCCN1C(=O)[C@@H](N)Cc1ccc(O)cc1)C(=O)N1CCC[C@H]1C(=O)N[C@H](CC(=O)O)C(=O)O,6.0
CSCC[C@H](NC(=O)[C@H](Cc1ccccc1)NC(=O)[C@H](CCCN=C(N)N)NC(C)=O)C(=O)N[C@@H](Cc1c[nH]c2ccccc12)C(=O)N[C@@H](CCSC)C(=O)N[C@@H](CCCN=C(N)N)C(=O)N[C@@H](CCCN=C(N)N)C(=O)N[C@@H](C)C(=O)N[C@@H](CCCN=C(N)N)C(=O)N1CCC[C@H]1C(=O)N[C@@H](CCCCN)C(N)=O,8.950781977329818
CN(C(=O)Cc1cccc2[nH]ccc12)[C@@H]1CCCC[C@H]1N1CCCC1,6.079354998593212
CC[C@H](C)[C@H](NC(=O)[C@H](Cc1ccc(O)cc1)NC(=O)[C@H](Cc1c[nH]cn1)NC(=O)[C@H](CCCN=C(N)N)NC(=O)[C@H](CC(C)C)NC(=O)[C@H](C)NC(=O)[C@@H](N)CO)C(=O)N[C@@H](CC(N)=O)C(=O)N[C@@H](CC(C)C)C(=O)N[C@H](C(=O)N[C@H](C(=O)N[C@@H](CCCN=C(N)N)C(=O)N[C@@H](CCC(N)=O)C(=O)N[C@@H](CCCN=C(N)N)C(=O)N[C@@H](Cc1ccc(O)cc1)C(=O)O)[C@@H](C)O)[C@@H](C)CC,5.292429823902063
CN1CCC23c4c5ccc(O)c4OC2c2nc(N)ncc2CC3(O)C1C5,8.135488918941608
CN1CC[C@]23c4c5cc6sc(N)nc6c4OC2[C@@H](O)CCC3[C@H]1C5,7.522878745280337
Cc1ncc2c(n1)C1Oc3c(O)ccc4c3C13CCN(C)C(C4)C3(O)C2,8.279014255846262
Oc1ccc2c(c1)[C@@]13CCCC[C@H]1[C@@H](C2)N(CC1CC1)CC3,10.207608310501746
Nc1nc2cc3c(cc2s1)C[C@@H]1[C@@H]2CCCC[C@]32CCN1CC1CCC1,8.148741651280925
CN1CCC23c4c5ccc(O)c4OC2c2nc(O)ncc2CC3(O)C1C5,8.425968732272281
Oc1ccc2c(c1)[C@@]13CCCC[C@H]1[C@@H](C2)N(CC1CCC1)CC3,9.638272163982409
CN1CC[C@]23c4c5ccc(O)c4O[C@H]2c2[nH]c4ccccc4c2C[C@@]3(NC(=O)Cc2ccccc2)C1C5,7.533132379645891
CCCCN[C@@]12Cc3c([nH]c4ccccc34)[C@@H]3Oc4c(O)ccc5c4[C@@]31CCN(C)C2C5,7.429457060118103
O=C1CC[C@@]2(O)[C@H]3Cc4ccc(O)c5c4[C@@]2(CCN3CC2CC2)[C@H]1O5,9.182856463020876
COc1ccc2c3c1O[C@H]1C(=O)CC[C@@]4(NC(=O)/C=C/c5ccc(Cl)cc5)[C@@H](C2)N(CC2CC2)CC[C@]314,8.320118057887138
CCN(CC)C(=O)c1ccc(C(=C2CC3CCC(C2)N3CC(=O)c2ccccc2)c2ccccc2)cc1,5.015787833238566
CC1CCCC(C)N1C(=O)c1ccc(/C(=C2/C[C@@H]3CC[C@H](C2)N3CCc2ccccc2)c2ccccc2)cc1,6.243363891754152
CCN(CC)C(=O)c1ccc(C(=C2CC3CCC(C2)N3C)c2cccc(OC)c2)cc1,6.159266765388193
COCCN(CCOC)C(=O)c1ccc(C(=C2CC3CCC(C2)N3CCc2ccccc2)c2ccccc2)cc1,6.531652669587842
CCN(CC)C(=O)c1ccc(C(=C2CC3CCC(C2)N3CCOc2ccccc2)c2ccccc2)cc1,6.200659450546418
CCCN(CCC)C(=O)c1ccc(C(=C2CC3CCC(C2)N3CCc2ccccc2)c2ccccc2)cc1,6.191114132640188
CCN(CC)C(=O)c1ccc(C(=C2CC3CCC(C2)N3Cc2ccc3c(c2)OCO3)c2ccccc2)cc1,7.649751981665837
CCN(CCO)C(=O)c1ccc(C(=C2CC3CCC(C2)N3CCc2ccccc2)c2ccccc2)cc1,6.536107011014093
CCN(CC)C(=O)c1ccc(C(=C2CC3CCC(C2)N3CCc2c[nH]c3ccccc23)c2ccccc2)cc1,6.4723700991286615
CC(C)N(C(=O)c1ccc(C(=C2CC3CCC(C2)N3CCc2ccccc2)c2ccccc2)cc1)C(C)C,6.987162775294828
CCN(CC)C(=O)c1ccc(C(=C2CC3CCC(C2)N3C)c2ccc(O)cc2)cc1,6.7121982700697735
CCN(CC)C(=O)c1ccc(C(=C2CC3CCC(C2)N3CCc2cccs2)c2ccccc2)cc1,5.892450870255313
CCCN1C2CCC1CC(=C(c1ccccc1)c1ccc(C(=O)N(CC)CC)cc1)C2,6.539102157243452
CCN(CC)C(=O)c1ccc(C(=C2CC3CCC(C2)N3C)c2ccc(OC)cc2)cc1,5.824198367151721
CCN(CC)C(=O)c1ccc(N(c2ccccc2)C2C[C@@H]3CC[C@H](C2)N3)cc1,5.297569463554475
CCN(CC)C(=O)c1ccc(C(=C2CC3CCC(C2)N3)c2ccc(O)cc2)cc1,6.354577730650908
C=C(C)CN(CC)C(=O)c1ccc(/C(=C2/C[C@@H]3CC[C@H](C2)N3CCc2ccccc2)c2ccccc2)cc1,6.640164517660112
CCN(CC)C(=O)c1ccc(C(=C2CC3CCC(C2)N3CCc2ccc(F)cc2)c2ccccc2)cc1,6.405607449624573
CCN(CC)C(=O)c1ccc(C(=C2CC3CCC(C2)N3CCCc2ccccc2)c2ccccc2)cc1,6.982966660701219
CC[C@H](C)[C@H](NC(=O)[C@H](CCCN=C(N)N)NC(=O)[C@H](CCCN=C(N)N)NC(=O)[C@H](CC(C)C)NC(=O)[C@H](Cc1ccccc1)NC(=O)[C@H]1CCCN1C(=O)CNC(=O)[C@@H](N)Cc1ccc(O)cc1)C(=O)N[C@@H](CCCN=C(N)N)C(=O)N1CCC[C@@H]1C(=O)N[C@@H](CCCCN)C(N)=O,5.2441251443275085
CC[C@H](C)[C@H](NC(=O)[C@H](CCCN=C(N)N)NC(=O)[C@H](CCCN=C(N)N)NC(=O)[C@H](CC(C)C)NC(=O)[C@H](Cc1ccccc1)NC(=O)[C@@H](C)NC(=O)CNC(=O)[C@@H](N)Cc1ccc(O)cc1)C(=O)N[C@@H](CCCN=C(N)N)C(=O)N1CCC[C@@H]1C(=O)N[C@@H](CCCCN)C(N)=O,7.173925197299173
COc1ccc2c(c1O)[C@]13CCN(C)C(C2)[C@]12CCC(=O)[C@H]3/C(=C/c1ccccc1)C2,9.366531544420411
CC(C)=CC[C@@]12Cc3c([nH]c4ccccc34)[C@]3(C)Oc4c(O)ccc5c4[C@@]31CCN(C)C2C5,6.5951662833800615
CC(=O)N[C@@H](Cc1ccc(O)cc1)C(=O)NCC(=O)N[C@@H](Cc1c[nH]c2ccccc12)C(=O)N[C@@H](Cc1c[nH]c2ccccc12)C(=O)N[C@@H](CC(C)C)C(=O)N[C@@H](CCCN=C(N)N)C(=O)N[C@@H](CCCN=C(N)N)C(=O)N[C@@H](C)C(=O)N[C@@H](CCCN=C(N)N)C(=O)N1CCC[C@H]1C(=O)N[C@@H](CCCCN)C(N)=O,6.4698003017969175
CC(=O)N[C@@H](Cc1ccc(O)cc1)C(=O)N[C@@H](CCCCN)C(=O)N[C@@H](Cc1c[nH]c2ccccc12)C(=O)N[C@@H](Cc1c[nH]c2ccccc12)C(N)=O,5.444905551421681
C/C=C1\C[C@@]23Cc4c([nH]c5ccccc45)[C@@H]1[C@@]21CCN(C)C3Cc2ccc(OC)c(O)c21,6.913640169325252
C=C(C)CN1CCC23c4c5ccc(O)c4O[C@H]2c2oc4ccccc4c2C[C@@]3(O)C1C5,5.886056647693163
C=C(C)CN1CCC23c4c5ccc(O)c4O[C@H]2C(=O)C2(Cc4ccccc4C2)C[C@@]3(O)C1C5,5.698970004336019
C=C(C)CN1CCC23c4c5ccc(O)c4O[C@H]2c2n[nH]cc2C[C@@]3(O)C1C5,6.853871964321762
COc1ccc2c(c1O)[C@]13CCN(C)C(C2)[C@]12CCC(=O)[C@H]3/C(=C(\C)c1ccccc1)C2,8.342944147142896
C=C(C)CN1CCC23c4c5ccc(O)c4O[C@H]2c2[nH]c4ccccc4c2C[C@@]3(O)C1C5,5.102372908709558
C=C(C)CN1CCC23c4c5ccc(O)c4O[C@H]2C(=O)/C(=C/c2ccccc2)C[C@@]3(O)C1C5,5.346787486224656
COc1ccc2c(c1O)[C@]13CCN(C)C(C2)[C@@]12CC(=C(C)C)[C@@H]3c1[nH]c3ccccc3c1C2,6.481486060122113
OC1(c2ccc(Cl)c(C(F)(F)F)c2)CCN(C2Cc3ccccc3C2)CC1,7.721246399047171
OC1(c2cccc(C(F)(F)F)c2)CCN(C2CCC3CCCCC3C2)CC1,7.67778070526608
O=C(Oc1ccc2c(c1)[C@@]13CCCC[C@H]1[C@@H](C2)N(CC1CCC1)CC3)c1cccc(C(=O)Oc2ccc3c(c2)[C@@]24CCCC[C@H]2[C@@H](C3)N(CC2CCC2)CC4)c1,8.481486060122112
CC(C)C1CCC(N2CCC(O)(c3cccc(C(F)(F)F)c3)CC2)CC1,7.443697499232712
CC[C@H](NC(=O)c1c(CN2CCN(C3CCCCC3)CC2)c(-c2ccccc2)nc2ccccc12)c1ccccc1,7.801342913045577
OC1(c2ccc(Cl)cc2)CCN(CC2CCCCCCC2)CC1,6.20342566678957
O=C(/C=C/C(=O)Oc1ccc2c(c1)[C@@]13CCCC[C@H]1[C@@H](C2)N(CC1CCC1)CC3)Oc1ccc2c(c1)[C@@]13CCCC[C@H]1[C@@H](C2)N(CC1CCC1)CC3,9.69897000433602
c1cc2c(cc1OCCCCCCCCCCOc1ccc3c(c1)[C@@]14CCCC[C@H]1[C@@H](C3)N(CC1CCC1)CC4)[C@@]13CCCC[C@H]1[C@@H](C2)N(CC1CCC1)CC3,7.180456064458132
O=C(CCC(=O)Oc1ccc2c(c1)[C@@]13CCCC[C@H]1[C@@H](C2)N(CC1CC1)CC3)Oc1ccc2c(c1)[C@@]13CCCC[C@H]1[C@@H](C2)N(CC1CC1)CC3,9.853871964321762
OC1(c2ccc(Cl)c(C(F)(F)F)c2)CCN(CCC(c2ccccc2)c2ccccc2)CC1,8.397940008672037
O=C(CCCCCCCCC(=O)Oc1ccc2c(c1)[C@@]13CCCC[C@H]1[C@@H](C2)N(CC1CC1)CC3)Oc1ccc2c(c1)[C@@]13CCCC[C@H]1[C@@H](C2)N(CC1CC1)CC3,9.031517051446064
Oc1ccc2c(c1)[C@@]13CCCC[C@H]1[C@@H](C2)N(CCCCCCN1CC[C@]24CCCC[C@H]2[C@H]1Cc1ccc(O)cc14)CC3,7.2839966563652
CC[C@H](NC(=O)c1c(CN(C)C)c(-c2ccccc2)nc2ccccc12)c1ccccc1,5.774690718274137
O=C(Oc1ccc2c(c1)[C@@]13CCCC[C@H]1[C@@H](C2)N(CC1CCC1)CC3)c1ccc(C(=O)Oc2ccc3c(c2)[C@@]24CCCC[C@H]2[C@@H](C3)N(CC2CCC2)CC4)cc1,8.327902142064282
CC[C@H](NC(=O)c1c(O)c(-c2ccccc2)nc2ccccc12)c1ccccc1,5.730487055782084
C[C@H](NC(=O)c1c(CN2CCC(N)CC2)c(-c2ccccc2)nc2ccccc12)C1CCCCC1,5.749579997691106
O=C(Oc1ccc2c(c1)[C@@]13CCCC[C@H]1[C@@H](C2)N(CC1CCC1)CC3)[C@H]1C[C@H]1C(=O)Oc1ccc2c(c1)[C@@]13CCCC[C@H]1[C@@H](C2)N(CC1CCC1)CC3,9.55284196865778
c1cc2c(cc1OCCCCOc1ccc3c(c1)[C@@]14CCCC[C@H]1[C@@H](C3)N(CC1CCC1)CC4)[C@@]13CCCC[C@H]1[C@@H](C2)N(CC1CCC1)CC3,7.5376020021010435
CN(C(=O)Cc1cccc2occc12)[C@H]1CC[C@@]2(CCCO2)C[C@@H]1N1CCCC1,7.657577319177793
CCCC1CCC(N2CCC(O)(c3cccc(C(F)(F)F)c3)CC2)CC1,7.337242168318426
CC(C)[C@@H](CN1CC[C@@](C)(c2cccc(O)c2)[C@@H](C)C1)NC(=O)[C@H]1Cc2ccccc2CN1,7.480172006224281
CC(C)[C@@H](CN1CC[C@@](C)(c2cccc(O)c2)[C@@H](C)C1)NC(=O)[C@H]1Cc2ccc(O)cc2CN1,8.260691423843411
CC(C)[C@@H](CN1CC[C@@](C)(c2cccc(O)c2)[C@@H](C)C1)NC[C@H]1Cc2ccc(O)cc2CN1,8.42021640338319
C[C@H]1CN(CCc2ccccc2)CC[C@@]1(C)c1cccc(O)c1,8.732828271596986
C[C@H]1CN(C)CC[C@@]1(C)c1cccc(O)c1,7.096910013008056
CCCC[C@@H](C(=O)N[C@@H](CC(=O)O)C(=O)N[C@@H](Cc1ccccc1)C(N)=O)N(C)C(=O)[C@H](Cc1c[nH]c2ccccc12)NC(=O)CNC(=O)[C@H](Cc1ccccc1)NC(=O)[C@@H](N)Cc1ccc(O)cc1,8.244125144327509
CCCC[C@@H](C(=O)N[C@@H](CC(=O)O)C(=O)N[C@@H](Cc1ccccc1)C(N)=O)N(C)C(=O)[C@H](Cc1c[nH]c2ccccc12)NC(=O)[C@H](CCC(=O)O)NC(=O)[C@H](Cc1ccccc1)NC(=O)[C@@H](N)Cc1ccc(O)cc1,6.866461091629782
CCCC[C@@H](C(=O)N[C@@H](CC(=O)O)C(=O)N[C@@H](Cc1ccccc1)C(N)=O)N(C)C(=O)[C@H](Cc1c[nH]c2ccccc12)NC(=O)CNC(=O)[C@H](Cc1ccccc1)NC(=O)[C@H](Cc1ccc(O)cc1)NC(=O)[C@@H](N)CC(=O)O,5.2839966563652006
CCCC[C@H](NC(=O)[C@@H](N)Cc1ccc(O)cc1)C(=O)NCC(=O)N[C@@H](Cc1c[nH]c2ccccc12)C(=O)N(C)[C@@H](CCCC)C(=O)N[C@@H](CC(=O)O)C(=O)N[C@@H](Cc1ccccc1)C(N)=O,7.602059991327962
CCCC[C@@H](C(=O)N[C@@H](CC(=O)O)C(=O)N[C@@H](Cc1ccccc1)C(N)=O)N(C)C(=O)[C@@H](Cc1c[nH]c2ccccc12)NC(=O)CNC(=O)[C@@H](C)NC(=O)[C@@H](N)Cc1ccc(O)cc1,7.698970004336019
C[C@H]1CN(Cc2ccc(C(C)(C)C)cc2)CC[C@@]1(C)c1cccc(C(N)=O)c1,8.494850021680094
Cc1nn(-c2ccccc2)c(C)c1CN1CC[C@@](C)(c2cccc(C(N)=O)c2)[C@@H](C)C1,7.886056647693163
C[C@H]1CN(CCc2ccccc2)CC[C@@]1(C)c1cccc(N)c1,6.823908740944319
C[C@H]1CN(Cc2cccc(Cl)c2)CC[C@@]1(C)c1cccc(C(N)=O)c1,8.013228265733755
COc1cccc(CN2CC[C@@](C)(c3cccc(C(N)=O)c3)[C@@H](C)C2)c1,7.823908740944319
C[C@H]1CN(Cc2ccc(N(C)C)cc2)CC[C@@]1(C)c1cccc(C(N)=O)c1,8.275724130399212
C[C@H]1CN(Cc2cccn2S(=O)(=O)c2ccccc2)CC[C@@]1(C)c1cccc(C(N)=O)c1,8.080921907623926
COC(=O)c1cccc([C@]2(C)CCN(CCc3ccccc3)C[C@@H]2C)c1,6.070581074285707
C[C@H]1CN(CC2CCCCC2)CC[C@@]1(C)c1cccc(C(N)=O)c1,7.161150909262744
CNC(=O)c1cccc([C@]2(C)CCN(CCc3ccccc3)C[C@@H]2C)c1,7.1487416512809245
C[C@H]1CN(CC2CC2)CC[C@@]1(C)c1cccc(C(N)=O)c1,7.275724130399211
C[C@H]1CN(Cc2ccccc2)CC[C@@]1(C)c1cccc(C(N)=O)c1,7.795880017344075
COc1ccc(CN2CC[C@@](C)(c3cccc(C(N)=O)c3)[C@@H](C)C2)c(OC)c1,8.05551732784983
CSc1ccc(CN2CC[C@@](C)(c3cccc(C(N)=O)c3)[C@@H](C)C2)cc1,8.769551078621726
C[C@H]1CN(Cc2ccc3ccccc3n2)CC[C@@]1(C)c1cccc(C(N)=O)c1,8.096910013008056
CC(CCN1CC[C@@](C)(c2cccc(C(N)=O)c2)[C@@H](C)C1)CC(C)(C)C,9.30102999566398
CC(CCN1CC[C@@](C)(c2cccc(C(N)=O)c2)[C@@H](C)C1)c1ccccc1,8.301029995663981
CC(=O)Nc1cccc([C@]2(C)CCN(CCc3ccccc3)C[C@@H]2C)c1,7.167491087293763
CN1CC[C@]23c4c5ccc(O)c4O[C@H]2c2[nH]c4c(c2C[C@@]3(O)[C@H]1C5)C[C@@]1(O)[C@H]2Cc3ccc(O)c5c3[C@@]1(CCN2C)[C@H]4O5,7.379863945026242
Cc1cc(O)cc(C)c1C[C@H](N)C(=O)N[C@@H](C)C(=O)NCC(=O)N[C@@H](Cc1ccccc1)C(=O)N[C@@H](CC(C)C)C(N)=O,9.30803489723264
CC1(C)c2cc(O)ccc2C[C@@H](S(C)(=O)=O)[C@H]1N,5.938924676370208
C[C@@]12CCCCS[C@@H](Cc3ccc(O)cc31)C2N,9.102372908709558
CC1(C)c2cc(O)ccc2C[C@@H](O)[C@H]1N,6.690369832574102
CCC(=O)N(c1ccccc1)[C@H]1CCN(CCc2ccccc2)C[C@H]1C,10.69897000433602
O=C1NCN(c2ccccc2F)C12CCN(C1Cc3cccc4cccc1c34)CC2,6.399996913372259
O=C1NCN(c2cccc(C(F)(F)F)c2)C12CCN(C1Cc3cccc4cccc1c34)CC2,8.100015437450608
CCC(=O)N(c1ccccc1)[C@@]1(C(=O)OC)CCN(CCc2ccccc2)C[C@H]1C,9.853871964321762
Cc1c(-c2ccccc2)c2c(n1Cc1ccccc1)[C@@H]1Oc3c(O)ccc4c3[C@@]13CCN(CC1CC1)C(C4)[C@]3(O)C2,7.278189384787454
O=C1NCN(c2ccccc2)C12CCN(C1CCc3ccc(Cl)cc3C1)CC2,7.962573502059376
O=C1NCN(c2ccc(Cl)cc2)C12CCN(C1Cc3cccc4cccc1c34)CC2,7.50003813440381
Cc1ccc(-c2cn(Cc3ccccc3)c3c2C[C@@]2(O)C4Cc5ccc(O)c6c5[C@@]2(CCN4CC2CC2)[C@H]3O6)cc1,7.108462542327436
O=C1NCN(c2cccc(Cl)c2)C12CCN(C1Cc3cccc4cccc1c34)CC2,7.700057099977233
O=C1NCN(c2ccccc2)C12CCN(C1CCc3cccc(Cl)c3C1)CC2,7.779891911959945
O=C1NCN(c2cccc(F)c2)C12CCN(C1Cc3cccc4cccc1c34)CC2,8.400007822415901
Oc1ccc2c3c1O[C@H]1c4[nH]cc(-c5ccccc5)c4C[C@@]4(O)C(C2)N(CC2CC2)CC[C@]314,7.67778070526608
O=C1NCN(c2ccccc2)C12CCN(C1Cc3ccccc3C1)CC2,7.585026652029182
Cc1cc(C)cc(N2CNC(=O)C23CCN(C2Cc4cccc5cccc2c45)CC3)c1,7.700057099977233
O=C1NCN(c2ccccc2)C12CCN(C1CCc3ccccc31)CC2,7.950781977329818
C=CCN1CN(c2ccccc2)C2(CCN(C3CCc4c(Cl)ccc(Cl)c4C3)CC2)C1=O,8.229147988357855
COCN1CN(c2ccccc2)C2(CCN(C3CCc4cccc(Cl)c4C3)CC2)C1=O,8.1249387366083
O=C1N(Cc2ccccc2)CN(c2ccccc2)C12CCN(C1CCc3c(Cl)ccc(Cl)c3C1)CC2,7.716698771296451
N=C(N)NCCCCC(=O)N[C@H](CC1CCCCC1)C(=O)N[C@H]1CC[C@H]2CCC[C@@H](C(=O)N[C@H](CCCNC(N)=O)C(=O)N[C@H](Cc3ccc(Cl)cc3)C(N)=O)N2C1=O,7.070581074285707
O=C1NCN(c2ccc(F)cc2)C12CCN(C1Cc3cccc4cccc1c34)CC2,7.599980364934842
CC(=O)N[C@@H](CCCN=C(N)N)C(=O)N[C@H]1CC[C@H]2CCC[C@@H](C(=O)N[C@H](CCCNC(N)=O)C(=O)N[C@H](Cc3ccc(Cl)cc3)C(N)=O)N2C1=O,6.079354998593212
O=C1N(CCO)CN(c2ccccc2)C12CCN(C1CCc3cccc(Cl)c3C1)CC2,8.481486060122112
CC(C)[C@H]1CC[C@@H](N2CCC3(CC2)[C@@H]2CN(CC4CC4)C[C@@H]2CN3c2ccc(F)cc2)CC1,6.180002266489224
CC(c1ccc(C2CCCCC2)cc1)N1CCC(N2C(=O)Cc3ccccc32)CC1,6.6777807052660805
CO[C@@]12CC[C@@]3(C[C@@H]1[C@](C)(O)C(C)(C)C)[C@H]1Cc4ccc(O)c5c4[C@@]3(CCN1CC1CC1)[C@H]2O5,8.990071303243983
CC(C)[C@H]1CC[C@@H](N2CCC3(CC2)[C@@H]2CN(Cc4ccccc4)C[C@@H]2CN3c2ccccc2)CC1,6.810004660035681
CC(c1ccc2c(c1)Cc1ccccc1-2)N1CCC(N2C(=O)Cc3ccccc32)CC1,7.694648630553377
CO[C@]12C=CC3(CC14CCC[C@H]4O)C1Cc4ccc(O)c5c4C3(CCN1CC1CC1)[C@@H]2O5,9.494850021680094
CN1C[C@@H]2[C@H](C1)CN(c1ccccc1)C21CCN(C2CCCCCCCCC2)CC1,7.059981844992337
O=C1Cc2ccccc2N1C1CCN(C2CCc3ccccc3C2)CC1,7.410050398674292
CC(C)[C@H]1CC[C@@H](N2CCC3(CC2)[C@@H]2CN(c4ccccc4)C[C@@H]2CN3c2ccccc2)CC1,6.869988050328096
CC(C)[C@H]1CC[C@@H](N2CCC3(CC2)[C@@H]2CNC[C@@H]2CN3c2ccccc2)CC1,6.299997602857746
O=C1Cc2ccccc2N1C1CCN(Cc2ccccc2)CC1,7.040481623027001
CC(C)[C@H]1CC[C@@H](N2CCC3(CC2)[C@@H]2CN(CCN4CCOCC4)C[C@@H]2CN3c2ccccc2)CC1,6.749994971513104
CO[C@]12C=CC3(CC14CCC(C)(C)[C@H]4O)C1Cc4ccc(O)c5c4C3(CCN1CC1CC1)[C@@H]2O5,9.229147988357855
CO[C@]12C=CC3(CC14CCC[C@H]4O)C1Cc4ccc(O)c5c4C3(CCN1C)[C@@H]2O5,9.585026652029182
CN1C[C@@H]2[C@H](C1)CN(c1ccccc1)C21CCN([C@H]2CC[C@@H]3CCCC[C@@H]3C2)CC1,6.3799993576999325
O=C1Cc2ccccc2N1C1CCN(C(C2CCCCC2)C2CCCCC2)CC1,6.6439741428068775
CCCCN1C[C@@H]2[C@H](C1)CN(c1ccccc1)C21CCN([C@H]2CC[C@@H](C(C)C)CC2)CC1,6.560004526046192
O=C1Cc2ccccc2N1C1CCN(C2CCCc3ccccc32)CC1,7.673664139071248
CO[C@]12C=CC3(CC14CCC(C)(C)[C@H]4O)C1Cc4ccc(O)c5c4C3(CCN1C)[C@@H]2O5,9.30102999566398
CCC(=O)N(CCCN=C(N)N)C1CCN(CCc2ccccc2)CC1,7.638272163982407
CCC(=O)N(CCCCCCNC(=N)N)C1CCN(CCc2ccccc2)CC1,8.98296666070122
CCC(=O)N(CCCCCCCCCCCCNC(=N)N)C1CCN(CCc2ccccc2)CC1,6.321481620959886
CC(=O)Nc1ccc(CN2CCC[C@@H]2C/N=C(\S)N2Cc3ccccc3C[C@H]2CNC(=O)Nc2ccccc2)cc1,7.987162775294828
O=C(NC[C@@H]1Cc2ccccc2CN1/C(S)=N/C[C@H]1CCCN1Cc1ccc(O)cc1)Nc1ccccc1,8.221848749616356
CC(C)(C)NC(=O)NC[C@@H]1Cc2ccccc2CN1/C(S)=N/C[C@H]1CCCN1C(=O)Nc1ccccc1,6.403402904373539
N#Cc1ccc(CN2CCC[C@@H]2CNC(=S)N2Cc3ccccc3C[C@H]2CNC(=O)Nc2ccccc2)cc1,7.472370099128661
COc1cccc(CN2CCC[C@@H]2C/N=C(\S)N2Cc3ccccc3C[C@H]2CNC(=O)Nc2ccccc2)c1O,8.167491087293763
COc1cccc(CN2CCC[C@@H]2C/N=C(\S)N2Cc3ccccc3C[C@H]2CNC(=O)Nc2ccccc2)c1OC,8.568636235841012
CC(C)(C)NC(=O)NC[C@@H]1Cc2ccccc2CN1/C(S)=N/C[C@H]1CCCN1Cc1ccccc1,7.634512015109101
O=C(NC[C@@H]1Cc2ccccc2CN1/C(S)=N/C[C@H]1CCCN1Cc1ccccc1O)Nc1ccccc1,7.931814138253839
O=C(NC[C@@H]1Cc2ccccc2CN1C(=S)NC[C@H]1CCCN1)Nc1ccccc1,7.4179366370882915
O=C(NC[C@@H]1Cc2ccccc2CN1/C(S)=N/C[C@H]1CCCN1Cc1ccccc1F)Nc1ccccc1,7.392544976785332
COc1cccc(CN2CCC[C@@H]2C/N=C(\S)N2Cc3ccccc3C[C@H]2CNC(=O)Nc2ccccc2)c1,7.464705879957229
O=C(NC[C@@H]1Cc2ccccc2CN1C(=S)NC[C@H]1CCCN1Cc1ccccc1)Nc1ccccc1,7.507239610973162
O=C(NC[C@@H]1Cc2ccccc2CN1C(=S)NC[C@H]1CCCN1Cc1ccsc1)Nc1ccccc1,7.619788758288394
O=C(NC[C@@H]1Cc2ccccc2CN1C(=S)NC[C@H]1CCCN1Cc1ccc2ccccc2c1)Nc1ccccc1,7.202040356262804
O=C(NC[C@@H]1Cc2ccccc2CN1/C(S)=N/C[C@H]1CCCN1Cc1cccc(F)c1)Nc1ccccc1,7.251811972993799
O=C(NC[C@@H]1Cc2ccccc2CN1/C(S)=N/C[C@H]1CCCN1Cc1cccc(O)c1)Nc1ccccc1,8.2839966563652
CN1CCC[C@@H]1C/N=C(\S)N1Cc2ccccc2C[C@H]1CNC(=O)NC(C)(C)C,6.761953896871205
COc1ccccc1CN1CCC[C@@H]1C/N=C(\S)N1Cc2ccccc2C[C@H]1CNC(=O)Nc1ccccc1,8.05551732784983
CC(C)(C)NC(=O)NC[C@@H]1Cc2ccccc2CN1/C(S)=N/C[C@H]1CCCN1C(C)(C)C,6.863279432843593
N#Cc1cccc(CN2CCC[C@@H]2CNC(=S)N2Cc3ccccc3C[C@H]2CNC(=O)Nc2ccccc2)c1,7.297569463554475
O=C(NC[C@@H]1Cc2ccccc2CN1/C(S)=N/C[C@H]1CCCN1Cc1ccc(F)cc1)Nc1ccccc1,7.581698708680254
COc1cc(O)ccc1CN1CCC[C@@H]1C/N=C(\S)N1Cc2ccccc2C[C@H]1CNC(=O)Nc1ccccc1,8.958607314841775
NC(=O)[C@@H](CCC(=O)O)NC(=O)[C@H](Cc1ccccc1)NC(=O)[C@H](Cc1ccccc1)NC(=O)[C@@H]1Cc2ccccc2CN1C(=O)[C@@H](N)Cc1ccc(O)cc1,5.709965388637482
NC(=O)[C@@H](CC(=O)O)NC(=O)[C@H](Cc1ccccc1)NC(=O)[C@H](Cc1ccccc1)NC(=O)[C@@H]1Cc2ccccc2CN1C(=O)[C@@H](N)Cc1ccc(O)cc1,5.484126156288321
NC(=O)C[C@@H](NC(=O)[C@H](Cc1ccccc1)NC(=O)[C@H](Cc1ccccc1)NC(=O)[C@@H]1Cc2ccccc2CN1C(=O)[C@@H](N)Cc1ccc(O)cc1)C(=O)O,5.494850021680094
CN1CC[C@]23c4c5ccc(O)c4O[C@H]2C(=O)C2(Cc4ccccc4C2)C[C@@]3(O)[C@H]1C5,7.844663962534938
NC(=O)[C@H](CCC(=O)O)NC(=O)[C@H](Cc1ccccc1)NC(=O)[C@@H]1Cc2ccccc2CN1C(=O)[C@@H](N)Cc1ccc(O)cc1,5.346787486224656
COC1[C@H](SC2OC(C(=O)O)C(O)C(O)C2O)C=C[C@H]2[C@H]3Cc4ccc(O)cc4[C@@]12CCN3C,8.060480747381382
COC1[C@H](SC2OC(CO)C(O)C(O)C2O)C=C[C@H]2[C@H]3Cc4ccc(O)cc4[C@@]12CCN3C,8.267606240177031
COC1[C@H](NC(=O)CC2OC(CO)C(O)C(O)C2O)C=C[C@H]2[C@H]3Cc4ccc(O)cc4[C@@]12CCN3C,8.455931955649724
COC1[C@H](NC(=O)CC2OC(COCc3ccccc3)C(OCc3ccccc3)C(OCc3ccccc3)C2OCc2ccccc2)C=C[C@H]2[C@H]3Cc4ccc(O)cc4[C@@]12CCN3C,9.30102999566398
Cc1ccc(Cl)c(OC2(C(O)CN3CCC(n4c(O)nc5ccccc54)CC3)CCCCC2)c1,7.236572006437063
Cc1ccc(Cl)c(OCCCN2CCC(n3c(O)nc4ccccc43)CC2)c1,6.3872161432802645
Cc1cc(F)ccc1OC(CCN1CCC(n2c(O)nc3ccccc32)CC1)C(C)C,7.42021640338319
Cc1cc(OC(CCN2CCC(n3c(O)nc4ccccc43)CC2)C(C)C)ccc1F,6.987162775294828
Cc1ccc(Cl)c(OC(C)C(O)CN2CCC(n3c(O)nc4ccccc43)CC2)c1,6.928117992693875
CCC(Oc1cc(C)ccc1Cl)C(O)CN1CCC(n2c(O)nc3ccccc32)CC1,7.346787486224656
CCCC(Oc1cc(C)ccc1Cl)C(O)CN1CCC(n2c(O)nc3ccccc32)CC1,7.568636235841013
Cc1ccc(Cl)c(OC(Cc2ccccc2)C(O)CN2CCC(n3c(O)nc4ccccc43)CC2)c1,6.449771646944906
Cc1ccc(Cl)c(OC2(C(CN3CCC(n4c(O)nc5ccccc54)CC3)n3ccnc3)CCCCC2)c1,6.321481620959886
Cc1ccc(Cl)c(OC(CCN2CCC(n3c(O)nc4ccccc43)CC2)c2ccccc2)c1,7.777283528852417
Cc1ccccc1OC(CCN1CCC(n2c(O)nc3ccccc32)CC1)C(C)C,7.67778070526608
CCc1ccccc1OC(CCN1CCC(n2c(O)nc3ccccc32)CC1)C(C)C,7.638272163982407
CC(C)C(CCN1CCC(n2c(O)nc3ccccc32)CC1)Oc1ccccc1C(F)(F)F,7.619788758288394
CC(C)c1ccccc1OC(CCN1CCC(n2c(O)nc3ccccc32)CC1)C(C)C,7.698970004336019
Cc1ccc(F)c(OC(CCN2CCC(n3c(O)nc4ccccc43)CC2)C(C)C)c1,7.173925197299173
Cc1ccc([N+](=O)[O-])c(OC(CCN2CCC(n3c(O)nc4ccccc43)CC2)C(C)C)c1,7.207608310501746
Cc1ccc([N+](=O)[O-])cc1OC(CCN1CCC(n2c(O)nc3ccccc32)CC1)C(C)C,6.707743928643524
Cc1ccc(N)cc1OC(CCN1CCC(n2c(O)nc3ccccc32)CC1)C(C)C,7.327902142064283
Cc1ccc(C)c(OC(CCN2CCC(n3c(O)nc4ccccc43)CC2)C(C)C)c1,7.187086643357144
O=S1(=O)NCc2ccccc2N1C1CCN(Cc2ccc3ccccc3c2)CC1,6.531652669587842
CC(C)C1CCC(N2CCC(N3c4ccccc4NS3(=O)=O)CC2)CC1,6.126098402135539
CCCCN1Cc2ccccc2N(C2CCN(C3CCC(C(C)C)CC3)CC2)S1(=O)=O,7.42021640338319
COC(=O)CN1Cc2ccccc2N(C2CCN(C3CCC(C(C)C)CC3)CC2)S1(=O)=O,6.739928612014925
CC(C)C1CCC(N2CCC(N3c4ccccc4CN(CC(=O)OC(C)(C)C)S3(=O)=O)CC2)CC1,6.539102157243452
O=S1(=O)NCc2ccccc2N1C1CCN(CCC(c2ccccc2)c2ccccc2)CC1,7.886056647693163
O=S1(=O)NCc2ccccc2N1C1CCN(C2Cc3ccccc3C2)CC1,6.180456064458132
O=S1(=O)NCc2ccccc2N1C1CCN(C2CCC3CCCCC3C2)CC1,7.037630664329979
CCCC1CCC(N2CCC(N3c4ccccc4CNS3(=O)=O)CC2)CC1,6.72584215073632
CC(C)CCC(C)N1CCC(N2c3ccccc3CNS2(=O)=O)CC1,7.136677139879544
O=S1(=O)NCc2ccccc2N1C1CCN(C2CCCCCCC2)CC1,5.861381566100508
CC(C)C1CCC(N2CCC(N3c4ccccc4CN(CC(N)=O)S3(=O)=O)CC2)CC1,7.036212172654444
CC(C)C1CCC(N2CCC(N3c4ccccc4CN(CCO)S3(=O)=O)CC2)CC1,7.0655015487564325
CC(C)C1CCC(N2CCC(N3c4ccccc4CN(CCNS(C)(=O)=O)S3(=O)=O)CC2)CC1,6.97469413473523
CN(C)C(=O)C(CCN1CCC(O)(c2cccc(C(F)(F)F)c2)CC1)(c1ccccc1)c1ccccc1,9.795880017344077
COC(=O)C(CCN1CCC(O)(c2cccc(C(F)(F)F)c2)CC1)(c1ccccc1)c1ccccc1,9.958607314841776
COC(=O)C(CCN1CCC(O)(c2ccc(Cl)cc2)CC1)(c1ccccc1)c1ccccc1,9.638272163982409
COC(=O)C(CCN1CCC(O)(c2ccc(Cl)c(C(F)(F)F)c2)CC1)(c1ccccc1)c1ccccc1,9.522878745280336
O=C(O)C(CCN1CCC(O)(c2cccc(C(F)(F)F)c2)CC1)(c1ccccc1)c1ccccc1,6.480172006224281
O=C(O)C(CCN1CCC(O)(c2ccc(Cl)cc2)CC1)(c1ccccc1)c1ccccc1,5.835349784065703
O=C(O)C(CCN1CCC(O)(c2ccc(Cl)c(C(F)(F)F)c2)CC1)(c1ccccc1)c1ccccc1,6.31069114087638
OC1(c2ccc(Cl)c(C(F)(F)F)c2)CCN(Cc2ccc3ccccc3c2)CC1,8.602059991327963
OC1(c2ccc(Cl)c(C(F)(F)F)c2)CCN(Cc2ccc(C(F)(F)F)cc2)CC1,6.982966660701219
CN(C)C1CCc2ccc(O)cc2C1(C)C,6.943095148663527
CCCN(C)C1CCc2ccc(O)cc2C1(C)C,7.070581074285707
CN(CC1CC1)C1CCc2ccc(O)cc2C1(C)C,6.982966660701219
CC1(C)c2cc(O)ccc2CCC1N(CC1CC1)CC1CC1,6.374687549038326
C=CCN(C)C1CCc2ccc(O)cc2C1(C)C,5.966576244513051
C=CCN(CC=C)C1CCc2ccc(O)cc2C1(C)C,6.978810700930062
CN(C/C=C/c1ccccc1)C1CCc2ccc(O)cc2C1(C)C,7.401209493236885
CC1(C)c2cc(O)ccc2CCC1N(C/C=C/c1ccccc1)C/C=C/c1ccccc1,6.571865205971212
CO[C@H]1Cc2ccc(O)cc2C(C)(C)[C@@H]1NC/C=C/c1ccccc1,8.787812395596042
C=C(C)C(=O)O[C@H]1C[C@@H](C(=O)OC)[C@]2(C)CC[C@H]3C(=O)O[C@H](c4ccoc4)C[C@]3(C)[C@H]2C1=O,6.585026652029182
COC(=O)[C@@H]1C[C@H](OC(=O)c2ccccc2)C(=O)[C@H]2[C@@]1(C)CC[C@H]1C(=O)O[C@H](c3ccoc3)C[C@]21C,7.920818753952375
COC(=O)[C@@H]1C[C@H](OC(=O)c2cccnc2)C(=O)[C@H]2[C@@]1(C)CC[C@H]1C(=O)O[C@H](c3ccoc3)C[C@]21C,7.136677139879544
COC(=O)[C@@H]1C[C@H](O)[C@H](O)[C@H]2[C@@]1(C)CC[C@H]1C(=O)O[C@H](c3ccoc3)C[C@]21C,5.241088107602026
COC(=O)[C@@H]1C[C@H](OC(=O)Nc2ccccc2)C(=O)[C@H]2[C@@]1(C)CC[C@H]1C(=O)O[C@H](c3ccoc3)C[C@]21C,7.795880017344075
C=CCNC(=O)O[C@H]1C[C@@H](C(=O)OC)[C@]2(C)CC[C@H]3C(=O)O[C@H](c4ccoc4)C[C@]3(C)[C@H]2C1=O,6.1938200260161125
CCS(=O)(=O)NCc1ccc(CC(=O)N(C)[C@H](CN2CC[C@H](O)C2)c2ccccc2)cc1,5.988852639224203
CC(C)S(=O)(=O)NCc1ccc(CC(=O)N(C)[C@H](CN2CC[C@H](O)C2)c2ccccc2)cc1,5.958607314841775
CN(C(=O)Cc1ccccc1CNS(C)(=O)=O)[C@H](CN1CCCC1)c1ccccc1,6.2441251443275085
CN(C(=O)Cc1ccc(CNS(=O)(=O)Cc2cccs2)cc1)[C@H](CN1CC[C@H](O)C1)c1ccccc1,5.97387548325455
CCCS(=O)(=O)NCc1ccc(CC(=O)N(C)[C@H](CN2CC[C@H](O)C2)c2ccccc2)cc1,5.978810700930062
CN(C(=O)Cc1ccc(CCNS(C)(=O)=O)cc1)[C@H](CN1CC[C@H](O)C1)c1ccccc1,6.105130343254747
CN(C(=O)Cc1ccc(CNS(C)(=O)=O)cc1)[C@H](CN1CCCC1)c1ccccc1,6.356547323513812
CCCCS(=O)(=O)NCc1ccc(CC(=O)N(C)[C@H](CN2CC[C@H](O)C2)c2ccccc2)cc1,5.978810700930062
CN(C(=O)Cc1ccc(CCCNS(C)(=O)=O)cc1)[C@H](CN1CC[C@H](O)C1)c1ccccc1,6.496209316942819
CN(C(=O)Cc1ccc(CNS(=O)(=O)c2ccc(F)cc2)cc1)[C@H](CN1CC[C@H](O)C1)c1ccccc1,5.966576244513051
CN(C(=O)Cc1ccc(CNS(C)(=O)=O)cc1)[C@H](CN1CC[C@H](O)C1)c1ccccc1,6.82102305270683
CC(=O)NCc1ccccc1CC(=O)N(C)[C@H](CN1CCCC1)c1ccccc1,5.906578314837765
Cc1ccc(S(=O)(=O)NCc2ccc(CC(=O)N(C)[C@H](CN3CC[C@H](O)C3)c3ccccc3)cc2)cc1,6.153044674980176
NC(=O)c1ccc2c3c1O[C@H]1C(=O)CC[C@@]4(O)[C@@H](C2)N(CC2CC2)CC[C@]314,9.148741651280924
COc1c(C(N)=O)ccc2c1[C@]13CCN(CC4CC4)[C@H](C2)[C@]1(O)CCC(=O)C3,7.958607314841775
O=C1CC[C@@]2(O)[C@H]3Cc4ccc(O)c(O)c4[C@@]2(CCN3CC2CC2)C1,7.769551078621726
NC(=O)c1ccc2c(c1O)[C@]13CCN(CC4CCC4)[C@H](C2)[C@]1(O)CCC(=O)C3,9.838631997765026
CCC(=O)N(CCCCNC(=N)N)C1CCN(CCc2ccccc2)CC1,7.481486060122112
CCC(=O)N(c1ccccc1)C1(C(=O)OC[18F])CCN(CCc2ccccc2)CC1,9.886056647693165
CCC(=O)N(c1ccccc1)C1(C(=O)OCC[18F])CCN(CCc2ccccc2)CC1,8.920818753952375
CCC(=O)N(c1ccccc1)C1CCN(CCCCC[18F])CC1,7.8696662315049934
CCC(=O)N(c1ccccc1)C1(C(=O)OC)CCN(CCCCC[18F])CC1,9.130768280269024
O=S(=O)(Nc1ccccc1)N1CCC(c2ccccc2)(c2nccn2Cc2ccccc2)CC1,6.008773924307505
COc1cccc(NC(=O)N2CCC(c3ccccc3)(c3nccn3Cc3ccccc3)CC2)c1,5.858550226599532
O=C(Nc1ccc(F)cc1)N1CCC(c2ccccc2)(c2nccn2Cc2ccccc2)CC1,5.918652692195868
O=C(Nc1ccccc1)N1CCC(c2ccccc2)(c2nccn2Cc2ccccn2)CC1,5.848630149752539
COc1cccc(Cn2ccnc2C2(c3ccccc3)CCN(C(=O)Nc3ccccc3)CC2)c1,5.488651484509787
O=C(/C=C/C(=O)Nc1ccc2c(c1)[C@@]13CCCCC1[C@@H](C2)N(CC1CCC1)CC3)Nc1ccc2c(c1)[C@@]13CCCCC1[C@@H](C2)N(CC1CCC1)CC3,7.886056647693163
O=C(CCCCCCCCC(=O)Nc1ccc2c(c1)[C@@]13CCCCC1[C@@H](C2)N(CC1CCC1)CC3)Nc1ccc2c(c1)[C@@]13CCCCC1[C@@H](C2)N(CC1CCC1)CC3,8.244125144327509
O=C(CCCCCCCCC(=O)Oc1ccc2c(c1)[C@@]13CCCCC1[C@@H](C2)N(CC1CCC1)CC3)Nc1ccc2c(c1)[C@@]13CCCCC1[C@@H](C2)N(CC1CCC1)CC3,9.187086643357144
O=C(/C=C/C=C/C(=O)Oc1ccc2c(c1)[C@@]13CCCCC1[C@@H](C2)N(CC1CCC1)CC3)Oc1ccc2c(c1)[C@@]13CCCCC1[C@@H](C2)N(CC1CCC1)CC3,8.55284196865778
C#CCN1CC[C@]23CCCCC2[C@H]1Cc1ccc(OC(=O)CCCCCCCCC(=O)Oc2ccc4c(c2)[C@@]25CCCCC2[C@@H](C4)N(CC#C)CC5)cc13,7.853871964321762
Nc1ccc2c(c1)[C@@]13CCCC[C@H]1[C@@H](C2)N(CC1CCC1)CC3,8.431798275933005
Oc1ccc2c(c1)[C@@]13CCCCC1[C@@H](C2)N(C[C@@H]1CCCO1)CC3,11.0
CCCCCCCN1C[C@H](C)[C@](C)(c2cccc(O)c2)C[C@H]1CCC,7.886056647693163
CCCCCN1C[C@H](C)[C@](C)(c2cccc(O)c2)C[C@H]1CCC,6.42021640338319
CCC[C@@H]1C[C@@](C)(c2cccc(O)c2)[C@@H](C)CN1CCC,6.366531544420414
CCC[C@@H]1C[C@@](C)(c2cccc(O)c2)[C@@H](C)CN1CCCc1ccccc1,7.721246399047171
CCC[C@@H]1C[C@@](C)(c2cccc(O)c2)[C@@H](C)CN1Cc1ccccc1,6.154901959985743
CCC[C@@H]1C[C@@](C)(c2cccc(O)c2)[C@@H](C)CN1,6.251811972993799
C[C@H]1CN(CCc2ccccc2)[C@H](CCc2ccccc2)C[C@@]1(C)c1cccc(O)c1,6.795880017344075
C[C@H]1CN(CCc2ccccc2)[C@H](CCNC(=O)c2ccccc2)C[C@@]1(C)c1cccc(O)c1,7.229147988357855
CC(=O)NCC[C@@H]1C[C@@](C)(c2cccc(O)c2)[C@@H](C)CN1CCc1ccccc1,6.721246399047171
C[C@H]1CN(CCc2ccccc2)[C@H](CCN)C[C@@]1(C)c1cccc(O)c1,6.107905397309519
CCC[C@@H]1C[C@@](C)(c2cccc(O)c2)[C@@H](C)CN1CCc1ccccc1,7.698970004336019
CC[C@@H]1C[C@@](C)(c2cccc(O)c2)[C@@H](C)CN1CCc1ccccc1,7.1249387366083
C[C@@H]1C[C@@](C)(c2cccc(O)c2)[C@@H](C)CN1CCc1ccccc1,7.823908740944319
COc1nc(NCCCN2CCOCC2)nc(OC)c1NC(=O)c1ccc(Oc2cc3c(cc2C)CCC3(C)C)o1,5.853871964321762
Cn1cc(C2CCN(C3Cc4cccc5cccc3c45)CC2O)c2cccnc21,6.769551078621726
OCCn1cc(C2CCN(C3Cc4cccc5cccc3c45)CC2)c2cccnc21,6.275724130399211
Cn1cc(C2CCN(C3Cc4cccc5cccc3c45)CC2)c2cccnc21,6.045757490560675
c1cc2c3c(cccc3c1)C(N1CCC(c3c[nH]c4ncccc34)CC1)C2,6.4089353929735005
c1cnc2[nH]cc(C3CCN(CC4CCCCCCC4)CC3)c2c1,5.698970004336019
c1ccc(Oc2ccc(CN3CCC(c4c[nH]c5ncccc45)CC3)cc2)cc1,6.481486060122113
Clc1cccc2c(C3CCN(CC4CCCCCCC4)CC3)c[nH]c12,6.366531544420414
CN(C)C[C@@H](O)Cn1cc(C2CCN(C3Cc4cccc5cccc3c45)CC2)c2ccc(F)cc21,6.119186407719209
Fc1ccc2c(C3CCN(C4Cc5cccc6cccc4c56)CC3)c[nH]c2c1,6.045757490560675
CN(C)C[C@@H](O)Cn1cc(C2CCN(CC3CCCCCCC3)CC2)c2cc(F)ccc21,5.568636235841013
Fc1ccc2[nH]cc(C3CCN(C4Cc5cccc6cccc4c56)CC3)c2c1,6.301029995663981
Cc1[nH]c2ccc(Cl)cc2c1C1CCN(C2Cc3cccc4cccc2c34)CC1,6.585026652029182
Cc1cc(O)cc(C)c1C[C@H](N)C(=O)N[C@H]1Cc2ccccc2CN(Cc2nc3ccccc3[nH]2)C1=O,7.701146923590294
Cc1cc(O)cc(C)c1C[C@H](N)C(=O)N[C@H]1Cc2ccccc2CN(CC(=O)Nc2ccccc2)C1=O,8.829738284605043
Cc1cc(O)cc(C)c1C[C@H](N)C(=O)N[C@H]1Cc2ccccc2CN(CC(=O)NCc2ccccc2)C1=O,9.337242168318426
NC(=O)[C@H](Cc1ccccc1)NC(=O)[C@H](Cc1ccccc1)NC(=O)[C@@H]1CCCN1C(=O)[C@@H](N)Cc1ccc(O)cc1,8.441691516535114
Cc1cc(O)cc(C)c1C[C@@H](C)CN1Cc2ccccc2C[C@H]1C(=O)NCC(=O)NCc1nc2ccccc2[nH]1,9.30102999566398
Oc1cccc(-n2cnnc2-c2cccc(-c3ccccc3)c2)c1,6.0
CC(C)(C)c1cccc(-c2nncn2-c2cccc(O)c2)c1,6.070581074285707
COc1ccc2c3c1O[C@H]1C(=O)CC[C@@]4(NC(=O)/C=C/c5ccc(Cl)cc5)[C@@H](C2)N(C)CC[C@]314,9.221848749616356
Cc1ccccc1/C=C/C(=O)N[C@@]12CCC(=O)[C@@H]3Oc4c(O)ccc5c4[C@@]31CCN(CC1CC1)[C@@H]2C5,9.142667503568733
COc1ccc2c3c1O[C@H]1C(=O)CC[C@@]4(NC(=O)/C=C/c5ccc(C)cc5)[C@@H](C2)N(C)CC[C@]314,9.309803919971486
COc1ccc2c3c1O[C@H]1C(=O)CC[C@@]4(NC(=O)/C=C/c5ccccc5C)[C@@H](C2)N(C)CC[C@]314,9.397940008672036
COc1ccc2c3c1O[C@H]1C(=O)CC[C@@]4(NC(=O)/C=C/c5ccccc5Cl)[C@@H](C2)N(C)CC[C@]314,9.167491087293763
Cc1ccccc1/C=C/C(=O)N[C@@]12CCC(=O)[C@@H]3Oc4c(O)ccc5c4[C@@]31CCN(C)[C@@H]2C5,9.67778070526608
CN1CC[C@]23c4c5cccc4O[C@H]2C(=O)CC[C@@]3(NC(=O)/C=C/c2ccccc2Cl)[C@H]1C5,9.82390874094432
CC[C@@]12CCN(CC3CC3)C(C(=O)c3ccc(C(=O)NCCc4ccc(-c5ccccc5)cc4)cc31)[C@@H]2C,8.508638306165727
CC[C@@]12CCN(CC3CC3)C(C(=O)c3ccc(C(N)=O)cc31)[C@@H]2C,8.67778070526608
C[C@H]1C2Cc3ccc(C(=O)NCCCc4ccc(-c5ccccc5)cc4)cc3[C@@]1(C)CCN2CC1CC1,8.236572006437063
C[C@H]1C2Cc3ccc(C(=O)NCc4ccc(-c5ccccc5)cc4)cc3[C@@]1(C)CCN2CC1CC1,7.958607314841775
C[C@H]1C2Cc3ccc(C(=O)NCCCc4ccccc4)cc3[C@@]1(C)CCN2CC1CC1,8.602059991327963
C[C@H]1C2Cc3ccc(C(=O)NCCc4ccccc4)cc3[C@@]1(C)CCN2CC1CC1,8.455931955649724
COc1ccc2c3c1O[C@H]1C(=O)CC[C@@]4(O)[C@@H](C2)N(CC2CC2)CC[C@]314,7.067526235322847
O=C1CC[C@@]2(NCCc3ccc(Cl)cc3)[C@H]3Cc4ccc(O)c5c4[C@@]2(CCN3CC2CC2)[C@H]1O5,9.065501548756432
O=C(Cc1ccc(Cl)cc1)N[C@@]12CCC(=O)[C@@H]3Oc4c(O)ccc5c4[C@@]31CCN(CC1CC1)[C@@H]2C5,9.136677139879543
O=C1CC[C@@]2(NCCCCc3ccc(Cl)cc3)[C@H]3Cc4ccc(O)c5c4[C@@]2(CCN3CC2CC2)[C@H]1O5,9.017728766960431
O=C1CC[C@@]2(NCC/C=C/c3ccc(Cl)cc3)[C@H]3Cc4ccc(O)c5c4[C@@]2(CCN3CC2CC2)[C@H]1O5,9.0
O=C1CC[C@@]2(NC/C=C/Cc3ccc(Cl)cc3)[C@H]3Cc4ccc(O)c5c4[C@@]2(CCN3CC2CC2)[C@H]1O5,8.723538195826755
O=C(CCCc1ccc(Cl)cc1)N[C@@]12CCC(=O)[C@@H]3Oc4c(O)ccc5c4[C@@]31CCN(CC1CC1)[C@@H]2C5,8.872895201635192
O=C(C/C=C/c1ccc(Cl)cc1)N[C@@]12CCC(=O)[C@@H]3Oc4c(O)ccc5c4[C@@]31CCN(CC1CC1)[C@@H]2C5,8.7281583934635
COc1ccc2c3c1O[C@H]1C(=O)CC[C@@]4(NC/C=C/Cc5ccc(Cl)cc5)[C@@H](C2)N(CC2CC2)CC[C@]314,8.170053304058364
COc1ccc2c3c1O[C@H]1C(=O)CC[C@@]4(NC(=O)CCCc5ccc(Cl)cc5)[C@@H](C2)N(CC2CC2)CC[C@]314,8.411168274405792
COc1ccc2c3c1O[C@H]1C(=O)CC[C@@]4(NC(=O)/C=C/Cc5ccc(Cl)cc5)[C@@H](C2)N(CC2CC2)CC[C@]314,8.09312646527793
C[C@H]1CN2C[C@H](c3ccccc3)N(Cc3ccccc3)C[C@H]2C[C@@]1(C)c1cccc(C(N)=O)c1,7.769551078621726
C[C@H]1CN2CCN(S(=O)(=O)c3ccccc3)C[C@H]2C[C@@]1(C)c1cccc(O)c1,6.6777807052660805
C[C@H]1CN2CCCN(Cc3ccccc3)C[C@H]2C[C@@]1(C)c1cccc(O)c1,6.795880017344075
C[C@H]1CN2CCN(CCc3ccccc3)C[C@H]2C[C@@]1(C)c1cccc(O)c1,8.259637310505756
C[C@H]1CN2CCN(Cc3ccccc3)C[C@H]2C[C@@]1(C)c1cccc(O)c1,8.939302159646388
C[C@H]1CN2CCN(C(=O)Cc3ccccc3)C[C@H]2C[C@@]1(C)c1cccc(O)c1,7.769551078621726
C[C@H]1CN2CCN(C(=O)c3ccccc3)C[C@H]2C[C@@]1(C)c1cccc(O)c1,8.698970004336019
CC(=O)N1CCN2C[C@H](C)[C@](C)(c3cccc(O)c3)C[C@@H]2C1,6.2839966563652006
COC(=O)c1cccc(CN2CCN3C[C@H](C)[C@](C)(c4cccc(O)c4)C[C@@H]3C2)c1,7.958607314841775
C[C@H]1CN2CCN(Cc3cccc(O)c3)C[C@H]2C[C@@]1(C)c1cccc(O)c1,8.366531544420413
C[C@H]1CN2CCN(Cc3ccccc3O)C[C@H]2C[C@@]1(C)c1cccc(O)c1,8.744727494896694
C[C@H]1CN2CCN(Cc3ccc(Cl)cc3)C[C@H]2C[C@@]1(C)c1cccc(O)c1,7.769551078621726
C[C@H]1CN2CCN(Cc3cccc(Cl)c3)C[C@H]2C[C@@]1(C)c1cccc(O)c1,8.823908740944319
C[C@H]1CN2CCN(Cc3ccccc3Cl)C[C@H]2C[C@@]1(C)c1cccc(O)c1,9.327902142064282
Cc1ccc(CN2CCN3C[C@H](C)[C@](C)(c4cccc(O)c4)C[C@@H]3C2)cc1,7.853871964321762
Cc1cccc(CN2CCN3C[C@H](C)[C@](C)(c4cccc(O)c4)C[C@@H]3C2)c1,8.886056647693163
Cc1ccccc1CN1CCN2C[C@H](C)[C@](C)(c3cccc(O)c3)C[C@@H]2C1,9.008773924307503
C[C@H]1CN2CCN(Cc3cccs3)C[C@H]2C[C@@]1(C)c1cccc(O)c1,8.853871964321762
C[C@H]1CN2CCN(Cc3ccncc3)C[C@H]2C[C@@]1(C)c1cccc(O)c1,7.823908740944319
C[C@H]1CN2CCN(Cc3cccc4ccccc34)C[C@H]2C[C@@]1(C)c1cccc(O)c1,8.455931955649724
C[C@H]1CN2CCN(Cc3ccc4ccccc4c3)C[C@H]2C[C@@]1(C)c1cccc(O)c1,7.045757490560675
CN1CC[C@]23c4c5ccc(O)c4O[C@H]2c2c(c4c(n2CC2CCCCC2)CCCC4)C[C@@]3(O)C1C5,7.747146969020107
CN1CC[C@]23c4c5ccc(O)c4O[C@H]2c2c(c4c(n2Cc2ccccc2)CCCC4)C[C@@]3(O)C1C5,7.051098239029786
CCn1c2c(c3c1[C@@H]1Oc4c(O)ccc5c4[C@@]14CCN(C)C(C5)[C@]4(O)C3)CCCC2,7.58838029403677
CN1CC[C@]23c4c5ccc(O)c4O[C@H]2c2c(c4c(n2C)CCCC4)C[C@@]3(O)C1C5,7.598599459218456
Oc1ccc2c3c1O[C@H]1c4c(c5c(n4CC4CCCCC4)CCCC5)C[C@@]4(O)C(C2)N(CC2CC2)CC[C@]314,7.732828271596986
Oc1ccc2c3c1O[C@H]1c4c(c5c(n4Cc4ccccc4)CCCC5)C[C@@]4(O)C(C2)N(CC2CC2)CC[C@]314,8.26841123481326
Oc1ccc2c3c1O[C@H]1c4c(c5c(n4CC4CC4)CCCC5)C[C@@]4(O)C(C2)N(CC2CC2)CC[C@]314,8.598599459218455
CCn1c2c(c3c1[C@@H]1Oc4c(O)ccc5c4[C@@]14CCN(CC1CC1)C(C5)[C@]4(O)C3)CCCC2,8.2958494831602
Cn1c2c(c3c1[C@@H]1Oc4c(O)ccc5c4[C@@]14CCN(CC1CC1)[C@H](C5)[C@]4(O)C3)CCCC2,8.239577516576787
CCn1cc(-c2ccccc2)c2c1[C@@H]1Oc3c(O)ccc4c3[C@@]13CCN(CC1CC1)C(C4)[C@]3(O)C2,8.057991946977687
Cn1cc(-c2ccccc2)c2c1[C@@H]1Oc3c(O)ccc4c3[C@@]13CCN(CC1CC1)C(C4)[C@]3(O)C2,8.119186407719209
C=CCN1CC[C@]23c4c5ccc(OC(=O)CCCCCCCCC(=O)Oc6ccc7c(c6)[C@@]68CCCCC6[C@@H](C7)N(CC6CCC6)CC8)c4O[C@H]2C(=O)CC[C@@]3(O)[C@H]1C5,9.366531544420411
O=C(CCCCCCCCC(=O)Oc1ccc2c3c1O[C@H]1C(=O)CC[C@@]4(O)[C@@H](C2)N(CC2CC2)CC[C@]314)Oc1ccc2c(c1)[C@@]13CCCCC1[C@@H](C2)N(CC1CCC1)CC3,9.537602002101044
O=C(CCCCCCCCC(=O)Oc1ccc2c3c1O[C@H]1[C@H](O)CC[C@@]4(O)[C@@H](C2)N(CC2CCC2)CC[C@]314)Oc1ccc2c(c1)[C@@]13CCCCC1[C@@H](C2)N(CC1CCC1)CC3,9.337242168318426
COc1ccc2c(c1)[C@]13CCN(C)[C@H](C2)[C@@H]1Cc1c([nH]c2ccccc12)C3,6.468521082957745
Nc1nc2c(s1)C[C@H]1[C@H]3Cc4ccc(O)cc4[C@@]1(CCN3CC1CCC1)C2,9.431798275933003
Nc1nc2c(s1)C[C@H]1[C@H]3Cc4ccc(O)cc4[C@@]1(CCN3CC1CC1)C2,9.920818753952377
CN1CC[C@]23Cc4nc(N)sc4C[C@H]2[C@H]1Cc1ccc(O)cc13,9.309803919971486
Oc1ccc2c(c1)[C@]13CCN(CC4CCC4)[C@H](C2)[C@@H]1Cc1c([nH]c2ccccc12)C3,8.4089353929735
Oc1ccc2c(c1)[C@]13CCN(CC4CC4)[C@H](C2)[C@@H]1Cc1c([nH]c2ccccc12)C3,8.958607314841775
CN1CC[C@]23Cc4[nH]c5ccccc5c4C[C@H]2[C@H]1Cc1ccc(O)cc13,7.657577319177793
COc1ccc2c(c1)[C@]13CCN(CC4CC4)[C@H](C2)[C@@H]1Cc1c([nH]c2ccccc12)C3,8.229147988357855
O=C(NCc1ccccc1)Oc1ccc2c(c1)C13CCCCC1C(C2)N(CC1CCC1)CC3,9.154901959985745
CCNC(=O)Oc1ccc2c(c1)C13CCCCC1C(C2)N(CC1CCC1)CC3,8.431798275933005
CCNC(=O)Oc1ccc2c(c1)C13CCCCC1C(C2)N(CC1CC1)CC3,9.537602002101044
CNC(=O)Oc1ccc2c(c1)C13CCCCC1C(C2)N(CC1CC1)CC3,8.275724130399212
CCNC(=O)Oc1ccc2c(c1)C13CCCCC1C(C2)N(C)CC3,8.318758762624412
CC(c1ccccc1)N1CCC(O)(c2ccccc2)CC1,5.203078924669831
Cc1ccccc1C(c1ccccc1)N1CCC(O)(c2ccccc2)CC1,6.609064892896621
c1ccc(COC2(c3ccccc3)CCN(C(c3ccccc3)c3ccccc3)CC2)cc1,4.668471481131309
CCOC1(c2ccccc2)CCN(C(c2ccccc2)c2ccccc2)CC1,6.423658649794207
COc1ccc(C(c2ccc(OC)cc2)N2CCC(O)(c3ccccc3)CC2)cc1,6.074172425375258
COc1ccccc1C(c1ccccc1OC)N1CCC(O)(c2ccccc2)CC1,6.074172425375258
OC1(c2ccccc2)CCN(C(c2ccccc2F)c2ccccc2F)CC1,6.8297382846050425
OC1(c2ccccc2)CCN(C(c2ccccc2Cl)c2ccccc2Cl)CC1,6.59176003468815
Cc1ccccc1C(c1ccccc1C)N1CCC(O)(c2ccccc2)CC1,5.668167955563751
OCc1ccccc1C(c1ccccc1)N1CCC(O)(c2ccccc2)CC1,6.920818753952375
OC1(c2ccccc2)CCN(C(c2ccccc2)c2ccc(Br)cc2)CC1,5.611011214875286
OC1(c2ccccc2)CCN(C(c2ccccc2)c2ccccc2Br)CC1,6.769551078621726
OC1(c2ccccc2)CCN(C(c2ccccc2)c2ccccc2F)CC1,6.752026733638194
OC1(c2ccccc2)CCN(C(c2ccccc2)c2cccc(Cl)c2)CC1,6.696803942579511
OC1(c2ccccc2)CCN(C(c2ccccc2)c2ccccc2Cl)CC1,6.215382707367125
CCc1ccccc1C(c1ccccc1)N1CCC(O)(c2ccccc2)CC1,8.045757490560675
OC1(c2ccccc2)CCN(C(c2ccccc2)c2ccc(C(F)(F)F)cc2)CC1,5.91829272990265
OC1(c2ccccc2)CCN(C(c2ccccc2)c2cccc(C(F)(F)F)c2)CC1,6.146301788223826
OC1(c2ccccc2)CCN(C(c2ccccc2)c2ccccc2C(F)(F)F)CC1,6.896196279044043
OC1(c2ccccc2)CCN(C(c2ccccc2)c2cccnc2)CC1,6.086716098239582
OC1(c2ccccc2)CCN(C(c2ccccc2)c2ccccn2)CC1,5.030397735151461
OC1(c2ccccc2)CCN(C(c2ccccc2)c2ccccc2)CC1,6.632644078973981
O=C(Nc1c(F)cccc1F)C(c1ccccc1)N1CCC(O)(c2ccccc2)CC1,5.427593132441944
COC(=O)C(c1ccccc1)N1CCC(O)(c2ccccc2)CC1,4.223226197587893
CCOCC(c1ccccc1)N1CCC(O)(c2ccccc2)CC1,6.345823458122039
COCC(c1ccccc1)N1CCC(O)(c2ccccc2)CC1,6.107905397309519
OC1(c2ccccc2)CCN(C(c2ccccc2)C2CCCC2)CC1,6.104025267640935
CCCCCCC(c1ccccc1)N1CCC(O)(c2ccccc2)CC1,6.841637507904751
CCCCC(c1ccccc1)N1CCC(O)(c2ccccc2)CC1,7.5376020021010435
O=Cc1cc2ccc(C(=O)Nc3cccc4c5c([nH]c34)[C@@H]3Oc4c(O)ccc6c4[C@@]34CCN(CC3CC3)[C@H](C6)[C@]4(O)C5)cc2cc1C=O,6.841637507904751
COC(=O)[C@@H]1C[C@H](OC(C)=O)C(=O)[C@H]2[C@@]1(C)CC[C@H]1C(=O)O[C@H](c3ccoc3Br)C[C@]21C,5.838631997765025
COc1ccc2c3c1O[C@H]1[C@]4(OC)CC[C@@]5(C[C@@H]4CNC(=O)/C=C/c4ccccc4)[C@@H](C2)N(C)CC[C@]315,8.772113295386326
CO[C@@]12CC[C@@]3(C[C@@H]1CNC/C=C/c1ccc(Cl)cc1)[C@H]1Cc4ccc(O)c5c4[C@@]3(CCN1C)[C@H]2O5,9.167491087293763
COc1ccc2c3c1O[C@H]1[C@]4(OC)CC[C@@]5(C[C@@H]4CNC/C=C/c4ccc(Cl)cc4)[C@@H](C2)N(C)CC[C@]315,7.465973893943865
CO[C@@]12CC[C@@]3(C[C@@H]1CNC(=O)/C=C/c1ccc(Cl)cc1)[C@H]1Cc4ccc(O)c5c4[C@@]3(CCN1C)[C@H]2O5,9.744727494896694
CO[C@@]12CC[C@@]3(C[C@@H]1CNC(=O)/C=C/c1ccc(C)cc1)[C@H]1Cc4ccc(O)c5c4[C@@]3(CCN1C)[C@H]2O5,9.638272163982409
CO[C@@]12CC[C@@]3(C[C@@H]1CNC(=O)/C=C/c1ccccc1Cl)[C@H]1Cc4ccc(O)c5c4[C@@]3(CCN1C)[C@H]2O5,9.602059991327964
CO[C@@]12CC[C@@]3(C[C@@H]1CNC(=O)/C=C/c1ccccc1C)[C@H]1Cc4ccc(O)c5c4[C@@]3(CCN1C)[C@H]2O5,9.853871964321762
COc1ccc2c3c1O[C@H]1[C@]4(OC)CC[C@@]5(C[C@@H]4CNC(=O)/C=C/c4ccccc4[N+](=O)[O-])[C@@H](C2)N(C)CC[C@]315,8.528708288941061
COc1ccc2c3c1O[C@H]1[C@]4(OC)CC[C@@]5(C[C@@H]4CNC(=O)/C=C/c4ccc([N+](=O)[O-])cc4)[C@@H](C2)N(C)CC[C@]315,9.060480747381382
COc1ccc2c3c1O[C@H]1[C@]4(OC)CC[C@@]5(C[C@@H]4CNC(=O)/C=C/c4ccc(Cl)cc4)[C@@H](C2)N(C)CC[C@]315,8.58335949266172
COc1ccc2c3c1O[C@H]1[C@]4(OC)CC[C@@]5(C[C@@H]4CNC(=O)/C=C/c4ccc(C)cc4)[C@@H](C2)N(C)CC[C@]315,7.928117992693875
COc1ccc2c3c1O[C@H]1[C@]4(OC)CC[C@@]5(C[C@@H]4CNC(=O)/C=C/c4ccccc4Cl)[C@@H](C2)N(C)CC[C@]315,9.200659450546418
NC(=O)Nc1ccc2c(c1)[C@@]13CCCC[C@H]1[C@@H](C2)N(CC1CCC1)CC3,8.494850021680094
NC(=O)Nc1ccc2c(c1)[C@@]13CCCC[C@H]1[C@@H](C2)N(CC1CC1)CC3,8.853871964321762
O=c1[nH]c2cc3c(cc2o1)[C@@]12CCCC[C@H]1[C@@H](C3)N(CC1CCC1)CC2,8.236572006437063
O=c1[nH]c2cc3c(cc2o1)[C@@]12CCCC[C@H]1[C@@H](C3)N(CC1CC1)CC2,6.795880017344075
Nc1nc2cc3c(cc2o1)[C@@]12CCCC[C@H]1[C@@H](C3)N(CC1CCC1)CC2,7.397940008672037
CCS(=O)(=O)N1CCN(Cc2ccccc2C2(O)CCN(C(c3ccccc3Cl)c3ccccc3Cl)CC2)CC1,6.454692883534176
CN1CCN(Cc2ccccc2C2(O)CCN(C(c3ccccc3Cl)c3ccccc3Cl)CC2)CC1,6.721246399047171
OC1(c2ccccc2CN2CCOCC2)CCN(C(c2ccccc2Cl)c2ccccc2Cl)CC1,6.920818753952375
CCNC(=O)NCc1ccccc1C1(O)CCN(C(c2ccccc2Cl)c2ccccc2Cl)CC1,6.517126416391246
CC(C)S(=O)(=O)NCc1ccccc1C1(O)CCN(C(c2ccccc2Cl)c2ccccc2Cl)CC1,6.787812395596042
CCCS(=O)(=O)NCc1ccccc1C1(O)CCN(C(c2ccccc2Cl)c2ccccc2Cl)CC1,6.567030709125595
CNCc1ccccc1C1(O)CCN(C(c2ccccc2Cl)c2ccccc2Cl)CC1,6.777283528852417
CC1(C)CCC(N2CCC(O)(c3ccccc3CN)CC2)c2ccccc21,6.742321425130816
NCc1ccccc1C1(O)CCN(CC2CCCCCC2)CC1,6.3448615651886175
NCc1ccccc1C1(O)CCN(C(c2ccccc2Cl)c2ccccc2Cl)CC1,6.603800652904264
NCc1ccccc1C1(O)CCN(C(c2ccc(Cl)cc2)c2ccc(Cl)cc2)CC1,5.510744831630739
Cc1ccc(C(c2ccc(C)cc2)N2CCC(O)(c3ccccc3CN)CC2)cc1,6.29929628285498
Cc1ccccc1C(c1ccccc1C)N1CCC(O)(c2ccccc2CN)CC1,6.721246399047171
NCc1ccccc1C1(O)CCN(C(c2ccccc2)c2ccccc2Br)CC1,7.142667503568732
NCc1ccccc1C1(O)CCN(C(c2ccccc2)c2ccccc2Cl)CC1,7.142667503568732
Cc1ccccc1C(c1ccccc1)N1CCC(O)(c2ccccc2CN)CC1,7.552841968657781
NCc1ccccc1C1(O)CCN(C(c2ccccc2)c2ccccc2)CC1,6.903089986991944
OC1(c2ccccn2)CCN(C(c2ccccc2)c2ccccc2)CC1,4.937794191180287
Cc1ccsc1C1(O)CCN(C(c2ccccc2)c2ccccc2)CC1,6.121478204498794
OC1(c2ccco2)CCN(C(c2ccccc2)c2ccccc2)CC1,5.341606973720876
OC1(CCCc2ccccc2)CCN(C(c2ccccc2)c2ccccc2)CC1,5.473144012874125
OC1(C2CCCCC2)CCN(C(c2ccccc2)c2ccccc2)CC1,6.39040559077478
CCCCCCC1(O)CCN(C(c2ccccc2)c2ccccc2)CC1,5.050658793229503
CC(C)(C)C1(O)CCN(C(c2ccccc2)c2ccccc2)CC1,5.443818153347089
CC(C)C1(O)CCN(C(c2ccccc2)c2ccccc2)CC1,4.878440155812499
OC1(C2CC2)CCN(C(c2ccccc2)c2ccccc2)CC1,4.736009067318688
N#Cc1ccc(C2(O)CCN(C(c3ccccc3)c3ccccc3)CC2)cc1,5.076652343502174
COc1ccc(C2(O)CCN(C(c3ccccc3)c3ccccc3)CC2)cc1,4.95663772197887
COc1cccc(C2(O)CCN(C(c3ccccc3)c3ccccc3)CC2)c1,5.524619406856639
COc1ccccc1C1(O)CCN(C(c2ccccc2)c2ccccc2)CC1,6.007446482167865
CCc1ccc(C2(O)CCN(C(c3ccccc3)c3ccccc3)CC2)cc1,5.46432619657425
Cc1cccc(C2(O)CCN(C(c3ccccc3)c3ccccc3)CC2)c1,6.563837352959244
OC1(c2ccc(Br)cc2)CCN(C(c2ccccc2)c2ccccc2)CC1,5.975925012692573
OC1(c2ccc(Cl)cc2)CCN(C(c2ccccc2)c2ccccc2)CC1,6.028724151261895
OC1(c2ccc(F)cc2)CCN(C(c2ccccc2)c2ccccc2)CC1,6.112945621949043
OC1(c2cccc(F)c2)CCN(C(c2ccccc2)c2ccccc2)CC1,6.151810883008602
OC1(c2ccccc2F)CCN(C(c2ccccc2)c2ccccc2)CC1,6.229884705212898
C[C@H](NC(=O)[C@H](CO)NC(=O)[C@H](CCCCN)NC(=O)[C@H](CCCNC(=N)N)NC(=O)C(C)(C)NC(=O)CNC(=O)[C@@H](NC(=O)[C@H](Cc1ccc(F)cc1)NC(=O)CNC(=O)CNC(=O)[C@@H](N)Cc1ccccc1)[C@@H](C)O)C(=O)N[C@@H](CCCNC(=N)N)C(=O)N[C@@H](CCCCN)C(=O)N[C@@H](CCCNC(=N)N)C(=O)N[C@@H](CCCCN)C(=O)N[C@@H](CC(N)=O)C(=O)N[C@@H](CCC(N)=O)C(N)=O,7.130005999878258
NC(=O)c1cccc(Oc2ccc(CCNCc3ccccc3)cc2)n1,6.191471696060557
O=C(c1ccc(Oc2ccc(CNCCc3ccccc3)cc2)nc1)N1CCCCC1,6.409503688185436
CC(C)NC(=O)c1ccc(Oc2ccc(CNCCc3ccccc3)cc2)nc1,7.28174749990225
CCNC(=O)c1ccc(Oc2ccc(CNCCc3ccccc3)cc2)nc1,7.2429837652687
CNC(=O)c1ccc(Oc2ccc(CNCCc3ccccc3)cc2)nc1,7.281581358170344
CNC(=N)c1ccc(Oc2ccc(CNCCc3ccccc3)cc2)nc1,6.629801596440893
NC(=O)c1ccc(Oc2ccc(CNCCc3ccccc3)cc2)nc1,9.769551078621726
N#Cc1ccc(Oc2ccc(CCNCc3ccccc3)cc2)nc1,5.967840754621801
NC(=O)c1ccc(Oc2ccc(CCNCc3ccccc3)cc2)nc1,8.12842706445412
C[C@H]1CN(CC[C@H](O)C2CCCCC2)CC[C@@]1(C)c1cccc(O)c1,9.955656265104894
NC(=O)c1ccc(Oc2ccc(CNCCc3ccccc3)cc2)cn1,8.95663772197887
NC(=O)c1ccc(Oc2ccc(CNCCc3ccccc3)cc2)cc1,9.657577319177792
NC(=O)c1ccc(Oc2ccc(CCCNCc3ccccc3)cc2)nc1,7.65247484000131
NC(=O)c1ccc(Oc2ccc(CCNCCc3ccccc3)cc2)nc1,7.780939667551139
Cc1c[nH]c(=O)c(CCCCNC(=O)[C@@H](N)Cc2c(C)cc(O)cc2C)n1,9.207608310501746
Cc1cc(O)cc(C)c1C[C@H](N)C(=O)NCCCCc1[nH]c(=O)c(C)nc1C,7.812479279163536
Cc1cccc(C)c1Cc1[nH]c(=O)c(CCCCNC(=O)[C@@H](N)Cc2c(C)cc(O)cc2C)nc1C,9.18045606445813
Cc1cc(O)cc(C)c1C[C@H](N)C(=O)NCCCCc1nc(C)c(CCc2ccccc2)[nH]c1=O,9.903089986991944
Cc1cc(O)cc(C)c1C[C@H](N)C(=O)NCCCc1nc(C)c(CCc2ccccc2)[nH]c1=O,9.259637310505756
Cc1cc(O)cc(C)c1C[C@H](N)C(=O)NCCCCc1nc(C)c(Cc2ccccc2)[nH]c1=O,9.3767507096021
Cc1cc(O)cc(C)c1C[C@H](N)C(=O)NCCCc1nc(C)c(Cc2ccccc2)[nH]c1=O,9.0
Cc1cc(O)cc(C)c1C[C@H](N)C(=O)NCc1nc(C)c(C)[nH]c1=O,6.88907375773358
Cc1cc(O)cc(C)c1C[C@H](N)C(=O)NCCCc1nc(C)c(C)[nH]c1=O,8.051587034221399
NC(=O)c1ccc(Oc2ccc3c(c2)CCCN(CCCN2CCOCC2)C3)nc1,6.665807708475127
NC(=O)c1ccc(Oc2ccc3c(c2)CCCN(CCN2CCOCC2)C3)nc1,6.890421453095613
NC(=O)c1ccc(Oc2ccc3c(c2)CCCN(CCCC2CCCCC2)C3)nc1,7.380176499542722
NC(=O)c1ccc(Oc2ccc3c(c2)CCCN(CCCC(F)(F)F)C3)nc1,7.612254340391137
CC(C)(C)CCN1CCCc2cc(Oc3ccc(C(N)=O)cn3)ccc2C1,7.736837535037783
CC(C)CCCCN1CCCc2cc(Oc3ccc(C(N)=O)cn3)ccc2C1,7.923359556329658
CC(C)CCCN1CCCc2cc(Oc3ccc(C(N)=O)cn3)ccc2C1,8.122053048370812
CC(C)CCN1CCCc2cc(Oc3ccc(C(N)=O)cn3)ccc2C1,7.95311480916229
CCCCN1CCCc2cc(Oc3ccc(C(N)=O)cn3)ccc2C1,7.681727919788373
NC(=O)c1ccc(Oc2ccc(CCN3CCc4ccccc4C3)cc2)nc1,8.296708621881338
NC(=O)c1ccc(Oc2ccc3c(c2)CCN(CCc2ccccc2)CC3)nc1,7.038626372405199
NC(=O)c1ccc(Oc2ccc3c(c2)CCCN(CCc2ccccc2)C3)nc1,7.996108833763089
NC(=O)c1ccc(Oc2ccc3c(c2)CCN(CCc2ccccc2)C3)nc1,7.7972393126068
COc1ccc(C)c(OC(CCN2CCC3(CC2)C(=O)NCN3c2ccccc2)C(C)C)c1,7.468521082957745
COc1ccc(C)c(OC(CCN2CCC(n3c(=O)n(CC(=O)NC4CCC4)c4ccccc43)CC2)C(C)C)c1,6.966576244513051
COc1ccc(C)c(OC(CCN2CCC(n3c(=O)n(CC(=O)NCC4CC4)c4ccccc43)CC2)C(C)C)c1,7.0
COc1ccc(C)c(OC(CCN2CCC(n3c(=O)n(CC(=O)NCc4ccccc4)c4ccccc43)CC2)C(C)C)c1,6.364516253185088
C=CCNC(=O)Cn1c(=O)n(C2CCN(CCC(Oc3cc(OC)ccc3C)C(C)C)CC2)c2ccccc21,6.701146923590294
COCCNC(=O)Cn1c(=O)n(C2CCN(CCC(Oc3cc(OC)ccc3C)C(C)C)CC2)c2ccccc21,6.7447274948966935
COc1ccc(C)c(OC(CCN2CCC(n3c(=O)n(CC(=O)NCCO)c4ccccc43)CC2)C(C)C)c1,7.1249387366083
COc1ccc(C)c(OC(CCN2CCC(n3c(=O)n(CC(=O)NC(C)(C)C)c4ccccc43)CC2)C(C)C)c1,6.610833915635467
COc1ccc(C)c(OC(CCN2CCC(n3c(=O)n(CC(=O)NC(C)C)c4ccccc43)CC2)C(C)C)c1,6.623423042943488
CNCCn1c(=O)n(C2CCN(CCC(Oc3cc(OC)ccc3C)C(C)C)CC2)c2ccccc21,7.337242168318426
COc1ccc(C)c(OC(CCN2CCC(n3c(=O)n(CS(C)(=O)=O)c4ccccc43)CC2)C(C)C)c1,7.154901959985743
COc1ccc(C)c(OC(CCN2CCC(n3c(=O)n(C[S+](C)O)c4ccccc43)CC2)C(C)C)c1,6.903089986991944
COc1ccc(C)c(OC(CCN2CCC(n3c(=O)n(CCO)c4ccccc43)CC2)C(C)C)c1,7.207608310501746
COc1ccc(C)c(OC(CCN2CCC(n3c(=O)n(CC(=O)O)c4ccccc43)CC2)C(C)C)c1,5.769295686387431
CNC(=O)CCn1c(=O)n(C2CCN(CCC(Oc3cc(OC)ccc3C)C(C)C)CC2)c2ccccc21,6.913640169325252
COc1ccc(C)c(OC(CCN2CCC(n3c(=O)n(CCN(C)C)c4ccccc43)CC2)C(C)C)c1,6.97469413473523
COc1ccc(C)c(OC(CCN2CCC(n3c(=O)n(CCSC)c4ccccc43)CC2)C(C)C)c1,7.568636235841013
COC(=O)CCn1c(=O)n(C2CCN(CCC(Oc3cc(OC)ccc3C)C(C)C)CC2)c2ccccc21,6.567030709125595
COc1ccc(C)c(OC(CCN2CCC(n3c(=O)n(CSC)c4ccccc43)CC2)C(C)C)c1,7.638272163982407
COc1ccc(C)c(OC(CCN2CCC(n3c(=O)n(CCOC(C)=O)c4ccccc43)CC2)C(C)C)c1,6.987162775294828
COC(=O)Cn1c(=O)n(C2CCN(CCC(Oc3cc(OC)ccc3C)C(C)C)CC2)c2ccccc21,6.567030709125595
COc1ccc(C)c(OC(CCN2CCC(n3c(=O)n(CC(=O)N(C)C)c4ccccc43)CC2)C(C)C)c1,6.72584215073632
COc1ccc(C)c(OC(CCN2CCC(n3c(=O)n(CC(N)=O)c4ccccc43)CC2)C(C)C)c1,6.860120913598763
CC1(C)CCC(N2CCC3(CC2)C(=O)NCN3c2ccccc2)c2ccc(F)cc21,7.228412519118745
CC1(C)CCC(N2CCC3(CC2)C(=O)NCN3c2ccccc2)c2ccc(Cl)cc21,7.308918507877031
O=C1NCN(c2ccccc2)C12CCN(C1CCCc3c(Cl)cccc31)CC2,6.8843894883257
O=C1NCN(c2ccccc2)C12CCN(C1CCCc3ccc(Cl)cc31)CC2,6.790484985457369
O=C1NCN(c2ccccc2)C12CCN(C1CCCc3c(F)cccc31)CC2,7.140861702705469
O=C1NCN(c2ccccc2)C12CCN(C1CCCc3ccc(F)cc31)CC2,6.876148359032914
O=C1NCN(c2ccccc2)C12CCN(C1CCCc3cccc(F)c31)CC2,8.292429823902063
CC1(C)CCC(N2CCC3(CC2)C(=O)NCN3c2ccccc2)c2ccccc21,7.318758762624412
O=C1NCN(c2ccccc2)C12CCN(C1CCCCc3ccccc31)CC2,6.171984935776023
O=C1NCN(c2ccccc2)C12CCN(C(c1ccc(F)cc1)c1ccc(F)cc1)CC2,6.104025267640935
O=C1NCN(c2ccccc2)C12CCN(C(c1ccccc1F)c1ccccc1F)CC2,6.246416941107094
O=C1NCN(c2ccccc2)C12CCN(C(c1ccccc1)c1ccc(Cl)cc1)CC2,5.294050805089705
Cc1ccccc1C(c1ccccc1)N1CCC2(CC1)C(=O)NCN2c1ccccc1,5.95506845385084
O=C1NCN(c2ccccc2)C12CCN(C(c1ccccc1)c1ccccc1Cl)CC2,6.109020403010312
O=C1NCN(c2ccccc2)C12CCN(C(c1ccccc1)c1ccccc1F)CC2,6.087246696328677
O=C1NCN(c2ccccc2)C12CCN(C(c1ccccc1)c1ccccc1)CC2,6.312025379965444
CC(C)CCC(c1ccccc1)N1CCC2(CC1)C(=O)NCN2c1ccccc1,7.522878745280337
CCCCC(c1ccccc1)N1CCC2(CC1)C(=O)NCN2c1ccccc1,7.657577319177793
CC(c1ccccc1)N1CCC2(CC1)C(=O)NCN2c1ccccc1,7.130768280269024
O=C1NCN(c2ccccc2)C12CCN(Cc1ccccc1Cl)CC2,7.42712839779952
O=C1NCN(c2ccccc2)C12CCN(Cc1ccsc1)CC2,6.876148359032914
O=C1NCN(c2ccccc2)C12CCN(Cc1cccnc1)CC2,6.632644078973981
O=C1NCN(c2ccccc2)C12CCN(Cc1ccccn1)CC2,5.754240644032723
O=C1NCN(c2ccccc2)C12CCN(CC1CCCCC1)CC2,6.052076380168273
CSCC[C@H](NC(=O)[C@H](Cc1ccccc1)NC(=O)CNC(=O)CNC(=O)[C@@H](N)Cc1ccc(O)cc1)C(=O)O,7.721246399047171
CSCC[C@H](NC(=O)[C@H](Cc1ccccc1)NC(=O)CNC(=O)[C@H](C)NC(=O)[C@@H](N)Cc1ccc2nc(N)sc2c1)C(=O)O,7.0
CC(C)C[C@H](NC(=O)[C@H](Cc1ccccc1)NC(=O)CNC(=O)CNC(=O)[C@@H](N)Cc1ccc2nc(N)sc2c1)C(=O)O,5.920818753952375
CC(C)C[C@H](NC(=O)[C@H](Cc1ccccc1)NC(=O)CNC(=O)[C@H](C)NC(=O)[C@@H](N)Cc1ccc2nc(N)sc2c1)C(=O)O,5.920818753952375
CC(C)C[C@H](NC(=O)[C@H](Cc1ccccc1)NC(=O)CNC(=O)[C@H](C)NC(=O)[C@@H](N)Cc1cccc(C(N)=O)c1)C(=O)O,6.251811972993799
CC(C)C[C@H](NC(=O)[C@H](Cc1ccccc1)NC(=O)CNC(=O)[C@H](C)NC(=O)[C@@H](N)Cc1ccc(N)cc1)C(=O)O,5.853871964321762
CSCC[C@H](NC(=O)[C@H](Cc1ccccc1)NC(=O)CNC(=O)CNC(=O)[C@@H](N)Cc1ccc(O)cc1)C(N)=O,7.920818753952375
CSCC[C@H](NC(=O)[C@H](Cc1ccccc1)NC(=O)CNC(=O)CNC(=O)[C@@H](N)Cc1ccc(C(N)=O)cc1)C(=O)O,7.552841968657781
CN1CC[C@]23c4c5ccc(O)c4O[C@H]2c2[nH]c4ccc(I)cc4c2C[C@@]3(O)[C@H]1C5,7.180456064458132
CN1CC[C@]23c4c5ccc(O)c4O[C@H]2c2[nH]c4ccc(Br)cc4c2C[C@@]3(O)[C@H]1C5,7.1487416512809245
CN1CC[C@]23c4c5ccc(O)c4O[C@H]2c2[nH]c4ccc(F)cc4c2C[C@@]3(O)[C@H]1C5,7.67778070526608
C[C@H]1C2Cc3ccc(C(=O)NCCc4cccc5ccccc45)cc3[C@@]1(C)CCN2CC1CC1,8.3767507096021
C[C@H]1C2Cc3ccc(C(=O)NCc4ccc5ccccc5c4)cc3[C@@]1(C)CCN2CC1CC1,8.886056647693163
Cc1ccc(-c2ccc(CCNC(=O)c3ccc4c(c3)[C@@]3(C)CCN(CC5CC5)C(C4)[C@@H]3C)cc2)cc1,9.537602002101044
C[C@H]1C2Cc3ccc(C(=O)NCCc4ccc(-c5ccc(Cl)c(Cl)c5)cc4)cc3[C@@]1(C)CCN2CC1CC1,9.008773924307503
C[C@H]1C2Cc3ccc(C(=O)NCCc4ccccc4Br)cc3[C@@]1(C)CCN2CC1CC1,8.397940008672037
C[C@H]1C2Cc3ccc(C(=O)NCCc4cccc(Br)c4)cc3[C@@]1(C)CCN2CC1CC1,9.455931955649724
C[C@H]1C2Cc3ccc(C(=O)NCCc4ccc(Br)cc4)cc3[C@@]1(C)CCN2CC1CC1,8.619788758288394
C[C@H]1C2Cc3ccc(C(=O)NCCc4ccccc4-c4ccccc4)cc3[C@@]1(C)CCN2CC1CC1,8.173925197299173
CC(C)C1CCC(N2CCC(C(=O)NCc3ccccc3)(c3ccccc3)CC2)CC1,5.585026652029182
CC(C)(C)C1CCC(N2CCC3(CC2)C(=O)NCc2cc(F)ccc23)CC1,5.2877713303804645
CC(C)C1CCC(N2CCC3(CC2)C(=O)NCc2cc(F)ccc23)CC1,5.170374646641951
CC(C)C1CCC(N2CCC3(CC2)C(=O)NCc2ccccc23)CC1,5.267123958637294
CC(C)(C)C1CCC(N2CCC3(CC2)C(=O)N(Cc2ccccc2)Cc2cc(F)ccc23)CC1,5.800793520838342
CC(C)(C)C1CCC(N2CCC3(CC2)C(=O)N(Cc2ccccc2)Cc2cccc(F)c23)CC1,6.607303046740334
CC(C)(C)C1CCC(N2CCC3(CC2)C(=O)N(Cc2ccccc2)Cc2ccccc23)CC1,6.667561540084395
CC(C)C1CCC(N2CCC3(CC2)C(=O)N(Cc2ccccc2)Cc2cccc(F)c23)CC1,5.187086643357144
CN1Cc2cccc(F)c2C2(CCN(C3CCC(C(C)(C)C)CC3)CC2)C1=O,5.107905397309519
CC(C)C1CCC(N2CCC3(CC2)C(=O)N(C)Cc2cc(F)ccc23)CC1,6.267606240177032
CC(C)C1CCC(N2CCC3(CC2)C(=O)N(C)Cc2cccc(F)c23)CC1,5.682981898951889
CC(C)C1CCC(N2CCC3(CC2)C(=O)N(C)Cc2ccccc23)CC1,6.3223930472795065
COc1ccc(CC(=O)N[C@@H]2CC[C@@]3(O)[C@H]4Cc5ccc(O)c6c5[C@@]3(CCN4CC3CC3)[C@H]2O6)cc1,9.568636235841012
O=C(Cc1ccccc1)N[C@@H]1CC[C@@]2(O)[C@H]3Cc4ccc(O)c5c4[C@@]2(CCN3CC2CC2)[C@H]1O5,9.795880017344077
COc1cccc(CC(=O)N[C@@H]2CC[C@@]3(O)[C@H]4Cc5ccc(O)c6c5[C@@]3(CCN4CC3CC3)[C@H]2O6)c1,9.886056647693165
O=C(CCc1ccccc1)N[C@@H]1CC[C@@]2(O)[C@H]3Cc4ccc(O)c5c4[C@@]2(CCN3CC2CC2)[C@H]1O5,9.920818753952377
O=C(O)c1ccc(C(=O)N[C@@H]2CC[C@@]3(O)[C@H]4Cc5ccc(O)c6c5[C@@]3(CCN4CC3CC3)[C@H]2O6)cc1,7.996539467890494
CC(C)(C)OC(=O)Nc1ccc(C(=O)N[C@@H]2CC[C@@]3(O)[C@H]4Cc5ccc(O)c6c5[C@@]3(CCN4CC3CC3)[C@H]2O6)cc1,9.036212172654444
COC(=O)c1ccc(C(=O)N[C@@H]2CC[C@@]3(O)[C@H]4Cc5ccc(O)c6c5[C@@]3(CCN4CC3CC3)[C@H]2O6)cc1,9.67778070526608
O=C(N[C@@H]1CC[C@@]2(O)[C@H]3Cc4ccc(O)c5c4[C@@]2(CCN3CC2CC2)[C@H]1O5)c1cccc([N+](=O)[O-])c1,9.721246399047171
O=C(N[C@@H]1CC[C@@]2(O)[C@H]3Cc4ccc(O)c5c4[C@@]2(CCN3CC2CC2)[C@H]1O5)c1cccc(O)c1,9.886056647693165
O=C(C[C@@H]1O[C@H](COCc2ccccc2)[C@@H](OCc2ccccc2)[C@H](OCc2ccccc2)[C@H]1OCc1ccccc1)N[C@H]1CC[C@@]2(O)[C@H]3Cc4ccc(O)c5c4[C@@]2(CCN3CC2CC2)[C@H]1O5,8.826813731587725
C=C1CC[C@@]2(O)[C@H]3Cc4ccc(O)c5c4[C@@]2(CCN3CC2CC2)[C@H]1O5,9.204119982655923
[11CH3]n1c2c(c3ccccc31)C[C@@]1(O)[C@H]3Cc4ccc(O)c5c4[C@@]1(CCN3CC1CC1)[C@H]2O5,7.406713932979542
C[C@H]1CN(C[C@H](Cc2ccccc2)C(=O)N[C@@H](CCCN)C(=O)O)CC[C@@]1(C)c1cccc(O)c1,9.387216143280265
C[C@H]1CN(C[C@H](Cc2ccccc2)C(=O)N[C@@H](CCC(=O)O)C(=O)O)CC[C@@]1(C)c1cccc(O)c1,7.958607314841775
C[C@H]1CN(C[C@H](Cc2ccccc2)C(=O)N[C@@H](CC(=O)O)C(=O)O)CC[C@@]1(C)c1cccc(O)c1,8.136677139879543
C[C@H]1CN(C[C@H](Cc2ccccc2)C(=O)N[C@@H](CC2CCCCC2)C(=O)O)CC[C@@]1(C)c1cccc(O)c1,7.958607314841775
C[C@H]1CN(C[C@H](Cc2ccccc2)C(=O)N[C@@H](Cc2ccc3ccccc3c2)C(=O)O)CC[C@@]1(C)c1cccc(O)c1,8.698970004336019
C[C@H]1CN(C[C@H](Cc2ccccc2)C(=O)N[C@@H](Cc2cccc3ccccc23)C(=O)O)CC[C@@]1(C)c1cccc(O)c1,8.568636235841012
C[C@H]1CN(C[C@H](Cc2ccccc2)C(=O)N[C@@H](Cc2ccc(-c3ccccc3)cc2)C(=O)O)CC[C@@]1(C)c1cccc(O)c1,8.721246399047171
C[C@H]1CN(CCC(=O)N(Cc2cccc(Cl)c2)[C@@H](Cc2ccccc2)C(=O)O)CC[C@@]1(C)c1cccc(O)c1,7.823908740944319
C[C@H]1CN(CCC(=O)N(CCc2ccccc2)[C@@H](Cc2ccccc2)C(=O)O)CC[C@@]1(C)c1cccc(O)c1,7.180456064458132
C[C@H]1CN(CCC(=O)N(Cc2ccccc2)[C@@H](Cc2ccccc2)C(=O)O)CC[C@@]1(C)c1cccc(O)c1,7.638272163982407
C[C@H]1CN(CCC(=O)N(c2ccccc2)[C@@H](Cc2ccccc2)C(=O)O)CC[C@@]1(C)c1cccc(O)c1,7.494850021680094
CC(C)CN(C(=O)CCN1CC[C@@](C)(c2cccc(O)c2)[C@@H](C)C1)[C@@H](Cc1ccccc1)C(=O)O,7.552841968657781
CCN(C(=O)CCN1CC[C@@](C)(c2cccc(O)c2)[C@@H](C)C1)[C@@H](Cc1ccccc1)C(=O)O,7.721246399047171
C[C@H]1CN(CCC(=O)N(C)[C@@H](Cc2ccccc2)C(=O)O)CC[C@@]1(C)c1cccc(O)c1,7.180456064458132
C[C@H]1CN(CCC(=O)N[C@@H](CCc2ccccc2)C(=O)O)CC[C@@]1(C)c1cccc(O)c1,7.236572006437063
C[C@H]1CN(CCC(=O)N[C@@H](Cc2ccccc2)C(=O)O)CC[C@@]1(C)c1cccc(O)c1,7.443697499232712
CCCN1C[C@@H]2[C@H](c3ccccc3)CC[C@H]1CN2Cc1ccc(C(=O)N(CC)CC)cc1,5.2441251443275085
COc1ccc(C)c(OC(CCN2CCC(n3c(=O)n(Cn4ccnc4)c4ccccc43)CC2)C(C)C)c1,6.919987152892072
COc1ccc(C)c(OC(CCN2CCC(n3c(=O)n(Cc4cnccn4)c4ccccc43)CC2)C(C)C)c1,7.119987161633229
COc1ccc(C)c(OC(CCN2CCC(n3c(=O)n(Cc4cccnc4)c4ccccc43)CC2)C(C)C)c1,7.320027305722581
COc1ccc(C)c(OC(CCN2CCC(n3c(=O)n(Cc4c(C)noc4C)c4ccccc43)CC2)C(C)C)c1,7.250031916490597
COc1ccc(C)c(OC(CCN2CCC(n3c(=O)n(Cc4ncco4)c4ccccc43)CC2)C(C)C)c1,7.079981083971085
COc1ccc(C)c(OC(CCN2CCC(n3c(=O)n(Cc4cocn4)c4ccccc43)CC2)C(C)C)c1,6.980011840408714
COc1ccc(C)c(OC(CCN2CCC(n3c(=O)n(Cc4ccncc4)c4ccccc43)CC2)C(C)C)c1,7.36997914888659
COc1ccc(C)c(OC(CCN2CCC(n3c(=O)n(Cc4csc(C)n4)c4ccccc43)CC2)C(C)C)c1,7.410050398674292
COc1ccc(C)c(OC(CCN2CCC(n3c(=O)n(Cc4ccccn4)c4ccccc43)CC2)C(C)C)c1,7.280006173632396
COc1ccc(C)c(OC(CCN2CCC(n3c(=O)n(Cc4ncsn4)c4ccccc43)CC2)C(C)C)c1,7.0
COc1ccc(C)c(OC(CCN2CCC(n3c(=O)n(Cc4n[nH]c(=O)[nH]4)c4ccccc43)CC2)C(C)C)c1,7.599980364934842
COc1ccc(C)c(OC(CCN2CCC(n3c(=O)n(Cc4nnn[nH]4)c4ccccc43)CC2)C(C)C)c1,5.990001269951939
COc1ccc(C)c(OC(CCN2CCC(n3c(=O)n(Cc4ncn(C)n4)c4ccccc43)CC2)C(C)C)c1,7.0
COc1ccc(C)c(OC(CCN2CCC(n3c(=O)n(Cc4nc(C)no4)c4ccccc43)CC2)C(C)C)c1,7.019996628416254
COc1ccc(C)c(OC(CCN2CCC(n3c(=O)n(Cc4nnc(C)[nH]4)c4ccccc43)CC2)C(C)C)c1,6.919987152892072
COc1ccc(C)c(OC(CCN2CCC(n3c(=O)n(Cn4cncn4)c4ccccc43)CC2)C(C)C)c1,7.410050398674292
COc1ccc(C)c(OC(CCN2CCC(n3c(=O)n(Cn4ccnc4C)c4ccccc43)CC2)C(C)C)c1,6.909988975992853
COC1=C[C@]23CCN(C)[C@H](Cc4ccc(OC)c(O)c42)C3=CC1=O,4.460923901207224
COc1ccc2c3c1O[C@H]1C(=O)C=C[C@H]4[C@@H](C2)N(C)CC[C@]314,6.338187314462739
COC1=CC=C2[C@H]3Cc4ccc(O)c5c4[C@@]2(CCN3C)[C@H]1O5,6.543633966870957
COc1ccc2c3c1O[C@H]1CC=C[C@H]4[C@@H](C2)N(C)CC[C@]314,6.515700160653214
CN1CC[C@]23c4c5ccc(O)c4O[C@H]2CC=C[C@H]3[C@H]1C5,8.67778070526608
COc1ccc2c3c1O[C@H]1[C@@H](OC)C=C[C@H]4[C@@H](C2)N(C)CC[C@]314,5.718966632752273
CN1CC[C@]23c4c5cccc4O[C@H]2CCC[C@H]3[C@H]1C5,7.640164517660112
COC(=O)[C@@H]1C[C@H](SC(=O)c2ccccc2)C(=O)[C@H]2[C@@]1(C)CC[C@H]1C(=O)O[C@H](c3ccoc3)C[C@]21C,6.537602002101044
COC(=O)[C@@H]1C[C@H](NC(=O)c2ccccc2)C(=O)[C@H]2[C@@]1(C)CC[C@H]1C(=O)O[C@H](c3ccoc3)C[C@]21C,8.508638306165727
COC(=O)[C@@H]1C[C@H](OC(=O)c2cccs2)C(=O)[C@H]2[C@@]1(C)CC[C@H]1C(=O)O[C@H](c3ccoc3)C[C@]21C,8.0
COC(=O)[C@@H]1C[C@H](OC(=O)c2ccc3ccccc3c2)C(=O)[C@H]2[C@@]1(C)CC[C@H]1C(=O)O[C@H](c3ccoc3)C[C@]21C,6.7447274948966935
COC(=O)[C@@H]1C[C@H](OC(=O)c2ccc(OC)cc2)C(=O)[C@H]2[C@@]1(C)CC[C@H]1C(=O)O[C@H](c3ccoc3)C[C@]21C,7.154901959985743
COC(=O)[C@@H]1C[C@H](OC(=O)c2ccccc2OC)C(=O)[C@H]2[C@@]1(C)CC[C@H]1C(=O)O[C@H](c3ccoc3)C[C@]21C,5.785156151952302
COC(=O)[C@@H]1C[C@H](OC(=O)c2ccc(Br)cc2)C(=O)[C@H]2[C@@]1(C)CC[C@H]1C(=O)O[C@H](c3ccoc3)C[C@]21C,8.0
COC(=O)[C@@H]1C[C@H](OC(=O)c2ccccc2Br)C(=O)[C@H]2[C@@]1(C)CC[C@H]1C(=O)O[C@H](c3ccoc3)C[C@]21C,6.958607314841775
CN(C(=O)Cc1cc2c(cc1S(=O)(=O)N(C)Cc1ccccc1)OCO2)[C@H](CN1CCCC1)c1ccccc1,8.187086643357144
CN(C(=O)Cc1cc2c(cc1S(=O)(=O)N(C)C)OCO2)[C@H](CN1CC[C@H](O)C1)c1ccccc1,7.468521082957745
CN(C(=O)Cc1ccc2c(c1)OCO2)[C@H](CN1CCCC1)c1ccccc1,6.346787486224656
COc1cc(CC(=O)N(C)[C@H](CN2CC[C@H](O)C2)c2ccccc2)c(S(=O)(=O)N2CCOCC2)cc1OC,8.045757490560675
COc1cc(CC(=O)N(C)[C@H](CN2CC[C@H](O)C2)c2ccccc2)c(S(=O)(=O)N2CCN(C)CC2)cc1OC,7.568636235841013
COc1cc(CC(=O)N(C)[C@H](CN2CCCC2)c2ccccc2)c(S(=O)(=O)N2CCCC2)cc1OC,7.853871964321762
COc1cc(CC(=O)N(C)[C@H](CN2CCCC2)c2ccccc2)c(S(=O)(=O)N(C)Cc2ccccc2)cc1OC,7.67778070526608
CC[C@H](C)[C@H](NC(=O)[C@H](CCCNC(=N)N)NC(=O)[C@H](CCCNC(=N)N)NC(=O)[C@H](CC(C)C)NC(=O)[C@H](Cc1ccccc1)NC(=O)CNC(=O)CNC(=O)[C@@H](N)Cc1ccc(O)cc1)C(=O)N[C@@H](CCCNC(=N)N)C(=O)N1CCC[C@H]1C(=O)N[C@@H](CCCCN)C(=O)N[C@@H](CC(C)C)C(=O)N[C@@H](CCCCN)C(=O)N[C@@H](Cc1c[nH]c2ccccc12)C(=O)N[C@@H](CC(=O)O)C(=O)N[C@@H](CC(N)=O)C(=O)N[C@@H](CCC(N)=O)C(=O)O,8.0268721464003
NC(=O)[C@H](Cc1ccccc1)NC(=O)[C@H](Cc1c[nH]c2ccccc12)NC(=O)[C@@H]1CCCN1C(=O)[C@@H](N)Cc1ccc(O)cc1,8.71929158187473
CC(C)C[C@H](NC(=O)[C@H](Cc1ccccc1)NC(=O)CNC(=O)CNC(=O)[C@@H](N)Cc1ccc(O)cc1)C(N)=O,7.943095148663527
C[C@H](NC(=O)[C@H](C)NC(=O)[C@@H]1CCCN1C(=O)[C@@H](N)Cc1ccc(O)cc1)C(N)=O,6.151810883008602
C[C@H](NC(=O)[C@@H]1CCCN1C(=O)[C@@H](N)Cc1ccc(O)cc1)C(=O)N[C@@H](Cc1ccccc1)C(N)=O,6.646083769079637
C[C@H](NC(=O)[C@H](Cc1c[nH]c2ccccc12)NC(=O)[C@@H]1CCCN1C(=O)[C@@H](N)Cc1ccc(O)cc1)C(N)=O,7.138465589140962
Oc1ccc2c(c1)[C@@]13CCCC[C@@]1(O)[C@@H](C2)N(CC1CCC1)CC3,9.657577319177792
CN1C(=O)[C@H](NC(=O)Nc2cccc(OCCNC(=O)COCC(=O)NNC(=O)COCC(=O)N[C@H]3CC[C@@]4(O)[C@H]5Cc6cc(O)cc7c6[C@@]4(CCN5C)[C@H]3O7)c2)N=C(c2ccccc2)c2ccccc21,8.080921907623926
CN1C(=O)[C@H](NC(=O)Nc2cccc(OCCNC(=O)COCC(=O)NCCNC(=O)COCC(=O)N[C@H]3CC[C@@]4(O)[C@H]5Cc6cc(O)cc7c6[C@@]4(CCN5C)[C@H]3O7)c2)N=C(c2ccccc2)c2ccccc21,8.244125144327509
CN1C(=O)[C@H](NC(=O)Nc2cccc(OCCNC(=O)COCC(=O)NCCCCCCNC(=O)COCC(=O)N[C@H]3CC[C@@]4(O)[C@H]5Cc6cc(O)cc7c6[C@@]4(CCN5C)[C@H]3O7)c2)N=C(c2ccccc2)c2ccccc21,7.531652669587842
CNC(=O)COCC(=O)NCCCCNC(=O)COCC(=O)N[C@H]1CC[C@@]2(O)[C@H]3Cc4cc(O)cc5c4[C@@]2(CCN3C)[C@H]1O5,10.525783735923746
N#CC1(c2ccccc2)CCN(CCCCc2ccccc2)CC1,5.008773924307505
N#CC1(c2ccccc2)CCN(Cc2ccccc2)CC1,5.229147988357856
CN(C)C[C@H]1CCCC[C@]1(O)c1cccc(C(N)=O)c1,8.022276394711152
C=CCN1CC[C@]23c4c5ccc(C(N)=O)c4O[C@@H]2[C@@H](O)C=C[C@H]3[C@H]1C5,7.744727494896693
CC(C)=CCN1CC[C@@]2(C)c3cc(O)ccc3C[C@@H]1[C@H]2C,8.267606240177031
CC(C)=CCN1CC[C@@]2(C)c3cc(C(N)=O)ccc3C[C@@H]1[C@@H]2C,8.437707135543524
C=CCN1CC[C@]23c4c5ccc(C(N)=O)c4O[C@H]2C(=O)CC[C@@]3(O)[C@H]1C5,8.346787486224656
C=C1CC[C@@]2(O)[C@H]3Cc4ccc(C(N)=O)c5c4[C@@]2(CCN3CC2CC2)[C@H]1O5,8.585026652029182
CCCCCCC(N)C(=O)N[C@@H](Cc1c(C)cc(O)cc1C)C(=O)N1CCC[C@H]1C(=O)N[C@@H](Cc1c[nH]c2ccccc12)C(=O)N[C@@H](Cc1ccccc1)C(N)=O,10.09151498112135
CCCCCCC(NC(=O)[C@H](Cc1ccccc1)NC(=O)[C@H](Cc1c[nH]c2ccccc12)NC(=O)[C@@H]1CCCN1C(=O)[C@H](Cc1ccc(O)cc1)NC(=O)CCC(=O)N[C@@H]1O[C@H](CO)[C@@H](O)[C@H](O)[C@H]1O)C(N)=O,6.575118363368933
CCCCCCC(N)C(=O)N[C@@H](Cc1ccc(O)cc1)C(=O)N1CCC[C@H]1C(=O)N[C@@H](Cc1c[nH]c2ccccc12)C(=O)N[C@@H](Cc1ccccc1)C(=O)N[C@@H]1O[C@H](C(N)=O)[C@@H](O)[C@H](O)[C@H]1O,6.8297382846050425
NC(=O)[C@H]1O[C@@H](NC(=O)[C@H](Cc2ccccc2)NC(=O)[C@H](Cc2c[nH]c3ccccc23)NC(=O)[C@@H]2CCCN2C(=O)[C@@H](N)Cc2ccc(O)cc2)[C@H](O)[C@@H](O)[C@@H]1O,6.82102305270683
CCCCCCC(NC(=O)[C@H](Cc1ccccc1)NC(=O)[C@H](Cc1c[nH]c2ccccc12)NC(=O)[C@@H]1CCCN1C(=O)[C@@H](N)Cc1ccc(O)cc1)C(N)=O,6.91721462968355
NC(=O)[C@H](Cc1ccccc1)NC(=O)[C@H](Cc1c[nH]c2ccccc12)NC(=O)[C@@H]1CCCN1C(=O)[C@H](Cc1ccc(O)cc1)NC(=O)CCC(=O)N[C@@H]1O[C@H](CO)[C@@H](O)[C@H](O)[C@H]1O,6.939302159646388
CCCCCCCCCCC(N)C(=O)N[C@@H](Cc1ccc(O)cc1)C(=O)N1CCC[C@H]1C(=O)N[C@@H](Cc1c[nH]c2ccccc12)C(=O)N[C@@H](Cc1ccccc1)C(N)=O,7.812479279163536
[3H]C([3H])([3H])Oc1cc(I)c(OC)cc1CCNCc1ccccc1OC([3H])([3H])[3H],7.086186147616283
C[C@H]1C2Cc3cc4cc[nH]c(=O)c4cc3[C@@]1(C)CCN2CC1CC1,8.259637310505756
C[C@H]1C2Cc3cc([N+](=O)[O-])c(C(N)=O)cc3[C@@]1(C)CCN2CC1CC1,6.200659450546418
C[C@H]1C2Cc3ccc(C(N)=O)c([N+](=O)[O-])c3[C@@]1(C)CCN2CC1CC1,7.698970004336019
C[C@H]1C2Cc3ccc(O)c([N+](=O)[O-])c3[C@@]1(C)CCN2CC1CC1,7.494850021680094
C[C@H]1C2Cc3cc4ncnc(NCc5ccccc5)c4cc3[C@@]1(C)CCN2CC1CC1,7.055517327849832
C[C@H]1C2Cc3cc4ncnc(NCCc5ccc(-c6ccccc6)cc5)c4cc3[C@@]1(C)CCN2CC1CC1,7.552841968657781
C[C@H]1C2Cc3ccc4c(NCc5ccccc5)ncnc4c3[C@@]1(C)CCN2CC1CC1,7.356547323513812
C[C@H]1C2Cc3ccc4c(NCCc5ccc(-c6ccccc6)cc5)ncnc4c3[C@@]1(C)CCN2CC1CC1,8.161150909262744
C[C@H]1C2Cc3cc4ncnc(N)c4cc3[C@@]1(C)CCN2CC1CC1,6.050609993355087
C[C@H]1C2Cc3ccc4c(N)ncnc4c3[C@@]1(C)CCN2CC1CC1,9.259637310505756
C[C@H]1C2Cc3ccc4c(=O)[nH]cnc4c3[C@@]1(C)CCN2CC1CC1,6.568636235841013
C[C@H]1C2Cc3cc4nc[nH]c(=O)c4cc3[C@@]1(C)CCN2CC1CC1,6.769551078621726
CNC(=O)C(CCN1CCC(O)(c2ccc(Cl)cc2)CC1)(c1ccccc1)c1ccccc1,9.221848749616356
C=CCN1C[C@H](C)N([C@H](c2ccc(C(=O)N(CC)CC)cc2)c2cccc(O)c2)C[C@H]1C,6.585026652029182
C[C@@H](O)[C@H](NC(=O)[C@H]1NC(=O)[C@H]([C@@H](C)O)NC(=O)[C@H](CCCNC(=N)N)NC(=O)[C@@H](Cc2c[nH]c3ccccc23)NC(=O)[C@H](Cc2ccc(O)cc2)NC(=O)[C@@H](NC(=O)[C@H]2Cc3ccccc3CN2)CSSC1(C)C)C(N)=O,8.694648630553376
COC(=O)/C=C/C(=O)N[C@@H]1CC[C@@]2(O)[C@H]3Cc4ccc(O)c5c4[C@@]2(CCN3CC2CC2)[C@H]1O5,9.387216143280265
NC(=O)c1ccc2c3c1O[C@H]1c4[nH]c5ccccc5c4C[C@@]4(O)[C@@H](C2)N(CC2CC2)CC[C@]314,7.337242168318426
CN1CC[C@]23c4c5ccc(O)c4O[C@H]2C(=O)CC[C@H]3[C@H]1C5,9.55284196865778
Oc1ccc2c3c1O[C@H]1CCC[C@@]4(O)[C@@H](C2)N(CC2CC2)CC[C@]314,9.619788758288394
NC(=O)c1ccc2c(c1O)[C@@]13CCCC[C@@]1(O)[C@@H](C2)N(CC1CC1)CC3,9.795880017344077
NC(=O)c1ccc2c3c1O[C@H]1[C@@H](O)CC[C@@]4(O)[C@@H](C2)N(CC2CCC2)CC[C@]314,8.42021640338319
C[C@@H](O)[C@H](NC(=O)[C@H](NC(=O)[C@@H](NC(=O)[C@H](CCCNC(=N)N)NC(=O)[C@H](Cc1c[nH]c2ccccc12)NC(=O)[C@@H](Cc1ccc(O)cc1)NC(=O)[C@H](CS)NC(=O)[C@H](N)Cc1ccccc1)[C@@H](C)O)C(C)(C)S)C(=O)O,8.694648630553376
O=C(O[C@@]12CCC(=O)[C@@H]3Oc4c(O)ccc5c4[C@@]31CCN(CC1CC1)[C@@H]2C5)c1cccnc1,8.79860287567955
O=C(O[C@@]12CCC(=O)[C@@H]3Oc4c(O)ccc5c4[C@@]31CCN(CC1CC1)[C@@H]2C5)c1ccccc1,6.909283551518901
O=C(O[C@@]12CCC(=O)[C@@H]3Oc4c(O)ccc5c4[C@@]31CCN(CC1CC1)[C@@H]2C5)c1cc2ccccc2cn1,7.164943898279883
O=C(O[C@@]12CCC(=O)[C@@H]3Oc4c(O)ccc5c4[C@@]31CCN(CC1CC1)[C@@H]2C5)c1cnc2ccccc2c1,8.570247719997592
O=C(O[C@@]12CCC(=O)[C@@H]3Oc4c(O)ccc5c4[C@@]31CCN(CC1CC1)[C@@H]2C5)c1ccc2ccccc2c1,6.647296640952452
COc1c(OCCF)cccc1C(=O)C1CCN(CCc2ccc(C)cc2)CC1,5.697020063251751
CC1(N2CCC(n3c(-c4cccc(S(C)(=O)=O)c4)nc4ccccc43)CC2)CCCCCCC1,8.200659450546418
CC1(N2CCC(n3c(-c4ccc(F)c(Cl)c4)nc4ccccc43)CC2)CCCCCCC1,7.346787486224656
CC1(N2CCC(n3c(-c4cccc(C(F)(F)F)c4)nc4ccccc43)CC2)CCCCCCC1,7.187086643357144
CC1(N2CCC(n3c(-c4cccc(OCCO)c4)nc4ccccc43)CC2)CCCCCCC1,7.958607314841775
CC1CN(c2nc3ccccc3n2C2CCN(C3(C)CCCCCCC3)CC2)CC(C)N1,7.67778070526608
NC(=O)c1ccc([C@]2(C(N)=O)C[C@@H]3CC[C@H](C2)N3C(c2ccccc2Cl)c2ccccc2Cl)nc1,5.881074247174223
NC(=O)[C@@]1(c2cc(F)cc(F)n2)C[C@@H]2CC[C@H](C1)N2C(c1ccccc1Cl)c1ccccc1Cl,6.329754146925876
NC(=O)[C@@]1(c2cc(CF)c(F)cn2)C[C@@H]2CC[C@H](C1)N2C(c1ccccc1Cl)c1ccccc1Cl,6.43533393574791
N[C@@]1(c2ccccn2)C[C@@H]2CC[C@H](C1)N2C(c1ccccc1Cl)c1ccccc1Cl,6.464705879957229
CC(=O)N[C@@]1(c2ccc(F)cn2)C[C@@H]2CC[C@H](C1)N2C(c1ccccc1Cl)c1ccccc1Cl,6.221125527997261
COC(=O)N[C@@]1(c2ccccn2)C[C@@H]2CC[C@H](C1)N2C(c1ccccc1Cl)c1ccccc1Cl,6.130181792020672
NC(=O)[C@]1(Cc2ccc(F)cc2)C[C@@H]2CC[C@H](C1)N2C(c1ccccc1Cl)c1ccccc1Cl,7.070581074285707
NC(=O)C[C@@]1(Cc2ccc(F)cc2)C[C@@H]2CC[C@H](C1)N2C(c1ccccc1Cl)c1ccccc1Cl,6.721246399047171
N[C@@]1(Cc2ccc(Cl)cc2)C[C@@H]2CC[C@H](C1)N2C(c1ccccc1Cl)c1ccccc1Cl,6.349692476868063
NC(=O)[C@@]1(c2cccnc2)C[C@@H]2CC[C@H](C1)N2C(c1ccccc1Cl)c1ccccc1Cl,7.1487416512809245
NC(=O)[C@@]1(c2ccncc2)C[C@@H]2CC[C@H](C1)N2C(c1ccccc1Cl)c1ccccc1Cl,6.576754126063192
NC(=O)[C@@]1(c2ccc(Br)nc2)C[C@@H]2CC[C@H](C1)N2C(c1ccccc1Cl)c1ccccc1Cl,7.337242168318426
NC(=O)C1(C2CCCCN2)C[C@H]2CC[C@H](C1)N2C(c1ccccc1Cl)c1ccccc1Cl,6.324221658325915
C[C@@H]1CN(C(c2ccccc2)c2ccccc2)CC[C@@]1(O)c1ccccc1,6.131943638176958
OC1(c2ccccc2)CC2CCC(C1)N2C(c1ccccc1)c1ccccc1,7.026872146400302
OC1(c2ccccc2)CC2CCC(C1)N2C(c1ccccc1Cl)c1ccccc1Cl,7.657577319177793
Cc1ccnc(C2(O)CC3CCC(C2)N3C(c2ccccc2Cl)c2ccc(C)cc2Cl)c1,6.149966742310231
COc1ccc(CC2(O)CC3CCC(C2)N3C(c2ccccc2Cl)c2ccc(C)cc2Cl)nc1,6.4156687756324695
Cc1ccc(C(c2ccccc2Cl)N2C3CCC2CC(O)(C2CCCC2)C3)c(Cl)c1,6.982966660701219
Cc1ccc(C(c2ccccc2Cl)N2C3CCC2CC(O)(C2=NCCCN2)C3)c(Cl)c1,6.206209615309182
Cc1ccc(C(c2ccccc2Cl)N2C3CCC2CC(O)(CCCO)C3)c(Cl)c1,6.51427857351842
OCC1(c2ccccc2)CC2CCC(C1)N2C(c1ccccc1Cl)c1ccccc1Cl,6.202732459169283
O=C(O)C1(c2ccccc2)CC2CCC(C1)N2C(c1ccccc1Cl)c1ccccc1Cl,6.910094888560602
NC(=O)C1(c2ccccc2)CC2CCC(C1)N2C(c1ccccc1Cl)c1ccccc1Cl,7.42021640338319
NC1(c2ccccc2)CC2CCC(C1)N2C(c1ccccc1Cl)c1ccccc1Cl,6.33913452199613
CNC(=O)NC1(c2ccccc2)CC2CCC(C1)N2C(c1ccccc1Cl)c1ccccc1Cl,7.568636235841013
Clc1ccccc1C(c1ccccc1Cl)N1C2CCC1CC(c1ccccc1)(c1nc[nH]n1)C2,7.0
NC(=O)C1(c2ccc(F)cc2)CC2CCC(C1)N2C(c1ccccc1Cl)c1ccccc1Cl,6.899629454882437
NC(=O)C1(c2ccc(Cl)cc2)CC2CCC(C1)N2C(c1ccccc1Cl)c1ccccc1Cl,7.259637310505756
COc1ccc(C2(C(N)=O)CC3CCC(C2)N3C(c2ccccc2Cl)c2ccccc2Cl)cc1,7.229147988357855
CC(C)NC(=O)C1(c2ccccc2)CC2CCC(C1)N2C(c1ccccc1Cl)c1ccccc1Cl,6.47755576649368
COCCNC(=O)C1(c2ccccc2)CC2CCC(C1)N2C(c1ccccc1Cl)c1ccccc1Cl,7.221848749616356
CC(O)CNC(=O)C1(c2ccccc2)CC2CCC(C1)N2C(c1ccccc1Cl)c1ccccc1Cl,7.244125144327507
NC(=O)[C@@]1(c2ccccn2)C[C@@H]2CC[C@H](C1)N2C(c1ccccc1Cl)c1ccccc1Cl,7.2839966563652
NC(=O)[C@@]1(c2ccc(F)cn2)C[C@@H]2CC[C@H](C1)N2C(c1ccccc1Cl)c1ccccc1Cl,6.910094888560602
NC(=O)[C@@]1(c2ccc(Cl)cn2)C[C@@H]2CC[C@H](C1)N2C(c1ccccc1Cl)c1ccccc1Cl,6.844663962534939
NC(=O)[C@@]1(c2ccc(Br)cn2)C[C@@H]2CC[C@H](C1)N2C(c1ccccc1Cl)c1ccccc1Cl,6.815308569182402
COc1ccc([C@]2(C(N)=O)C[C@@H]3CC[C@H](C2)N3C(c2ccccc2Cl)c2ccccc2Cl)nc1,6.876148359032914
COC(=O)[C@@H]1C[C@H](OS(=O)(=O)c2ccc(C)cc2)C(=O)[C@H]2[C@@]1(C)CC[C@H]1C(=O)O[C@H](c3ccoc3)C[C@]21C,6.657577319177793
COC(=O)[C@@H]1C[C@H](OC(=O)Cc2ccccc2)C(=O)[C@H]2[C@@]1(C)CC[C@H]1C(=O)O[C@H](c3ccoc3)C[C@]21C,5.962573502059376
COC(=O)[C@@H]1C[C@H](OC(=O)CNC(=O)OC(C)(C)C)C(=O)[C@H]2[C@@]1(C)CC[C@H]1C(=O)O[C@H](c3ccoc3)C[C@]21C,5.247183568811729
CCCCCC(=O)O[C@H]1C[C@@H](C(=O)OC)[C@]2(C)CC[C@H]3C(=O)O[C@H](c4ccoc4)C[C@]3(C)[C@H]2C1=O,6.2839966563652006
CNC[C@]1(c2ccccc2)C[C@@H]2CC[C@H](C1)N2C(c1ccccc1Cl)c1ccccc1Cl,6.247183568811728
CN(C)C[C@]1(c2ccccc2)C[C@@H]2CC[C@H](C1)N2C(c1ccccc1Cl)c1ccccc1Cl,5.827981190575444
Clc1ccccc1C(c1ccccc1Cl)N1[C@H]2CC[C@@H]1C[C@@](CN1CCCC1)(c1ccccc1)C2,5.379968104873703
Clc1ccccc1C(c1ccccc1Cl)N1[C@H]2CC[C@@H]1C[C@]1(CNc3ccccc31)C2,5.919373513078194
Cc1ccc2c(c1)[C@@]1(CN2)C[C@@H]2CC[C@H](C1)N2C(c1ccccc1Cl)c1ccccc1Cl,6.000869458712629
NC[C@]1(Cc2ccccc2)C[C@@H]2CC[C@H](C1)N2C(c1ccccc1Cl)c1ccccc1Cl,5.874193541860473
CC(=O)NC[C@]1(Cc2ccccc2)C[C@@H]2CC[C@H](C1)N2C(c1ccccc1Cl)c1ccccc1Cl,6.33913452199613
NC[C@]1(Cc2ccc(F)cc2)C[C@@H]2CC[C@H](C1)N2C(c1ccccc1Cl)c1ccccc1Cl,5.84955059053912
CC(=O)NC[C@]1(Cc2ccc(F)cc2)C[C@@H]2CC[C@H](C1)N2C(c1ccccc1Cl)c1ccccc1Cl,6.106793246940152
NC[C@]1(c2ccccn2)C[C@@H]2CC[C@H](C1)N2C(c1ccccc1Cl)c1ccccc1Cl,6.209714835966758
CC(=O)NC[C@]1(c2ccccn2)C[C@@H]2CC[C@H](C1)N2C(c1ccccc1Cl)c1ccccc1Cl,6.42712839779952
CN(C)C[C@]1(c2ccccn2)C[C@@H]2CC[C@H](C1)N2C(c1ccccc1Cl)c1ccccc1Cl,6.105130343254747
CC(=O)NC[C@]1(c2cccc(F)n2)C[C@@H]2CC[C@H](C1)N2C(c1ccccc1Cl)c1ccccc1Cl,5.891434976267165
CN(C)C[C@]1(c2cccc(F)n2)C[C@@H]2CC[C@H](C1)N2C(c1ccccc1Cl)c1ccccc1Cl,5.400553624274724
CC(=O)NC[C@]1(c2ncccc2CN2CCCCC2)C[C@@H]2CC[C@H](C1)N2C(c1ccccc1Cl)c1ccccc1Cl,6.120330794367947
CN1CC[C@@]23C[C@@H]1CC[C@H]2Oc1c(O)cccc13,5.493494967595128
Oc1cccc2c1O[C@@H]1[C@@H]3CCC[C@]21CCN3CCc1ccccc1,8.154901959985743
C[C@H]1C2Cc3ccc4[nH]nnc4c3[C@@]1(C)CCN2CC1CC1,8.853871964321762
Cc1nc2c3c(ccc2[nH]1)CC1[C@H](C)[C@]3(C)CCN1CC1CC1,8.602059991327963
C[C@H]1C2Cc3ccc4[nH]cnc4c3[C@@]1(C)CCN2CC1CC1,8.022276394711152
C[C@H]1C2Cc3cc4nn[nH]c4cc3[C@@]1(C)CCN2CC1CC1,8.0
C[C@H]1C2Cc3cc4nc(O)[nH]c4cc3[C@@]1(C)CCN2CC1CC1,7.221848749616356
Cc1nc2cc3c(cc2[nH]1)[C@@]1(C)CCN(CC2CC2)C(C3)[C@@H]1C,9.113509274827518
C[C@H]1C2Cc3cc4cc[nH]c4cc3[C@@]1(C)CCN2CC1CC1,7.744727494896693
CN1CN(c2ccccc2)C2(CCN(C(c3ccccc3)c3ccccc3)CC2)C1=O,6.1598939055432425
CCCN1CN(c2ccccc2)C2(CCN(C(c3ccccc3)c3ccccc3)CC2)C1=O,4.929777366539041
O=C1N(CC2CC2)CN(c2ccccc2)C12CCN(C(c1ccccc1)c1ccccc1)CC2,5.277448337999042
CCCCN1CN(c2ccccc2)C2(CCN(C(c3ccccc3Cl)c3ccccc3Cl)CC2)C1=O,4.479909671887158
O=C1N(CCO)CN(c2ccccc2)C12CCN(C(c1ccccc1Cl)c1ccccc1Cl)CC2,6.316052869248487
COCCN1CN(c2ccccc2)C2(CCN(C(c3ccccc3Cl)c3ccccc3Cl)CC2)C1=O,6.139063379299906
NCCN1CN(c2ccccc2)C2(CCN(C(c3ccccc3Cl)c3ccccc3Cl)CC2)C1=O,6.052566278112949
CNCCN1CN(c2ccccc2)C2(CCN(C(c3ccccc3Cl)c3ccccc3Cl)CC2)C1=O,5.971022294791222
CCNCCN1CN(c2ccccc2)C2(CCN(C(c3ccccc3Cl)c3ccccc3Cl)CC2)C1=O,6.110138278741812
CC(C)NCCN1CN(c2ccccc2)C2(CCN(C(c3ccccc3Cl)c3ccccc3Cl)CC2)C1=O,6.127843727251707
O=C1N(CCNC2CC2)CN(c2ccccc2)C12CCN(C(c1ccccc1Cl)c1ccccc1Cl)CC2,6.009661145212399
CC(C)CNCCN1CN(c2ccccc2)C2(CCN(C(c3ccccc3Cl)c3ccccc3Cl)CC2)C1=O,5.861381566100508
O=C1N(CCNCC2CCCCC2)CN(c2ccccc2)C12CCN(C(c1ccccc1Cl)c1ccccc1Cl)CC2,5.7447274948966935
O=C1N(CCN2CCCC2)CN(c2ccccc2)C12CCN(C(c1ccccc1Cl)c1ccccc1Cl)CC2,6.360513510731414
O=C1N(CCCN2CCCC2)CN(c2ccccc2)C12CCN(C(c1ccccc1Cl)c1ccccc1Cl)CC2,6.360513510731414
O=C1N(CCN2CCCCC2)CN(c2ccccc2)C12CCN(C(c1ccccc1Cl)c1ccccc1Cl)CC2,6.165579296318468
CNCCN1CN(c2ccccc2)C2(CCN(Cc3c(Cl)cccc3Cl)CC2)C1=O,6.835647144215563
CCNCCN1CN(c2ccccc2)C2(CCN(Cc3c(Cl)cccc3Cl)CC2)C1=O,6.777283528852417
CC(C)NCCN1CN(c2ccccc2)C2(CCN(Cc3c(Cl)cccc3Cl)CC2)C1=O,6.866461091629782
O=C1N(CCNCC2CC2)CN(c2ccccc2)C12CCN(Cc1c(Cl)cccc1Cl)CC2,7.050609993355087
CCCNCCN1CN(c2ccccc2)C2(CCN(Cc3c(Cl)cccc3Cl)CC2)C1=O,7.552841968657781
CC(C)CNCCN1CN(c2ccccc2)C2(CCN(Cc3c(Cl)cccc3Cl)CC2)C1=O,7.585026652029182
CCN(CC)CCN1CN(c2ccccc2)C2(CCN(Cc3c(Cl)cccc3Cl)CC2)C1=O,6.913640169325252
CCCN1CN(c2ccccc2)C2(CCN(C3CCC(C)(C)c4ccccc43)CC2)C1=O,6.847711655616943
CNCCN1CN(c2ccccc2)C2(CCN(C3CCC(C)(C)c4ccccc43)CC2)C1=O,7.455931955649724
CC1(C)CCC(N2CCC3(CC2)C(=O)N(CCNC2CCCC2)CN3c2ccccc2)c2ccccc21,7.017728766960431
CC1(C)CCC(N2CCC3(CC2)C(=O)N(CCNC2CCCCC2)CN3c2ccccc2)c2ccccc21,6.920818753952375
CCCCNCCN1CN(c2ccccc2)C2(CCN(C3CCC(C)(C)c4ccccc43)CC2)C1=O,7.180456064458132
CC(C)CCNCCN1CN(c2ccccc2)C2(CCN(C3CCC(C)(C)c4ccccc43)CC2)C1=O,6.690369832574102
CCCCNCCN1CN(c2ccccc2)C2(CCN(C3CCCc4ccc(Cl)cc43)CC2)C1=O,6.527243550682788
CCCCNCCN1CN(c2ccccc2)C2(CCN(C3CCC(C)(C)c4cc(Cl)ccc43)CC2)C1=O,7.301029995663981
CCCCNCCN1CN(c2ccccc2)C2(CCN(C3CCC(C)(C)c4cc(Cl)c(Cl)cc43)CC2)C1=O,6.51427857351842
COc1ccc2c3c1O[C@H]1C(=O)CC[C@@]4(OC(=O)/C=C/c5ccccc5)[C@@H](C2)N(CC2CC2)CC[C@]314,8.602059991327963
COc1ccc2c3c1O[C@H]1C(=O)CC[C@@]4(OC(=O)/C=C/c5ccc(Cl)cc5)[C@@H](C2)N(CC2CC2)CC[C@]314,8.455931955649724
O=C1N[C@H](Cc2c[nH]c3ccccc23)C(=O)N[C@@H](Cc2ccc(O)cc2)C(=O)N2CCC[C@@H]2C(=O)N[C@H]1Cc1ccccc1,6.173925197299173
O=C1N[C@H](Cc2c[nH]c3ccccc23)C(=O)N[C@@H](Cc2cccc(O)c2)C(=O)N2CCC[C@@H]2C(=O)N[C@H]1Cc1ccccc1,7.431798275933005
O=C1N[C@H](Cc2c[nH]c3ccccc23)C(=O)N[C@@H](Cc2ccccc2)C(=O)N2CCC[C@@H]2C(=O)N[C@H]1Cc1cccc(O)c1,7.397940008672037
COc1ccc(C[C@@H]2NC(=O)[C@@H](Cc3c[nH]c4ccccc34)NC(=O)[C@H](Cc3ccccc3)NC(=O)[C@H]3CCCN3C2=O)cc1,6.769551078621726
COc1ccc(C[C@@H]2NC(=O)[C@H]3CCCN3C(=O)[C@H](Cc3ccccc3)NC(=O)[C@@H](Cc3c[nH]c4ccccc34)NC2=O)cc1,7.366531544420414
O=C1N[C@H](Cc2c[nH]c3ccccc23)C(=O)NCC(=O)N2CCC[C@@H]2C(=O)N[C@H]1Cc1ccccc1,6.113509274827518
CC(=O)N[C@@H](Cc1ccccc1)C(=O)N[C@H](Cc1c[nH]c2ccccc12)C(=O)N[C@@H](Cc1ccccc1)C(=O)N1CCC[C@@H]1C(N)=O,6.443697499232712
Clc1ccccc1C(c1ccccc1Cl)N1[C@H]2CC[C@@H]1C[C@H](c1ccccn1)C2,5.9694002780340485
Fc1ccc([C@@H]2C[C@@H]3CC[C@H](C2)N3C(c2ccccc2Cl)c2ccccc2Cl)nc1,5.944621668625
Clc1ccccc1C(c1ccccc1Cl)N1[C@H]2CC[C@@H]1C[C@H](c1ccc(Br)cn1)C2,6.048662481204082
Cc1ccc([C@@H]2C[C@@H]3CC[C@H](C2)N3C(c2ccccc2Cl)c2ccccc2Cl)nc1,6.179798540514359
CSc1ccc([C@@H]2C[C@@H]3CC[C@H](C2)N3C(c2ccccc2Cl)c2ccccc2Cl)nc1,6.2335871528876
Cc1cccnc1[C@@H]1C[C@@H]2CC[C@H](C1)N2C(c1ccccc1Cl)c1ccccc1Cl,5.773657912836369
Clc1ccccc1C(c1ccccc1Cl)N1[C@H]2CC[C@@H]1C[C@H](c1ncccc1Br)C2,5.076652343502174
Cc1cccc([C@@H]2C[C@@H]3CC[C@H](C2)N3C(c2ccccc2Cl)c2ccccc2Cl)n1,6.559090917934782
COc1cccc([C@@H]2C[C@@H]3CC[C@H](C2)N3C(c2ccccc2Cl)c2ccccc2Cl)n1,6.375717904164332
Clc1ccccc1C(c1ccccc1Cl)N1[C@H]2CC[C@@H]1C[C@H](c1cccnc1)C2,6.543633966870957
Clc1ccccc1C(c1ccccc1Cl)N1[C@H]2CC[C@@H]1C[C@H](c1ccncc1)C2,6.101823516502323
Clc1ccccc1C(c1ccccc1Cl)N1[C@H]2CC[C@H]1CC(C1CCCCN1)C2,6.3851027839668655
CN1CCCCC1[C@@H]1C[C@@H]2CC[C@H](C1)N2C(c1ccccc1Cl)c1ccccc1Cl,6.224753740259764
N#CCN1CCCCC1C1C[C@@H]2CC[C@@H](C1)N2C(c1ccccc1Cl)c1ccccc1Cl,6.510041520575165
OCCN1CCCCC1C1C[C@@H]2CC[C@@H](C1)N2C(c1ccccc1Cl)c1ccccc1Cl,6.488116639021126
O=C(c1ccc(C2=CC3(CCNCC3)Oc3ccccc32)cc1)N1Cc2ccccc2C1,6.346787486224656
CCN(CC)C(=O)c1ccc(C2=CC3(CCNCC3)Oc3ccccc32)o1,5.468521082957745
CCN(CC)C(=O)c1cc(C2=CC3(CCNCC3)Oc3ccccc32)cs1,6.657577319177793
COc1ccc2c(c1O)[C@]13CCN(C)[C@H](C2)[C@]1(O)Cc1c([nH]c2ccccc12)C3,5.732828271596986
COc1c(O)ccc2c1[C@]13CCN(C)[C@H](C2)[C@]1(O)Cc1c([nH]c2ccccc12)C3,6.324221658325915
COc1ccc2c(c1)[C@]13CCN(C)C[C@@]1(C2)Cc1c([nH]c2ccccc12)C3,5.739928612014925
COc1ccc2c(c1)[C@]13CCN(C)C[C@@]1(C2)Cc1c(n(C)c2ccccc12)C3,6.146910470148135
COc1ccc2c(c1)[C@]13CCN(CC4CC4)C[C@@]1(C2)Cc1c([nH]c2ccccc12)C3,5.847711655616943
CN1CC[C@]23Cc4[nH]c5ccccc5c4C[C@]2(Cc2ccc(O)cc23)C1,6.982966660701219
CN1CC[C@]23Cc4c(c5ccccc5n4C)C[C@]2(Cc2ccc(O)cc23)C1,7.39577394691553
Oc1ccc2c(c1)[C@]13CCN(CC4CC4)C[C@@]1(C2)Cc1c([nH]c2ccccc12)C3,6.281498311132726
Cc1ccc(S(=O)(=O)O[C@@H]2CC[C@@]3(O)[C@H]4Cc5ccc(O)c6c5[C@@]3(CCN4CC3CC3)[C@H]2O6)cc1,9.102372908709558
CS(=O)(=O)O[C@@H]1CC[C@@]2(O)[C@H]3Cc4ccc(O)c5c4[C@@]2(CCN3CC2CC2)[C@H]1O5,8.95663772197887
CC(CCCCCCC(C)C(=O)Oc1ccc2c(c1)[C@@]13CCCC[C@H]1[C@@H](C2)N(CC1CCC1)CC3)C(=O)O,9.337242168318426
CC(C)(CCCCCCC(C)(C)C(=O)Oc1ccc2c(c1)[C@@]13CCCC[C@H]1[C@@H](C2)N(CC1CCC1)CC3)C(=O)O,7.327902142064283
CC(C)(CCCCCCC(C)(C)C(=O)Oc1ccc2c(c1)[C@@]13CCCC[C@H]1[C@@H](C2)N(CC1CCC1)CC3)C(=O)OCc1ccccc1,8.065501548756432
CC(CCCCCCC(C)C(=O)Oc1ccc2c(c1)[C@@]13CCCC[C@H]1[C@@H](C2)N(CC1CCC1)CC3)C(=O)Oc1ccc2c(c1)[C@@]13CCCC[C@H]1[C@@H](C2)N(CC1CCC1)CC3,9.022276394711152
CC(CCCCC(C)C(=O)Oc1ccc2c(c1)[C@@]13CCCC[C@H]1[C@@H](C2)N(CC1CCC1)CC3)C(=O)Oc1ccc2c(c1)[C@@]13CCCC[C@H]1[C@@H](C2)N(CC1CCC1)CC3,8.537602002101044
C=CCN1CC[C@]23c4c5ccc(OC(=O)C(C)CCCCCCC(C)C(=O)Oc6ccc7c(c6)[C@@]68CCCC[C@H]6C(C7)N(CC6CCC6)CC8)c4O[C@H]2CCC[C@H]3C1C5,8.431798275933005
CCC(=O)N(c1ccc(C(C)NC(=O)[C@H]2O[C@@H](c3nc4c(NC5CCCC5)ncnc4[nH]3)[C@H](O)[C@@H]2O)cc1)C1CCN(CCc2ccccc2)CC1,6.137868620686962
COc1ccc2c3c1O[C@H]1C(=O)CC[C@@]4(NC/C=C/c5ccc(Cl)cc5)[C@@H](C2)N(CC2CC2)CC[C@]314,9.154901959985745
O=C1CC[C@@]2(NCC#Cc3ccc(Cl)cc3)[C@H]3Cc4ccc(O)c5c4[C@@]2(CCN3CC2CC2)[C@H]1O5,9.013228265733757
COc1ccc2c3c1O[C@H]1C(=O)CC[C@@]4(NC(=O)C#Cc5ccccc5)[C@@H](C2)N(CC2CC2)CC[C@]314,8.835647144215564
O=C(C#Cc1ccc(Cl)cc1)N[C@@]12CCC(=O)[C@@H]3Oc4c(O)ccc5c4[C@@]31CCN(CC1CC1)[C@@H]2C5,8.425968732272281
COc1ccc2c3c1O[C@H]1C(=O)CC[C@@]4(NC(=O)C#Cc5ccc(Cl)cc5)[C@@H](C2)N(CC2CC2)CC[C@]314,8.129011186239424
COc1ccc2c3c1O[C@H]1C(=O)CC[C@@]4(NCC#Cc5ccc(Cl)cc5)[C@@H](C2)N(CC2CC2)CC[C@]314,8.014124642691606
CCN(CC)C(=O)c1ccc(N(c2ccc(C(N)=O)cc2)C2CCN(Cc3ccccc3)CC2)cc1,6.313363730737707
CCN(CC)C(=O)c1ccc(N(c2ccccc2C(N)=O)C2CCN(Cc3ccccc3)CC2)cc1,5.297914278564175
CCN(CC)C(=O)c1ccc(N(c2cccc(NC(C)=O)c2)C2CCN(Cc3ccccc3)CC2)cc1,5.992679047077256
CCN(CC)C(=O)c1ccc(N(c2cccc(NS(C)(=O)=O)c2)C2CCN(Cc3ccccc3)CC2)cc1,6.335358024443875
CCN(CC)C(=O)c1ccc(N(c2cccc(C(N)=O)c2)C2CCN(Cc3ccccc3)CC2)cc1,6.549750891680639
CCN(CC)C(=O)c1ccc(N(c2cccc(C(C)=O)c2)C2CCN(Cc3ccccc3)CC2)cc1,5.812197361281581
CCN(CC)C(=O)c1ccc(N(c2cccc(C(C)O)c2)C2CCN(Cc3ccccc3)CC2)cc1,5.425968732272281
CCN(CC)C(=O)c1ccc(N(c2cccc(C=O)c2)C2CCN(Cc3ccccc3)CC2)cc1,5.925183559354825
Ic1ccc(CNc2ccc3c(c2)[C@@]24CCCC[C@H]2[C@@H](C3)N(CC2CC2)CC4)cc1,9.148741651280924
Ic1ccc(CNc2ccc3c(c2)[C@@]24CCCC[C@H]2[C@@H](C3)N(CC2CCC2)CC4)cc1,8.267606240177031
COc1ccc(CNc2ccc3c(c2)[C@@]24CCCC[C@H]2[C@@H](C3)N(CC2CC2)CC4)cc1,9.508638306165729
COc1ccc(CN(Cc2ccc(OC)cc2)c2ccc3c(c2)[C@@]24CCCC[C@H]2[C@@H](C3)N(CC2CC2)CC4)cc1,8.602059991327963
Ic1ccc(CN(Cc2ccc(I)cc2)c2ccc3c(c2)[C@@]24CCCC[C@H]2[C@@H](C3)N(CC2CCC2)CC4)cc1,7.795880017344075
c1ccc(CNc2ccc3c(c2)[C@@]24CCCC[C@H]2[C@@H](C3)N(CC2CC2)CC4)cc1,9.585026652029182
c1ccc(Nc2ccc3c(c2)[C@@]24CCCC[C@H]2[C@@H](C3)N(CC2CC2)CC4)cc1,10.096910013008056
c1ccc(CNc2ccc3c(c2)[C@@]24CCCC[C@H]2[C@@H](C3)N(CC2CCC2)CC4)cc1,8.769551078621726
COc1ccc(Nc2ccc3c(c2)[C@@]24CCCC[C@H]2[C@@H](C3)N(CC2CCC2)CC4)cc1,9.214670164989233
O=C(Nc1ccc(I)cc1)Oc1ccc2c(c1)[C@@]13CCCC[C@H]1[C@@H](C2)N(CC1CC1)CC3,9.236572006437065
O=C(Nc1ccc(I)cc1)Oc1ccc2c(c1)[C@@]13CCCC[C@H]1[C@@H](C2)N(CC1CCC1)CC3,8.958607314841775
CN1CC[C@]23CCCC[C@H]2[C@H]1Cc1ccc(NC(=O)Nc2ccccc2)cc13,7.958607314841775
CN1CC[C@]23CCCC[C@H]2[C@H]1Cc1ccc(NC(=O)Nc2ccc(I)cc2)cc13,7.769551078621726
O=C(Nc1ccc(I)cc1)Nc1ccc2c(c1)[C@@]13CCCC[C@H]1[C@@H](C2)N(CC1CC1)CC3,7.638272163982407
CN1CC[C@]23CCCC[C@H]2[C@H]1Cc1cc(CO)c(O)cc13,7.823908740944319
OCc1cc2c(cc1O)[C@@]13CCCC[C@H]1[C@@H](C2)N(CC1CCC1)CC3,6.443697499232712
CN1CC[C@]23CCCC[C@H]2[C@H]1Cc1cc(CNCc2ccccc2)c(O)cc13,6.721246399047171
CN1CC[C@]23CCCC[C@H]2[C@H]1Cc1cc2c(cc13)OCN(Cc1ccccc1)C2,6.958607314841775
NCc1cc2c(cc1O)[C@@]13CCCC[C@H]1[C@@H](C2)N(CC1CCC1)CC3,6.537602002101044
CCCNCc1cc2c(cc1O)[C@@]13CCCC[C@H]1[C@@H](C2)N(CC1CCC1)CC3,6.481486060122113
Oc1cc2c(cc1CNCCCCCCNCc1cc3c(cc1O)[C@@]14CCCC[C@H]1[C@@H](C3)N(CC1CCC1)CC4)C[C@@H]1[C@@H]3CCCC[C@]23CCN1CC1CCC1,7.119186407719209
CCN(CCCCN(CC)Cc1cc2c(cc1O)[C@@]13CCCC[C@H]1[C@@H](C2)N(CC1CCC1)CC3)Cc1cc2c(cc1O)[C@@]13CCCC[C@H]1[C@@H](C2)N(CC1CCC1)CC3,6.795880017344075
CCN(CCCCCCN(CC)Cc1cc2c(cc1O)[C@@]13CCCC[C@H]1[C@@H](C2)N(CC1CCC1)CC3)Cc1cc2c(cc1O)[C@@]13CCCC[C@H]1[C@@H](C2)N(CC1CCC1)CC3,7.1938200260161125
Oc1cc2c(cc1C(O)CCCCC(O)c1cc3c(cc1O)[C@@]14CCCC[C@H]1[C@@H](C3)N(CC1CCC1)CC4)C[C@@H]1[C@@H]3CCCC[C@]23CCN1CC1CCC1,7.130768280269024
Oc1cc2c(cc1C(O)CCCCCCCCCCC(O)c1cc3c(cc1O)[C@@]14CCCC[C@H]1[C@@H](C3)N(CC1CCC1)CC4)C[C@@H]1[C@@H]3CCCC[C@]23CCN1CC1CCC1,7.455931955649724
O=C(CCCCC(=O)NCc1cc2c(cc1O)[C@@]13CCCC[C@H]1[C@@H](C2)N(CC1CCC1)CC3)NCc1cc2c(cc1O)[C@@]13CCCC[C@H]1[C@@H](C2)N(CC1CCC1)CC3,7.443697499232712
COc1cccc2c1O[C@H]1CCC[C@H]3CN(CC4CC4)CC[C@]213,7.522878745280337
CCN(CC)C(=O)c1ccc(N(c2cccc(O)c2)C2CCN(CCc3ccccn3)CC2)cc1,6.688246138944246
CCN(CC)C(=O)c1ccc(N(c2cccc(O)c2)C2CCN(CCc3ncc[nH]3)CC2)cc1,5.90274269030658
CCN(CC)C(=O)c1ccc(N(c2cccc(O)c2)C2CCN(CCc3cccs3)CC2)cc1,6.742321425130816
CCN(CC)C(=O)c1ccc(N(c2cccc(O)c2)C2CCN(CCc3ccco3)CC2)cc1,6.939302159646388
CCN(CC)C(=O)c1ccc(N(c2cccc(O)c2)C2CCN(CCc3ccsc3)CC2)cc1,6.896196279044043
CCN(CC)C(=O)c1ccc(N(c2cccc(O)c2)C2CCN(CCc3ccoc3)CC2)cc1,6.752026733638194
CCN(CC)C(=O)c1ccc(N(c2cccc(O)c2)C2CCN(CCc3ccc(C)cc3)CC2)cc1,7.207608310501746
CCN(CC)C(=O)c1ccc(N(c2cccc(O)c2)C2CCN(CCC3CC3)CC2)cc1,6.899629454882437
CCN(CC)C(=O)c1ccc(N(c2cccc(O)c2)C2CCN(CCC3CCCCC3)CC2)cc1,6.539102157243452
CCN(CC)C(=O)c1ccc(N(c2cccc(O)c2)C2CCN(C)CC2)cc1,7.060480747381382
CCN(CC)C(=O)c1ccc(N(c2cccc(OC)c2)C2CCN(CCc3ccco3)CC2)cc1,5.596364810209452
CCN(CC)C(=O)c1ccc(N(c2cccc(OC)c2)C2CCN(CCc3cccs3)CC2)cc1,5.707079700399993
CC(C)[C@@H](NC(=O)[C@H](Cc1c[nH]c2ccccc12)NC(=O)[C@@H]1CCCN1C(=O)[C@@H](N)Cc1ccc(O)cc1)C(=O)NCc1ccccc1,8.6345120151091
N[C@@H](Cc1ccc(O)cc1)C(=O)N1CCC[C@H]1C(=O)N[C@@H](Cc1c[nH]c2ccccc12)C(=O)NCC(=O)NCc1ccccc1,7.250031916490597
COc1cc2c3c(c1OC)-c1cc4c(cc1CC3N(C)CC2)OCO4,5.138764381365959
CCN(CC)C(=O)c1ccc(C2(c3cccc(O)c3)CCN(CCc3ccccc3)CC2)cc1,7.177178354696896
CCN(CC)C(=O)c1ccc(C2(c3cccc(O)c3)CCCN(CC3CC3)C2)cc1,7.455931955649724
CCN(C)C(=O)c1ccc(C2(c3cccc(O)c3)CCCN(CC3CC3)C2)cc1,7.2839966563652
CC(C)(O)c1ccc(C2(c3cccc(O)c3)CCCN(CC3CC3)C2)cc1,6.958607314841775
CC[C@@]12CCN(CCc3ccc(F)cc3)C[C@@H]1Oc1c(O)cccc12,6.450996737974212
CC[C@@]12CCN(CCc3ccc([N+](=O)[O-])cc3)C[C@@H]1Oc1c(O)cccc12,6.173925197299173
CC[C@@]12CCN(C)C[C@@H]1Oc1c(O)cccc12,6.0996328713435295
CN1CC[C@@]2(CCc3ccccc3)c3cccc(O)c3O[C@H]2C1,6.130768280269024
CC[C@@]12CCN(CCc3ccccc3)C[C@@H]1Oc1c(O)cccc12,5.787812395596042
CC[C@@]12CCN(CC3CC3)C[C@@H]1Oc1c(O)cccc12,5.330683119433888
Oc1ccc2c(c1)C1CCN(CC3CC3)CC1O2,8.397940008672037
OC(COc1ccc2c(c1)[C@@]13CCCC[C@H]1[C@@H](C2)N(CC1CCC1)CC3)COc1ccc2c(c1)[C@@]13CCCC[C@H]1[C@@H](C2)N(CC1CCC1)CC3,9.022276394711152
OC(CCC(O)COc1ccc2c(c1)[C@@]13CCCC[C@H]1[C@@H](C2)N(CC1CCC1)CC3)COc1ccc2c(c1)[C@@]13CCCC[C@H]1[C@@H](C2)N(CC1CCC1)CC3,7.769551078621726
OC(CCCC(O)COc1ccc2c(c1)[C@@]13CCCC[C@H]1[C@@H](C2)N(CC1CCC1)CC3)COc1ccc2c(c1)[C@@]13CCCC[C@H]1[C@@H](C2)N(CC1CCC1)CC3,7.920818753952375
OC(CCCCCC(O)COc1ccc2c(c1)[C@@]13CCCC[C@H]1[C@@H](C2)N(CC1CCC1)CC3)COc1ccc2c(c1)[C@@]13CCCC[C@H]1[C@@H](C2)N(CC1CCC1)CC3,8.318758762624412
c1cc2c(cc1OCC1CO1)[C@@]13CCCC[C@H]1[C@@H](C2)N(CC1CCC1)CC3,8.136677139879543
CCCCCCCCC(O)COc1ccc2c(c1)[C@@]13CCCC[C@H]1[C@@H](C2)N(CC1CCC1)CC3,8.130768280269024
CCCCCCCCCC(=O)Oc1ccc2c(c1)[C@@]13CCCC[C@H]1[C@@H](C2)N(CC1CCC1)CC3,9.67778070526608
CCCCCCCCCCOc1ccc2c(c1)[C@@]13CCCC[C@H]1[C@@H](C2)N(CC1CCC1)CC3,7.154901959985743
OC(COc1ccccc1)COc1ccc2c(c1)[C@@]13CCCC[C@H]1[C@@H](C2)N(CC1CCC1)CC3,8.187086643357144
Cc1cccc(O)c1C(=O)C1=CCN2CCC[C@@H]12,5.494850021680094
CNC(=O)CN1Cc2ccccc2N(C2CCN(C3CCC4CCCCC4C3)CC2)S1(=O)=O,7.853871964321762
CNC(=O)CN1N=C(c2ccccc2)C2(CCN(C3CCC4CCCCC4C3)CC2)C1=O,8.236572006437063
CNC(=O)CN1Cc2ccccc2N(C2CCN(Cc3ccc(C)c4ccccc34)CC2)C1=O,7.721246399047171
CNC(=O)CN1C(=O)OC2(CCN(C3CCC(C(C)(C)C)CC3)CC2)c2ccccc21,6.94692155651658
CNC(=O)CN1C(=O)OC2(CCN(C3CCCCCC3)CC2)c2ccccc21,6.278189384787454
CNC(=O)CN1N=C(c2ccccc2)C2(CCN(C3CCCCCCCCC3)CC2)C1=O,8.958607314841775
CNC(=O)CN1C(=O)OC2(CCN(C3CCCCCCCCC3)CC2)c2ccccc21,7.568636235841013
CNC(=O)CN1c2ccccc2N(C2CCN(C3CCC(C(C)C)CC3)CC2)S1(=O)=O,6.460923901207224
CNC(=O)CN1N=C(c2ccccc2)C2(CCN(C3CCC(C(C)C)CC3)CC2)C1=O,8.2839966563652
CNC(=O)Cn1c(=O)n(C2CCN(Cc3ccc(OC)c4ccccc34)CC2)c2ccccc21,6.920818753952375
CNC(=O)Cn1c(=O)n(C2CCN(Cc3ccc(C)c4ccccc34)CC2)c2ccccc21,6.860120913598763
CNC(=O)Cn1c(=O)n(C2CCN(CC3CCCCC3)CC2)c2ccccc21,5.725149679983336
CNC(=O)Cn1c(=O)n(C2CCN(C3CCC4CCCCC4C3)CC2)c2ccccc21,6.896196279044043
CNC(=O)Cn1c(=O)n(C2CCN(C3CCC(C)(C)CC3(C)C)CC2)c2ccccc21,7.327902142064283
CNC(=O)Cn1c(=O)n(C2CCN(C3CCC(C(C)(C)C)CC3)CC2)c2ccccc21,7.113509274827518
CNC(=O)Cn1c(=O)n(C2CCN(C3CCC(C)(C)CC3)CC2)c2ccccc21,6.549750891680639
CNC(=O)Cn1c(=O)n(C2CCN(C3CCCCCCC3)CC2)c2ccccc21,6.216096420727265
CNC(=O)Cn1c(=O)n(C2CCN(C3CCCCCC3)CC2)c2ccccc21,5.746177561291927
COc1ccc(-c2c(C#N)c(C(=O)NN3CCCCC3)nn2-c2ccccc2[125I])cc1,5.825068406471558
NC(=O)c1ccc2c(c1)CCCN2c1ccc(CNCCC2=CCCCC2)cc1,7.599980364934842
NC(=O)c1ccc2c(c1)CCCN2c1ccc(CNCCc2cccs2)cc1,7.599980364934842
NC(=O)c1ccc2c(c1)CCCN2c1ccc(CNCc2cccc(F)c2)cc1,7.0
NC(=O)c1ccc2c(c1)CCCN2c1ccc(CNCCc2cccc(F)c2)cc1,7.50003813440381
CC1(C)CCC(NCc2ccc(N3CCCc4cc(C(N)=O)ccc43)cc2)CC1,8.0
NC(=O)c1ccc2c(c1)CCCN2c1ccc(CNC2Cc3ccccc3C2)cc1,8.299988937677888
NC(=O)c1ccc2c(c1)CCCN2c1ccc(CNCCC2CCOCC2)cc1,6.900008766455316
NC(=O)c1ccc2c(c1)CCCN2c1cccc(CNCCC2=CCCCC2)c1,7.299988937677887
NC(=O)c1ccc2c(c1)CCCN2c1cccc(C(=O)NCCC2=CCCCC2)c1,5.700000503883016
NC(=O)c1ccc2c(c1)CCCN2c1ccc(CNC2Cc3ccccc3C2)c(F)c1,8.100015437450608
NC(=O)c1ccc2c(c1)CCCN2c1cc(F)c(CNC2Cc3ccccc3C2)c(F)c1,7.599980364934842
FCCC1OC2(CCN(Cc3ccccc3)CC2)c2ccccc21,6.341035157335565
OCC1(N2CCC(n3c(N4CC5CN(Cc6ccccc6)CC5C4)nc4ccccc43)CC2)CCCCCCC1,6.892790030352131
CN1CCN(c2nc3ccccc3n2C2CCN(C3(CO)CCCCCCC3)CC2)CC1,6.640164517660112
OCC1(N2CCC(n3c(-c4ccc(Cl)cc4)nc4ccccc43)CC2)CCCCCCC1,6.749579997691106
OCC1(N2CCC(n3c(-c4ccc(F)c(Cl)c4)nc4ccccc43)CC2)CCCCCCC1,6.519993057042849
Cc1cc(O)cc(C)c1C[C@@H](C(=O)N1Cc2ccccc2C[C@H]1C(=O)O)N(C)C,5.638272163982407
C[C@H]1CN(CC2CC2c2ccccc2)CC[C@@]1(C)c1cccc(O)c1,8.756961951313706
Nc1nc2cc3c(cc2s1)C[C@@H]1[C@@H]2CCCC[C@]32CCN1CCCF,8.568636235841012
Nc1nc2cc3c(cc2s1)C[C@@H]1[C@@H]2CCCC[C@]32CCN1C[C@@H]1CCCO1,8.619788758288394
CNc1nc2cc3c(cc2s1)C[C@@H]1[C@@H]2CCCC[C@]32CCN1CC1CC1,8.522878745280337
CCNc1nc2cc3c(cc2s1)C[C@@H]1[C@@H]2CCCC[C@]32CCN1CC1CC1,8.327902142064282
FC(F)(F)CNc1nc2cc3c(cc2s1)C[C@@H]1[C@@H]2CCCC[C@]32CCN1CC1CC1,7.67778070526608
c1ccc(Nc2nc3cc4c(cc3s2)C[C@@H]2[C@@H]3CCCC[C@]43CCN2CC2CC2)cc1,6.7447274948966935
c1ccc(CNc2nc3cc4c(cc3s2)C[C@@H]2[C@@H]3CCCC[C@]43CCN2CC2CC2)cc1,8.0
COc1cccc(CNc2nc3cc4c(cc3s2)C[C@@H]2[C@@H]3CCCC[C@]43CCN2CC2CC2)c1,8.040958607678906
Oc1cccc(CNc2nc3cc4c(cc3s2)C[C@@H]2[C@@H]3CCCC[C@]43CCN2CC2CC2)c1,8.00436480540245
CCNC(=S)Nc1nc2cc3c(cc2s1)C[C@@H]1[C@@H]2CCCC[C@]32CCN1CC1CC1,6.886056647693163
CN(C)c1nc2cc3c(cc2s1)C[C@@H]1[C@@H]2CCCC[C@]32CCN1CC1CC1,8.0
CC(=O)N(C)c1nc2cc3c(cc2s1)C[C@@H]1[C@@H]2CCCC[C@]32CCN1CC1CC1,6.958607314841775
CCN(C(C)=O)c1nc2cc3c(cc2s1)C[C@@H]1[C@@H]2CCCC[C@]32CCN1CC1CC1,7.0655015487564325
CNc1nc2cc3c(cc2s1)C[C@@H]1[C@@H]2CCCC[C@]32CCN1CC1CCC1,8.744727494896694
CC(=O)Nc1nc2cc3c(cc2s1)C[C@@H]1[C@@H]2CCCC[C@]32CCN1CCCF,7.823908740944319
CN(C)c1nc2cc3c(cc2s1)C[C@@H]1[C@@H]2CCCC[C@]32CCN1CCCF,7.119186407719209
c1c2c(cc3sc(NCCCCCCCCCCNc4nc5cc6c(cc5s4)C[C@@H]4[C@@H]5CCCC[C@]65CCN4CC4CC4)nc13)C[C@@H]1[C@@H]3CCCC[C@]23CCN1CC1CC1,8.602059991327963
O=C(CCCCCCCCC(=O)Nc1nc2cc3c(cc2s1)C[C@@H]1[C@@H]2CCCC[C@]32CCN1CC1CC1)Nc1nc2cc3c(cc2s1)C[C@@H]1[C@@H]2CCCC[C@]32CCN1CC1CC1,8.05551732784983
C=CCN1CC[C@]23c4c5ccc(OC(=O)CCCCCCCCC(=O)Oc6ccc7c(c6)[C@@]68CCCC[C@@]6(O)[C@@H](C7)N(CC6CCC6)CC8)c4O[C@H]2C(=O)CC[C@@]3(O)[C@H]1C5,9.086186147616283
O=C(CCCCCCCCC(=O)Oc1ccc2c(c1)[C@@]13CCCC[C@H]1[C@@H](C2)N(CC1CCC1)CC3)Oc1ccc2c(c1)[C@@]13CCCC[C@@]1(O)[C@@H](C2)N(CC1CCC1)CC3,10.050609993355089
C=CCN1CC[C@]23c4c5ccc(OC(=O)CCCCCCCCC(=O)Oc6ccc7c(c6)[C@@]68CCCC[C@@]6(OC)[C@@H](C7)N(CC6CCC6)CC8)c4O[C@H]2C(=O)CC[C@@]3(O)[C@H]1C5,9.259637310505756
CO[C@@]12CCCC[C@@]13CCN(CC1CCC1)[C@@H]2Cc1ccc(OC(=O)CCCCCCCCC(=O)Oc2ccc4c(c2)[C@@]25CCCC[C@@]2(OC)[C@@H](C4)N(CC2CCC2)CC5)cc13,9.585026652029182
CO[C@@]12CCCC[C@@]13CCN(CC1CCC1)[C@@H]2Cc1ccc(O)cc13,9.853871964321762
O=C(NCCCN1CCC(c2c(Cl)cccc2Cl)CC1)[C@H]1CCCN1Cc1ccccc1,6.719991046891814
C=CCN1CC[C@]23c4c5ccc(O)c4O[C@H]2[C@H](NC(=O)c2cccc(I)c2)CC[C@@]3(O)[C@H]1C5,9.154901959985745
CS(=O)(=O)Nc1cccc([C@H]2[C@@H]3CN(CCCc4ccccc4)C[C@@H]32)c1,6.774690718274137
CN1C[C@H]2Oc3ccc(O)cc3[C@@]23CCC[C@@H]1C3,5.823908740944319
CC(C)CNCc1ccc(-c2ccccc2S(=O)(=O)NC(C)C)cc1,6.294136287716081
CC(C)N(C)S(=O)(=O)c1ccccc1-c1ccc(CNC2CCCC2)cc1,6.407823242604133
CC(C)N(C)S(=O)(=O)c1ccccc1-c1ccc(CN2CCCCC2)cc1,5.8996294548824375
CN(C)CCNCc1ccc(-c2ccccc2S(=O)(=O)N2CCCC2)cc1,6.995678626217358
CC1(CNCc2ccc(-c3ccccc3S(=O)(=O)N3CCCC3)cc2)COC1,6.714442690992226
O=S(=O)(c1ccccc1-c1ccc(CN2C[C@@H]3CCC[C@H]2C3)cc1)N1CCCC1,7.180456064458132
COC[C@@H]1CCCN1S(=O)(=O)c1ccccc1-c1ccc(CN2C[C@@H]3CCC[C@H]2C3)cc1,6.684029654543083
O=S(=O)(c1ccccc1-c1ccc(CN2CCC(CCO)CC2)cc1)N1CCCC[C@H]1CO,7.494850021680094
CC(C)CNCc1ccc(-c2ccccc2S(=O)(=O)N2CCCC2)cn1,6.030584087646019
CC(C)CNCc1ccc(-c2cccnc2S(=O)(=O)N2CCCC2)cc1,6.787812395596042
O=S(=O)(c1ncccc1-c1ccc(CN2C[C@@H]3CCC[C@H]2C3)cc1)N1CCCC1,6.133712660915805
O=S(=O)(c1ccccc1-c1ccc(CN[C@H]2c3ccccc3C[C@H]2O)cc1)N1CCCCC1,7.67778070526608
CO[C@]12CC[C@@]3(C[C@@H]1[C@](C)(O)CC(C)(C)C)[C@H]1Cc4ccc(O)c5c4[C@@]3(CCN1CC1CC1)[C@H]2O5,8.530177984021837
CO[C@]12CC[C@@]3(C[C@@H]1[C@](C)(O)CC(C)(C)c1ccccc1)[C@H]1Cc4ccc(O)c5c4[C@@]3(CCN1CC1CC1)[C@H]2O5,8.659555885159882
CO[C@]12CC[C@@]3(C[C@@H]1[C@@](C)(O)c1ccc(C(C)(C)C)cc1)[C@H]1Cc4ccc(O)c5c4[C@@]3(CCN1CC1CC1)[C@H]2O5,8.254925208417943
CO[C@]12CC[C@@]3(C[C@@H]1[C@](C)(O)CC1CC4CCC1C4)[C@H]1Cc4ccc(O)c5c4[C@@]3(CCN1CC1CC1)[C@H]2O5,7.943095148663527
CO[C@]12CC[C@@]3(C[C@@H]1[C@@](C)(O)C(C)(C)C)[C@H]1Cc4c(Br)cc(O)c5c4[C@@]3(CCN1CC1CC1)[C@H]2O5,7.844663962534938
CO[C@]12CC[C@@]3(C[C@@H]1[C@@](C)(O)C(C)(C)C)[C@H]1Cc4c(Cl)cc(O)c5c4[C@@]3(CCN1CC1CC1)[C@H]2O5,7.87942606879415
CO[C@]12CC[C@@]3(C[C@@H]1[C@@](C)(O)C(C)(C)C)[C@H]1Cc4cc(Br)c(O)c5c4[C@@]3(CCN1CC1CC1)[C@H]2O5,7.978810700930062
c1ccc2sc(SSc3nc4ccccc4s3)nc2c1,5.898252926053634
Oc1c(Cl)cc(Cl)cc1Sc1cc(Cl)cc(Cl)c1O,5.650528200785614
CCCCc1oc2ccccc2c1C(=O)c1cc(I)c(OCCN(CC)CC)c(I)c1,5.111932886592563
CC(C)C[C@H]1C(=O)N2CCC[C@H]2[C@]2(O)O[C@](NC(=O)[C@@H]3C=C4c5cccc6[nH]cc(c56)C[C@H]4N(C)C3)(C(C)C)C(=O)N12,6.006563769502388
Clc1ccc(COC(Cn2ccnc2)c2ccc(Cl)cc2Cl)cc1,5.636200054520891
Fc1ccc(C(c2ccc(F)cc2)N2CCN(C/C=C/c3ccccc3)CC2)cc1,5.67264106561367
OCCN1CCN(CCCN2c3ccccc3Sc3ccc(C(F)(F)F)cc32)CC1,5.074636332645898
C#C[C@]1(O)CC[C@H]2[C@@H]3CCc4cc(O)ccc4[C@H]3CC[C@@]21C,4.96389033293942
O=C(CCCN1CCC(O)(c2ccc(Cl)cc2)CC1)c1ccc(F)cc1,6.0034883278458215
CC(=O)O[C@]1(C(C)=O)CC[C@H]2[C@@H]3C=C(Cl)C4=CC(=O)[C@@H]5C[C@@H]5[C@]4(C)[C@H]3CC[C@@]21C,6.052566278112949
Clc1ccccc1C(c1ccccc1)(c1ccccc1)n1ccnc1,6.13608262304214
CCN(CC)C(=S)SSC(=S)N(CC)CC,5.846185135655471
CN(C)CCCN1c2ccccc2Sc2ccc(Cl)cc21,5.23328979273774
C(=C/c1ccccc1)\CN1CCN(C(c2ccccc2)c2ccccc2)CC1,6.035269078946371
O=c1[nH]c2ccccc2n1CCCN1CCC(n2c(=O)[nH]c3cc(Cl)ccc32)CC1,5.766496239658865
C#C[C@]1(O)CC[C@H]2[C@@H]3CCC4=Cc5oncc5C[C@]4(C)[C@H]3CC[C@@]21C,5.2429837652687
Cc1c(O)cccc1C(=O)N[C@@H](CSc1ccccc1)[C@H](O)CN1C[C@H]2CCCC[C@H]2C[C@H]1C(=O)NC(C)(C)C,5.232176501992483
C=CCN1CC[C@]23c4c5ccc(O)c4O[C@H]2/C(=N/N=C2\CC[C@@]4(O)[C@H]6Cc7ccc(O)c8c7[C@@]4(CCN6CC=C)[C@H]2O8)CC[C@@]3(O)[C@H]1C5,8.600441644300462
Clc1ccc(COC(Cn2ccnc2)c2ccc(Cl)cc2Cl)c(Cl)c1,5.609064892896621
CC#C[C@]1(O)CC[C@H]2[C@@H]3CCC4=CC(=O)CCC4=C3[C@@H](c3ccc(N(C)C)cc3)C[C@@]21C,6.001304841688344
COC(=O)[C@H]1[C@H]2C[C@@H]3c4[nH]c5cc(OC)ccc5c4CCN3C[C@H]2C[C@@H](OC(=O)c2cc(OC)c(OC)c(OC)c2)[C@@H]1OC,5.773142429711276
CSc1ccc(/C=C2/C(C)=C(CC(=O)O)c3cc(F)ccc32)cc1,4.864326805580763
CC/C(=C(\c1ccccc1)c1ccc(OCCN(C)C)cc1)c1ccccc1,5.146180154143237
CC(C)c1nc(CN(C)C(=O)N[C@H](C(=O)N[C@@H](Cc2ccccc2)C[C@H](O)[C@H](Cc2ccccc2)NC(=O)OCc2cncs2)C(C)C)cs1,4.575020413254191
CC(C)(C)NC(=O)[C@@H]1C[C@@H]2CCCC[C@@H]2CN1C[C@@H](O)[C@H](Cc1ccccc1)NC(=O)[C@H](CC(N)=O)NC(=O)c1ccc2ccccc2n1,5.408156588775215
O=C(c1ccc(OCCN2CCCCC2)cc1)c1c(-c2ccc(O)cc2)sc2cc(O)ccc12,6.321481620959886
CN(C(=O)Cc1ccc(Cl)c(Cl)c1)[C@H]1CC[C@@]2(CCCO2)C[C@@H]1N1CCCC1,7.022276394711152
NC(=O)c1ccc(Oc2ccc(CN3CCCC3c3cccnc3)cc2)nc1,7.402304814074488
FCC1OC2(CCN(Cc3ccccc3)CC2)c2ccccc21,6.317854923626168
CN1C2CCC[C@@](c3cccc(O)c3)(C2)[C@@H]1CO,6.501689446210399
CN1CC2(OCCO2)[C@]2(c3cccc(O)c3)CCC[C@H]1C2,7.657577319177793
C[C@@]1(c2cccc(NS(C)(=O)=O)c2)[C@H]2CN(CC3Cc4ccccc4C3)C[C@H]21,9.255707016877324
CC[C@@]1(c2cccc(NS(C)(=O)=O)c2)[C@H]2CN(CC3Cc4ccccc4C3O)C[C@H]21,10.045757490560677
COC(=O)[C@@H]1C[C@H](OC(C)=O)C(=O)[C@H]2[C@@]1(C)CC[C@H]1C(=O)O[C@H](/C=C\c3ccoc3)C[C@]21C,5.585026652029182
COC(=O)[C@@H]1C[C@H](OC(C)=O)C(=O)[C@H]2[C@@]1(C)CC[C@H]1C(=O)O[C@H](C(=O)c3ccccc3)C[C@]21C,5.826813731587726
COC(=O)[C@@H]1C[C@H](OC(C)=O)C(=O)[C@H]2[C@@]1(C)CC[C@H]1C(=O)O[C@H](C(=O)c3ccccc3O)C[C@]21C,5.443697499232712
COC(=O)[C@@H]1C[C@H](OC(C)=O)C(=O)[C@H]2[C@@]1(C)CC[C@H]1C(=O)O[C@H](C(=O)c3cccc(OC(F)(F)F)c3)C[C@]21C,5.318758762624412
COC(=O)[C@@H]1C[C@H](OC(C)=O)C(=O)[C@H]2[C@@]1(C)CC[C@H]1C(=O)O[C@H](C(=O)c3ccco3)C[C@]21C,5.008773924307505
COC(=O)[C@@H]1C[C@H](OC(C)=O)C(=O)[C@H]2[C@@]1(C)CC[C@H]1C(=O)O[C@H](C(=O)c3ccsc3)C[C@]21C,5.596879478824183
CC[C@@H](c1cccc(O)c1)[C@@H](C)CN(C)C,6.795880017344075
CN1CC[C@]23c4c5ccc(NCc6cccc(O)c6)c4O[C@H]2[C@@H](O)C=C[C@H]3[C@H]1C5,8.154901959985743
COc1ccc2c3c1O[C@H]1C(=O)CC[C@H]4[C@@H](C2)N(C)CC[C@]314,8.022276394711152
CN(Cc1ccc(O)cc1)c1ccc2c(c1)[C@@]13CCCC[C@H]1[C@@H](C2)N(CC1CCC1)CC3,8.494850021680094
CN(Cc1ccc(Cl)cc1)c1ccc2c(c1)[C@@]13CCCC[C@H]1[C@@H](C2)N(CC1CCC1)CC3,7.585026652029182
COc1ccc(CN(C)c2ccc3c(c2)[C@@]24CCCC[C@H]2[C@@H](C3)N(CC2CCC2)CC4)cc1,8.022276394711152
COc1cccc(CN(C)c2ccc3c(c2)[C@@]24CCCC[C@H]2[C@@H](C3)N(CC2CCC2)CC4)c1,7.886056647693163
CN1CC[C@]23CCCC[C@H]2[C@H]1Cc1ccc(NCc2cccc(O)c2)cc13,9.3767507096021
Oc1ccc(CNc2ccc3c(c2)[C@@]24CCCC[C@H]2[C@@H](C3)N(CC2CC2)CC4)cc1,9.55284196865778
Oc1cccc(CNc2ccc3c(c2)[C@@]24CCCC[C@H]2[C@@H](C3)N(CC2CC2)CC4)c1,9.795880017344077
Oc1ccccc1CNc1ccc2c(c1)[C@@]13CCCC[C@H]1[C@@H](C2)N(CC1CC1)CC3,8.721246399047171
Oc1ccc(CNc2ccc3c(c2)[C@@]24CCCC[C@H]2[C@@H](C3)N(CC2CCC2)CC4)cc1,9.455931955649724
c1cc2c(cc1CNc1ccc3c(c1)[C@@]14CCCC[C@H]1[C@@H](C3)N(CC1CC1)CC4)OCO2,9.769551078621726
COc1cccc(CNc2ccc3c(c2)[C@@]24CCCC[C@H]2[C@@H](C3)N(CC2CC2)CC4)c1,9.292429823902063
COc1ccccc1CNc1ccc2c(c1)[C@@]13CCCC[C@H]1[C@@H](C2)N(CC1CC1)CC3,8.920818753952375
c1cc2c(cc1CNc1ccc3c(c1)[C@@]14CCCC[C@H]1[C@@H](C3)N(CC1CCC1)CC4)OCO2,9.468521082957745
Clc1ccc(CNc2ccc3c(c2)[C@@]24CCCC[C@H]2[C@@H](C3)N(CC2CCC2)CC4)cc1,8.769551078621726
COc1ccc(CNc2ccc3c(c2)[C@@]24CCCC[C@H]2[C@@H](C3)N(CC2CCC2)CC4)cc1,9.065501548756432
CN1CC[C@]23CCCC[C@H]2[C@H]1Cc1ccc(N)cc13,8.102372908709558
CN(C)C(=O)C1Cc2ccccc2N1C(=O)CCN1CCN(c2ccccc2)CC1,6.401209493236885
CN(C)C(=O)C1Cc2ccccc2N1C(=O)CCN1CCN(c2cnccn2)CC1,6.628932137728263
Cc1ccccc1N1CCN(CCC(=O)N2c3ccccc3CC2C(=O)N(C)C)CC1,6.497572880015567
CN(C)C(=O)[C@@H]1Cc2ccccc2N1C(=O)CCN1CCC(c2ccc(F)cc2)CC1,6.623423042943488
Cc1cc(F)ccc1C1CCN(CCC(=O)N2c3ccccc3C[C@H]2C(=O)N(C)C)CC1,6.856985199745905
Cc1cccc(C)c1C1CCN(CCC(=O)N2c3ccccc3C[C@H]2C(=O)N(C)C)CC1,7.085656842880559
CN(C)C(=O)[C@@H]1Cc2ccccc2N1C(=O)CCN1CC2CCC(C1)C2c1ccccc1,7.546681659952962
Cc1cc(O)cc(C)c1C[C@H](N)C(=O)N(C)[C@H](C)C(=O)N[C@H]1Cc2ccccc2CN(CC(N)=O)C1=O,7.829738284605042
Cc1cc(O)cc(C)c1C[C@H](N)C(=O)N(C)[C@H](C)C(=O)N[C@@H](Cc1ccccc1)C(=O)N(C)CC(N)=O,7.221848749616356
C[C@H](C(=O)N[C@@H](Cc1ccccc1)C(=O)N(C)CC(N)=O)N(C)C(=O)[C@@H](N)Cc1ccc(O)cc1,5.958607314841775
C[C@H](C(=O)N[C@H]1Cc2ccccc2CN(CC(N)=O)C1=O)N1Cc2cc(O)ccc2C[C@H](N)C1=O,5.568636235841013
NC(=O)[C@H](Cc1ccccc1)NC(=O)[C@H](Cc1c[nH]c2ccccc12)NC(=O)[C@@H]1CCCN1C(=O)[C@H](Cc1ccc(O)cc1)NC(=O)CCC(=O)N[C@@H]1O[C@H](CO)[C@@H](O[C@@H]2O[C@H](CO)[C@H](O)[C@H](O)[C@H]2O)[C@H](O)[C@H]1O,7.826813731587726
CC(C)C[C@H](CN(C=O)[C@H](Cc1ccccc1)CN(C=O)CCN(C=O)CCN(C=O)[C@@H](CN)Cc1ccc(O)cc1)NS(C)(=O)=O,6.3979400086720375
CCCCCCCCC(N)C(=O)N[C@@H](Cc1ccc(O)cc1)C(=O)N1CCC[C@H]1C(=O)N[C@@H](Cc1c[nH]c2ccccc12)C(=O)N[C@@H](Cc1ccccc1)C(=O)N[C@@H](Cc1ccccc1)C(=O)NCC(=O)N[C@@H](CC(C)C)C(=O)N[C@@H](CCSC)C(N)=O,8.412289034981088
CSCC[C@H](NC(=O)[C@H](CC(C)C)NC(=O)CNC(=O)[C@H](Cc1ccccc1)NC(=O)[C@H](Cc1ccccc1)NC(=O)[C@H](Cc1c[nH]c2ccccc12)NC(=O)[C@@H]1CCCN1C(=O)[C@@H](N)Cc1ccc(O)cc1)C(N)=O,9.136677139879543
C=C(C(N)=O)[C@@H](NC(=O)[C@H](Cc1c[nH]c2ccccc12)NC(=O)[C@@H]1CCCN1C(=O)[C@@H](N)Cc1ccc(O)cc1)c1ccoc1,9.562249437179611
C=C(C(N)=O)[C@@H](NC(=O)[C@H](Cc1c[nH]c2ccccc12)NC(=O)[C@@H]1CCCN1C(=O)[C@@H](N)Cc1ccc(O)cc1)c1ccco1,9.655607726314887
C=C(C(N)=O)[C@@H](NC(=O)[C@H](Cc1c[nH]c2ccccc12)NC(=O)[C@@H]1CCCN1C(=O)[C@@H](N)Cc1ccc(O)cc1)c1ccc2c(c1)OCO2,8.111820506081676
C=C(C(N)=O)[C@@H](NC(=O)[C@H](Cc1c[nH]c2ccccc12)NC(=O)[C@@H]1CCCN1C(=O)[C@@H](N)Cc1ccc(O)cc1)c1ccc(OC)cc1,8.316052869248487
C=C(C(N)=O)[C@@H](NC(=O)[C@H](Cc1c[nH]c2ccccc12)NC(=O)[C@@H]1CCCN1C(=O)[C@@H](N)Cc1ccc(O)cc1)c1ccccc1Cl,8.26121944151563
C=C(C(N)=O)[C@@H](NC(=O)[C@H](Cc1c[nH]c2ccccc12)NC(=O)[C@@H]1CCCN1C(=O)[C@@H](N)Cc1ccc(O)cc1)c1ccc(F)cc1,7.863279432843593
C=C(C(N)=O)[C@@H](NC(=O)C(=C)[C@@H](NC(=O)[C@@H]1CCCN1C(=O)[C@@H](N)Cc1ccc(O)cc1)c1ccccc1)c1ccccc1,7.804100347590766
NC(=O)[C@H]1CC(=O)NCCC(=O)N[C@H](Cc2c[nH]c3ccccc23)C(=O)N[C@@H](Cc2ccccc2)C(=O)N1,8.229147988357855
Oc1ccc2c3c1O[C@H]1c4ncc(-c5ccc(Cl)cc5)cc4C[C@@]4(O)[C@@H](C2)N(CC2CC2)CC[C@]314,7.292429823902063
Oc1ccc2c3c1O[C@H]1c4ncc(-c5ccc(Cl)cc5)cc4C=C4[C@@H](C2)N(CC2CC2)CC[C@]431,7.886056647693163
CN1CC[C@]23c4c5ccc(O)c4O[C@H]2c2ncc(-c4ccc(Cl)cc4)cc2C[C@@]3(OC(=O)CCc2ccccc2)[C@H]1C5,9.0268721464003
CN1CC[C@]23c4c5ccc(O)c4O[C@H]2c2ncc(-c4ccc(Cl)cc4)cc2C[C@@]3(OC(=O)Cc2ccccc2)[C@H]1C5,8.844663962534938
CN1CC[C@]23c4c5ccc(O)c4O[C@H]2c2ncc(-c4ccc(Cl)cc4)cc2C[C@@]3(OC(=O)c2ccccc2)[C@H]1C5,7.075720713938118
O=C(CCc1ccccc1)O[C@@]12Cc3cc(-c4ccc(Cl)cc4)cnc3[C@@H]3Oc4c(O)ccc5c4[C@@]31CCN(CC1CC1)[C@@H]2C5,8.588380294036769
O=C(Cc1ccccc1)O[C@@]12Cc3cc(-c4ccc(Cl)cc4)cnc3[C@@H]3Oc4c(O)ccc5c4[C@@]31CCN(CC1CC1)[C@@H]2C5,8.98296666070122
O=C(O[C@@]12Cc3cc(-c4ccc(Cl)cc4)cnc3[C@@H]3Oc4c(O)ccc5c4[C@@]31CCN(CC1CC1)[C@@H]2C5)c1ccccc1,6.716698771296451
CN1CC[C@]23c4c5ccc(O)c4O[C@H]2c2ncc(-c4ccc(Cl)cc4)cc2C[C@@]3(OCCCc2ccccc2)[C@H]1C5,9.267606240177033
CN1CC[C@]23c4c5ccc(O)c4O[C@H]2c2ncc(-c4ccc(Cl)cc4)cc2C[C@@]3(OC/C=C/c2ccccc2)[C@H]1C5,9.387216143280265
CN1CC[C@]23c4c5ccc(O)c4O[C@H]2c2ncc(-c4ccc(Cl)cc4)cc2C[C@@]3(OCc2ccccc2)[C@H]1C5,8.328827157284916
CO[C@@]12Cc3cc(-c4ccc(Cl)cc4)cnc3[C@@H]3Oc4c(O)ccc5c4[C@@]31CCN(C)[C@@H]2C5,8.10292299679058
Oc1ccc2c3c1O[C@H]1c4ncc(-c5ccc(Cl)cc5)cc4C[C@@]4(OCCCc5ccccc5)[C@@H](C2)N(CC2CC2)CC[C@]314,8.38668683854454
Oc1ccc2c3c1O[C@H]1c4ncc(-c5ccc(Cl)cc5)cc4C[C@@]4(OC/C=C/c5ccccc5)[C@@H](C2)N(CC2CC2)CC[C@]314,8.518557371497694
Oc1ccc2c3c1O[C@H]1c4ncc(-c5ccc(Cl)cc5)cc4C[C@@]4(OCc5ccccc5)[C@@H](C2)N(CC2CC2)CC[C@]314,8.074687908500351
CO[C@@]12Cc3cc(-c4ccc(Cl)cc4)cnc3[C@@H]3Oc4c(O)ccc5c4[C@@]31CCN(CC1CC1)[C@@H]2C5,7.377785977033705
O=C(N[C@@H]1CC[C@@]2(O)[C@H]3Cc4ccc(O)c5c4[C@@]2(CCN3CC2CC2)[C@H]1O5)c1ccncn1,8.671620396561263
O=C(N[C@@H]1CC[C@@]2(O)[C@H]3Cc4ccc(O)c5c4[C@@]2(CCN3CC2CC2)[C@H]1O5)c1ccnnc1,8.684029654543082
O=C(CCc1ccncc1)N[C@@H]1CC[C@@]2(O)[C@H]3Cc4ccc(O)c5c4[C@@]2(CCN3CC2CC2)[C@H]1O5,9.244125144327509
COc1cnccc1C(=O)N[C@@H]1CC[C@@]2(O)[C@H]3Cc4ccc(O)c5c4[C@@]2(CCN3CC2CC2)[C@H]1O5,9.366531544420411
O=C(N[C@@H]1CC[C@@]2(O)[C@H]3Cc4ccc(O)c5c4[C@@]2(CCN3CC2CC2)[C@H]1O5)c1ccncc1Br,9.346787486224656
O=C(N[C@@H]1CC[C@@]2(O)[C@H]3Cc4ccc(O)c5c4[C@@]2(CCN3CC2CC2)[C@H]1O5)c1ccncc1Cl,9.173925197299171
N#Cc1cc(C(=O)N[C@@H]2CC[C@@]3(O)[C@H]4Cc5ccc(O)c6c5[C@@]3(CCN4CC3CC3)[C@H]2O6)ccn1,8.903089986991944
O=C(N[C@@H]1CC[C@@]2(O)[C@H]3Cc4ccc(O)c5c4[C@@]2(CCN3CC2CC2)[C@H]1O5)c1ccnc(Cl)c1,10.0
CCCCCCN(CCc1ccccc1)CCc1cccc(O)c1,6.103473782510445
CCCCN(CCc1ccccc1)CCc1cccc(O)c1,6.3851027839668655
Oc1cccc(CCN(CCc2ccccc2)CC2CCC2)c1,6.266000713461613
Oc1cccc(CCN(CCc2ccccc2)CC2CC2)c1,6.083019952679618
CCCCCN(CCc1ccccc1)CCc1cccc(O)c1,6.488116639021126
CCCN(CCc1ccccc1)CCc1cccc(O)c1,6.226213555018807
COc1cccc(CCN2C3C4C5CC6C7C5C3C7C2(O)C64)c1,5.268250116472736
COc1ccccc1CCN1C2C3C4CC5C6C4C2C6C1(O)C53,5.273680387889224
OC12C3C4CC5C6C4C1C6C(C53)N2Cc1ccccn1,5.466609291982449
OC12C3C4CC5C6C4C1C6C(C53)N2Cc1ccc2c(c1)OCO2,5.320572103387881
COc1ccc(CN2C3C4C5CC6C7C5C3C7C2(O)C64)cc1,5.6701954778359305
COc1ccccc1CN1C2C3C4CC5C6C4C2C6C1(O)C53,5.126446906486382
COc1ccc(-c2ccc(CCNC(=O)c3ccc4c(c3)C3(C)CCN(CC5CC5)C(C4)C3C)cc2)c(C)c1,9.638272163982409
COc1ccc(-c2ccc(CCNC(=O)c3ccc4c(c3)C3(C)CCN(CC5CC5)C(C4)C3C)cc2)cc1C,10.229147988357855
CC1C2Cc3ccc(C(=O)NCCc4ccc(-c5cccc(O)c5)cc4)cc3C1(C)CCN2CC1CC1,10.67778070526608
CC1C2Cc3ccc(C(=O)NCCc4ccc(-c5ccc(OC(F)F)cc5)cc4)cc3C1(C)CCN2CC1CC1,9.522878745280336
CC1C2Cc3ccc(C(=O)NCCc4ccc(-c5ccc(OC(F)(F)F)cc5)cc4)cc3C1(C)CCN2CC1CC1,8.744727494896694
CC(C)Oc1ccccc1-c1ccc(CCNC(=O)c2ccc3c(c2)C2(C)CCN(CC4CC4)C(C3)C2C)cc1,9.920818753952377
CC(C)Oc1cccc(-c2ccc(CCNC(=O)c3ccc4c(c3)C3(C)CCN(CC5CC5)C(C4)C3C)cc2)c1,9.366531544420411
CC(C)Oc1ccc(-c2ccc(CCNC(=O)c3ccc4c(c3)C3(C)CCN(CC5CC5)C(C4)C3C)cc2)cc1,9.638272163982409
CCOc1ccc(-c2ccc(CCNC(=O)c3ccc4c(c3)C3(C)CCN(CC5CC5)C(C4)C3C)cc2)cc1,9.193820026016112
COc1ccccc1-c1ccc(CCNC(=O)c2ccc3c(c2)C2(C)CCN(CC4CC4)C(C3)C2C)cc1,9.920818753952377
COc1cccc(-c2ccc(CCNC(=O)c3ccc4c(c3)C3(C)CCN(CC5CC5)C(C4)C3C)cc2)c1,10.744727494896694
C=C(C)n1c(=O)n(CCN2CCC(N(C(=O)OCC)c3ccc(Cl)c(Cl)c3)CC2)c2ccccc21,6.267606240177032
C=C(C)n1c(=O)n(CCN2CCC(N(C(=O)CC)c3cc(Cl)ccc3Cl)CC2)c2ccccc21,7.721246399047171
C=C(C)n1c(=O)n(CCN2CCC(N(C(=O)CC)c3cccc(Cl)c3)CC2)c2ccccc21,7.431798275933005
CC[C@H](C)[C@@H]1NC(=O)[C@H](CCCNC(=N)N)NC(=O)[C@@H](NC(=O)[C@H](Cc2ccccc2)NC(=O)CNC(=O)CNC(=O)[C@H](Cc2ccc(O)cc2)NCc2ccccc2)CC(=O)NC[C@@H](C(=O)N[C@@H](CCCNC(=N)N)C(=O)N2CCC[C@H]2C(=O)N[C@@H](CCCCN)C(N)=O)NC1=O,5.230622673923861
C=C(C(=O)O)[C@@H](NC(=O)[C@H](Cc1c[nH]c2ccccc12)NC(=O)[C@@H]1CCCN1C(=O)[C@@H](N)Cc1c(C)cc(O)cc1C)c1ccco1,10.39254497678533
C=C(C(N)=O)[C@@H](NC(=O)[C@H](Cc1c[nH]c2ccccc12)NC(=O)[C@H]1CCN(C(=O)[C@@H](N)Cc2c(C)cc(O)cc2C)C1)c1ccccc1,10.863279432843592
C[C@H]1C2Cc3ccc(C(=O)NCCc4ccc(-c5ccccc5)cn4)cc3[C@@]1(C)CCN2CC1CC1,9.086186147616283
C[C@H]1C2Cc3ccc(C(=O)NCCc4ccc(-c5ccccc5)nc4)cc3[C@@]1(C)CCN2CC1CC1,9.214670164989233
C[C@H]1C2Cc3ccc(C(=O)NCCc4ccc(-c5ccccn5)cc4)cc3[C@@]1(C)CCN2CC1CC1,9.481486060122112
C[C@H]1C2Cc3ccc(C(=O)NCCc4ccc(-c5cccnc5)cc4)cc3[C@@]1(C)CCN2CC1CC1,10.193820026016112
COC(=O)CCCC(=O)O[C@H]1C[C@@H](C(=O)OC)[C@]2(C)CC[C@H]3C(=O)O[C@H](c4ccoc4)C[C@]3(C)[C@H]2C1=O,5.299988937677887
CCOC(=O)/C=C/C(=O)O[C@H]1C[C@@H](C(=O)OC)[C@]2(C)CC[C@H]3C(=O)O[C@H](c4ccoc4)C[C@]3(C)[C@H]2C1=O,6.140261433802853
Oc1ccc2c(c1)[C@]1(CCc3ccccc3)CCN(CCc3cccc(C(F)(F)F)c3)C[C@@H]1O2,7.795880017344075
Oc1ccc2c(c1)[C@]1(CCc3ccccc3)CCN(CCc3ccccc3C(F)(F)F)C[C@@H]1O2,6.7594507517174005
Oc1ccc2c(c1)[C@]1(CCc3ccccc3)CCN(CCc3ccc(C(F)(F)F)cc3)C[C@@H]1O2,8.096910013008056
Oc1ccc2c(c1)[C@]1(CCc3ccccc3)CCN(CCc3ccccc3F)C[C@@H]1O2,8.154901959985743
Oc1ccc2c(c1)[C@]1(CCc3ccccc3)CCN(CCc3ccc(F)cc3)C[C@@H]1O2,7.657577319177793
Oc1ccc2c(c1)[C@]1(CCc3ccccc3)CCN(CCc3ccccc3)C[C@@H]1O2,8.045757490560675
CN1CC[C@@]2(CCc3ccccc3F)c3cc(O)ccc3O[C@H]2C1,7.017728766960431
CN1CC[C@@]2(CCc3ccc(F)cc3)c3cc(O)ccc3O[C@H]2C1,6.779891911959945
CCCCC[C@@]12CCN(C)C[C@@H]1Oc1ccc(O)cc12,7.040958607678906
CCC[C@@]12CCN(C)C[C@@H]1Oc1ccc(O)cc12,7.075720713938118
CN1CC[C@@]2(C)c3cc(O)ccc3O[C@H]2C1,6.371611069949688
CN1CC[C@@]2(CCCCCc3ccccc3)c3cc(O)ccc3O[C@H]2C1,7.552841968657781
CN1CC[C@@]2(CCCCc3ccccc3)c3cc(O)ccc3O[C@H]2C1,7.346787486224656
CN1CC[C@@]2(Cc3ccccc3)c3cc(O)ccc3O[C@H]2C1,7.221848749616356
CC[C@@]12CCN(CC3CC3)C[C@@H]1Oc1ccc(O)cc12,8.397940008672037
CCC(C)(C)[C@H]1CC[C@@H](N2CCC(N3C(=O)Cc4ccccc43)CC2)CC1,7.792365632611038
CC(C)C1CCC(N2CCC(N3C(=O)CCc4ccccc43)CC2)CC1,8.118045028660399
CC(c1ccccc1)N1CCC(N2C(=O)Cc3ccccc32)CC1,8.630784142589857
CC[C@@H]1CN2CC[C@@]34OCCO[C@@]3(Nc3ccc(F)c(OC)c34)[C@@H]2C[C@@H]1/C(=C\OC)C(=O)OC,8.154901959985743
O=C(N[C@@]12CCC(=O)[C@@H]3Oc4c(O)ccc5c4[C@@]31CCN(CC1CC1)[C@@H]2C5)c1cnc2ccccc2c1,8.94692155651658
O=C(N[C@@]12CCC(=O)[C@@H]3Oc4c(O)ccc5c4[C@@]31CCN(CC1CC1)[C@@H]2C5)c1cccnc1,9.1249387366083
CC(C)C[C@H](NC(=O)[C@H](Cc1ccccc1)NC(=O)CNC(=O)[C@@H](C)NC(=O)[C@@H](N)Cc1ccc(O)cc1)C(=O)N[C@@H](CCCNC(=N)N)C(=O)N[C@@H](CCCCN)C(=O)N[C@@H](Cc1ccc(I)cc1)C(=O)N1CCC[C@H]1C(=O)N[C@@H](CCCCN)C(=O)O,8.18045606445813
CC(C)C[C@H](NC(=O)[C@H](Cc1ccccc1)NC(=O)CNC(=O)[C@@H](C)NC(=O)[C@@H](N)Cc1ccc(O)cc1)C(=O)N[C@@H](CCCNC(=N)N)C(=O)N[C@@H](CCCCN)C(=O)N[C@@H](Cc1ccc(O)cc1)C(=O)N1CCC[C@H]1C(=O)N[C@@H](CCCCN)C(=O)O,8.031517051446064
CC(C)C[C@H](NC(=O)[C@H](Cc1ccccc1)NC(=O)CNC(=O)CNC(=O)[C@@H](N)Cc1ccc(O)cc1)C(=O)N[C@@H](CCCNC(=N)N)C(=O)N[C@@H](CCCCN)C(=O)N[C@@H](Cc1ccc(I)cc1)C(=O)N1CCC[C@H]1C(=O)N[C@@H](CCCCN)C(=O)O,7.886056647693163
CC(C)C[C@H](NC(=O)[C@H](Cc1ccccc1)NC(=O)CNC(=O)CNC(=O)[C@@H](N)Cc1ccc(O)cc1)C(=O)N[C@@H](CCCNC(=N)N)C(=O)N[C@@H](CCCCN)C(=O)N[C@@H](Cc1ccc(O)cc1)C(=O)N1CCC[C@H]1C(=O)N[C@@H](CCCCN)C(=O)O,8.136677139879543
CN(CCc1ccccc1)[C@H]1CCCC[C@@H]1OCCCc1ccccc1,5.795880017344075
CN(C)[C@H]1CCCC[C@@H]1OC/C=C/c1ccccc1,5.376750709602099
CN(C)[C@H]1CCCC[C@@H]1OCCCc1ccccc1,5.638272163982407
O=C1C[C@H]2C[C@](c3cccc(O)c3)(CCN2CCc2ccccc2)C1,7.397940008672037
CN1CC[C@@]2(c3cccc(O)c3)C[C@@H]1C[C@H](c1ccccc1)C2,7.638272163982407
CN1CC[C@]2(c3cccc(O)c3)C[C@H](O)C[C@@H]1C2,7.657577319177793
Oc1cccc([C@@]23CCN(CCc4ccccc4)[C@H](C[C@@H](O)C2)C3)c1,7.982966660701219
C[C@H]1C[C@H]2C[C@](c3cccc(O)c3)(CCN2CCc2ccccc2)C1,8.142667503568731
C[C@H]1C[C@H]2C[C@](c3cccc(O)c3)(CCN2C)C1,8.30803489723264
C[C@H]1CC[C@@]2(c3cccc(O)c3)CCN(CCc3ccccc3)[C@@H]1C2,8.651695136951838
C[C@H]1CC[C@@]2(c3cccc(O)c3)CCN(C)[C@@H]1C2,8.826813731587725
CN(CCc1ccccn1)[C@H]1C2C3CC4C5C3CC2C5C41,5.67264106561367
COc1ccsc1CNCC[C@@]1(c2ccccn2)CCOC2(CCCC2)C1,8.221848749616356
CNc1nc2c(s1)C[C@H]1[C@H]3Cc4ccc(OC)cc4[C@@]1(CCN3CC1CC1)C2,8.017728766960431
COc1ccc2c(c1)[C@]13CCN(CC4CC4)[C@H](C2)[C@@H]1Cc1sc(NC(C)=O)nc1C3,8.18045606445813
COc1ccc(CNC(=O)c2cc(-c3cc(Cl)cc(Cl)c3)cnc2-c2cccnc2)cc1OC,5.690369832574102
N=C(N)NCCC[C@@H](NC(=O)CC1(CC(=O)N2CCN(C3c4ccccc4NC(=O)c4ccccc43)CC2)CCCC1)C(=O)NCCn1c(=O)n(-c2ccccc2)n(-c2ccccc2)c1=O,6.490797477668897
CCC[C@@H](C)CN1CCC(c2cccc(O)c2)(c2ncc(C(=O)N(CC)CC)cn2)CC1,6.080921907623926
CNC(=O)COCC(=O)NCCCCCCCNC(=O)COCC(=O)N[C@@H]1CC[C@@]2(O)[C@H]3Cc4ccc(O)c5c4[C@@]2(CCN3CC2CC2)[C@H]1O5,8.036212172654444
CC[C@@]1(c2cccc(C(N)=O)c2)[C@H]2CN(CC3(O)Cc4ccccc4C3)C[C@H]21,8.73754891026957
CC[C@@]1(c2cccc(NS(C)(=O)=O)c2)[C@H]2CN(CC3(O)Cc4ccccc4C3)C[C@H]21,9.193820026016112
COCO[C@H]1C[C@@H](C(=O)OC)[C@]2(C)CC[C@H]3C(=O)O[C@H](c4ccoc4)C[C@]3(C)[C@H]2C1=O,6.4089353929735005
CCOCO[C@H]1C[C@@H](C(=O)OC)[C@]2(C)CC[C@H]3C(=O)O[C@H](c4ccoc4)C[C@]3(C)[C@H]2C1=O,7.387216143280264
CCO[C@@H](C)O[C@H]1C[C@@H](C(=O)OC)[C@]2(C)CC[C@H]3C(=O)O[C@H](c4ccoc4)C[C@]3(C)[C@H]2C1=O,6.1095789811990855
CCO[C@H](CBr)O[C@H]1C[C@@H](C(=O)OC)[C@]2(C)CC[C@H]3C(=O)O[C@H](c4ccoc4)C[C@]3(C)[C@H]2C1=O,5.453087356818758
CCNC(=O)O[C@H]1C[C@@H](C(=O)OC)[C@]2(C)CC[C@H]3C(=O)O[C@H](c4ccoc4)C[C@]3(C)[C@H]2C1=O,5.812479279163537
Cc1cc(O)cc(C)c1C[C@H](N)C(=O)N1CCC[C@H]1C(=O)N[C@@H](Cc1ccccc1)C(N)=O,9.920818753952377
C[C@H]1CN(CCOC(=O)[C@H]2Cc3ccc(O)cc3CN2)CC[C@@]1(C)c1cccc(O)c1,6.730487055782084
C[C@H]1CN(CCCOC(=O)[C@H]2Cc3ccc(O)cc3CN2)CC[C@@]1(C)c1cccc(O)c1,8.183758700008218
CCC1C(=O)N(C2CCN(C3CCc4ccccc4C3)CC2)c2ccccc21,7.991399828238082
CCC1C(=O)N(C2CCN(Cc3cccc4[nH]ccc34)CC2)c2ccccc21,7.97469413473523
CCC1C(=O)N(C2CCN(CCC(c3ccccc3)c3ccccc3)CC2)c2ccccc21,8.705533773838408
CCC1C(=O)N(C2CCN(CCCc3ccccc3)CC2)c2ccccc21,7.991399828238082
CCC1C(=O)N(C2CCN(C/C=C/c3ccccc3)CC2)c2ccccc21,7.476253533188435
CC[C@@](O)(c1ccccc1)[C@H]1C[C@@]23CC[C@]1(OC)[C@@H]1Oc4c(O)ccc5c4[C@@]12CCN(CC1CC1)[C@@H]3C5,9.0
CO[C@]12CC[C@@]3(C[C@@H]1[C@](C)(O)c1ccccc1)[C@H]1Cc4ccc(O)c5c4[C@@]3(CCN1CC1CC1)[C@H]2O5,9.148741651280924
CC[C@](O)([C@H]1C[C@@]23C=C[C@]1(OC)[C@@H]1Oc4c(O)ccc5c4[C@@]12CCN(CC1CC1)[C@@H]3C5)C(C)(C)C,8.3767507096021
CC(C)(C)[C@@](C)(O)[C@H]1C[C@@]23CC[C@]1(OCCF)[C@@H]1Oc4c(O)ccc5c4[C@@]12CCN(CC1CC1)[C@@H]3C5,9.619788758288394
O=C1CC[C@@]23Cc4ccc(O)cc4[C@@]2(CCN(CC2CC2)C3)C1,7.235077015350112
Oc1ccc2c(c1)[C@]13CCN(CC4CC4)C[C@@]1(C2)Cc1cc2ccccc2nc1C3,6.950781977329818
CN1C(=O)CCC2=C1[C@@H]1Oc3c(O)ccc4c3[C@@]13CCN(C)[C@H](C4)[C@]3(O)C2,8.910094888560602
CN1CC[C@]23c4c5ccc(O)c4O[C@H]2C2=C(CCC(=O)N2Cc2ccccc2)C[C@@]3(O)[C@H]1C5,9.537602002101044
O=C1CCC2=C([C@@H]3Oc4c(O)ccc5c4[C@@]34CCN(CC3CC3)[C@H](C5)[C@]4(O)C2)N1Cc1ccccc1,9.744727494896694
O=C1CCC2=C([C@@H]3Oc4c(O)ccc5c4[C@@]34CCN(CC3CC3)[C@H](C5)[C@]4(O)C2)N1CC1CCCCC1,9.958607314841776
CCOC(=O)Cc1c2c(n(Cc3ccccc3)c1O)[C@@H]1Oc3c(O)ccc4c3[C@@]13CCN(CC1CC1)[C@H](C4)[C@]3(O)C2,8.062983892535186
CN1CCN(C(=O)Cc2ccc(Cl)c(Cl)c2)C2C1CCCC2N1CCCC1,5.292429823902063
CCCCN1CCN(C(=O)Cc2ccc(Cl)c(Cl)c2)C2C(N3CCCC3)CCCC21,5.638272163982407
COc1ccc(CN2CCN(C(=O)Cc3ccc(Cl)c(Cl)c3)C3C(N4CCCC4)CCCC32)cc1,6.130768280269024
O=C(Cc1ccc(Cl)c(Cl)c1)N1CCN(Cc2ccccn2)C2CCCC(N3CCCC3)C21,5.645891560852599
O=C(Cc1ccc(Cl)c(Cl)c1)N1CCN(Cc2cnc[nH]2)C2CCCC(N3CCC(O)C3)C21,5.356547323513812
O=C(c1ccccc1)N1CCN(C(=O)Cc2ccc(Cl)c(Cl)c2)C2C(N3CCCC3)CCCC21,5.886056647693163
CCC(=O)N1CCN(C(=O)Cc2ccc(Cl)c(Cl)c2)C2C(N3CCCC3)CCCC21,5.4769041617474326
COC(=O)N1CCN(C(=O)Cc2ccc(Cl)c(Cl)c2)[C@@H]2[C@@H](N3CCCC3)CCC[C@H]21,5.628009088535085
COC(=O)N1CCN(C(=O)Cc2ccc(Cl)c(Cl)c2)C2C(N3CCC(O)C3)CCCC21,5.351639989019068
CCOC(=O)N1CCN(C(=O)Cc2ccc(Cl)c(Cl)c2)C2C(N3CCCC3)CCCC21,5.750801642608887
COC(=O)CC(=O)N1CCN(C(=O)Cc2ccc(Cl)c(Cl)c2)C2C(N3CCCC3)CCCC21,5.657577319177793
CC(=O)N[C@H](Cc1c(C)[nH]c2ccccc12)C(=O)N[C@@H](Cc1ccccc1)C(=O)NCC(N)=O,6.503070351926785
CC(=O)N[C@H](Cc1c[nH]c2cc(F)ccc12)C(=O)N[C@@H](Cc1ccccc1)C(=O)NCC(N)=O,8.244125144327509
CC(=O)N[C@H](Cc1c[nH]c2ccc(Cl)cc12)C(=O)N[C@@H](Cc1ccccc1)C(=O)NCC(N)=O,7.681936665037238
CC(=O)N[C@H](Cc1c[nH]c2c(Br)cccc12)C(=O)N[C@@H](Cc1ccccc1)C(=O)NCC(N)=O,6.721246399047171
CC(=O)N[C@H](Cc1c[nH]c2ccc([N+](=O)[O-])cc12)C(=O)N[C@@H](Cc1ccccc1)C(=O)NCC(N)=O,7.284832642151542
CC(=O)N[C@H](Cc1c(C)[nH]c2c(Br)cccc12)C(=O)N[C@@H](Cc1ccccc1)C(=O)NCC(N)=O,8.39469495385889
COC(=O)[C@@H]1C[C@H](OC(=O)/C=C/c2cccnc2)C(=O)[C@H]2[C@@]1(C)CC[C@H]1C(=O)O[C@H](c3ccoc3)C[C@]21C,6.476253533188435
COC(=O)[C@@H]1C[C@H](OC(=O)/C=C/c2ccc3c(c2)OCO3)C(=O)[C@H]2[C@@]1(C)CC[C@H]1C(=O)O[C@H](c3ccoc3)C[C@]21C,5.549750891680639
COC(=O)[C@@H]1C[C@H](OC(=O)/C=C/c2ccccc2)C(=O)[C@H]2[C@@]1(C)CC[C@H]1C(=O)O[C@H](c3ccoc3)C[C@]21C,7.2839966563652
C=CCC(=O)O[C@H]1C[C@@H](C(=O)OC)[C@]2(C)CC[C@H]3C(=O)O[C@H](c4ccoc4)C[C@]3(C)[C@H]2C1=O,5.841336019186011
C/C=C/C(=O)O[C@H]1C[C@@H](C(=O)OC)[C@]2(C)CC[C@H]3C(=O)O[C@H](c4ccoc4)C[C@]3(C)[C@H]2C1=O,6.267606240177032
C=C(C)CC(=O)O[C@H]1C[C@@H](C(=O)OC)[C@]2(C)CC[C@H]3C(=O)O[C@H](c4ccoc4)C[C@]3(C)[C@H]2C1=O,6.441291429466834
COC(=O)[C@@H]1C[C@H](OC(=O)C=C(C)C)C(=O)[C@H]2[C@@]1(C)CC[C@H]1C(=O)O[C@H](c3ccoc3)C[C@]21C,6.546681659952962
C=CC(=O)O[C@H]1C[C@@H](C(=O)OC)[C@]2(C)CC[C@H]3C(=O)O[C@H](c4ccoc4)C[C@]3(C)[C@H]2C1=O,6.009217308196862
CN(C)C1(c2ccccc2)CCC(NCc2c[nH]c3ccccc23)CC1,8.193820026016112
N=C(N)NCCC[C@H](N)C(=O)NCC1(Nc2ccccc2)CCN(Cc2ccccc2)CC1,8.469800301796917
N=C(N)NCC(=O)NCC1(Nc2cccc3ccccc23)CCN(Cc2ccccc2)CC1,5.694218848745018
CC(C)[C@@H](CN1CC[C@@](C)(c2cccc(O)c2)[C@@H](C)C1)NC(=O)[C@H]1Cc2ccc(OCCF)cc2CN1,7.200108315343135
Oc1ccc2c(c1)[C@]1(CCCCCc3ccccc3)CCN(CCc3ccccc3C(F)(F)F)C[C@@H]1O2,6.798602875679548
Oc1ccc2c(c1)[C@]1(CCCCCc3ccccc3)CCN(CCc3ccccc3F)C[C@@H]1O2,8.236572006437063
Oc1ccc2c(c1)[C@]1(CCCCCc3ccccc3)CCN(CCc3ccc(F)cc3)C[C@@H]1O2,8.3767507096021
Oc1ccc2c(c1)[C@]1(CCCCCc3ccccc3)CCN(CCc3ccccc3)C[C@@H]1O2,8.2518119729938
Oc1ccc2c(c1)[C@]1(CCCCc3ccccc3)CCN(CCc3cccc(C(F)(F)F)c3)C[C@@H]1O2,7.42021640338319
Oc1ccc2c(c1)[C@]1(CCCCc3ccccc3)CCN(CCc3ccccc3C(F)(F)F)C[C@@H]1O2,6.531652669587842
Oc1ccc2c(c1)[C@]1(CCCCc3ccccc3)CCN(CC3CC3)C[C@@H]1O2,7.853871964321762
Oc1ccc2c(c1)[C@]1(CCCCc3ccccc3)CCN(CCc3ccc(C(F)(F)F)cc3)C[C@@H]1O2,8.42021640338319
Oc1ccc2c(c1)[C@]1(CCCCc3ccccc3)CCN(CCc3ccccc3F)C[C@@H]1O2,7.995678626217358
Oc1ccc2c(c1)[C@]1(CCCc3ccccc3)CCN(CCc3cccc(C(F)(F)F)c3)C[C@@H]1O2,7.031517051446065
Oc1ccc2c(c1)[C@]1(CCCc3ccccc3)CCN(CCc3ccccc3C(F)(F)F)C[C@@H]1O2,6.454692883534176
Oc1ccc2c(c1)[C@]1(CCCc3ccccc3)CCN(CC3CC3)C[C@@H]1O2,7.886056647693163
Oc1ccc2c(c1)[C@]1(CCCc3ccccc3)CCN(CCc3ccc(C(F)(F)F)cc3)C[C@@H]1O2,7.568636235841013
Oc1ccc2c(c1)[C@]1(CCCc3ccccc3)CCN(CCc3ccccc3F)C[C@@H]1O2,7.769551078621726
Cc1ccc(S(=O)(=O)NCc2ccc(C(=O)NCCN(Cc3ccccc3)C(C)C)cc2)cc1,6.51427857351842
Cc1ccc(S(=O)(=O)N2CCc3cc(C(=O)NCCN(Cc4ccc(Br)cc4)C(C)C)ccc3C2)cc1,5.087777943467585
Cc1ccc(S(=O)(=O)N2CCc3cc(C(=O)NCCN(Cc4ccccc4)C(C)(C)C)ccc3C2)cc1,5.757210190521324
Oc1ccc2c3c1O[C@H]1c4nc5ccccc5cc4C[C@@]4(O)[C@@H](C2)N(CC2CC2)CC[C@]314,7.681936665037238
CC(C)C[C@H](NC(=O)[C@H](CO[C@@H]1O[C@H](CO)[C@@H](O)[C@H](O)[C@H]1O)NC(=O)[C@H](CCCCN)NC(=O)[C@H](CC(C)C)NC(=O)[C@H](C)NC(=O)[C@H](CCCCN)NC(=O)[C@H](CCC(=O)O)NC(=O)C(C)(C)NC(=O)[C@H](CC(C)C)NC(=O)[C@H](CC(N)=O)NC(=O)CCCCNC(=O)[C@H](CC(C)C)NC(=O)[C@H](Cc1ccccc1)NC(=O)CNC(=O)[C@@H](NC(=O)[C@@H](N)Cc1ccc(O)cc1)[C@@H](C)O)C(N)=O,8.853871964321762
CC(C)C[C@H](NC(=O)[C@H](CO[C@@H]1O[C@H](CO)[C@@H](O)[C@H](O)[C@H]1O)NC(=O)[C@H](CCCCN)NC(=O)[C@H](CC(C)C)NC(=O)[C@H](C)NC(=O)[C@H](CCCCN)NC(=O)[C@H](CCC(=O)O)NC(=O)C(C)(C)NC(=O)[C@H](CC(C)C)NC(=O)[C@H](CC(N)=O)NC(=O)CCCNC(=O)[C@H](CC(C)C)NC(=O)[C@H](Cc1ccccc1)NC(=O)CNC(=O)[C@@H](NC(=O)[C@@H](N)Cc1ccc(O)cc1)[C@@H](C)O)C(N)=O,8.366531544420413
CC(C)C[C@H](NC(=O)[C@H](CO[C@@H]1O[C@H](CO)[C@@H](O)[C@H](O)[C@H]1O)NC(=O)CCCNC(=O)[C@H](CC(C)C)NC(=O)[C@H](Cc1ccccc1)NC(=O)CNC(=O)[C@@H](NC(=O)[C@@H](N)Cc1ccc(O)cc1)[C@@H](C)O)C(N)=O,8.18045606445813
CC(C)C[C@H](NC(=O)[C@H](CO[C@@H]1O[C@H](CO)[C@@H](O)[C@H](O)[C@H]1O)NC(=O)[C@H](CCCCN)NC(=O)[C@H](CC(C)C)NC(=O)[C@H](C)NC(=O)[C@H](CCCCN)NC(=O)[C@H](CCC(=O)O)NC(=O)C(C)(C)NC(=O)[C@H](CC(C)C)NC(=O)[C@H](CC(N)=O)NC(=O)[C@H](C)NC(=O)[C@H](CC(C)C)NC(=O)[C@H](Cc1ccccc1)NC(=O)CNC(=O)[C@@H](NC(=O)[C@@H](N)Cc1ccc(O)cc1)[C@@H](C)O)C(N)=O,7.4089353929735005
CC(C)C[C@H](NC(=O)[C@H](CO[C@@H]1O[C@H](CO)[C@@H](O)[C@H](O)[C@H]1O)NC(=O)[C@H](CCCCN)NC(=O)[C@H](CC(C)C)NC(=O)[C@H](C)NC(=O)[C@H](CCCCN)NC(=O)[C@H](CCC(=O)O)NC(=O)C(C)(C)NC(=O)[C@H](CC(C)C)NC(=O)[C@H](CC(N)=O)NC(=O)CNC(=O)[C@H](CC(C)C)NC(=O)[C@H](Cc1ccccc1)NC(=O)CNC(=O)[C@@H](NC(=O)[C@@H](N)Cc1ccc(O)cc1)[C@@H](C)O)C(N)=O,7.585026652029182
CC(C)C[C@H](NC(=O)[C@H](CO[C@@H]1O[C@H](CO)[C@@H](O)[C@H](O)[C@H]1O)NC(=O)[C@H](CCCCN)NC(=O)[C@H](CC(C)C)NC(=O)[C@H](C)NC(=O)[C@H](CC(N)=O)NC(=O)[C@H](CCCCN)NC(=O)C(C)(C)NC(=O)[C@H](CC(C)C)NC(=O)[C@H](CC(N)=O)NC(=O)CNC(=O)CNC(=O)[C@H](Cc1ccccc1)N(C)C(=O)CNC(=O)[C@@H](C)NC(=O)[C@@H](N)Cc1ccc(O)cc1)C(N)=O,9.619788758288394
CC(C)C[C@H](NC(=O)[C@H](CO[C@@H]1O[C@H](CO)[C@@H](O)[C@H](O)[C@H]1O)NC(=O)[C@H](CCCCN)NC(=O)[C@H](CC(C)C)NC(=O)[C@H](C)NC(=O)[C@H](CCCCN)NC(=O)[C@H](CCC(=O)O)NC(=O)C(C)(C)NC(=O)[C@H](CC(C)C)NC(=O)[C@H](CC(N)=O)NC(=O)CNC(=O)CNC(=O)[C@H](Cc1ccccc1)N(C)C(=O)CNC(=O)[C@@H](C)NC(=O)[C@@H](N)Cc1ccc(O)cc1)C(N)=O,8.55284196865778
CC(C)C[C@H](NC(=O)[C@H](CO[C@@H]1O[C@H](CO)[C@@H](O)[C@H](O)[C@H]1O)NC(=O)[C@H](CCCCN)NC(=O)[C@H](CC(C)C)NC(=O)[C@H](C)NC(=O)[C@H](CCCCN)NC(=O)[C@H](CCC(=O)O)NC(=O)C(C)(C)NC(=O)[C@H](CC(C)C)NC(=O)[C@H](CC(N)=O)NC(=O)[C@@H]1CCCN1C(=O)CNC(=O)[C@H](Cc1ccccc1)N(C)C(=O)CNC(=O)[C@@H](C)NC(=O)[C@@H](N)Cc1ccc(O)cc1)C(N)=O,8.494850021680094
CC(C)C[C@H](NC(=O)[C@H](CO[C@@H]1O[C@H](CO)[C@@H](O)[C@H](O)[C@H]1O)NC(=O)[C@H](CCCCN)NC(=O)[C@H](CC(C)C)NC(=O)[C@H](C)NC(=O)[C@H](CCCCN)NC(=O)[C@H](CCC(=O)O)NC(=O)C(C)(C)NC(=O)[C@H](CC(C)C)NC(=O)[C@H](CC(N)=O)NC(=O)CCNC(=O)[C@H](Cc1ccccc1)N(C)C(=O)CNC(=O)[C@@H](C)NC(=O)[C@@H](N)Cc1ccc(O)cc1)C(N)=O,8.318758762624412
C=C(C(N)=O)[C@H](NC(=O)[C@H](Cc1c[nH]c2ccccc12)NC(=O)[C@@H]1CCCN1C(=O)[C@@H](N)Cc1ccc(O)cc1)c1cccs1,9.24795155218056
C=C(C(N)=O)[C@H](NC(=O)[C@H](Cc1c[nH]c2ccccc12)NC(=O)[C@@H]1CCCN1C(=O)[C@@H](N)Cc1ccc(O)cc1)c1ccsc1,9.288192770958808
O=C1C[C@]23CCN(CC4CC4)[C@H](Cc4ccc(O)cc42)C3=CN1Cc1ccc(O)cc1,7.643018599006869
COc1cccc(COC[C@H]2C[C@@]34CC[C@]2(OC)[C@@H]2Oc5c(OC)ccc6c5[C@@]23CCN(C)[C@@H]4C6)c1,8.482804102050025
CN1CC[C@]23CC(=O)CC[C@@]2(O)[C@H]1Cc1ccc(C(=O)NCCc2ccc(-c4cnc(O)nc4O)cc2)c(O)c13,8.823908740944319
C[C@H]1C[C@H]2C[C@@H](C1)C[C@H](N1[C@H]3CCC[C@@H]1C[C@H](n1c(=O)c(C(=O)O)nc4ccccc41)C3)C2,7.210419287835575
O=C(O)c1nc2ccccc2n([C@@H]2C[C@@H]3CCC[C@H](C2)N3C2CC3CCCC(C3)C2)c1=O,5.787546038959724
CO[C@@]12CCC(=O)C[C@@]13CCN(C)[C@@H]2Cc1ccc(C(=O)NCCc2ccc(-c4c[nH]c(=O)[nH]c4=O)cc2)c(O)c13,9.2839966563652
CN1CC[C@]23CC(=O)CC[C@@]2(O)[C@H]1Cc1ccc(C(=O)NCCc2ccc(-c4cn[nH]c4)cc2)c(O)c13,9.82390874094432
COc1ccc2c3c1O[C@@H]1[C@]34CCN(CC3CC3)[C@H](C2)[C@]42CC[C@@]1(OC)[C@@H](COCc1ccc(Cl)c(Cl)c1)C2,8.129011186239424
COc1ccc2c3c1O[C@@H]1[C@]34CCN(C)[C@H](C2)[C@]42CC[C@@]1(OC)[C@@H](COCc1ccc(C(F)(F)F)cc1)C2,8.626168854926169
CN1CC[C@]23CC(=O)CCC2[C@H]1Cc1ccc(C(=O)NCCc2nc4ccccc4[nH]2)c(O)c13,8.769551078621726
COc1ccc2c3c1O[C@@H]1[C@]34CCN(CC3CC3)[C@H](C2)[C@]42CC[C@@]1(OC)[C@@H](COCc1ccccc1C)C2,9.09151498112135
C=C1CC[C@@]2(O)[C@H]3Cc4ccc(C(=O)NCCc5ccc(-c6c[nH]c(=O)[nH]c6=O)cc5)c(O)c4[C@@]2(CCN3C)C1,8.455931955649724
O=C1C[C@]23CCN(CC4CC4)[C@H](Cc4ccc(O)cc42)[C@@H]3CN1,8.251037138743838
CN1CC[C@]23CC(=O)CC[C@@]2(O)[C@H]1Cc1ccc(C(=O)NCCc2ccc(-c4cc[nH]c(=O)c4)cc2)c(O)c13,9.366531544420411
Cc1nc(Nc2[nH]nc3c2CN(C(=O)N[C@@H]2C[C@H]2c2ccccc2)C3(C)C)c2sccc2n1,7.229147988357855
COc1ccc2c3c1O[C@@H]1[C@]34CCN(CC3CC3)[C@H](C2)[C@]42CC[C@@]1(OC)[C@@H](COCc1ccc(C(F)(F)F)cc1)C2,8.886056647693163
COc1ccc2c3c1O[C@@H]1[C@]34CCN(C)[C@H](C2)[C@]42CC[C@@]1(OC)[C@@H](COCc1ccc(OC(F)(F)F)cc1)C2,8.29627884007298
CN1CC[C@]23CC(=O)CC[C@@]2(O)[C@H]1Cc1ccc(C(=O)NCCc2ccc(-c4ccc(=O)[nH]c4)cc2)c(O)c13,9.200659450546418
CCC(=O)N(c1ccccc1)C1CCN(CCC(c2ccccc2)c2ccccc2)CC1,6.480697150764572
COc1ccc2c3c1O[C@@H]1[C@]34CCN(C)[C@H](C2)[C@]42CC[C@@]1(OC)[C@@H](COCc1ccc(C(C)(C)C)cc1)C2,8.1298888446356
CN1CC[C@]23CC(=O)CC[C@@]2(O)[C@H]1Cc1ccc(C(=O)NCCc2nc4ccccc4[nH]2)c(O)c13,7.568636235841013
CN1CC[C@]23CC(=O)CC[C@@]2(O)[C@H]1Cc1ccc(C(=O)NCCc2ccc(-c4cnc(=O)[nH]c4)cc2)c(O)c13,8.795880017344075
CC1(C)c2[nH]nc(Nc3ncnc4ccoc34)c2CN1C(=O)N[C@H]1C[C@@H]1c1ccccc1,7.236572006437063
Oc1ccc2c(c1)[C@@]13CCNC[C@H]1[C@@H](C2)N(CC1CC1)CC3,7.297397158659573
O=C1CC[C@@]2(O)[C@H]3Cc4ccc(C(=O)NCCc5ccc(-c6c[nH]c(=O)[nH]c6=O)cc5)c(O)c4[C@@]2(CCN3CCc2ccccc2)C1,9.18045606445813
COc1ccc(CCN(CCCc2ccccc2)CCc2ccc3c(c2)OCO3)cc1OC,6.467245621007502
CC(C)C[C@H](NC(=O)[C@@H]1CCCN1C(=O)[C@H](Cc1ccccc1)NC(=O)CNC(=O)[C@@H](C)NC(=O)[C@@H](N)Cc1ccc(O)cc1)C(=O)N[C@@H](Cc1c[nH]c2ccccc12)C(=O)NCc1cc(C(F)(F)F)cc(C(F)(F)F)c1,8.022276394711152
Cc1cc(O)cc(C)c1C[C@H](N)C(=O)N[C@@H](C)C(=O)NCC(=O)N[C@@H](Cc1ccc(I)cc1)C(=O)N1CCC[C@H]1C(=O)N[C@@H](CC(C)C)C(=O)N[C@@H](Cc1c[nH]c2ccccc12)C(=O)NCc1cc(C(F)(F)F)cc(C(F)(F)F)c1,8.221848749616356
Cc1cc(O)cc(C)c1C[C@H](N)C(=O)N[C@@H](C)C(=O)NCC(=O)N[C@@H](Cc1ccccc1)C(=O)N1CCC[C@H]1C(=O)N[C@@H](CC(C)C)C(=O)N[C@@H](Cc1c[nH]c2ccccc12)C(=O)NCc1cc(C(F)(F)F)cc(C(F)(F)F)c1,8.522878745280337
Cc1cc(O)cc(C)c1C[C@H](N)C(=O)N[C@@H](C)C(=O)NCC(=O)N[C@@H](Cc1ccc(F)cc1)C(=O)N1CCC[C@H]1C(=O)N[C@@H](CC(C)C)C(=O)N[C@@H](Cc1c[nH]c2ccccc12)C(=O)NCc1cc(C(F)(F)F)cc(C(F)(F)F)c1,9.0
Cc1cc(O)cc(C)c1C[C@H](N)C(=O)N[C@@H](C)C(=O)NCC(=O)N(C)[C@@H](Cc1ccc(F)cc1)C(=O)N1CCC[C@H]1C(=O)N[C@@H](CC(C)C)C(=O)N[C@@H](Cc1c[nH]c2ccccc12)C(=O)NCc1cc(C(F)(F)F)cc(C(F)(F)F)c1,9.397940008672036
CC(C)C[C@H](NC(=O)[C@@H]1CCCN1C(=O)[C@H](Cc1ccc(F)cc1)NC(=O)CNC(=O)[C@H](C)NC(=O)[C@@H](N)Cc1ccc(O)cc1)C(=O)N[C@@H](Cc1c[nH]c2ccccc12)C(=O)NCc1cc(C(F)(F)F)cc(C(F)(F)F)c1,8.397940008672037
Cc1cc(O)cc(C)c1C[C@H](N)C(=O)N[C@@H](C)C(=O)NCC(=O)N[C@@H](Cc1ccc(Br)cc1)C(=O)N1CCC[C@H]1C(=O)N[C@@H](CC(C)C)C(=O)N[C@@H](Cc1c[nH]c2ccccc12)C(=O)NCc1cc(C(F)(F)F)cc(C(F)(F)F)c1,8.397940008672037
CO[C@]12C=C[C@@]3(C[C@@H]1C(=O)NCCCCCCNC(=O)OC(C)(C)C)[C@H]1Cc4ccc(O)c5c4[C@@]3(CCN1C)[C@H]2O5,8.130005999878259
C[C@@H](NC(=O)[C@@H](N)Cc1ccc(O)cc1)C(=O)N[C@@H](Cc1ccccc1)C(=O)NCC(=O)N[C@@H](Cc1ccc(O)cc1)C(=O)N1CCC[C@H]1C(=O)N[C@@H](CO)C(N)=O,7.977056390313098
C=CCN(CC=C)CCc1c[nH]c2ccc(Br)cc12,5.760000207113128
Cc1cc(O)cc(C)c1C[C@H](N)C(=O)N[C@H](CCCNC(=N)N)C(=O)N[C@@H](Cc1ccccc1)C(=O)N[C@@H](CCCCN)C(=O)NCCN(CC1Cc2ccccc2CN1C(=O)[C@@H](N)Cc1ccc(O)cc1)[C@@H](Cc1ccccc1)C(=O)NC(CC1CCCCC1)C(=O)O,7.853871964321762
N[C@@H](Cc1ccc(O)cc1)C(=O)N1Cc2ccccc2CC1CN[C@@H](Cc1ccccc1)C(=O)NC(CC1CCCCC1)C(=O)O,5.978810700930062
Cc1cc(O)cc(C)c1C[C@H](N)C(=O)N1Cc2ccccc2C[C@H]1C(=O)N[C@@H](Cc1ccccc1)C(=O)N[C@@H](Cc1ccccc1)C(N)=O,8.924453038607469
CO[C@@]12CCC(=O)[C@]3(C)Oc4c(O)ccc5c4[C@]13CCN(C)[C@@H]2C5,9.886056647693165
CN1CC[C@]23c4c5ccc(O)c4O[C@@]2(C)c2[nH]c4ccccc4c2C[C@@]3(CCCc2ccccc2)[C@H]1C5,7.991399828238082
Cc1cc(O)cc(C)c1C[C@H](N)C(=O)N1Cc2ccccc2C[C@@H]1C(=O)NCC(=O)N(c1ccccc1)c1ccccc1,8.767003889607846
Cc1cc(O)cc(C)c1C[C@H](N)C(=O)N1Cc2ccccc2C[C@@H]1C(=O)NCC(=O)N1CCc2ccccc2C1,8.481486060122112
C[C@H]1[C@H]2Cc3ccc(O)cc3[C@]1(C)CCN2CCC(=O)Nc1ccccc1,9.080921907623926
O=C1c2ccc(O)cc2[C@@]23CCCC[C@H]2[C@@H]1N(CC1CCCO1)CC3,9.42021640338319
CN1CC[C@]23c4c5ccc(O)c4O[C@@]2(CO)C(=O)CC[C@@]3(O)[C@H]1C5,8.494850021680094
O=C(Cc1ccc(Cl)c(Cl)c1)N1CCN(Cc2cccnc2)C2CCCC(N3CCCC3)C21,5.609064892896621
O=C(Cc1ccc(Cl)c(Cl)c1)N1CCN(Cc2cccnc2)C2CCCC(N3CCC(O)C3)C21,5.458420756053419
Cc1cc(F)ccc1C1CCN(CC2Cc3ccccc3CN2)CC1,6.465973893943865
c1ccc2c(c1)CNC(CN1CCC3(CCc4ccccc43)CC1)C2,6.647817481888637
CN1Cc2ccccc2CC1CN1CCC2(CCc3ccccc32)CC1,7.235077015350112
CC(=O)N1Cc2ccccc2CC1CN1CCC2(CCc3ccccc32)CC1,7.128427064454121
Oc1ccc(Cl)c2c1CNC(CN1CCC3(CCc4ccccc43)CC1)C2,7.162411561764489
Oc1ccc(Br)c2c1CNC(CN1CCC3(CCc4ccccc43)CC1)C2,6.856985199745905
c1ccc2c(c1)CC(CN1CCC3(CCc4ccccc43)CC1)CO2,7.308918507877031
O=C1CCC[C@@]2(O)[C@H]3Cc4ccc(O)cc4[C@@]2(CCN3CC2CC2)C1,9.159893905543242
Oc1ccc2c(c1)[C@]13CCN(CC4CC4)[C@@H](C2)[C@]1(O)Cc1c([nH]c2ccccc12)C3,7.607303046740334
Oc1ccc2c(c1)[C@]13CCN(CC4CC4)[C@H](C2)[C@]1(O)CCc1cc2ccccc2nc1C3,7.75448733218585
Cc1cc(O)cc(C)c1C[C@H](N)C(=O)N[C@H](CCCNC(=N)N)C(=O)N[C@H]1Cc2ccccc2CN(CCC(N)=O)C1=O,9.958607314841776
CC[C@H](C)[C@H](NC(=O)[C@H](CCCNC(=N)N)NC(=O)[C@H](Cc1ccc(O)cc1)NC(=O)[C@H](Cc1ccc(O)cc1)NC(=O)[C@H](CCCNC(=N)N)NC(=O)CCN1Cc2ccccc2C[C@H](NC(=O)[C@@H](CCCNC(=N)N)NC(=O)[C@@H](N)Cc2c(C)cc(O)cc2C)C1=O)C(=O)N[C@@H](CCCCN)C(N)=O,8.301029995663981
Cc1cc(O)cc(C)c1C[C@H](N)C(=O)N[C@H](CCCNC(=N)N)C(=O)N[C@H]1Cc2ccccc2CN(CCC(=O)N[C@@H](CCCNC(=N)N)C(=O)N[C@@H](Cc2ccc(O)cc2)C(=O)N[C@@H](Cc2ccc(F)cc2)C(=O)N[C@@H](CCCNC(=N)N)C(=O)N[C@@H](Cc2c[nH]c3ccccc23)C(=O)N[C@@H](CCCNC(=N)N)C(N)=O)C1=O,7.823908740944319
Cc1cc(O)cc(C)c1C[C@H](N)C(=O)N[C@H](CCCNC(=N)N)C(=O)N[C@H]1Cc2ccccc2CN(CCC(=O)N[C@@H](CCCNC(=N)N)C(=O)N[C@@H](Cc2ccc(O)cc2)C(=O)N[C@@H](Cc2ccc(O)cc2)C(=O)N[C@@H](CCCNC(=N)N)C(=O)N[C@@H](Cc2c[nH]c3ccccc23)C(=O)N[C@@H](CCCNC(=N)N)C(N)=O)C1=O,8.017728766960431
CC[C@H]1C(=O)C[C@@H]2CCN(CC3CCCCC3)[C@@H]3CCC[C@H]1[C@@H]23,5.720789487398605
CCCCCCCN1CC[C@H]2CC(=O)[C@H](CC)[C@H]3CCC[C@@H]1[C@H]23,6.199282921717615
O=C(CO)N(CCN1[C@H]2CC[C@@H]1C[C@H](c1cccc(O)c1)C2)Cc1ccccc1,10.100015437450608
CC(=O)N(CCN1[C@H]2CC[C@@H]1C[C@H](c1cccc(O)c1)C2)Cc1ccccc1,8.0
O=C(C1CCCC1)N(CCN1[C@H]2CC[C@@H]1C[C@H](c1cccc(O)c1)C2)Cc1ccccc1,8.0
CCC(CC)C(=O)N(CCN1[C@H]2CC[C@@H]1C[C@H](c1cccc(O)c1)C2)Cc1ccccc1,8.0
O=C(O)CCC(=O)N(CCN1[C@H]2CC[C@@H]1C[C@H](c1cccc(O)c1)C2)Cc1ccccc1,8.0
CC(=O)N(CCN1[C@H]2CC[C@@H]1C[C@H](c1cccc(O)c1)C2)CC1CCCCC1,8.0
CCC(=O)N(CCN1[C@H]2CC[C@@H]1C[C@H](c1cccc(O)c1)C2)CC1CCCCC1,8.0
CC(C)CC(=O)N(CCN1[C@H]2CC[C@@H]1C[C@H](c1cccc(O)c1)C2)CC1CCCCC1,8.0
O=C(O)CC1(CC(=O)N(CCN2[C@H]3CC[C@@H]2C[C@H](c2cccc(O)c2)C3)CC2CCCCC2)CCCCC1,8.0
O=C(O)CC1(CC(=O)N(CCN2[C@H]3CC[C@@H]2C[C@H](c2cccc(O)c2)C3)CC2CCCCC2)CCCC1,8.0
O=C(O)CCC(=O)N(CCN1[C@H]2CC[C@@H]1C[C@H](c1cccc(O)c1)C2)CC1CCCCC1,8.0
CC(C)(CC(=O)O)CC(=O)N(CCN1[C@H]2CC[C@@H]1C[C@H](c1cccc(O)c1)C2)CC1CCCCC1,8.0
O=C(O)CS(=O)(=O)CC(=O)N(CCN1[C@H]2CC[C@@H]1C[C@H](c1cccc(O)c1)C2)CC1CCCCC1,8.0
O=C(O)CC(=O)N(CCN1[C@H]2CC[C@@H]1C[C@H](c1cccc(O)c1)C2)CC1CCCCC1,8.0
O=C(NCc1ccccc1)N(CCN1[C@H]2CC[C@@H]1C[C@H](c1cccc(O)c1)C2)CC1CCCCC1,8.0
O=C(Nc1ccc2c(c1)OCO2)N(CCN1[C@H]2CC[C@@H]1C[C@H](c1cccc(O)c1)C2)CC1CCCCC1,8.0
O=C(NCc1ccc(F)cc1)N(CCN1[C@H]2CC[C@@H]1C[C@H](c1cccc(O)c1)C2)CC1CCCCC1,8.0
CC1(C)C(CN(CCN2[C@H]3CC[C@@H]2C[C@H](c2cccc(C(N)=O)c2)C3)C(=O)CO)C1(C)C,8.0
NC(=O)c1cccc([C@@H]2C[C@@H]3CC[C@H](C2)N3CCCN(Cc2ccccc2)C(=O)CO)c1,8.0
CC(=O)N(CCCN1[C@H]2CC[C@@H]1C[C@H](c1cccc(C(N)=O)c1)C2)CC1CCCCC1,8.0
O=C(O)CCC(=O)N(CCN1[C@H]2CC[C@@H]1C[C@H](c1cccc(O)c1)C2)Cc1c(F)cccc1F,8.0
NC(=O)c1cccc([C@@H]2C[C@@H]3CC[C@H](C2)N3CCN(CC23CC4CC(CC(O)(C4)C2)C3)C(=O)[C@@H](O)CO)c1,8.0
CN(C)CC(=O)N(CCN1[C@H]2CC[C@@H]1C[C@H](c1cccc(C(N)=O)c1)C2)CC1CCCCC1,8.0
NC(=O)c1cccc([C@@H]2C[C@@H]3CC[C@H](C2)N3CCN(CC2CCCCC2)C(=O)CCCO)c1,8.0
CN(C)CC(O)C(=O)N(CCN1[C@H]2CC[C@@H]1C[C@H](c1cccc(C(N)=O)c1)C2)CC1CCCCC1,8.0
CCN(CC)CC[C@H](O)C(=O)N(CCN1[C@H]2CC[C@@H]1C[C@H](c1cccc(C(N)=O)c1)C2)CC1CCCCC1,8.0
CC(C)(C)NCC[C@H](O)C(=O)N(CCN1[C@H]2CC[C@@H]1C[C@H](c1cccc(C(N)=O)c1)C2)CC1CCCCC1,8.0
CN(C)CC[C@H](O)C(=O)N(CCN1[C@H]2CC[C@@H]1C[C@H](c1cccc(C(N)=O)c1)C2)CC1CCCCC1,8.0
CC(CO)(CO)C(=O)N(CCN1[C@H]2CC[C@@H]1C[C@H](c1cccc(C(N)=O)c1)C2)CC1CCCCC1,8.0
CC(C)(CO)C(=O)N(CCN1[C@H]2CC[C@@H]1C[C@H](c1cccc(C(N)=O)c1)C2)CC1CCCCC1,8.0
CN(C)[C@@H](Cc1ccccc1)C(=O)N(CCN1[C@H]2CC[C@@H]1C[C@H](c1cccc(C(N)=O)c1)C2)CC1CCCCC1,8.0
NC(=O)c1cccc([C@@H]2C[C@@H]3CC[C@H](C2)N3CCN(CC2CCCCC2)C(=O)C2(O)CC2)c1,8.0
CC(C)C[C@H](O)C(=O)N(CCN1[C@H]2CC[C@@H]1C[C@H](c1cccc(C(N)=O)c1)C2)CC1CCCCC1,8.0
NC(=O)c1cccc([C@@H]2C[C@@H]3CC[C@H](C2)N3CCN(CC2CCCCC2)C(=O)[C@@H](O)Cc2ccccc2)c1,8.0
O=C(N(CCN1[C@H]2CC[C@@H]1C[C@H](c1cccc(O)c1)C2)CC1CCCCC1)C1(O)CC1,8.0
O=C([C@@H](O)Cc1ccccc1)N(CCN1[C@H]2CC[C@@H]1C[C@H](c1cccc(O)c1)C2)CC1CCCCC1,8.0
O=C([C@@H](O)c1ccccc1)N(CCN1[C@H]2CC[C@@H]1C[C@H](c1cccc(O)c1)C2)CC1CCCCC1,8.0
CS(=O)(=O)Nc1cccc([C@@H]2C[C@@H]3CC[C@H](C2)N3CCN(CC2CCCCC2)C(=O)CO)c1,8.0
C[C@H](CN1[C@H]2CC[C@@H]1C[C@H](c1cccc(O)c1)C2)N(Cc1ccccc1)C(=O)C1CCCC1,8.0
C[C@H](CN1[C@H]2CC[C@@H]1C[C@H](c1cccc(O)c1)C2)N(Cc1ccccc1)C(=O)Cc1ccccc1,8.0
CC(=O)N(CCN1[C@H]2CC[C@@H]1C[C@H](c1cccc(C(=O)NOP(=O)(O)O)c1)C2)CC1CCC(F)(F)CC1,8.0
NC(=O)c1cccc([C@@H]2C[C@@H]3CC[C@H](C2)N3CCN(CC2CCC(F)(F)CC2)C(=O)CO)c1,8.295596361538959
NC(=O)c1cccc([C@@H]2C[C@@H]3CC[C@H](C2)N3CCN(CCC2CCCCC2)C(=O)CO)c1,8.0
NC(=O)c1cccc([C@@H]2C[C@@H]3CC[C@H](C2)N3CCN(CCCc2ccccc2)C(=O)CO)c1,8.267835511661112
NC(=O)c1cccc([C@@H]2C[C@@H]3CC[C@H](C2)N3CCN(CCc2ccccc2)C(=O)CO)c1,9.199970640755865
NCC(=O)N(CCN1[C@H]2CC[C@@H]1C[C@H](c1cccc(C(N)=O)c1)C2)CC1CCCCC1,8.0
CS(=O)(=O)CC(=O)N(CCN1[C@H]2CC[C@@H]1C[C@H](c1cccc(C(N)=O)c1)C2)CC1CCCCC1,8.296708621881338
CC(C)NC(=O)N(CCN1[C@H]2CC[C@@H]1C[C@H](c1cccc(C(N)=O)c1)C2)CC1CCCCC1,8.29245111336906
NC(=O)c1cccc([C@@H]2C[C@@H]3CC[C@H](C2)N3CCN(CC2CCCCC2)C(=O)NCc2ccc(F)cc2)c1,8.0
CCCCCNC(=O)N(CCN1[C@H]2CC[C@@H]1C[C@H](c1cccc(C(N)=O)c1)C2)CC1CCCCC1,8.0
CCC(C)NC(=O)N(CCN1[C@H]2CC[C@@H]1C[C@H](c1cccc(C(N)=O)c1)C2)CC1CCCCC1,8.0
COC(=O)CCC(=O)N(CCN1[C@H]2CC[C@@H]1C[C@H](c1cccc(C(N)=O)c1)C2)CC1CCCCC1,8.0
NC(=O)c1cccc([C@@H]2C[C@@H]3CC[C@H](C2)N3CCN(CC2CCCCC2)C(=O)Cc2ccccc2)c1,8.0
NC(=O)c1cccc([C@@H]2C[C@@H]3CC[C@H](C2)N3CCN(CC2CCCCC2)C(=O)CO)c1,8.296708621881338
NC(=O)c1cccc([C@@H]2C[C@@H]3CC[C@H](C2)N3CCN(CC2CCCCC2)C(=O)CCC(=O)O)c1,8.0
NC(=O)c1cccc([C@@H]2C[C@@H]3CC[C@H](C2)N3CCN(Cc2ccccc2)C(=O)CO)c1,10.0
O=C(CO)N(CCN1[C@H]2CC[C@@H]1C[C@H](c1cccc(O)c1)C2)Cc1ccc(C(F)(F)F)cc1,8.0
CS(=O)(=O)CC(=O)N(CCN1[C@H]2CC[C@@H]1C[C@H](c1cccc(O)c1)C2)Cc1c(F)cccc1F,8.0
O=C(O)CC(=O)N(CCN1[C@H]2CC[C@@H]1C[C@H](c1cccc(O)c1)C2)Cc1c(F)cccc1F,8.0
CS(=O)(=O)CC(=O)N(CCN1[C@H]2CC[C@@H]1C[C@H](c1cccc(O)c1)C2)Cc1cccc(F)c1,8.0
O=C(O)CC(=O)N(CCN1[C@H]2CC[C@@H]1C[C@H](c1cccc(O)c1)C2)Cc1cccc(F)c1,8.0
O=C(CO)N(CCN1[C@H]2CC[C@@H]1C[C@H](c1cccc(O)c1)C2)Cc1c(F)cccc1F,8.0
CC(C)CC(=O)N(CCN1[C@H]2CC[C@@H]1C[C@H](c1cccc(O)c1)C2)Cc1cccc(F)c1,8.0
O=C(O)C(O)CC(=O)N(CCN1[C@H]2CC[C@@H]1C[C@H](c1cccc(O)c1)C2)Cc1cccc(F)c1,8.0
NC(=O)CCC(=O)N(CCN1[C@H]2CC[C@@H]1C[C@H](c1cccc(O)c1)C2)CC1CCCCC1,8.0
CS(=O)(=O)CC(=O)N(CCN1[C@H]2CC[C@@H]1C[C@H](c1cccc(O)c1)C2)CC1CCCCC1,8.0
COC(=O)CCC(=O)N(CCN1[C@H]2CC[C@@H]1C[C@H](c1cccc(O)c1)C2)CC1CCCCC1,8.0
O=C(Nc1ccc(OC(F)F)cc1)N(CCN1[C@H]2CC[C@@H]1C[C@H](c1cccc(O)c1)C2)CC1CCCCC1,8.0
CC(C)(C)OC(=O)N1CC2CN(c3nc4ccccc4n(C4CCN(C5CCCCCCC5)CC4)c3=O)CC2C1,5.412401270278755
NC(=O)c1nc2ccccc2n([C@@H]2C[C@@H]3CC[C@H](C2)N3C2CCCCCCC2)c1=O,6.086716098239582
O=C(O)C1CCN(c2nc3ccccc3n([C@@H]3C[C@@H]4CC[C@H](C3)N4C3CCCCCCC3)c2=O)CC1,5.777283528852417
N[C@@H]1CCN(c2nc3ccccc3n([C@@H]3C[C@@H]4CC[C@H](C3)N4C3CCCCCCC3)c2=O)C1,6.229147988357855
NC(=O)[C@H](CO)Nc1nc2ccccc2n([C@H]2C[C@@H]3CC[C@H](C2)N3C2CCCCCCC2)c1=O,4.91721462968355
O=C(O)CNc1nc2ccccc2n([C@@H]2C[C@@H]3CC[C@H](C2)N3C2CCCCCCC2)c1=O,5.931072388317928
O=C(O)Cc1nc2ccccc2n([C@@H]2C[C@@H]3CCC[C@H](C2)N3C2CCCCCCC2)c1=O,4.891942626216146
O=C(O)CC1CCN(c2nc3ccccc3n([C@@H]3C[C@@H]4CC[C@H](C3)N4C3CCCCCCC3)c2=O)C1,5.600326278518962
O=C(O)[C@@H](CO)Nc1nc2ccccc2n([C@@H]2C[C@@H]3CC[C@H](C2)N3C2CCCCCCC2)c1=O,6.113509274827518
COc1ccc(NC(=O)c2nc3ccccc3n([C@]3(C)C[C@@H]4CC[C@H](C3)N4C3CCCCCCC3)c2=O)cn1,6.6777807052660805
CONC(=O)c1nc2ccccc2n([C@@H]2C[C@@H]3CC[C@H](C2)N3C2CCCCCCC2)c1=O,6.129011186239425
COc1ccc(NC(=O)c2nc3ccccc3n([C@H]3C[C@@H]4CC[C@H](C3)N4C3CCCCCCC3)c2=O)cn1,5.568636235841013
O=C(NC(CO)C(=O)O)c1nc2ccccc2n([C@@H]2C[C@@H]3CC[C@H](C2)N3C2CCCCCCC2)c1=O,6.335358024443875
O=C(O)CNCCNc1nc2ccccc2n([C@@H]2C[C@@H]3CC[C@H](C2)N3C2CCCCCCC2)c1=O,5.494850021680094
O=C(O)CN(CCNc1nc2ccccc2n([C@@H]2C[C@@H]3CC[C@H](C2)N3C2CCCCCCC2)c1=O)CC(=O)O,5.96537154337468
O=C(O)[C@@H](Nc1nc2ccccc2n([C@@H]2C[C@@H]3CC[C@H](C2)N3C2CCCCCCC2)c1=O)c1ccccc1,5.886056647693163
O=C1NC(=O)C2(CCN(c3nc4ccccc4n([C@@H]4C[C@@H]5CC[C@H](C4)N5C4CCCCCCC4)c3=O)CC2)N1,6.190979279516327
O=C(O)C1CCN(CCNc2nc3ccccc3n([C@@H]3C[C@@H]4CC[C@H](C3)N4C3CCCCCCC3)c2=O)CC1,6.146910470148135
O=C(O)CNC(=O)CNc1nc2ccccc2n([C@@H]2C[C@@H]3CC[C@H](C2)N3C2CCCCCCC2)c1=O,5.701146923590294
NC1(C(=O)O)CCN(c2nc3ccccc3n([C@@H]3C[C@@H]4CC[C@H](C3)N4C3CCCCCCC3)c2=O)CC1,5.214670164989233
O=C1CN(c2nc3ccccc3n([C@@H]3C[C@@H]4CC[C@H](C3)N4C3CCCCCCC3)c2=O)CCN1,5.943095148663527
O=C(O)C(CO)NCCNc1nc2ccccc2n([C@@H]2C[C@@H]3CC[C@H](C2)N3C2CCCCCCC2)c1=O,5.596879478824183
NC(=O)CN(CCNc1nc2ccccc2n([C@@H]2C[C@@H]3CC[C@H](C2)N3C2CCCCCCC2)c1=O)CC(=O)O,4.962573502059376
CC(C)(Nc1nc2ccccc2n([C@@H]2C[C@@H]3CC[C@H](C2)N3C2CCCCCCC2)c1=O)C(=O)O,5.050609993355087
O=C(O)N1CCN(c2nc3ccccc3n([C@@H]3C[C@@H]4CC[C@H](C3)N4C3CCCCCCC3)c2=O)CC1=O,5.795880017344075
O=C(O)C(=O)N1CC2CN(c3nc4ccccc4n(C4CCN(C5CCCCCCC5)CC4)c3=O)CC2C1,5.534914712442567
O=C(O)CC1CCN(c2nc3ccccc3n([C@@H]3C[C@@H]4CC[C@H](C3)N4C3CCCCCCC3)c2=O)CC1,5.327902142064283
O=C(O)CN(CCO)c1nc2ccccc2n([C@@H]2C[C@@H]3CC[C@H](C2)N3C2CCCCCCC2)c1=O,4.922922933154239
CCOC(=O)c1nc2ccccc2n([C@@H]2C[C@@H]3CCC[C@H](C2)N3C2CCCCCCC2)c1=O,6.318758762624412
CCOC(=O)c1nc2ccccc2n([C@@H]2C[C@@H]3CC[C@H](C2)N3C2CCCCCCC2)c1=O,6.338187314462739
CC1(N2CCC(n3c(=O)c(C(=O)O)nc4ccccc43)CC2)CCCCCCC1,4.844663962534939
CCC1(N2CCC(n3c(=O)c(C(=O)O)nc4ccccc43)CC2)CCCCCCC1,4.789093186345626
CCCC1(N2CCC(n3c(=O)c(C(=O)O)nc4ccccc43)CC2)CCCCCCC1,4.2381397905530935
O=C(O)N[C@@H]1CCN(c2nc3ccccc3n([C@@H]3C[C@@H]4CC[C@H](C3)N4C3CCCCCCC3)c2=O)C1,4.771779351131577
O=C(O)c1ccncc1Nc1nc2ccccc2n([C@@H]2C[C@@H]3CC[C@H](C2)N3C2CCCCCCC2)c1=O,5.840132152907433
CN(C(=O)O)[C@@H]1CCN(c2nc3ccccc3n([C@@H]3C[C@@H]4CC[C@H](C3)N4C3CCCCCCC3)c2=O)C1,5.049294465226139
O=C(O)c1nc2ccccc2n([C@@H]2C[C@@H]3CCC[C@H](C2)N3C2CCCCCCCCC2)c1=O,5.686132779630847
O=C(O)c1nc2ccccc2n([C@@H]2C[C@@H]3CCC[C@H](C2)N3C2C3CCCC2CCC3)c1=O,5.464832514885056
O=C(O)c1nc2ccccc2n([C@@H]2C[C@@H]3CC[C@H](C2)N3C2C3CCCC2CCC3)c1=O,5.987584625237567
O=C(NC(Cc1c[nH]cn1)C(=O)O)c1nc2ccccc2n([C@@H]2C[C@@H]3CC[C@H](C2)N3C2CCCCCCC2)c1=O,6.434152181326482
O=C(NC(Cc1ccccc1)C(=O)O)c1nc2ccccc2n([C@@H]2C[C@@H]3CC[C@H](C2)N3C2CCCCCCC2)c1=O,6.512720183556931
CC(C)C1CCC(N2CCC(N3C(=O)CC(=O)Nc4ccccc43)CC2)CC1,5.530177984021837
O=C1CC(=O)N(C2CCN(C3CCCCCCC3)CC2)c2cc(F)ccc2N1,5.42021640338319
O=C1CC(=O)N([C@@H]2C[C@@H]3CCC[C@H](C2)N3C2CCCCCCC2)c2ccccc2N1,4.923359556329658
O=c1[nH]c2ncccc2n(C2CCN(C3CCCCCCC3)CC2)c1=O,4.759825304980723
O=C1CC(=O)N(C2CCN(C3CCCCCCC3)CC2)c2cccnc2N1,4.907279355315901
O=C1CC(=O)N(C2CCN(C3CCCCCCC3)CC2)c2ccccc2N1,4.863279432843593
O=c1[nH]c2ccccc2n(C2CCN(C3CCCCCCC3)CC2)c1=O,5.657577319177793
CCC1(CC)C(=O)Nc2ccccc2N(C2CCN(C3CCCCCCC3)CC2)C1=O,5.207608310501746
CC(C)C1CCC(N2CCC(n3c(=O)c(=O)[nH]c4ccccc43)CC2)CC1,6.0835460514500745
O=c1c(NCCO)nc2ccccc2n1C1CCN(C2CCCCCCC2)CC1,4.768020973168496
CC(C)(C)OC(=O)NCCNc1nc2ccccc2n(C2CCN(C3CCCCCCC3)CC2)c1=O,5.968995718636463
CC(C)(C)OC(=O)N1CCN(c2nc3ccccc3n(C3CCN(C4CCCCCCC4)CC3)c2=O)CC1,5.786747947803604
NCCNc1nc2ccccc2n(C2CCN(C3CCCCCCC3)CC2)c1=O,5.854803593885818
CN1CC2CN(c3nc4ccccc4n(C4CCN(C5CCCCCCC5)CC4)c3=O)CC2C1,5.621420423884225
CC(=O)N1CC2CN(c3nc4ccccc4n(C4CCN(C5CCCCCCC5)CC4)c3=O)CC2C1,5.484391050765519
CC(C)(C)OC(=O)Nc1nc2ccccc2n(C2CCN(C3CCCCCCC3)CC2)c1=O,5.500725418107782
Nc1nc2ccccc2n(C2CCN(C3CCCCCCC3)CC2)c1=O,5.921180816901152
COC(=O)C1CCN(c2nc3ccccc3n(C3CCN(C4CCCCCCC4)CC3)c2=O)CC1,5.635824367229381
CC(=O)Nc1nc2ccccc2n(C2CCN(C3CCCCCCC3)CC2)c1=O,5.279509931549948
O=C1CN(c2nc3ccccc3n(C3CCN(C4CCCCCCC4)CC3)c2=O)CCN1,5.6823544567788415
O=c1c(N2Cc3ccccc3C2)nc2ccccc2n1C1CCN(C2CCCCCCC2)CC1,4.574677761718751
CC(C)(C)OC(=O)NC1CCN(c2nc3ccccc3n(C3CCN(C4CCCCCCC4)CC3)c2=O)CC1,5.469032318428085
NC1CCN(c2nc3ccccc3n(C3CCN(C4CCCCCCC4)CC3)c2=O)CC1,5.517555208081735
N=C(N)NCCNc1nc2ccccc2n(C2CCN(C3CCCCCCC3)CC2)c1=O,6.201349354554731
COC(=O)[C@@H]1CCCN1c1nc2ccccc2n(C2CCN(C3CCCCCCC3)CC2)c1=O,5.6129662987176365
COC(=O)[C@@H]1C[C@@H](O)CN1c1nc2ccccc2n(C2CCN(C3CCCCCCC3)CC2)c1=O,5.280337316981953
NC(=O)C1CCN(c2nc3ccccc3n(C3CCN(C4CCCCCCC4)CC3)c2=O)CC1,5.422508200162775
CS(=O)(=O)NC1CCN(c2nc3ccccc3n(C3CCN(C4CCCCCCC4)CC3)c2=O)CC1,5.722390785695909
NC(=O)[C@H](CO)Nc1nc2ccccc2n(C2CCN(C3CCCCCCC3)CC2)c1=O,5.476123524361869
COc1ccc(Nc2nc3ccccc3n(C3CCN(C4CCCCCCC4)CC3)c2=O)cn1,6.202732459169283
O=c1c(N2CCc3ccccc32)nc2ccccc2n1C1CCN(C2CCCCCCC2)CC1,5.838332587562264
O=c1ccc(Nc2nc3ccccc3n(C3CCN(C4CCCCCCC4)CC3)c2=O)c[nH]1,5.399462705635531
NC(=O)CCNc1nc2ccccc2n(C2CCN(C3CCCCCCC3)CC2)c1=O,5.6256183019491175
CC(=O)N1CCC(Nc2nc3ccccc3n(C3CCN(C4CCCCCCC4)CC3)c2=O)CC1,5.871277715661574
CS(=O)(=O)N1CCC(Nc2nc3ccccc3n(C3CCN(C4CCCCCCC4)CC3)c2=O)CC1,6.197910742118268
O=C(O)[C@H](CO)Nc1nc2ccccc2n(C2CCN(C3CCCCCCC3)CC2)c1=O,5.296192934725672
NC(=O)C1CCCN(c2nc3ccccc3n(C3CCN(C4CCCCCCC4)CC3)c2=O)C1,5.176721443048329
CCOC(=O)CN(C)c1nc2ccccc2n(C2CCN(C3CCCCCCC3)CC2)c1=O,5.355364496231847
CN(CC(O)CO)c1nc2ccccc2n(C2CCN(C3CCCCCCC3)CC2)c1=O,5.438660058541099
CS(=O)(=O)N[C@@H]1CCN(c2nc3ccccc3n(C3CCN(C4CCCCCCC4)CC3)c2=O)C1,5.817300096663957
COc1nc2ccccc2n([C@@H]2C[C@@H]3CC[C@H](C2)N3C2CCCCCCC2)c1=O,6.605548319173784
O=C(O)c1nc2ccccc2n(C2CCN(C3CCCCCCC3)CC2)c1=O,5.12924505510986
CNC(=O)c1nc2ccccc2n(C2CCN(C3CCCCCCC3)CC2)c1=O,5.763714722551971
O=C(Nc1ccc(=O)[nH]c1)c1nc2ccccc2n(C2CCN(C3CCCCCCC3)CC2)c1=O,5.668775218979268
CONC(=O)c1nc2ccccc2n(C2CCN(C3CCCCCCC3)CC2)c1=O,5.717151397165355
O=C(NOCc1ccccc1)c1nc2ccccc2n(C2CCN(C3CCCCCCC3)CC2)c1=O,5.718058066559175
O=C1CNc2ccccc2N1C1CCN(C2CCCCCCC2)CC1,5.388382889445664
N#Cc1nc2ccccc2n(C2CCN(C3CCCCCCC3)CC2)c1=O,5.779107750780481
O=c1c(NC[C@@H](O)CO)nc2ccccc2n1C1CCN(C23CC4CC(CC(C4)C2)C3)CC1,4.99225222199926
O=C(NO)c1nc2ccccc2n(C2CCN(C3CCCCCCC3)CC2)c1=O,5.254144804826271
O=c1c(N2CC3CNCC3C2)nc2ncccc2n1C1CCN(C2CCCCCCC2)CC1,6.707743928643524
O=C(O)c1nc2ccc(F)cc2n([C@@H]2C[C@@H]3CC[C@H](C2)N3C2CCCCCCC2)c1=O,5.914709421769935
O=C(O)CN1CCN(c2nc3ccccc3n([C@@H]3C[C@@H]4CC[C@H](C3)N4C3CCCCCCC3)c2=O)CC1,6.151195298948196
O=C(O)c1cccc(CNc2nc3ccccc3n([C@@H]3C[C@@H]4CC[C@H](C3)N4C3CCCCCCC3)c2=O)c1,5.354577730650908
CN(CC(=O)O)C(=O)c1nc2ccccc2n([C@@H]2C[C@@H]3CC[C@H](C2)N3C2CCCCCCC2)c1=O,5.861697301833718
CSCCC(NC(=O)c1nc2ccccc2n([C@@H]2C[C@@H]3CC[C@H](C2)N3C2CCCCCCC2)c1=O)C(=O)O,6.105683937315561
CC(NC(=O)c1nc2ccccc2n([C@@H]2C[C@@H]3CC[C@H](C2)N3C2CCCCCCC2)c1=O)C(=O)O,6.580044251510242
CC(C)CC(NC(=O)c1nc2ccccc2n([C@@H]2C[C@@H]3CC[C@H](C2)N3C2CCCCCCC2)c1=O)C(=O)O,6.3448615651886175
O=C(O)c1ccc(CNC(=O)c2nc3ccccc3n([C@@H]3C[C@@H]4CC[C@H](C3)N4C3CCCCCCC3)c2=O)cc1,5.746661994673894
O=C(NCc1nn[nH]n1)c1nc2ccccc2n([C@@H]2C[C@@H]3CC[C@H](C2)N3C2CCCCCCC2)c1=O,5.935542010773082
O=C(O)c1ccc(CNC(=O)c2nc3ccccc3n([C@@H]3C[C@@H]4CC[C@H](C3)N4C3CCCCCCC3)c2=O)nc1,5.714442690992226
O=C(O)c1nc2ccccc2n([C@@H]2C[C@@H]3CCC[C@H](C2)N3C2/C=C\CCCCC2)c1=O,5.482672117705627
CCOC(=O)c1nc2ccccc2n([C@@H]2C[C@@H]3CCC[C@H](C2)N3C(C)CCC(C)C)c1=O,6.3124710387853655
CC(C)CCC(C)N1[C@H]2CCC[C@@H]1C[C@H](n1c(=O)c(C(=O)O)nc3ccccc31)C2,6.177831920631983
CC(C)CC(C)N1[C@H]2CCC[C@@H]1C[C@H](n1c(=O)c(C(=O)O)nc3ccccc31)C2,6.401209493236885
CN(CC(=O)O)[C@H]1CCN(c2nc3ccccc3n([C@@H]3C[C@@H]4CCC[C@H](C3)N4C3CCCCCCC3)c2=O)C1,6.161780778092374
O=C(O)c1nc2ccccc2n([C@@H]2C[C@@H]3CCC[C@H](C2)N3C2C3CC4CC(C3)CC2C4)c1=O,4.842422359479271
CC(C)CC(C)N1[C@H]2CC[C@@H]1C[C@H](n1c(=O)c(C(=O)O)nc3ccccc31)C2,5.754734160542538
COc1ccc2c3c1O[C@@H]1[C@]34CCN(CC3CC3)[C@H](C2)[C@]42CC[C@@]1(OC)[C@@H](CNC(=O)[C@H](C)N)C2,6.722024253776777
CO[C@]12CC[C@@]3(C[C@@H]1CNC(=O)[C@@H](N)Cc1ccccc1)[C@H]1Cc4ccc(O)c5c4[C@@]3(CCN1CC1CC1)[C@H]2O5,8.436518914605589
CO[C@]12CC[C@@]3(C[C@@H]1CNC(=O)[C@@H](N)CC(=O)O)[C@H]1Cc4ccc(O)c5c4[C@@]3(CCN1CC1CC1)[C@H]2O5,8.31069114087638
CO[C@]12CC[C@@]3(C[C@@H]1CNC(=O)[C@@H](N)Cc1c[nH]cn1)[C@H]1Cc4ccc(O)c5c4[C@@]3(CCN1CC1CC1)[C@H]2O5,8.497572880015568
CO[C@]12CC[C@@]3(C[C@@H]1CNC(=O)[C@H](Cc1ccccc1)NC(C)=O)[C@H]1Cc4ccc(O)c5c4[C@@]3(CCN1CC1CC1)[C@H]2O5,9.443697499232712
COC12CC[C@@]3(C[C@@H]1CNC(=O)c1ccccc1C(=O)O)[C@H]1Cc4ccc(O)c5c4[C@@]3(CCN1CC1CC1)[C@H]2O5,8.821023052706831
Cc1nnc(C(C)C)n1C1CC2CCC(C1)N2CC[C@H](NC(=O)C1CCC(F)(F)CC1)c1cccc(NC(=O)COCC(=O)NCCCCCCCNC(=O)COCC(=O)N[C@@H]2CC[C@@]3(O)[C@H]4Cc5ccc(O)c6c5[C@@]3(CCN4CC3CC3)[C@H]2O6)c1,8.036212172654444
O=C(O)CCC[C@]12CCN(CC3CC3)[C@H](Cc3ccc(O)cc31)[C@@H]2CC(=O)O,6.010020985995613
O=C(O)CCN1CCC[C@@H]1c1nc2ccccc2n1[C@@H]1C[C@@H]2CCC[C@H](C1)N2[C@H]1C[C@H]2CCCC[C@H](C2)C1,5.2564902352715706
NC(=O)CN1CCC[C@H]1c1nc2ccccc2n1[C@@H]1C[C@@H]2CCC[C@H](C1)N2[C@H]1C[C@H]2CCCC[C@H](C2)C1,5.777283528852417
O=C(O)CN1CCC[C@H](c2nc3ccccc3n2[C@@H]2C[C@@H]3CCC[C@H](C2)N3[C@H]2C[C@H]3CCCC[C@H](C3)C2)C1,5.127843727251707
O=C(O)CN1CCC/C(=C2/N(CC(=O)O)c3ccccc3N2[C@@H]2C[C@@H]3CCC[C@H](C2)N3[C@H]2C[C@H]3CCCC[C@H](C3)C2)C1,4.929223537156565
CCOC(=N)/N=c1\[nH]c2ccccc2n1C1CCN(C2CCCCCCC2)CC1,6.291579099865287
O=C(O)CNc1nc2ccccc2n1C1C[C@@H]2CCC[C@H](C1)N2C1CCCCCCCCC1,5.927015255372069
OCc1nc2ccccc2n1C1C[C@@H]2CCC[C@H](C1)N2[C@@H]1C[C@H]2CCC[C@H](C2)C1,5.802168306671097
CS(=O)(=O)NCCN1CCC[C@H]1Cc1nc2ccccc2n1[C@@H]1C[C@@H]2CCC[C@H](C1)N2[C@H]1C[C@H]2CCCC[C@H](C2)C1,5.735890843694191
O=C(O)CCN1CC[C@@H](Cc2nc3ccccc3n2[C@@H]2C[C@@H]3CCC[C@H](C2)N3[C@H]2C[C@H]3CCCC[C@H](C3)C2)C1,5.347077112432058
CCN(CC)C(=O)CN1CC[C@@H](Cc2nc3ccccc3n2[C@@H]2C[C@@H]3CCC[C@H](C2)N3[C@H]2C[C@H]3CCCC[C@H](C3)C2)C1,5.521866571899483
O=C(O)CN1CCCC[C@H]1Cc1nc2ccccc2n1[C@@H]1C[C@@H]2CCC[C@H](C1)N2[C@H]1C[C@H]2CCCC[C@H](C2)C1,5.522444667801019
c1ccc2c(c1)nc(-c1cc[nH]n1)n2[C@@H]1C[C@@H]2CCC[C@H](C1)N2[C@H]1C[C@H]2CCCC[C@H](C2)C1,6.276544327964814
Cn1cc(Cl)c(-c2nc3ccccc3n2[C@@H]2C[C@@H]3CCC[C@H](C2)N3[C@H]2C[C@H]3CCCC[C@H](C3)C2)n1,6.021363051615525
CO[C@]12CC[C@@]3(C[C@@H]1COCc1ccc(F)cc1)[C@H]1Cc4ccc(O)c5c4[C@@]3(CC[N+]1(C)CC1CC1)[C@H]2O5,8.019996628416253
CO[C@]12CC[C@@]3(C[C@@H]1COCc1cc4ccccc4s1)[C@H]1Cc4ccc(O)c5c4[C@@]3(CC[N+]1(C)CC1CC1)[C@H]2O5,8.640164517660113
COc1ccc(COC[C@H]2C[C@@]34CC[C@]2(OC)[C@@H]2Oc5c(OC)ccc6c5[C@@]23CC[N+](C)(CC2CC2)[C@@H]4C6)cc1,6.264129751038445
COc1ccc2c3c1O[C@@H]1[C@]34CC[N+](C)(CC3CC3)[C@H](C2)[C@]42CC[C@@]1(OC)[C@@H](COCc1ccoc1)C2,5.235749124561226
CO[C@]12CC[C@@]3(C[C@@H]1COCc1ccoc1)[C@H]1Cc4ccc(O)c5c4[C@@]3(CC[N+]1(C)CC1CC1)[C@H]2O5,7.326794718220955
CO[C@]12CC[C@@]3(C[C@@H]1COCc1ccsc1)[C@H]1Cc4ccc(O)c5c4[C@@]3(CC[N+]1(C)CC1CC1)[C@H]2O5,7.614572485194869
CO[C@]12CC[C@@]3(C[C@@H]1COCc1cccc(C)c1)[C@H]1Cc4ccc(O)c5c4[C@@]3(CC[N+]1(C)CC1CC1)[C@H]2O5,8.366531544420413
CO[C@]12CC[C@@]3(C[C@@H]1COCc1cccc(F)c1)[C@H]1Cc4ccc(O)c5c4[C@@]3(CC[N+]1(C)CC1CC1)[C@H]2O5,8.271646217978772
CO[C@]12CC[C@@]3(C[C@@H]1COCc1cccc(Cl)c1)[C@H]1Cc4ccc(O)c5c4[C@@]3(CC[N+]1(C)CC1CC1)[C@H]2O5,8.20342566678957
CN(C)C1(c2ccccc2)CCC2(CC1)SCCc1c2[nH]c2ccccc12,8.508638306165727
CN(C)C1(c2ccccc2)CCC2(CC1)NCCc1c2[nH]c2ccccc12,8.614393726401687
CC(=O)N1CCc2c([nH]c3ccccc23)C12CCC(c1ccccc1)(N(C)C)CC2,8.481486060122112
COc1ccc2[nH]c3c(c2c1)CCOC31CCC(c2ccccc2)(N(C)C)CC1,8.698970004336019
CC1Cc2c([nH]c3ccc(Br)cc23)C2(CCC(c3ccccc3)(N(C)C)CC2)O1,7.853871964321762
CC1Cc2c([nH]c3ccc([N+](=O)[O-])cc23)C2(CCC(c3ccccc3)(N(C)C)CC2)O1,7.801342913045577
CN(C)C1(c2ccc(F)cc2)CCC2(CC1)OCCc1c2[nH]c2ccccc12,8.142667503568731
CN(C)C1(c2cccc(F)c2)CCC2(CC1)OCCc1c2[nH]c2ccccc12,8.67778070526608
Cc1ccc2[nH]c3c(c2c1)CCOC31CCC(c2ccccc2)(N(C)C)CC1,8.568636235841012
Cc1ccc2[nH]c3c(c2c1)CCNC31CCC(c2ccccc2)(N(C)C)CC1,7.823908740944319
CN(C)C1(c2ccccc2)CCC2(CC1)NCCc1c2[nH]c2cc(F)ccc12,7.769551078621726
CC1Cc2c([nH]c3ccccc23)C2(CCC(c3ccccc3)(N(C)C)CC2)N1,9.30102999566398
CN(C)C1(c2ccccc2)CCC2(CC1)NCCc1c2[nH]c2ccc(F)cc12,9.154901959985745
CC1Cc2c([nH]c3ccc(F)cc23)C2(CCC(c3ccccc3)(N(C)C)CC2)O1,7.214670164989233
CN(C)C1(c2ccccc2)CCC2(CC1)OCCc1c2[nH]c2ccc(Br)cc12,7.721246399047171
CN(C)C1(c2ccccc2)CCC2(CC1)OCCc1c2[nH]c2ccc(O)cc12,8.958607314841775
COC(=O)C1Cc2c([nH]c3ccccc23)C2(CCC(c3ccccc3)(N(C)C)CC2)N1,8.638272163982407
CN(C)C1(c2ccccc2)CCC2(CC1)NC(CO)Cc1c2[nH]c2ccccc12,8.568636235841012
CNC1(c2ccccc2)CCC2(CC1)OCCc1c2[nH]c2ccc(F)cc12,8.167491087293763
CN(C)C1(Cc2ccccc2)CCC2(CC1)NCCc1c2[nH]c2ccccc12,9.221848749616356
NC(=O)c1ccc2c(c1O)[C@@]13CCCC[C@@]1(O)[C@@H](C2)N(CC1CCC1)CC3,9.55284196865778
C=C1CC[C@H]2[C@H]3Cc4ccc(C(N)=O)c(O)c4[C@@]2(CCN3CC2CCC2)C1,10.013228265733757
C[C@H]1[C@H]2Cc3ccc(C(N)=O)cc3[C@]1(C)CCN2CC1CCC1,9.721246399047171
CC1C2Cc3ccc(O)cc3[C@]1(C)CCN2CC(C)(C)O,8.337242168318426
CC1C2Cc3ccc(C(N)=O)cc3[C@]1(C)CCN2CC1(C)CC1,8.920818753952375
C[C@H]1[C@H]2Cc3ccc(C(=O)NCCc4ccc(-c5ccc(O)nc5)cc4)cc3[C@@]1(C)CCN2CC1CC1,9.167491087293763
O=C1CC[C@@]2(O)[C@H]3Cc4ccc(C(=O)NCCc5ccc(-c6cccnc6)cc5)c(O)c4[C@@]2(CCN3CC2CC2)C1,9.431798275933003
C[C@H](C1CC1)N1CC[C@]23CCCC[C@H]2[C@H]1Cc1ccc(C(N)=O)cc13,10.080921907623926
NC(=O)c1ccc2c(c1)[C@@]13CCCCC1[C@@H](C2)N(CC1CCC1)CC3,10.008773924307503
NC(=O)c1ccc2c(c1)[C@@]13CCCCC1[C@@H](C2)N(CC1CC1)CC3,10.0
C[C@H]1[C@H]2Cc3ccc(C(N)=O)cc3[C@@]1(C)CCN2C[C@H]1CCCO1,10.30102999566398
CO[C@@H]1C([C@](C)(O)C(C)(C)C)[C@H]2CC[C@@]13Oc1c(O)ccc4c1[C@@]31CCN(CC3CC3)[C@H](C4)C21,9.387216143280265
O=C(O)c1nc2ccccc2n(C2CC3CCC(C2)N3C2CC3CCCC(C3)C2)c1=O,5.417368560510363
COc1ccc2c3c1O[C@@H]1[C@]34CCN(CC3CC3)[C@H](C2)[C@]42CC[C@@]1(OC)[C@@H]([C@](O)(CC(O)CO)c1ccccc1)C2,7.302073555193495
COc1ccc2c3c1O[C@@H]1[C@]34CCN(CC3CC3)[C@H](C2)[C@]42CC[C@@]1(OC)[C@@H](C(NC(C)C(N)=O)c1ccccc1)C2,7.113227356945562
COc1ccc2c3c1O[C@@H]1[C@]34CCN(CC3CC3)[C@H](C2)[C@]42CC[C@@]1(OC)[C@@H](C(NC(C(=O)O)c1ccccc1)c1ccccc1)C2,6.555190394827025
CO[C@]12CC[C@@]3(C[C@@H]1COCc1ccccc1C)[C@H]1Cc4ccc(OCCO)c5c4[C@@]3(CCN1C)[C@H]2O5,8.380906669373257
CO[C@]12CC[C@@]3(C[C@@H]1COCc1ccccc1)[C@H]1Cc4ccc(N)c5c4[C@@]3(CCN1C)[C@H]2O5,8.688246138944246
C=Cc1ccc2c3c1O[C@@H]1[C@]34CCN(C)[C@H](C2)[C@]42CC[C@@]1(OC)[C@@H](COCc1ccccc1)C2,7.786216700664696
CO[C@]12CC[C@@]3(C[C@@H]1COCc1ccccc1)[C@H]1Cc4ccc(F)c5c4[C@@]3(CCN1C)[C@H]2O5,8.355561410532161
COc1ccc2c3c1O[C@@H]1[C@]34CCN(C)[C@H](C2)[C@]42CC[C@@]1(OC)[C@@H](CSc1nc3ccccc3s1)C2,6.827251161017257
COc1ccc2c3c1O[C@@H]1[C@]34CCN(CC3CC3)[C@H](C2)[C@]42CC[C@@]1(OC)[C@@H](CSc1nc3ccccc3s1)C2,7.301203748209569
COc1ccc2c3c1O[C@@H]1[C@]34CCN(CC3CC3)[C@H](C2)[C@]42CC[C@@]1(OC)[C@@H](CSc1nc(C)ns1)C2,6.9353174337714885
CO[C@]12CC[C@@]3(C[C@@H]1COc1ccc(-n4ccnc4)cc1)[C@H]1Cc4ccc(O)c5c4[C@@]3(CCN1CC1CC1)[C@H]2O5,9.031517051446064
COc1ccc2c3c1O[C@@H]1[C@]34CCN(C)[C@H](C2)[C@]42CC[C@@]1(OC)[C@@H](CSc1nncs1)C2,5.470291242267071
COc1ccc2c3c1O[C@@H]1[C@]34CCN(CC3CC3)[C@H](C2)[C@]42CC[C@@]1(OC)[C@@H](CSc1nncs1)C2,6.725195810365438
CO[C@]12CC[C@@]3(C[C@@H]1COCc1ccccc1)[C@H]1Cc4ccc(NS(C)(=O)=O)c5c4[C@@]3(CCN1C)[C@H]2O5,7.6831912479469775
CO[C@]12CC[C@@]3(C[C@@H]1COCc1ccccc1)[C@H]1Cc4ccc(NC(C)=O)c5c4[C@@]3(CCN1C)[C@H]2O5,6.876246331244158
COc1ccc2c3c1O[C@@H]1[C@]34CCN[C@H](C2)[C@]42CC[C@@]1(OC)[C@@H](COCc1ccccc1)C2,7.684029654543083
CO[C@]12CC[C@@]3(C[C@@H]1COCc1ccccc1)[C@H]1Cc4ccc(Br)c5c4[C@@]3(CCN1CC1CC1)[C@H]2O5,7.3075055924969154
CO[C@]12CC[C@@]3(C[C@@H]1COCc1ccccc1)[C@H]1Cc4ccc(C(N)=O)c5c4[C@@]3(CCN1C)[C@H]2O5,7.763210900590707
CO[C@]12CC[C@@]3(C[C@@H]1COCc1ccccc1)[C@H]1Cc4ccc(O)c5c4[C@@]3(CCN1)[C@H]2O5,8.876148359032914
CO[C@]12CC[C@@]3(C[C@@H]1COCc1ccccc1)[C@H]1Cc4ccc(C(=O)O)c5c4[C@@]3(CCN1C)[C@H]2O5,7.265760395564545
COc1ccc2c3c1O[C@@H]1[C@]34CCN(C)[C@H](C2)[C@]42CC[C@@]1(OC)[C@@H](COCc1c(C)noc1C)C2,6.516883622225646
CO[C@]12CC[C@@]3(C[C@@H]1COCc1cc4ccccc4s1)[C@H]1Cc4ccc(OCCO)c5c4[C@@]3(CCN1CC1CC1)[C@H]2O5,8.201349354554731
COc1ccc2c3c1O[C@@H]1[C@]34CCN(CC3CC3)[C@H](C2)[C@]42CC[C@@]1(OC)[C@@H](CNCc1ccccc1)C2,8.045275209020938
COc1ccc2c3c1O[C@@H]1[C@]34CCN(CC3CC3)[C@H](C2)[C@]42CC[C@@]1(OC)[C@@H](CN(Cc1ccccc1)C(C)=O)C2,7.928486194904911
COc1ccc2c3c1O[C@@H]1[C@]34CCN(CC3CC3)[C@H](C2)[C@]42CC[C@@]1(OC)[C@@H](C[S+](O)Cc1ccccc1)C2,7.85325198636936
COCCOCCOCCOc1ccc2c3c1O[C@@H]1[C@]34CCN(CC3CC3)[C@H](C2)[C@]42CC[C@@]1(OC)[C@@H](COCc1ccccc1)C2,8.172630726946174
COCCOCCOCCOc1ccc(COC[C@H]2C[C@@]34CC[C@]2(OC)[C@@H]2Oc5c(OC)ccc6c5[C@@]23CCN(CC2CC2)[C@@H]4C6)cc1,7.0562088010706985
COC(=O)COc1ccc(COC[C@H]2C[C@@]34CC[C@]2(OC)[C@@H]2Oc5c(OC)ccc6c5[C@@]23CCN(CC2CC2)[C@@H]4C6)cc1,7.720333055951545
COc1ccc2c3c1O[C@@H]1[C@]34CCN(CC3CC3)[C@H](C2)[C@]42CC[C@@]1(OC)[C@@H](COCc1ccc(OCC(=O)O)cc1)C2,6.263834651705105
COc1ccc2c3c1O[C@@H]1[C@]34CCN(CC3CC3)[C@H](C2)[C@]42CC[C@@]1(OC)[C@@H](CNCC(=O)O)C2,6.4571372427413625
COc1ccc2c3c1O[C@@H]1[C@]34CCN(CC3CC3)[C@H](C2)[C@]42CC[C@@]1(OC)[C@@H](COCC(N)=O)C2,6.67707813041691
COc1ccc2c3c1O[C@@H]1[C@]34CCN(CC3CC3)[C@H](C2)[C@]42CC[C@@]1(OC)[C@@H](COCc1ccc(CC(=O)O)cc1)C2,5.997721597983103
CO[C@]12CC[C@@]3(C[C@@H]1COCc1ccccc1)[C@H]1Cc4ccc(C(O)CO)c5c4[C@@]3(CCN1CC1CC1)[C@H]2O5,6.811071516239147
COc1ccc2c3c1O[C@@H]1[C@]34CCN(CC3CC3)[C@H](C2)[C@]42CC[C@@]1(OC)[C@@H](COCc1cccc(NC(N)=O)c1)C2,7.532687937019448
COc1ccc2c3c1O[C@@H]1[C@]34CCN(CC3CC3)[C@H](C2)[C@]42CC[C@@]1(OC)[C@@H](COC(=O)[C@@H](N)Cc1ccccc1)C2,7.844967771209029
COc1ccc2c3c1O[C@@H]1[C@]34CCN(CC3CC3)[C@H](C2)[C@]42CC[C@@]1(OC)[C@@H](COCc1cccc(NCC(=O)O)c1)C2,7.079511435341702
COc1ccc2c3c1O[C@H]1[C@@]4(c5ccccc5)CC[C@@]5(C[C@@H]4COCc4ccccc4)[C@@H](C2)N(CC2CC2)CC[C@]315,7.8830603534492445
COCCOCCOCCOCCOCCO[C@]12CC[C@@]3(C[C@@H]1COCc1ccccc1)[C@H]1Cc4ccc(OC)c5c4[C@@]3(CCN1CC1CC1)[C@H]2O5,7.824488186636552
COc1ccc2c3c1O[C@@H]1[C@]34CCN(CC3CC3)[C@H](C2)[C@]42CC[C@@]1(OC)[C@@H](COCc1ccc(Cc3nn[nH]n3)cc1)C2,5.750889733803499
CCCc1cc(COC[C@H]2C[C@@]34CC[C@]2(OC)[C@@H]2Oc5c(OC)ccc6c5[C@@]23CCN(C)[C@@H]4C6)on1,7.4943074925878
COc1ccc2c3c1O[C@@H]1[C@]34CCN(CCC(=O)O)[C@H](C2)[C@]42CC[C@@]1(OC)[C@@H](COCc1ccccc1)C2,6.070586183662608
COc1ccc2c3c1O[C@@H]1[C@]34CCN(CC(=O)O)[C@H](C2)[C@]42CC[C@@]1(OC)[C@@H](COCc1ccccc1)C2,6.505636660732692
CO[C@]12CC[C@@]3(C[C@@H]1COCc1ccccc1)[C@H]1Cc4ccc(OCC(=O)O)c5c4[C@@]3(CCN1CC1CC1)[C@H]2O5,6.786402563252641
CO[C@]12CC[C@@]3(C[C@@H]1COCc1ccccc1)[C@H]1Cc4ccc(OCc5nn[nH]n5)c5c4[C@@]3(CCN1CC1CC1)[C@H]2O5,7.69058277422186
CO[C@]12CC[C@@]3(C[C@@H]1COCc1ccccc1)[C@H]1Cc4ccc(OCC(N)=O)c5c4[C@@]3(CCN1CC1CC1)[C@H]2O5,8.060980223551333
CO[C@]12CC[C@@]3(C[C@@H]1COCc1ccccc1)[C@H]1Cc4ccc(CC(O)CO)c5c4[C@@]3(CCN1CC1CC1)[C@H]2O5,6.582976949578035
COc1ccc2c3c1O[C@@H]1[C@]34CCN(CC3CC3)[C@H](C2)[C@]42CC[C@@]1(OC)[C@@H](C(C)(C)OCc1ccccc1)C2,8.75448733218585
COc1ccc2c3c1O[C@@H]1[C@]34CCN(CC3CC3)[C@H](C2)[C@]42CC[C@@]1(OC)[C@@H](COCc1cccc(C(=N)N)c1)C2,7.446238301609996
COc1ccc2c3c1O[C@@H]1[C@]34CCN(CC3CC3)[C@H](C2)[C@]42CC[C@@]1(OC)[C@@H](CS(=O)(=O)Cc1ccccc1)C2,8.137272471682026
COc1ccc2c3c1O[C@@H]1[C@]34CCN(CC3CC3)[C@H](C2)[C@]42CC[C@@]1(OC)[C@@H](COCC(O)CO)C2,6.466761925939703
CO[C@]12CC[C@@]3(C[C@@H]1COCc1ccccc1)[C@H]1Cc4ccc(-c5nn[nH]n5)c5c4[C@@]3(CCN1CC1CC1)[C@H]2O5,6.469941246178539
CO[C@]12CC[C@@]3(C[C@@H]1COCc1ccccc1)[C@H]1Cc4ccc(C(=O)O)c5c4[C@@]3(CCN1CC1CC1)[C@H]2O5,5.957798701099942
CO[C@]12CC[C@@]3(C[C@@H]1COCc1ccccc1)[C@H]1Cc4ccc(C(N)=O)c5c4[C@@]3(CCN1CC1CC1)[C@H]2O5,9.468521082957745
COc1ccc2c3c1O[C@@H]1[C@]34CCN(CC3CC3)[C@H](C2)[C@]42CC[C@@]1(OC)[C@@H](COC(=O)[C@@H](N)CO)C2,6.441591460208925
CC[C@H](C)[C@H](N)C(=O)OC[C@H]1C[C@@]23CC[C@]1(OC)[C@@H]1Oc4c(OC)ccc5c4[C@@]12CCN(CC1CC1)[C@@H]3C5,8.266000713461613
COc1ccc2c3c1O[C@@H]1[C@]34CCN(CC3CC3)[C@H](C2)[C@]42CC[C@@]1(OC)[C@@H](COC(=O)[C@@H](N)CC(C)C)C2,8.116338564846382
CO[C@]12CC[C@@]3(C[C@@H]1COC(=O)[C@@H](N)Cc1ccccc1)[C@H]1Cc4ccc(O)c5c4[C@@]3(CCN1CC1CC1)[C@H]2O5,9.721246399047171
CC[C@H](C)[C@H](N)C(=O)OC[C@H]1C[C@@]23CC[C@]1(OC)[C@@H]1Oc4c(O)ccc5c4[C@@]12CCN(CC1CC1)[C@@H]3C5,9.82390874094432
CO[C@]12CC[C@@]3(C[C@@H]1COC(=O)[C@H](C)N)[C@H]1Cc4ccc(O)c5c4[C@@]3(CCN1CC1CC1)[C@H]2O5,8.853871964321762
CCOC(=O)CC[C@H]1[C@H](COCc2ccccc2)[C@]2(OC)CC[C@]13[C@H]1Cc4ccc(OC)c5c4[C@@]3(CCN1CC1CC1)[C@H]2O5,7.82131076022441
COc1ccc2c3c1O[C@@H]1[C@]34CCN(CC3CC3)[C@H](C2)[C@]42CC[C@@]1(OC)[C@@H](COCc1ccccc1)[C@@H]2CC#N,7.217957583379446
COc1ccc2c3c1O[C@@H]1[C@]34CCN(CC3CC3)[C@H](C2)[C@]42CC[C@@]1(OC)[C@@H](COCc1ccccc1)[C@@H]2CCC(=O)O,6.032957747039776
COc1ccc2c3c1O[C@@H]1[C@]34CCN(CC3CC3)[C@H](C2)[C@]42CC[C@@]1(O)[C@@H](COCc1ccccc1)C2,8.478861916295964
COc1ccc2c3c1O[C@@H]1[C@]34CCN(CC3CC3)[C@H](C2)[C@]42CC[C@@]1(OC)[C@@H](COCc1cccc(CC(=O)O)c1)C2,6.303006181956798
COCCOCCO[C@H]1CC[C@@]2(O)C3Cc4ccc(O)c5c4[C@@]2(CCN3C)[C@H]1O5,7.65816994307949
COCCOCCOCCO[C@H]1CC[C@@]2(O)C3Cc4ccc(O)c5c4[C@@]2(CCN3C)[C@H]1O5,7.295334814545471
COCCO[C@H]1CC[C@@]2(O)C3Cc4ccc(OC)c5c4[C@@]2(CCN3C)[C@H]1O5,6.184488662637236
COCCOCCO[C@H]1CC[C@@]2(O)C3Cc4ccc(OC)c5c4[C@@]2(CCN3C)[C@H]1O5,6.199447874994993
COCCOCCOCCO[C@H]1CC[C@@]2(O)C3Cc4ccc(OC)c5c4[C@@]2(CCN3C)[C@H]1O5,6.110591838347424
COCCO[C@H]1C=CC2C3Cc4ccc(OC)c5c4[C@@]2(CCN3C)C1O5,5.739568440160249
C[C@H]1C[C@H]2C[C@@H](C1)C[C@H](N1[C@H]3CCC[C@@H]1C[C@H](n1c(=O)c(N4CC[C@H]4C(=O)O)nc4ccccc41)C3)C2,7.31069114087638
CC12C[C@@H]3C[C@H]1C[C@H]2C[C@H](N1[C@H]2CCC[C@@H]1C[C@H](n1c(=O)c(N4CC(C(=O)O)C4)nc4ccccc41)C2)C3,7.266802734893431
C[C@H]1C[C@H]2C[C@@H](C1)C[C@H](N1[C@H]3CCC[C@@H]1C[C@H](n1c(=O)c(N4CC(CC(=O)O)C4)nc4ccccc41)C3)C2,7.36251027048749
CC1(C)[C@H]2CC[C@@H](CCN3[C@H]4CCC[C@@H]3C[C@H](n3c(=O)c(N5CC(C(=O)O)C5)nc5ccccc53)C4)[C@@H]1C2,6.128427064454121
O=C(O)[C@@H]1CCN1c1nc2ccccc2n([C@@H]2C[C@@H]3CC[C@H](C2)N3[C@H]2C[C@H]3CCCC[C@H](C3)C2)c1=O,6.586700235918748
O=C(O)CC1CN(c2nc3ccccc3n([C@@H]3C[C@@H]4CC[C@H](C3)N4[C@H]3C[C@H]4CCCC[C@H](C4)C3)c2=O)C1,6.306273051076353
CN(C)[C@@H]1CN(c2nc3ccccc3n([C@@H]3C[C@@H]4CCC[C@H](C3)N4[C@H]3C[C@H]4CCCC[C@H](C4)C3)c2=O)[C@@H]1C(=O)O,7.244125144327507
CC12C[C@@H]3C[C@H]1C[C@H]2C[C@H](N1[C@H]2CCC[C@@H]1C[C@H](n1c(=O)c(N4CCC[C@H]4C(=O)O)nc4ccccc41)C2)C3,7.0655015487564325
CC(C)(C)[C@@]1(C)OCO[C@]23CC[C@@]4(C[C@H]12)[C@H]1Cc2ccc(O)c5c2[C@@]4(CCN1CC1CC1)[C@H]3O5,9.346787486224656
CCC1O[C@](C)(C(C)(C)C)[C@H]2C[C@@]34CC[C@]2(O1)[C@@H]1Oc2c(O)ccc5c2[C@@]13CCN(CC1CC1)[C@@H]4C5,9.455931955649724
CCCC1O[C@](C)(C(C)(C)C)[C@H]2C[C@@]34CC[C@]2(O1)[C@@H]1Oc2c(O)ccc5c2[C@@]13CCN(CC1CC1)[C@@H]4C5,9.267606240177033
CC(C)(C)[C@@]1(C)OC(c2ccccc2)O[C@]23CC[C@@]4(C[C@H]12)[C@H]1Cc2ccc(O)c5c2[C@@]4(CCN1CC1CC1)[C@H]3O5,8.645891560852599
COc1ccc2c(c1)[C@]13CCN(CC4CC4)C[C@@]1(C2)Cc1cc(C(N)=O)c(=O)[nH]c1C3,4.807098173890435
NC(=O)c1cc2c([nH]c1=O)C[C@@]13CCN(CC4CC4)C[C@@]1(Cc1ccc(O)cc13)C2,6.113452876608895
O=C(O)C[C@H]1C[C@@]2(O)[C@H]3Cc4ccc(O)cc4[C@@]2(CCN3CC2CC2)CC1=O,8.209011524911185
COc1ccc2c(c1)[C@]13CCN(CC4CC4)[C@H](C2)[C@]1(O)C[C@H](CCO)C(=O)C3,6.228412519118745
COc1ccc2c(c1)[C@]13CCN(CC4CC4)[C@H](C2)[C@]1(O)C[C@H](CCOCc1ccccc1)C(=O)C3,6.652084813498309
COCC[C@H]1C[C@@]2(O)[C@H]3Cc4ccc(OC)cc4[C@@]2(CCN3CC2CC2)CC1=O,5.707965564005264
CN(C)C1(c2ccccc2)CCC(C(=N)c2cc3ccccc3n2C)(N2CCCC2)CC1,7.309803919971486
CNC1(c2ccccc2)CCC(c2ccccc2)(N(C)C)CC1,6.1938200260161125
CC(=O)NCC1(C)CCC(c2ccccc2)(N(C)C)CC1,6.853871964321762
CN(C)C1(c2ccccc2)CCC(C)(CNS(=O)(=O)c2ccc(Cl)cc2)CC1,8.903089986991944
CCCCC1(CNS(=O)(=O)c2ccc(Cl)cc2)CCC(c2ccccc2)(N(C)C)CC1,7.323306390375134
CNC1(c2ccccc2)CCC(Cc2ccccc2)(CN(C)C)CC1,5.954677021213342
CN(C)CC1(Cc2ccccc2)CCC(c2ccccc2)(N(C)C)CC1,6.667561540084395
Cc1c(C2(N(C)C)CCC(c3ccccc3)(N(C)C)CC2)[nH]c2ccccc12,6.3872161432802645
CN(C)CC1(c2ccccc2)CCC(c2ccccc2)(N(C)C)CC1,5.609948503541013
CNC1(c2ccccc2)CCC(c2cccs2)(N(C)C)CC1,6.255707016877324
CC(NC(=O)/C=C/c1ccccc1)C1CCC(c2cccc(F)c2)(N(C)C)CC1,6.8843894883257
CN(C)C1(c2cccc(F)c2)CCC(C)(CNS(=O)(=O)/C=C/c2ccccc2)CC1,8.13697470377053
CN(C)C1(c2ccccc2)CCC(c2ccccc2)(N(C)C(=O)C(c2ccccc2)c2ccccc2)CC1,7.744727494896693
CNC1(c2ccccc2)CCC(c2ccc(C(F)(F)F)cc2)(N(C)C)CC1,5.924453038607469
COc1ccc(C2(N(C)C)CCC(c3ccccc3)(N(C)C)CC2)cc1,6.177178354696896
CNc1nc(NC)nc(N(C)C2(c3ccccc3)CCC(c3ccccc3)(N(C)C)CC2)n1,5.976747540366288
CNc1nc(Oc2ccc(OC)cc2)nc(N(C)C2(c3ccccc3)CCC(c3ccccc3)(N(C)C)CC2)n1,6.130768280269024
CCCC(=O)OC1(c2[nH]c3ccccc3c2C)CCC(c2cccc(F)c2)(N(C)C)CC1,6.628932137728263
CN(C)C1(c2ccccc2)CCC(c2ccccc2)(N(C)C(=O)c2cccc(C(F)(F)F)c2)CC1,8.920818753952375
COc1ccc(Oc2nc(Oc3ccc(OC)cc3)nc(N(C)C3(c4ccccc4)CCC(c4ccccc4)(N(C)C)CC3)n2)cc1,5.619788758288394
CNC1(c2[nH]c3ccccc3c2C)CCC(c2cccc(F)c2)(N(C)C)CC1,6.809668301829708
Cc1c(C2(N3CCCCC3)CCC(c3ccccc3)(N(C)C)CC2)[nH]c2ccccc12,6.376750709602099
CN(C)C1(c2ccccc2)CCC(c2ccccc2)(N(C)Cc2cccc(F)c2)CC1,7.4089353929735005
CN(C)C1(c2ccccc2)CCC(c2ccccc2)(N(C)CCO)CC1,5.537602002101044
CN(C)c1nc(N(C)C)nc(N(C)C2(c3ccccc3)CCC(c3ccccc3)(N(C)C)CC2)n1,6.5934598195660445
CN(C)C1(c2ccccc2)CCC(c2ccccc2)(N(C)CCCCO)CC1,6.381951903287908
CN(C)C1(c2ccccc2)CCC(c2ccccc2)(N(C)C(=O)CCC(=O)O)CC1,5.044793462458058
Cc1c(C2(N3CCCC3)CCC(c3ccccc3)(N(C)C)CC2)[nH]c2ccc(F)cc12,5.801342913045577
Cc1ccc(C2(N(C)C)CCC(O)(c3ccccc3)CC2)cc1,8.522878745280337
Cc1ccc(C(=O)NCC2NCCc3ccccc32)cc1,8.1890957193313
CCc1ccc(C(=O)NCC2NCCc3ccccc32)cc1,8.332547047110046
O=C(NCC1NCCc2ccccc21)c1ccc(Cl)c(Cl)c1,7.265200170411153
CN1CCc2ccccc2C1CNC(=O)c1ccc(Cl)c(Cl)c1,8.160521952625801
O=C1/C(=C/c2ccccc2)C[C@@]2(O)[C@H]3Cc4ccc(O)c5c4[C@@]2(CCN3CCc2ccccc2)[C@H]1O5,7.251811972993799
CN1CC[C@]23c4c5ccc(O)c4O[C@H]2C(=O)/C(=C/c2ccccc2)C[C@@]3(O)[C@H]1C5,7.756961951313706
c1ccc(CCN(CCc2ccccc2)CC2CCC2)cc1,5.972650392225243
C[N+]1(CC2CC2)CC[C@]23c4c5ccc(O)c4O[C@H]2C(=O)CC[C@@]3(O)[C@H]1C5,8.100015437450608
CCCCCCCN1[C@@H]2CC[C@@H]1CC(c1cccc(O)c1)C2,7.995652827311462
Oc1cccc(C2C[C@H]3CC[C@H](C2)N3CCCOc2ccccc2)c1,8.787546038959723
NC(=O)c1cccc(C2C[C@H]3CC[C@H](C2)N3CCCOc2ccccc2)c1,8.487482364327796
CC(C)(C)c1ccc(CN2[C@@H]3CC[C@@H]2CC(c2cccc(C(N)=O)c2)C3)cc1,8.296708621881338
NC(=O)c1cccc(C2C[C@H]3CC[C@H](C2)N3CC(=O)C2CCCCC2)c1,8.096679355327568
Oc1cccc(C2C[C@H]3CC[C@H](C2)N3CC(O)Cc2ccccc2)c1,8.290255289016196
CCOc1ccc(Cc2nc3cc([N+](=O)[O-])ccc3n2CCN(CC)CC)cc1,9.69897000433602
CN1CC[C@]23c4c5ccc(O)c4O[C@H]2CCC[C@@]3(O)[C@H]1C5,8.782516055786093
CO[C@@]12CCC(=O)[C@@H]3Oc4c(O)ccc5c4[C@@]31CCN(C)[C@@H]2C5,9.494850021680094
CN1CC[C@]23c4c5ccc(O)c4O[C@H]2C(=O)CC[C@@]3(OCc2ccccc2)[C@H]1C5,9.346787486224656
CN1CC[C@]23c4c5ccc(O)c4O[C@H]2CCC[C@@]3(OCc2ccccc2)[C@H]1C5,10.318758762624412
O=C(c1ccccc1)N1C[C@H]2OC34CCC1C2C31CCN(CC2CC2)C4Cc2ccc(O)cc21,9.202732459169283
O=S(=O)(c1ccccc1)N1C[C@H]2OC34CCC1C2C31CCN(CC2CC2)C4Cc2ccc(O)cc21,9.511449283499555
Oc1ccc2c(c1)C13CCN(CC4CC4)C(C2)C12CCC1C3[C@@H](CN1Cc1ccccc1)O2,8.806875401645538
O=C(Oc1ccccc1)N1C[C@H]2CC34CCC1C2C31CCN(CC2CC2)C4Cc2ccc(O)cc21,9.083019952679615
O=C(Nc1ccccc1)N1C[C@H]2CC34CCC1C2C31CCN(CC2CC2)C4Cc2ccc(O)cc21,9.263603497723356
Oc1ccc2c(c1)C13CCN(CC4CC4)C(C2)C12CCC1C3[C@@H](CN1CC1CCCCC1)C2,8.602059991327963
O=C(c1ccccn1)N1C[C@H]2CC34CCC1C2C31CCN(CC2CC2)C4Cc2ccc(O)cc21,9.139063379299904
O=C(c1ccoc1)N1C[C@H]2CC34CCC1C2C31CCN(CC2CC2)C4Cc2ccc(O)cc21,9.341988603342887
O=C(c1ccccc1)N1C[C@H]2CC34CCC1C2C31CCN(CC2CC2)C4Cc2ccc(O)cc21,9.23807216157947
Oc1ccc2c(c1)C13CCN(CC4CC4)C(C2)C12CCC1C3[C@@H](CN1Cc1ccccc1)C2,8.46344155742847
Oc1ccc2c(c1)C13CCN(CC4CC4)C(C2)C12CCC1C3[C@@H](CN1c1cnccn1)C2,9.089909454405932
NC(=O)[C@@H]1CC(=O)NCCCC[C@@H](NC(=O)[C@@H](N)Cc2ccc(O)cc2)C(=O)N[C@@H](Cc2ccccc2)C(=O)N2CCC[C@H](C2)C(=O)N1,9.045757490560677
O=C1/C(=C/c2ccc(Br)cc2)C[C@@]2(O)[C@H]3Cc4ccc(O)c5c4[C@@]2(CCN3CC2CC2)[C@H]1O5,8.297569463554474
O=C1/C(=C/c2ccc(Cl)cc2)C[C@@]2(O)[C@H]3Cc4ccc(O)c5c4[C@@]2(CCN3CC2CC2)[C@H]1O5,8.212539525481585
CN(C)c1ccc(/C=C2\C[C@@]3(O)[C@H]4Cc5ccc(O)c6c5[C@@]3(CCN4CC3CC3)[C@@H](O6)C2=O)cc1,7.764471553092451
O=C1/C(=C/c2ccc(F)cc2)C[C@@]2(O)[C@H]3Cc4ccc(O)c5c4[C@@]2(CCN3CC2CC2)[C@H]1O5,7.679853713888946
O=C1/C(=C/c2cccc(F)c2)C[C@@]2(O)[C@H]3Cc4ccc(O)c5c4[C@@]2(CCN3CC2CC2)[C@H]1O5,7.97061622231479
N#Cc1ccc(/C=C2\C[C@@]3(O)[C@H]4Cc5ccc(O)c6c5[C@@]3(CCN4CC3CC3)[C@@H](O6)C2=O)cc1,7.485452247339714
O=C1/C(=C/c2ccc(C(F)(F)F)cc2)C[C@@]2(O)[C@H]3Cc4ccc(O)c5c4[C@@]2(CCN3CC2CC2)[C@H]1O5,6.716698771296451
COc1ccc2c3c1O[C@H]1C(=O)/C(=C/c4ccccc4)C[C@@]4(O)[C@@H](C2)N(CC2CC2)CC[C@]314,6.30189945437661
Cc1cc(C)cc(C2CCCN2Cc2ccc(Oc3ccc(C(N)=O)cc3)c(Cl)c2)c1,7.490797477668897
Cc1cc(C)cc(C2CCCN2Cc2ccc(Oc3ccc(C(N)=O)cc3)c(F)c2)c1,7.202040356262804
Cc1cc(C)cc(C2CCCN2Cc2ccc(Oc3ccc(C(N)=O)cc3F)c(Cl)c2)c1,6.657577319177793
N[C@@H](Cc1ccc(O)cc1)C(=O)N[C@@H]1CSSC[C@@H](NC(=O)[C@@H](N)Cc2ccc(O)cc2)C(=O)NCC(=O)N[C@@H](Cc2ccccc2)C(=O)N2CCN(CC2)C(=O)[C@H](Cc2ccccc2)NC(=O)CNC1=O,8.050292927760191
Cc1cc(O)cc(C)c1C[C@H](N)C(=O)N[C@@H]1CSSC[C@@H](NC(=O)[C@@H](N)Cc2c(C)cc(O)cc2C)C(=O)NCC(=O)N[C@@H](Cc2ccccc2)C(=O)N2CCN(CC2)C(=O)[C@H](Cc2ccccc2)NC(=O)CNC1=O,8.60101893334187
CC1(C)SSC(C)(C)[C@H](NC(=O)[C@@H](N)Cc2ccc(O)cc2)C(=O)NCC(=O)N[C@@H](Cc2ccccc2)C(=O)N2CCN(CC2)C(=O)[C@H](Cc2ccccc2)NC(=O)CNC(=O)[C@H]1NC(=O)[C@@H](N)Cc1ccc(O)cc1,8.538801711377507
N[C@@H](Cc1ccc(O)cc1)C(=O)N[C@@H]1CSSC[C@@H](NC(=O)[C@@H](N)Cc2ccc(O)cc2)C(=O)NCC(=O)N[C@@H](Cc2ccccc2)C(=O)NCCSSCCNC(=O)[C@H](Cc2ccccc2)NC(=O)CNC1=O,8.624885315307775
Cc1cc(O)cc(C)c1C[C@H](N)C(=O)N[C@@H]1CSSC[C@@H](NC(=O)[C@@H](N)Cc2c(C)cc(O)cc2C)C(=O)NCC(=O)N[C@@H](Cc2ccccc2)C(=O)NCCSSCCNC(=O)[C@H](Cc2ccccc2)NC(=O)CNC1=O,9.56928011213672
C[C@@H](NC(=O)[C@@H](N)Cc1ccc(O)cc1)C(=O)NCC(=O)N[C@@H](Cc1ccccc1)C(=O)NNC(=O)[C@H](Cc1ccccc1)NC(=O)CNC(=O)[C@@H](C)NC(=O)[C@@H](N)Cc1ccc(O)cc1,7.920818753952375
Nc1nc(Cl)cc(NC[C@@H](O)CN2CCc3ccccc3C2)n1,4.991399828238082
CN(C)[C@H](CNC(=O)Nc1ccc(C(N)=O)cc1)c1cccs1,6.320572103387881
O=C(NCCN1CCc2ccccc2C1)c1ccc(O)c(Cl)c1,5.889410289700751
CN(C)[C@H](CNC(=O)c1c[nH]nc1-c1ccccc1)c1cccs1,5.607303046740334
Cc1ccc2nc(CNCc3nnc4n3CCCCC4)[nH]c2c1C,5.060980223551334
C[C@H](c1ccco1)N(C)CC(=O)N1CCC(C(N)=O)CC1,5.1598939055432425
CN(C)[C@H](CNC(=O)C1CCN(C(N)=O)CC1)c1cccs1,5.614393726401688
NC(=O)[C@H](NC1CCN(Cc2ccccn2)CC1)c1ccc(F)cc1,4.34008379993015
NC(=O)c1ccc(N2CCCN(Cc3ccc(F)cc3)CC2)nc1,5.2441251443275085
NC(=O)[C@H](Cc1ccccc1)NC(=O)[C@@H](Cc1c[nH]c2ccccc12)N1C(=O)O[C@H](CNC(=O)[C@@H](N)Cc2ccc(O)cc2)C1=O,6.619788758288394
N[C@@H](Cc1ccc(O)cc1)C(=O)N1CCC[C@H]1C(=O)N[C@@H](Cc1c[nH]c2ccccc12)C(=O)N[C@@H](Cc1ccccc1)C(=O)O,9.443697499232712
COC(=O)N1CC[C@]23c4c5ccc(O)c4O[C@H]2[C@@H](O)[C@H](O)C(=O)[C@H]3[C@H]1C5,5.966576244513051
C[C@H]1[C@H]2Cc3ccc(O)cc3[C@@]1(C)CC[N+]2(C)CC1CC1,7.637706062035769
C=CC[N+]1(C)CC[C@]2(C)c3cc(O)ccc3C[C@@H]1[C@@H]2C,7.248336053739013
C[C@H]1[C@H]2Cc3ccc(O)cc3[C@@]1(C)CCN2C[C@@H]1C[C@@]1(CN1CCCCC1)c1ccccc1,7.346787486224656
COc1ccc2c3c1O[C@@H]1[C@]34CCN(CC3CC3)[C@H](C2)[C@]42CC[C@@]1(OC)[C@@](C)(CO)C2,7.518557371497695
COc1ccc2c3c1O[C@H]1[C@@]4(OC)CC[C@@]5(C[C@]4(C)OC(=O)c4ccccc4)[C@@H](C2)N(CC2CC2)CC[C@]315,7.131355561605174
COc1ccc2c3c1O[C@H]1[C@@]4(OC)CC[C@@]5(C[C@]4(C)OC(=O)c4ccc(C(F)(F)F)cc4)[C@@H](C2)N(CC2CC2)CC[C@]315,8.148741651280925
COc1ccc2c3c1O[C@@H]1[C@]34CCN(CC3CC3)[C@H](C2)[C@]42CC[C@@]1(OC)[C@@](C)(C=O)C2,7.30715308072277
COc1ccc2c3c1O[C@@H]1[C@]34CCN(CC3CC3)[C@H](C2)[C@]42CC[C@@]1(OC)[C@@](C)(C(O)c1ccccc1)C2,6.106293706935286
COc1cccc(C(O)[C@@]2(C)C[C@@]34CC[C@]2(OC)[C@@H]2Oc5c(OC)ccc6c5[C@@]23CCN(CC2CC2)[C@@H]4C6)c1,8.200659450546418
COc1ccc(C(O)[C@@]2(C)C[C@@]34CC[C@]2(OC)[C@@H]2Oc5c(OC)ccc6c5[C@@]23CCN(CC2CC2)[C@@H]4C6)cc1,9.397940008672036
COc1ccc2c3c1O[C@@H]1[C@]34CCN(CC3CC3)[C@H](C2)[C@]42CC[C@@]1(OC)[C@@](C)(C(O)c1ccc(-c3ccccc3)cc1)C2,7.769551078621726
COc1ccc2c3c1O[C@@H]1[C@]34CCN(CC3CC3)[C@H](C2)[C@]42CC[C@@]1(OC)[C@@](C)(C(=O)c1ccccc1)C2,6.517841304588724
COc1ccc(C(=O)[C@@]2(C)C[C@@]34CC[C@]2(OC)[C@@H]2Oc5c(OC)ccc6c5[C@@]23CCN(CC2CC2)[C@@H]4C6)cc1,7.405607449624573
COc1ccc2c3c1O[C@@H]1[C@]34CCN(CC3CC3)[C@H](C2)[C@]42CC[C@@]1(OC)[C@@](C)(C(=O)c1ccc(-c3ccccc3)cc1)C2,6.3141687253739365
COc1ccc2c3c1O[C@@H]1[C@]34CCN(CC3CC3)[C@H](C2)[C@]42CC[C@@]1(OC)[C@@](C)(C(=O)c1ccc(C(F)(F)F)cc1)C2,7.090979145788844
OC1(c2ccc(Cl)c(C(F)(F)F)c2)CCN(CCCC=C(c2ccc(F)cc2)c2ccc(F)cc2)CC1,6.484126156288321
OC1(c2ccc(Cl)c(C(F)(F)F)c2)CCN(CCCCCc2ccc(F)cc2)CC1,6.27083521030723
COc1ccc(N(CCCCN2CCC(O)(c3ccc(Cl)c(C(F)(F)F)c3)CC2)c2ccc(OC)cc2)cc1,5.083388154890654
Cc1cc(O)cc(C)c1C[C@H](N)C(=O)N[C@H](CCCNC(=N)N)C(=O)N[C@@H](Cc1ccccc1)C(=O)N[C@@H](Cc1ccccc1)C(N)=O,10.431798275933003
Cc1cc(O)cc(C)c1C[C@H](N)C(=O)N[C@H](CCCNC(=N)N)C(=O)N[C@@H](Cc1ccccc1)C(=O)N[C@@H](Cc1ccccc1)C(=O)N[C@@H](CCC(N)=O)C(=O)N[C@@H](Cc1ccccc1)C(=O)N[C@@H](CCC(N)=O)C(=O)N[C@@H](Cc1ccccc1)C(=O)N[C@@H](CCCCN)C(N)=O,8.124360062995832
Cc1cc(O)cc(C)c1C[C@H](N)C(=O)N[C@H](CCCNC(=N)N)C(=O)N[C@@H](Cc1ccccc1)C(=O)N[C@@H](Cc1ccccc1)C(=O)N[C@@H](CCC(N)=O)C(=O)N[C@H](CC(=O)N[C@@H](Cc1ccccc1)C(=O)N[C@@H](CCC(N)=O)C(=O)N[C@@H](Cc1ccccc1)C(=O)N[C@@H](CCCCN)C(N)=O)Cc1ccccc1,8.301029995663981
Cc1cc(O)cc(C)c1C[C@H](N)C(=O)N[C@H](CCCCN)C(=O)N[C@@H](Cc1ccccc1)C(=O)N[C@@H](Cc1ccccc1)C(=O)N[C@@H](CCC(=O)O)C(=O)N[C@@H](Cc1ccccc1)C(=O)N[C@@H](CCC(N)=O)C(=O)N[C@@H](Cc1ccccc1)C(=O)N[C@@H](CCCCN)C(N)=O,8.301029995663981
Cc1cc(O)cc(C)c1C[C@H](N)C(=O)N[C@H](CCCCN)C(=O)N[C@@H](Cc1ccccc1)C(=O)N[C@@H](Cc1ccccc1)C(=O)N[C@@H](CCC(N)=O)C(=O)N[C@@H](Cc1ccccc1)C(=O)N[C@@H](CCC(N)=O)C(=O)N[C@@H](Cc1ccccc1)C(=O)N[C@@H](CCCCN)C(N)=O,8.301029995663981
Cc1cc(O)cc(C)c1C[C@H](N)C(=O)N[C@H](CCCNC(=N)N)C(=O)N[C@H]1Cc2ccccc2CN(CCC(=O)N[C@@H](Cc2ccccc2)C(=O)N[C@@H](CCC(N)=O)C(=O)N[C@@H](Cc2ccccc2)C(=O)N[C@@H](CCC(N)=O)C(=O)N[C@@H](Cc2ccccc2)C(=O)N[C@@H](CCCCN)C(N)=O)C1=O,8.301029995663981
Cc1cc(O)cc(C)c1C[C@H](N)C(=O)N1CCC[C@H]1C(=O)N[C@@H](Cc1ccccc1)C(=O)N[C@@H](Cc1ccccc1)C(=O)N[C@@H](CCC(=O)O)C(=O)N[C@@H](Cc1ccccc1)C(=O)N[C@@H](CCC(N)=O)C(=O)N[C@@H](Cc1ccccc1)C(=O)N[C@@H](CCCCN)C(N)=O,8.301029995663981
CC[C@H]1c2cc(OC)ccc2CC[C@@]1(C)N,5.700000503883016
O=C(O)c1ccc2c3c([nH]c2c1)[C@@H]1Oc2c(O)ccc4c2[C@@]12CCN(CC1CC1)[C@H](C4)[C@]2(O)C3,7.744727494896693
CC(=O)C1=C(O)[C@@H]2Oc3c(O)ccc4c3[C@@]23CCN(CC2CC2)[C@H](C4)[C@]3(O)C1,9.022276394711152
CCC(=O)C1=C(O)[C@@H]2Oc3c(O)ccc4c3[C@@]23CCN(CC2CC2)[C@H](C4)[C@]3(O)C1,8.853871964321762
Cc1nc(N)nc2c1C[C@@]1(O)[C@H]3Cc4ccc(O)c5c4[C@@]1(CCN3CC1CC1)[C@H]2O5,8.065501548756432
CC(C)NC(=O)C1=C(O)[C@@H]2Oc3c(O)ccc4c3[C@@]23CCN(CC2CC2)[C@H](C4)[C@]3(O)C1,8.468521082957745
O=C(NCc1ccccc1)C1=C(O)[C@@H]2Oc3c(O)ccc4c3[C@@]23CCN(CC2CC2)[C@H](C4)[C@]3(O)C1,8.958607314841775
C[C@H](CO)NC(=O)C1=C(O)[C@@H]2Oc3c(O)ccc4c3[C@@]23CCN(CC2CC2)[C@H](C4)[C@]3(O)C1,7.712198270069774
Cc1noc(C(C)(C)NC(=O)C2=C(O)[C@@H]3Oc4c(O)ccc5c4[C@@]34CCN(CC3CC3)[C@H](C5)[C@]4(O)C2)n1,8.136677139879543
O=C(Nc1ccccn1)C1=C(O)[C@@H]2Oc3c(O)ccc4c3[C@@]23CCN(CC2CC2)[C@H](C4)[C@]3(O)C1,8.008773924307505
O=C(Nc1ccc2cc[nH]c2c1)C1=C(O)[C@@H]2Oc3c(O)ccc4c3[C@@]23CCN(CC2CC2)[C@H](C4)[C@]3(O)C1,8.619788758288394
COc1ccccc1N1CCN(CCCNC(=O)NN(Cc2ccccc2)c2ccccc2)CC1,5.698970004336019
COc1ccccc1N1CCN(CCCNC(=O)NN(Cc2ccc(F)cc2)c2ccccc2)CC1,5.638272163982407
CN1/C(=C/C=C/C2=[N+](CCCCCC(=O)NCCCNC(=N)Nc3ccc4[nH]c5c(c4c3)C[C@@]3(O)[C@H]4Cc6ccc(O)c7c6[C@@]3(CCN4CC3CC3)[C@H]5O7)c3ccc(S(=O)(=O)O)cc3C2(C)C)C(C)(C)c2cc(S(=O)(=O)O)ccc21,6.42021640338319
CN1/C(=C/C=C/C=C/C2=[N+](CCCCCC(=O)NCC(=O)NCC(=O)NCCCNC(=N)Nc3ccc4[nH]c5c(c4c3)C[C@@]3(O)[C@H]4Cc6ccc(O)c7c6[C@@]3(CCN4CC3CC3)[C@H]5O7)c3ccc(S(=O)(=O)O)cc3C2(C)C)C(C)(C)c2cc(S(=O)(=O)O)ccc21,7.0
CN1/C(=C/C=C/C=C/C2=[N+](CCCCCC(=O)NCC(=O)NCC(=O)NCC(=O)NCC(=O)NCCCNC(=N)Nc3ccc4[nH]c5c(c4c3)C[C@@]3(O)[C@H]4Cc6ccc(O)c7c6[C@@]3(CCN4CC3CC3)[C@H]5O7)c3ccc(S(=O)(=O)O)cc3C2(C)C)C(C)(C)c2cc(S(=O)(=O)O)ccc21,6.876148359032914
O=C1COC2(CCN(Cc3ccccc3)CC2)CN1c1ccccc1,6.272458742971444
O=C1COC2(CCN(CCc3ccccc3)CC2)CN1c1ccccc1,6.359518563029578
O=C1OC2(CCN(CCc3ccccc3)CC2)CN1c1ccccc1,6.396855627379818
COCC1OC2(CCN(CCc3ccccc3)CC2)CN(c2ccccc2)C1=O,7.886056647693163
O=C1C(COCc2ccccc2)OC2(CCN(CCc3ccccc3)CC2)CN1c1ccccc1,7.397940008672037
CN(C)C(=O)CC1OC2(CCN(CCc3ccccc3)CC2)CN(c2ccccc2)C1=O,6.196542884351586
O=C1N(c2ccccc2)CC2(CCN(CCc3ccccc3)CC2)OC12CC2,7.823908740944319
CC1OC2(CCN(CCc3ccccc3)CC2)CN(c2ccccc2Cl)C1=O,8.522878745280337
CC1OC2(CCN(CCc3ccccc3)CC2)CN(c2ccccc2F)C1=O,8.096910013008056
COc1ccccc1N1CC2(CCN(CCc3ccccc3)CC2)OC(C)C1=O,7.244125144327507
CC1OC2(CCN(CCc3ccccc3)CC2)CN(c2cccc(O)c2)C1=O,6.138465589140962
CC1OC2(CCN(CCc3ccccc3)CC2)CN(c2ccc(O)cc2)C1=O,6.217527375833714
CC1OC2(CCN(CCc3ccccc3)CC2)CN(c2ccccn2)C1=O,6.031517051446065
CC1OC2(CCN(CCc3ccccc3)CC2)CN(c2cccc(C(F)(F)F)n2)C1=O,7.045757490560675
CC1OC2(CCN(CCc3ccccc3)CC2)CN(c2ncccc2C(F)(F)F)C1=O,6.581698708680254
CC1OC2(CCN(CCc3ccccc3)CC2)CN(c2cncc(F)c2)C1=O,6.690369832574102
CC1OC2(CCN(CCc3ccccc3)CC2)CN(c2cccnc2C(F)(F)F)C1=O,6.910094888560602
CC1OC2(CCN(CCc3ccccc3)CC2)CN(c2cncc(C(F)(F)F)c2)C1=O,6.583359492661719
CC(=O)Nc1ccccc1CCN1CCC2(CC1)CN(c1ccccc1)C(=O)C(C)O2,6.721246399047171
CC1OC2(CCN(CCc3ccccn3)CC2)CN(c2ccccc2)C1=O,7.045757490560675
CC1OC2(CCN(CCc3ccncc3)CC2)CN(c2ccccc2)C1=O,6.287350298372789
CC1OC2(CCN(CCc3ccccn3)CC2)CN(c2cnccc2C(F)(F)F)C1=O,6.896196279044043
C[C@H]1OC2(CCN(CCc3ccccc3F)CC2)CN(c2cnccc2C(F)(F)F)C1=O,7.958607314841775
O=C1N(c2cccnc2C(F)(F)F)CC2(CCN(CCc3ccccc3F)CC2)OC12CC2,6.756961951313706
CC(C)[C@H]1CC[C@@H](N2CCC(N3CCc4ccccc43)CC2)CC1,6.218963061378868
CC(C)[C@H]1CC[C@@H](N2CCC(n3ccc4ccccc43)CC2)CC1,6.424812155072339
CC(C)[C@H]1CC[C@@H](N2CCC(n3cc(CN)c4ccccc43)CC2)CC1,8.619788758288394
CC(C)[C@H]1CC[C@@H](N2CCC(n3cc(CN4CCC(N)CC4)c4ccccc43)CC2)CC1,5.883392256011752
CC(C)[C@H]1CC[C@@H](N2CCC(n3cc(CNCCO)c4ccccc43)CC2)CC1,6.011887159731648
CC(C)[C@H]1CC[C@@H](N2CCC(n3cc(CNC(N)=S)c4ccccc43)CC2)CC1,7.146910470148135
CC(C)[C@H]1CC[C@@H](N2CCC(n3cc(CCNC(N)=S)c4ccccc43)CC2)CC1,6.6439741428068775
CC(C)[C@H]1CC[C@@H](N2CCC(n3cc(CNC(=O)[C@@H](N)CCCNC(=N)N)c4ccccc43)CC2)CC1,6.0670191780768015
CC(C)[C@H]1CC[C@@H](N2CCC(n3cc(CNC(=O)CCCCCN)c4ccccc43)CC2)CC1,6.022733787572707
CCNCC(=O)NCc1cn(C2CCN([C@H]3CC[C@@H](C(C)C)CC3)CC2)c2ccccc12,6.570247719997592
CC(C)[C@H]1CC[C@@H](N2CCC(n3cc(C(N)=O)c4ccccc43)CC2)CC1,6.343901797987168
CC(Cc1ccsc1)NC(=O)NCC(Cc1ccccc1)N(C)C,7.376750709602099
CC[C@@H]1CN2CCc3c([nH]c4cccc(O)c34)[C@@H]2C[C@@H]1/C(=C\OC)C(=O)OC,6.978810700930062
CC[C@@H]1CN2CC[C@@]3(O)C(=Nc4cccc(OC)c43)[C@@H]2C[C@@H]1/C(=C\OC)C(=O)OC,8.145086977692145
Cc1cc(Oc2nccc3occc23)ccc1-c1c(C)ncc2nccn12,5.086186147616283
Cc1ncc2nccn2c1-c1ccc(Oc2nccc3occc23)cc1C(F)(F)F,5.026872146400302
FC(F)(F)c1cc(Oc2nccc3ccsc23)ccc1-c1cccc2nccn12,5.6777807052660805
Cc1cc(O)c(Cl)c(C)c1C[C@H](N)C(=O)N1CCC[C@H]1C(=O)N[C@@H](Cc1ccccc1)C(=O)N[C@@H](Cc1ccccc1)C(N)=O,9.585026652029182
COc1cc(C[C@H](N)C(=O)N2CCC[C@H]2C(=O)N[C@@H](Cc2ccccc2)C(=O)N[C@@H](Cc2ccccc2)C(N)=O)cc(OC)c1O,8.358525889495901
CCCN(CC[C@]1(O)C[C@H](NC(=O)c2ccc3ccccc3c2)C1)[C@H]1CCc2nc(N)sc2C1,6.127843727251707
CC(C(=O)NCc1ccc(C(F)(F)F)cc1N1CCC(Cc2ccccc2)(N(C)C)CC1)c1ccc(NS(C)(=O)=O)c(F)c1,6.368556230986828
CN(C)C1(Cc2ccccc2)CCN(c2cc(C(F)(F)F)ccc2CNC(=O)Nc2ccc(CNS(N)(=O)=O)c(F)c2)CC1,7.140261433802853
CN(C)C1(Cc2ccccc2)CCN(c2cc(C(F)(F)F)ccc2CNC(=O)Nc2ccc(CO)c(F)c2)CC1,6.619788758288394
CN(C)C1(Cc2ccccc2)CCN(c2cc(C(F)(F)F)ccc2CNC(=O)Nc2cccc3ccc(O)cc23)CC1,6.863279432843593
CN(C)C1(Cc2ccccc2)CCN(c2cc(C(F)(F)F)ccc2CNC(=O)Nc2ccc3c(c2)OCC3)CC1,6.647817481888637
CN(C)C1(Cc2ccccc2)CCN(c2cc(C(F)(F)F)ccc2CNC(=O)Nc2cccc3c(=O)[nH]ccc23)CC1,6.978810700930062
CN(C)C1(Cc2ccccc2)CCN(c2cc(C(F)(F)F)ccc2CNC(=O)Nc2ccc3cccnc3c2)CC1,6.779891911959945
CN(C)C1(Cc2ccccc2)CCN(c2cc(C(F)(F)F)ccc2CNC(=O)Nc2ccc3ccncc3c2)CC1,6.752026733638194
CN(C)C1(Cc2ccccc2)CCN(c2cc(C(F)(F)F)ccc2CNC(=O)Nc2ccc3cnccc3c2)CC1,7.769551078621726
CN(C)C1(Cc2ccccc2)CCN(c2cc(C(F)(F)F)ccc2CNC(=O)Nc2cccc3ccncc23)CC1,6.688246138944246
CN(C)C1(Cc2ccccc2)CCN(c2cc(C(F)(F)F)ccc2CNC(=O)Nc2cccc3cnccc23)CC1,6.294992040666664
CN(C)C1(Cc2ccccc2)CCN(c2cc(C(F)(F)F)ccc2CNC(=O)Nc2cccc3ncccc23)CC1,7.5376020021010435
C=C(C(N)=O)C(NC(=O)[C@H](Cc1ccccc1)NC(=O)[C@@H](C)N(C)C(=O)C(N)Cc1c(C)cc(O)cc1C)c1ccco1,10.962573502059376
CN(C)[C@H](CNC(=O)Nc1cccnc1Cl)Cc1ccccc1,8.602059991327963
CCC(CC)CN(CCCCCCN1[C@H]2CC[C@@H]1C[C@H](c1cccc(C(N)=O)c1)C2)C(=O)CO,9.0
CCC(CC)CN(CCCCCN1[C@H]2CC[C@@H]1C[C@H](c1cccc(C(N)=O)c1)C2)C(=O)CO,9.199970640755865
CCC(CC)CN(CCCCN1[C@H]2CC[C@@H]1C[C@H](c1cccc(C(N)=O)c1)C2)C(=O)CO,9.199970640755865
CCC(CC)CN(CCCN1[C@H]2CC[C@@H]1C[C@H](c1cccc(C(N)=O)c1)C2)C(=O)CO,10.0
CCC(CC)CN(CCN1[C@H]2CC[C@@H]1C[C@H](c1cccc(C(N)=O)c1)C2)C(=O)CO,9.79997073344623
NC(=O)c1cccc([C@@H]2C[C@@H]3CC[C@H](C2)N3CCN(CC2CCOCC2)C(=O)CO)c1,7.899974269892137
NC(=O)c1cccc([C@@H]2C[C@@H]3CC[C@H](C2)N3CCN(CC2CCC2)C(=O)CO)c1,8.79997073344623
NC(=O)c1cccc([C@@H]2C[C@@H]3CC[C@H](C2)N3CCN(CC2CCCC2)C(=O)CO)c1,9.599980364934842
NC(=O)c1cccc([C@@H]2C[C@@H]3CC[C@H](C2)N3CCN(CC2CCCCC2)C(=O)Cc2nnn[nH]2)c1,9.4000078224159
CN(C)S(=O)(=O)N(CCN1[C@H]2CC[C@@H]1C[C@H](c1cccc(C(N)=O)c1)C2)CC1CCCCC1,9.700057099977233
CC(C)(C)C(=O)N(CCN1[C@H]2CC[C@@H]1C[C@H](c1cccc(C(N)=O)c1)C2)CC1CCCCC1,9.899974269892136
CC(=O)N(CCN1[C@H]2CC[C@@H]1C[C@H](c1cccc(C(N)=O)c1)C2)CC1CCCCC1,10.0
NC(=O)c1cccc([C@@H]2C[C@@H]3CC[C@H](C2)N3CCNCC2CCCCC2)c1,9.599980364934842
C[C@H]1CN(CCC(=O)O)CC[C@@]1(C)c1cccc(O)c1,6.199998172182031
C[C@H]1CN(C[C@H](Cc2ccccc2)C(=O)O)CC[C@@]1(C)c1cccc(O)c1,9.500038134403807
C[C@H]1CN(C[C@H](Cc2ccccc2)C(=O)NCC(=O)O)CC[C@H]1c1cccc(O)c1,9.500038134403807
Cc1cccc(C)c1N1C(=O)CNC2(CCN(C)CC2)C1=O,5.0
OC1(c2ncccn2)CC2CCC(C1)N2C(c1ccccc1Cl)c1ccccc1Cl,6.012333735073725
CNC(=O)Cn1c(=O)n(C2CCN([C@H]3Cc4cccc5cccc3c45)CC2)c2ccccc21,7.455931955649724
Cc1cccc2c1CC[C@H](CN1CCC(c3c(Cl)cccc3Cl)CC1)C[C@@H]2O,7.236572006437063
C[C@H]1[C@H]2Cc3ccc(O)cc3[C@]1(C)CCN2CCC(=O)NC(c1ccccc1)c1ccccc1,7.075720713938118
COc1ccsc1CNCC[C@@]1(c2ccccn2)CCC2(CCCC2)OC1,8.221848749616356
CC(=O)N1CCC2(CCC(Cc3ccccc3)(N(C)C)CC2)C1,5.798602875679548
CCCCN1CCC2(CCC(c3cccs3)(N(C)C)CC2)C1,8.55284196865778
CN(C)C1(c2cccs2)CCC2(CCN(CC3CCCC3)C2)CC1,8.943095148663527
CCCC(=O)N1CCC2(CCC(c3sccc3C)(N(C)C)CC2)C1,8.119186407719209
Cc1ccsc1C1(N(C)C)CCC2(CCN(C(=O)CC(C)C)C2)CC1,8.318758762624412
CN(C)C1(c2ccccc2)CCC2(CCN(C(=O)CC3(C#N)CCC3)C2)CC1,9.0
CCCCN1CCC2(CCC(c3cccs3)(N(C)C)CC2)C1=O,6.769551078621726
CCCCN1CCC2(CCC(Cc3ccccc3)(N(C)C)CC2)C1=O,6.638272163982407
CN(C)C1(c2ccccc2)CCC2(CC1)CC(=O)N(CCC1(C#N)CCC1)C2,8.920818753952375
CN(C)C1(c2ccccc2)CCC2(CCN(CCC3(C#N)CCC3)C2)CC1,8.455931955649724
COc1ccc(C2CCCN2Cc2ccc(Oc3ccc(C(=O)NO)cc3)cc2)cc1,5.636200054520891
COc1cccc(C2CCCN2Cc2ccc(Oc3ccc(C(=O)NO)cc3F)cc2)c1,5.322119418488409
O=C(Cc1ccccc1)N1CC[C@]23c4c5ccc(O)c4O[C@H]2c2[nH]c4ccccc4c2C[C@@]3(O)[C@H]1C5,5.06208109735222
O=C(CCc1ccccc1)N1CC[C@]23c4c5ccc(O)c4O[C@H]2c2[nH]c4ccccc4c2C[C@@]3(O)[C@H]1C5,5.458046525541763
O=C(CCc1ccccc1)N1CC[C@]23Cc4nc5ccccc5cc4C[C@@]2(O)[C@H]1Cc1ccc(O)cc13,5.746661994673894
Oc1ccc2c3c1O[C@H]1c4ncc(-c5ccccc5C5CC5)cc4C[C@@]4(OCCCc5ccccc5)[C@@H](C2)N(CC2CC2)CC[C@]314,6.8696662315049934
Cc1ccc(-c2cnc3c(c2)C[C@@]2(OCCCc4ccccc4)[C@H]4Cc5ccc(O)c6c5[C@@]2(CCN4CC2CC2)[C@H]3O6)cc1,6.718966632752273
Cc1cccc(-c2cnc3c(c2)C[C@@]2(OCCCc4ccccc4)[C@H]4Cc5ccc(O)c6c5[C@@]2(CCN4CC2CC2)[C@H]3O6)c1,7.61261017366127
Cc1ccccc1-c1cnc2c(c1)C[C@@]1(OCCCc3ccccc3)[C@H]3Cc4ccc(O)c5c4[C@@]1(CCN3CC1CC1)[C@H]2O5,6.628932137728263
Oc1ccc2c3c1O[C@H]1c4ncc(-c5ccc(F)cc5F)cc4C[C@@]4(OCCCc5ccccc5)[C@@H](C2)N(CC2CC2)CC[C@]314,6.767003889607846
Oc1ccc2c3c1O[C@H]1c4ncc(-c5ccc(Br)cc5)cc4C[C@@]4(OCCCc5ccccc5)[C@@H](C2)N(CC2CC2)CC[C@]314,6.860120913598763
Oc1ccc2c3c1O[C@H]1c4ncc(-c5ccccc5)cc4C[C@@]4(OCCCc5ccccc5)[C@@H](C2)N(CC2CC2)CC[C@]314,7.636388020107856
Cc1cccc(C)c1-c1cnc2c(c1)C[C@@]1(OCCCc3ccccc3)[C@H]3Cc4ccc(O)c5c4[C@@]1(CCN3CC1CC1)[C@H]2O5,6.603800652904264
COc1ccc(-c2cnc3c(c2)C[C@@]2(OCCCc4ccccc4)[C@H]4Cc5ccc(O)c6c5[C@@]2(CCN4CC2CC2)[C@H]3O6)cc1,6.8297382846050425
CN(C)c1ccccc1-c1cnc2c(c1)C[C@@]1(OCCCc3ccccc3)[C@H]3Cc4ccc(O)c5c4[C@@]1(CCN3CC1CC1)[C@H]2O5,8.15676722190199
CN(C)c1cccc(-c2cnc3c(c2)C[C@@]2(OCCCc4ccccc4)[C@H]4Cc5ccc(O)c6c5[C@@]2(CCN4CC2CC2)[C@H]3O6)c1,7.801342913045577
CN(C)c1ccc(-c2cnc3c(c2)C[C@@]2(OCCCc4ccccc4)[C@H]4Cc5ccc(O)c6c5[C@@]2(CCN4CC2CC2)[C@H]3O6)cc1,8.327902142064282
NC(=O)Nc1ccccc1-c1cnc2c(c1)C[C@@]1(OCCCc3ccccc3)[C@H]3Cc4ccc(O)c5c4[C@@]1(CCN3CC1CC1)[C@H]2O5,6.85078088734462
CC(=O)Nc1ccc(-c2cnc3c(c2)C[C@@]2(OCCCc4ccccc4)[C@H]4Cc5ccc(O)c6c5[C@@]2(CCN4CC2CC2)[C@H]3O6)cc1,6.798602875679548
Oc1ccc2c3c1O[C@H]1c4ncc(-n5cccc5)cc4C[C@@]4(OCCCc5ccccc5)[C@@H](C2)N(CC2CC2)CC[C@]314,7.832682665251823
Oc1ccc2c3c1O[C@H]1c4ncc(-c5cccnc5)cc4C[C@@]4(OCCCc5ccccc5)[C@@H](C2)N(CC2CC2)CC[C@]314,7.082494490447453
Oc1ccc2c3c1O[C@H]1c4ncc(-c5ccncc5)cc4C[C@@]4(OCCCc5ccccc5)[C@@H](C2)N(CC2CC2)CC[C@]314,7.326979092871103
COc1cc(-c2cnc3c(c2)C[C@@]2(OCCCc4ccccc4)[C@H]4Cc5ccc(O)c6c5[C@@]2(CCN4CC2CC2)[C@H]3O6)ccn1,7.97061622231479
Oc1ccc2c3c1O[C@H]1c4ncc(-c5ccncn5)cc4C[C@@]4(OCCCc5ccccc5)[C@@H](C2)N(CC2CC2)CC[C@]314,7.1791420105603
Oc1ccc2c3c1O[C@H]1c4ncc(-c5cncnc5)cc4C[C@@]4(OCCCc5ccccc5)[C@@H](C2)N(CC2CC2)CC[C@]314,7.319664486585437
Oc1ccc2c3c1O[C@H]1c4ncc(-c5cn[nH]c5)cc4C[C@@]4(OCCCc5ccccc5)[C@@H](C2)N(CC2CC2)CC[C@]314,6.91721462968355
Oc1ccc2c3c1O[C@H]1c4ncc(-c5ccc(Cl)cc5)cc4C[C@@]4(OCCCc5ccncc5)[C@@H](C2)N(CC2CC2)CC[C@]314,8.270025714300445
Oc1ccc2c3c1O[C@H]1c4ncc(-c5ccc(Cl)cc5)cc4C[C@@]4(OCc5ccc6ccccc6n5)[C@@H](C2)N(CC2CC2)CC[C@]314,6.097453220686009
Oc1ccc2c3c1O[C@H]1c4ncc(-c5ccccc5)cc4C[C@@]4(OCCCc5ccccn5)[C@@H](C2)N(CC2CC2)CC[C@]314,8.402304814074487
Oc1ccc2c3c1O[C@H]1c4ncc(-c5ccccc5)cc4C[C@@]4(OCCCc5ccncc5)[C@@H](C2)N(CC2CC2)CC[C@]314,8.41793663708829
Oc1ccc2c3c1O[C@H]1c4ncc(-c5ccccc5)cc4C[C@@]4(OCCCc5ccc(F)cc5)[C@@H](C2)N(CC2CC2)CC[C@]314,7.149353764816934
Oc1ccc2c3c1O[C@H]1c4ncc(-c5ccccc5)cc4C[C@@]4(OCCCC5CCCCC5)[C@@H](C2)N(CC2CC2)CC[C@]314,7.020907099361674
Oc1ccc2c3c1O[C@H]1c4ncc(-c5ccccc5)cc4C[C@@]4(OCCCC5CCOCC5)[C@@H](C2)N(CC2CC2)CC[C@]314,8.22257317761069
CCO[C@@]12Cc3cc(-c4ccccc4)cnc3[C@@H]3Oc4c(O)ccc5c4[C@@]31CCN(CC1CC1)[C@@H]2C5,6.30189945437661
COc1ccc([C@H](N)[C@@H]2CCN2C(c2ccccc2)c2ccccc2)cc1,6.062983892535185
N[C@H](c1cccc(Cl)c1)[C@@H]1CCN1C(c1ccc(F)cc1)c1ccc(F)cc1,5.662341108973858
N[C@@H](c1ccc(Cl)cc1)[C@@H]1CCN1C(c1ccccc1)c1ccccc1,6.23210238398191
N[C@@H](c1cccc(F)c1)[C@@H]1CCN1C(c1ccccc1)c1ccccc1,5.753009300758451
CCNC(=O)c1ccc(C(=C2CC3CCC(C2)N3Cc2cccs2)c2ccc(OC)cc2)cc1,7.870310107800699
O=C(NC1CC1)c1ccc(C(=C2CC3CCC(C2)N3CCc2ccccc2)c2ccccc2)cc1,8.995678626217357
CCNC(=O)c1ccc(C(=C2CC3CCC(C2)N3CCc2c[nH]c3ccccc23)c2ccccc2)cc1,7.075720713938118
O=C(NCCF)c1ccc(C(=C2CC3CCC(C2)N3CCc2ccccc2)c2ccccc2)cc1,8.52432881167557
CCNC(=O)c1ccc(C(=C2CC3CCC(C2)N3Cc2ccccn2)c2ccccc2)cc1,7.769551078621726
CCNC(=O)c1ccc(C(=C2CC3CCC(C2)N3)c2cccc(OC)c2)cc1,7.017728766960431
CC[C@H](C)[C@H](NC(=O)[C@H](CCCN=C(N)N)NC(=O)[C@H](CCCN=C(N)N)NC(=O)[C@H](CC(C)C)NC(=O)[C@H](Cc1ccccc1)NC(=O)CNC(=O)CNC(=O)[C@@H](N)Cc1ccc(O)cc1)C(=O)N[C@@H](CCCN=C(N)N)C(=O)N1CCC[C@@H]1C(=O)N[C@@H](CCCCN)C(=O)N[C@@H](CC(C)C)C(=O)N[C@@H](CCCCN)C(=O)O,8.096910013008056
CCNC(=O)c1ccc(C(=C2CC3CCC(C2)N3Cc2cccs2)c2ccc(O)cc2)cc1,8.169411331314855
CCNC(=O)c1ccc(C(=C2CC3CCC(C2)N3CCc2ccccc2)c2ccc(OC)cc2)cc1,8.214670164989233
CCCCNC(=O)c1ccc(C(=C2CC3CCC(C2)N3CCc2ccccc2)c2ccccc2)cc1,7.663540266151471
CCCC(=N)NCCc1ccc2[nH]c3c(c2c1)C[C@@]1(O)C2Cc4ccc(O)c5c4[C@@]1(CCN2CC1CC1)[C@H]3O5,7.389446294682905
O=C1N[C@@H]2CCCC[C@H]2N1C1CCN(CCC(c2ccccc2)c2ccccc2)CC1,7.568636235841013
O=C1N[C@@H]2CCCC[C@H]2N1C1CCN(CC2CCCCCCC2)CC1,5.970210529168145
CC(C)CCC(C)N1CCC(N2C(=O)N[C@@H]3CCCC[C@H]32)CC1,6.370590400897281
CO[C@@]12CCC3(C[C@H]1[C@@](C)(O)C(C)(C)C)[C@H]1Cc4ccc(O)c5c4C3(CCN1C)[C@H]2O5,9.221848749616356
CCN1C(=O)N(C2CCN(CC3CCCCCCC3)CC2)[C@@H]2CCCC[C@H]21,6.348721986001856
CC1(C)SSC[C@H](NC(=O)[C@@H](N)Cc2ccc(O)cc2)C(=O)N[C@H](Cc2ccccc2)C(=O)N[C@@H]1C(N)=O,9.537602002101044
Nc1nc2cc3c(cc2s1)C(=O)[C@@H]1C2CCCC[C@]32CCN1CC1CCC1,6.698970004336019
CN1CCC23c4c5ccc(O)c4OC2c2nc(-c4ccccc4)ncc2CC3(O)C1C5,8.13430394008393
CN1CCC23c4c5ccc(O)c4OC2c2n[nH]cc2CC3(O)C1C5,8.76447155309245
CC(=O)N[C@@H](CCCN=C(N)N)C(=O)N[C@@H](CC1CCCCC1)C(=O)NC1S[C@H]2CCC[C@@H](C(=O)N[C@H](CCCN=C(N)N)C(=O)NC(Cc3ccc(Cl)cc3)C(N)=O)N2C1=O,5.568636235841013
CC(=O)N[C@@H](CCCN=C(N)N)C(=O)N[C@@H](CC1CCCCC1)C(=O)N[C@@H](Cc1ccccc1)C(=O)N1[C@H](C(=O)N[C@H](CCCN=C(N)N)C(=O)N[C@@H](Cc2ccc(Cl)cc2)C(N)=O)CC[C@@H]1C(C)(C)C,6.434152181326482
CN1CC[C@]23c4c5ccc(O)c4O[C@H]2c2[nH]c4ccccc4c2C[C@@]3(CCCc2ccccc2)C1C5,8.308918507877031
CN1CC[C@]23c4c5ccc(O)c4O[C@H]2c2[nH]c4ccccc4c2C[C@@]3(NCCCc2ccccc2)C1C5,7.991399828238082
CN1CC[C@]23c4c5ccc(O)c4O[C@H]2c2[nH]c4ccccc4c2C[C@@]3(N)C1C5,5.978397283971757
CCCCCCC(=O)N[C@@]12Cc3c([nH]c4ccccc34)[C@@H]3Oc4c(O)ccc5c4[C@@]31CCN(C)C2C5,7.476253533188435
CN1CC[C@]23c4c5ccc(O)c4O[C@H]2c2[nH]c4ccccc4c2C[C@@]3(NCCc2ccccc2)C1C5,8.774690718274137
CN1CCNC(=O)[C@H](Cc2ccccc2)NC(=O)CNC(=O)[C@H](NC(=O)[C@@H](N)Cc2ccc(O)cc2)C1,8.795880017344075
C=CCN1CCC(N(c2ccccc2)c2ccc(C(=O)N(CC)CC)cc2)CC1,4.936854362893362
C=CCN1[C@H]2CC[C@@H]1CC(N(c1ccccc1)c1ccc(C(=O)N(CC)CC)cc1)C2,5.437707135543525
CCN(CC)C(=O)c1ccc(C(=C2CC3CCC(C2)N3C)c2cccc(O)c2)cc1,6.138465589140962
O=C(c1ccc(C(=C2CC3CCC(C2)N3CCc2ccccc2)c2ccccc2)cc1)N1CCCC1,6.559090917934782
CCN(CC)C(=O)c1ccc(C(=C2CC3CCC(C2)N3CCc2ccccc2)c2cccc(OC)c2)cc1,6.379863945026242
CN1CC[C@]23c4c5ccc(O)c4O[C@@]2(C)c2[nH]c4ccccc4c2C[C@@]3(C/C=C/c2ccccc2)C1C5,7.3585258894959
CC(C)N1CCN(Cc2c(-c3ccccc3)nc3ccccc3c2C(=O)N[C@@H](C)C2CCCCC2)CC1,6.709965388637482
C[C@H](NC(=O)c1c(CN2CCC(N3CCCCC3)CC2)c(-c2ccccc2)nc2ccccc12)C1CCCCC1,5.87942606879415
Oc1ccc2c(c1)[C@@]13CCCC[C@H]1[C@@H](C2)N(CCCN1CC[C@]24CCCC[C@H]2[C@H]1Cc1ccc(O)cc14)CC3,7.318758762624412
O=C(CCCCCCC(=O)Oc1ccc2c(c1)[C@@]13CCCC[C@H]1[C@@H](C2)N(CC1CCC1)CC3)Oc1ccc2c(c1)[C@@]13CCCC[C@H]1[C@@H](C2)N(CC1CCC1)CC3,9.050609993355089
O=C(CCCC(=O)Oc1ccc2c(c1)[C@@]13CCCC[C@H]1[C@@H](C2)N(CC1CCC1)CC3)Oc1ccc2c(c1)[C@@]13CCCC[C@H]1[C@@H](C2)N(CC1CCC1)CC3,8.481486060122112
OC1(c2cccc(C(F)(F)F)c2)CCN(CC2CCCCCCC2)CC1,6.94692155651658
CC(C)N1CCN(Cc2c(-c3ccccc3)nc3ccccc3c2C(=O)NC2CCCCC2)CC1,6.645891560852599
COC(=O)CCCCCCCCC(=O)Oc1ccc2c(c1)[C@@]13CCCC[C@H]1[C@@H](C2)N(CC1CCC1)CC3,9.638272163982409
CC(C)[C@@H](CN1CC[C@@](C)(c2cccc(O)c2)[C@@H](C)C1)NC(=O)[C@H]1Cc2ccc(O)cc2CN1C(=O)CN(C)C,7.87942606879415
CCCC[C@@H](C(=O)N[C@@H](CC(=O)O)C(=O)N[C@@H](Cc1ccccc1)C(N)=O)N(C)C(=O)[C@H](Cc1c[nH]c2ccccc12)NC(=O)CNC(=O)CNC(=O)[C@@H](N)Cc1ccc(O)cc1,6.214670164989233
C[C@H]1CN(Cc2cc3ccccc3o2)CC[C@@]1(C)c1cccc(C(N)=O)c1,8.207608310501746
C[C@H]1CN(CCCc2ccccc2)CC[C@@]1(C)c1cccc(C(N)=O)c1,8.508638306165727
Cc1cc(O)cc(C)c1C[C@H](C)C(=O)N[C@@H](C)C(=O)NCC(=O)N[C@@H](Cc1ccccc1)C(=O)N[C@@H](CC(C)C)C(N)=O,6.716698771296451
CO[C@]12CC[C@@]3(C[C@@H]1C(C)(C)O)[C@H]1Cc4ccc(O)c5c4[C@@]3(CCN1CC1CC1)[C@H]2O5,9.702239488900869
CC1(C)c2cc(O)ccc2C[C@@H](S)[C@H]1N,6.787812395596042
O=C(Cc1cccc2occc12)NCC12CCCN1CCC2,5.474955192963154
Oc1ccc2c3c1O[C@H]1c4c(c(-c5ccccc5)cn4Cc4ccccc4)C[C@@]4(O)C(C2)N(CC2CC2)CC[C@]314,7.774690718274137
O=C1NCN(c2ccccc2)C12CCN(C1CCc3c(Cl)cccc3C1)CC2,8.050609993355087
CC(=O)N[C@@H](CCCNC(N)=O)C(=O)N[C@H](CC1CCCCC1)C(=O)N[C@H]1CC[C@H]2CCC[C@@H](C(=O)N[C@H](CCCN=C(N)N)C(=O)N[C@H](Cc3ccc(Cl)cc3)C(N)=O)N2C1=O,5.592609095529268
O=C1NCN(c2cccc(Br)c2)C12CCN(C1Cc3cccc4cccc1c34)CC2,7.899974269892137
Cc1cccc2c1CCCC2N1CCC2(CC1)C(=O)NCN2c1ccccc1,7.498940737782249
O=C1NCN(c2ccccc2)C12CCN(C1CCc3ccccc3C1)CC2,7.82102305270683
O=Cc1ccc(C(=O)Nc2cccc3c4c([nH]c23)C2Oc3c(O)ccc5c3[C@@]23CCN(CC2CC2)[C@H](C5)[C@]3(O)C4)cc1C=O,7.826813731587726
CN1CC[C@]23c4c5ccc(O)c4O[C@H]2c2c(c(-c4ccccc4)cn2Cc2ccccc2)C[C@@]3(O)C1C5,7.305394801066432
CN1C[C@@H]2[C@H](C1)CN(c1ccccc1)C21CCN(C2CCCCCCCC2)CC1,6.139997578098902
CC1(C)C2CCC(CN3CCC(N4C(=O)Cc5ccccc54)CC3)C1C2,7.555955204081924
O=C1Cc2ccccc2N1C1CCN(C2CCCC3CCCCC32)CC1,7.43533393574791
O=C1Cc2ccccc2N1C1CCN(C2C3CCCC2CCC3)CC1,8.568636235841012
CC(C)[C@H]1CC[C@@H](N2CCC3(CC2)[C@@H]2CN(CCO)C[C@@H]2CN3c2ccccc2)CC1,6.760000207113128
O=C(NC[C@@H]1Cc2ccccc2CN1C(=S)NC[C@H]1CCCN1Cc1ccoc1)Nc1ccccc1,7.643974142806877
CC(C)(C)NC(=O)NC[C@@H]1Cc2ccccc2CN1C(=O)NC[C@H]1CCCO1,6.406713932979542
O=C(NC[C@@H]1Cc2ccccc2CN1/C(S)=N/C[C@H]1CCCN1Cc1ccc(O)c(O)c1)Nc1ccccc1,7.669586226650809
N#Cc1ccccc1CN1CCC[C@@H]1CNC(=S)N1Cc2ccccc2C[C@H]1CNC(=O)Nc1ccccc1,7.829738284605042
NCCc1ccc2[nH]c3c(c2c1)C[C@@]1(O)C2Cc4ccc(O)c5c4C1(CCN2CC1CC1)C3O5,7.628932137728263
Cc1ccc(Cl)c(OC(CC(C)C)C(O)CN2CCC(n3c(O)nc4ccccc43)CC2)c1,6.779891911959945
Cc1ccc(Cl)c(OC2(C(CN3CCC(n4c(O)nc5ccccc54)CC3)N(C)C)CCCCC2)c1,6.991399828238082
Cc1ccc(Cl)c(OC(CCN2CCC(n3c(O)nc4ccccc43)CC2)C(C)C)c1,7.186419011431808
OC1(c2ccc(Cl)cc2)CCN(CCC(c2ccccc2)c2ccccc2)CC1,7.431798275933005
CCCNC1CCc2ccc(O)cc2C1(C)C,6.308918507877031
CC1(C)c2cc(O)ccc2CCC1NCC1CC1,6.505845405981558
CC1(C)c2cc(O)ccc2CCC1NC/C=C/c1ccccc1,7.97061622231479
CN(C(=O)Cc1ccc(CNS(=O)(=O)Cc2ccccc2)cc1)[C@H](CN1CC[C@H](O)C1)c1ccccc1,6.320572103387881
CN(C(=O)Cc1ccc(NS(C)(=O)=O)cc1)[C@H](CN1CC[C@H](O)C1)c1ccccc1,6.978810700930062
CN(C(=O)Cc1cccc(CNS(C)(=O)=O)c1)[C@H](CN1CCCC1)c1ccccc1,5.721246399047171
CC([18F])C(=O)N(c1ccccc1)C1CCN(CCc2ccccc2)CC1,8.67778070526608
O=C(Nc1ccccc1)N1CCC(c2ccccc2)(c2nccn2Cc2ccccc2F)CC1,6.368556230986828
O=C(CCCCCCCCC(=O)Oc1ccc2c(c1)[C@@]13CCCCC1[C@@H](C2)N(CC1CCC1)CC3)Oc1ccccc1,9.356547323513812
CN1CC[C@]23c4c5ccc(OC(=O)CCCCCCCCC(=O)Oc6ccc7c(c6)[C@@]68CCCCC6[C@@H](C7)N(CC6CCC6)CC8)c4O[C@H]2[C@@H](O)C=C[C@H]3[C@H]1C5,9.657577319177792
O=C(CCCCCCCCC(=O)Oc1ccc2c(c1)[C@@]13CCCCC1[C@@H](C2)N(CC1CC1)CC3)Oc1ccc2c(c1)[C@@]13CCCCC1[C@@H](C2)N(CC1CCC1)CC3,9.468521082957745
O=C(CCCCCCCCC(=O)Oc1ccc2c(c1)[C@@]13CCCCC1[C@@H](C2)N(C[C@@H]1CCCO1)CC3)Oc1ccc2c(c1)[C@@]13CCCCC1[C@@H](C2)N(C[C@@H]1CCCO1)CC3,9.173925197299171
CCC[C@@H]1C[C@@](C)(c2cccc(O)c2)[C@@H](C)CN1CC,6.3872161432802645
CCC[C@@H]1C[C@@](C)(c2cccc(O)c2)[C@@H](C)CN1C,6.2839966563652006
CCCC[C@@H]1C[C@@](C)(c2cccc(O)c2)[C@@H](C)CN1CCc1ccccc1,6.958607314841775
CC(C)[C@@H]1C[C@@](C)(c2cccc(O)c2)[C@@H](C)CN1CCc1ccccc1,6.568636235841013
c1ccc2c(CN3CCC(c4c[nH]c5ncccc45)CC3)cccc2c1,6.468521082957745
Fc1ccc2[nH]cc(C3CCN(CC4CCCCCCC4)CC3)c2c1,5.966576244513051
Fc1ccc2[nH]cc(C3CCN(Cc4cccc5ccccc45)CC3)c2c1,6.301029995663981
Cc1[nH]c2ccc(Cl)cc2c1C1CCN(CC2CCCCCCC2)CC1,5.866461091629782
CN(C)c1nnc(-c2ccc(C(C)(C)C)cc2)n1-c1cccc(O)c1,5.3979400086720375
O=C(/C=C/c1ccccc1Cl)N[C@@]12CCC(=O)[C@@H]3Oc4c(O)ccc5c4[C@@]31CCN(CC1CC1)[C@@H]2C5,9.148741651280924
Cc1cc(O)cc(C)c1C[C@H](N)C(=O)N1Cc2ccccc2C[C@H]1C(=O)NCCC(=O)O,5.958607314841775
C[C@H]1C2Cc3ccc(C(=O)Nc4ccc(-c5ccccc5)cc4)cc3[C@@]1(C)CCN2CC1CC1,7.744727494896693
COc1ccc2c3c1O[C@H]1C(=O)CC[C@@]4(NC(=O)Cc5ccc(Cl)cc5)[C@@H](C2)N(CC2CC2)CC[C@]314,8.578396073130168
COc1ccc2c3c1O[C@H]1C(=O)CC[C@@]4(NCCCCc5ccc(Cl)cc5)[C@@H](C2)N(CC2CC2)CC[C@]314,8.651695136951838
C[C@H]1CN2C[C@H](c3ccccc3)NC[C@H]2C[C@@]1(C)c1cccc(C(N)=O)c1,8.744727494896694
C[C@H]1CN2C[C@H](c3ccccc3)N(Cc3ccccc3)C[C@H]2C[C@@]1(C)c1ccccc1,5.795880017344075
CC(C)[C@H]1CN2C[C@H](C)[C@](C)(c3cccc(O)c3)C[C@@H]2CN1,6.42021640338319
C[C@H]1CN2C[C@H](C3CCCCC3)NC[C@H]2C[C@@]1(C)c1cccc(O)c1,8.568636235841012
C[C@H]1CN2CCN(C(=O)Nc3ccccc3)C[C@H]2C[C@@]1(C)c1cccc(O)c1,7.508638306165727
C[C@H]1CN2CCN(c3ccccc3)C[C@H]2C[C@@]1(C)c1cccc(O)c1,6.657577319177793
C[C@H]1CN2CCN(Cc3ccc(O)cc3)C[C@H]2C[C@@]1(C)c1cccc(O)c1,8.0
C[C@H]1CN2CCN(Cc3ccoc3)C[C@H]2C[C@@]1(C)c1cccc(O)c1,7.920818753952375
C[C@H]1CN2CCN(Cc3cccc(OCc4ccccc4)c3)C[C@H]2C[C@@]1(C)c1cccc(O)c1,7.886056647693163
C[C@H]1[C@@H]2CCCCN2CC[C@@]1(C)c1cccc(O)c1,6.920818753952375
Oc1ccc2c3c1O[C@H]1c4c(c5c(n4CCc4ccccc4)CCCC5)C[C@@]4(O)C(C2)N(CC2CC2)CC[C@]314,8.127261172527332
O=C(Nc1ccccc1)Oc1ccc2c(c1)C13CCCCC1C(C2)N(CC1CC1)CC3,9.958607314841776
COc1ccccc1C(c1ccccc1)N1CCC(O)(c2ccccc2)CC1,7.552841968657781
OC1(c2ccccc2)CCN(C(c2ccccc2)c2ccc(Cl)cc2)CC1,6.100726812682396
Cc1cccc(C(c2ccccc2)N2CCC(O)(c3ccccc3)CC2)c1,6.832682665251824
CCCC(c1ccccc1)N1CCC(O)(c2ccccc2)CC1,6.467245621007502
CO[C@@]12C=C[C@@]3([C@@H]4CN(C(=O)/C=C/c5ccccc5C)C[C@@H]41)[C@H]1Cc4ccc(O)c5c4[C@@]3(CCN1C)[C@H]2O5,9.657577319177792
CO[C@@]12CC[C@@]3(C[C@@H]1CNC/C=C/c1ccccc1)[C@H]1Cc4ccc(O)c5c4[C@@]3(CCN1C)[C@H]2O5,9.4089353929735
COc1ccc2c3c1O[C@H]1[C@]4(OC)CC[C@@]5(C[C@@H]4CNC/C=C/c4ccccc4)[C@@H](C2)N(C)CC[C@]315,7.94692155651658
CO[C@@]12CC[C@@]3(C[C@@H]1CNC(=O)/C=C/c1ccc([N+](=O)[O-])cc1)[C@H]1Cc4ccc(O)c5c4[C@@]3(CCN1C)[C@H]2O5,9.721246399047171
CO[C@@]12CC[C@@]3(C[C@@H]1CNC(=O)/C=C/c1ccccc1)[C@H]1Cc4ccc(O)c5c4[C@@]3(CCN1C)[C@H]2O5,9.602059991327964
COc1ccc2c3c1O[C@H]1[C@]4(OC)CC[C@@]5(C[C@@H]4CNC(=O)/C=C/c4ccccc4C)[C@@H](C2)N(C)CC[C@]315,9.130768280269024
Nc1ccc2c(c1)[C@@]13CCCC[C@H]1[C@@H](C2)N(CC1CC1)CC3,8.886056647693163
NCc1ccccc1C1(O)CCN(C(c2ccccc2Br)c2ccccc2Br)CC1,6.210419287835575
NCc1ccccc1C1(O)CCN(C(c2cccc(F)c2)c2cccc(F)c2)CC1,6.210419287835575
CCCCCC(c1ccccc1)N1CCC(O)(c2ccccc2CN)CC1,8.698970004336019
OC1(c2cccs2)CCN(C(c2ccccc2)c2ccccc2)CC1,5.760950906859809
OC1(Cc2ccccc2)CCN(C(c2ccccc2)c2ccccc2)CC1,4.983384452442823
CCCCC1(O)CCN(C(c2ccccc2)c2ccccc2)CC1,6.565431095965801
OCc1ccccc1C1(O)CCN(C(c2ccccc2)c2ccccc2)CC1,6.730487055782084
CCCCCCN1CCCc2cc(Oc3ccc(C(N)=O)cn3)ccc2C1,7.919734372660155
CCCCCN1CCCc2cc(Oc3ccc(C(N)=O)cn3)ccc2C1,7.925915310971757
NC(=O)c1ccc(Oc2ccc3c(c2)CCN(Cc2ccccc2)CC3)nc1,6.391687957302673
NC(=O)c1ccc(Oc2ccc3c(c2)CN(Cc2ccccc2)CC3)nc1,6.635280197270082
NC(=O)c1ccc(Oc2ccc3c(c2)CCN(Cc2ccccc2)C3)nc1,6.747146969020107
CNC(=O)CN1CN(c2ccccc2)C2(CCN(CCC(Oc3cc(OC)ccc3C)C(C)C)CC2)C1=O,7.795880017344075
COc1ccc(C)c(OC(CCN2CCC(n3c(=O)n(CC(=O)NC4CC4)c4ccccc43)CC2)C(C)C)c1,6.924453038607469
CCCCNC(=O)Cn1c(=O)n(C2CCN(CCC(Oc3cc(OC)ccc3C)C(C)C)CC2)c2ccccc21,6.79317412396815
CCCNC(=O)Cn1c(=O)n(C2CCN(CCC(Oc3cc(OC)ccc3C)C(C)C)CC2)c2ccccc21,6.565431095965801
CCC(=O)Cn1c(=O)n(C2CCN(CCC(Oc3cc(OC)ccc3C)C(C)C)CC2)c2ccccc21,6.94692155651658
CC1(C)CCC(N2CCC3(CC2)C(=O)NCN3c2ccccc2)c2cc(Cl)c(Cl)cc21,6.0101054362812265
Cc1ccccc1C(c1ccccc1C)N1CCC2(CC1)C(=O)NCN2c1ccccc1,6.460923901207224
O=C1NCN(c2ccccc2)C12CCN(C1c3ccccc3C=Cc3ccccc31)CC2,6.323306390375134
O=C1NCN(c2ccccc2)C12CCN(C1c3ccccc3CCc3ccccc31)CC2,5.610125441609014
O=C1NCN(c2ccccc2)C12CCN(C(c1ccccc1)C1CCCC1)CC2,6.400116927926312
CCC(c1ccccc1)N1CCC2(CC1)C(=O)NCN2c1ccccc1,6.449771646944906
O=C1NCN(c2ccccc2)C12CCN(Cc1c(Cl)cccc1Cl)CC2,7.5338741295818
Cc1cc(C(N)=O)cc(C)c1C[C@H](N)C(=O)N[C@@H](CO)C(=O)NCC(=O)N[C@@H](Cc1ccccc1)C(=O)N[C@@H](CC(C)C)C(=O)N[C@H](C(=O)O)[C@@H](C)O,7.721246399047171
Cc1cc(C(N)=O)cc(C)c1C[C@H](N)C(=O)N[C@@H](C)C(=O)NCC(=O)N[C@@H](Cc1ccccc1)C(=O)N[C@@H](CC(C)C)C(=O)O,8.008773924307505
C[C@H]1C2Cc3ccc(C(=O)NCc4cccc5ccccc45)cc3[C@@]1(C)CCN2CC1CC1,8.602059991327963
C[C@H]1C2Cc3ccc(C(=O)NCCCc4ccc5ccccc5c4)cc3[C@@]1(C)CCN2CC1CC1,8.721246399047171
C[C@H]1C2Cc3ccc(C(=O)NCCc4ccc(-c5ccc(Cl)cc5)cc4)cc3[C@@]1(C)CCN2CC1CC1,9.69897000433602
C[C@H]1C2Cc3ccc(C(=O)NCCc4cccc(-c5ccccc5)c4)cc3[C@@]1(C)CCN2CC1CC1,9.022276394711152
CC(C)C1CCC(N2CCC3(CC2)C(=O)N(Cc2ccccc2)Cc2cc(F)ccc23)CC1,5.726998727936262
CC(C)C1CCC(N2CCC3(CC2)C(=O)N(Cc2ccccc2)Cc2ccccc23)CC1,5.872895201635193
CN1Cc2cc(F)ccc2C2(CCN(C3CCC(C(C)(C)C)CC3)CC2)C1=O,5.455559862682308
CN(C)c1cccc(C(=O)NC2CC[C@@]3(O)[C@H]4Cc5ccc(O)c6c5[C@@]3(CCN4CC3CC3)[C@H]2O6)c1,8.920818753952375
O=C(N[C@@H]1CC[C@@]2(O)[C@H]3Cc4ccc(O)c5c4[C@@]2(CCN3CC2CC2)[C@H]1O5)c1ccc(Cl)cc1,10.30102999566398
C[C@H]1CN(C[C@H](Cc2ccccc2)C(=O)N[C@@H](CCc2ccccc2)C(=O)O)CC[C@@]1(C)c1cccc(O)c1,8.327902142064282
C[C@H]1CN(CCC(=O)N(CC2CC2)[C@@H](Cc2ccccc2)C(=O)O)CC[C@@]1(C)c1cccc(O)c1,7.657577319177793
C[C@H]1CN(CCC(=O)N[C@@H](Cc2ccc(-c3ccccc3)cc2)C(=O)O)CC[C@@]1(C)c1cccc(O)c1,7.096910013008056
C[C@H]1CN(CCC(=O)N[C@@H](CC2CCCCC2)C(=O)O)CC[C@@]1(C)c1cccc(O)c1,7.698970004336019
C[C@H]1CN(C[C@H](Cc2ccccc2)C(=O)NCC(=O)O)CC[C@@]1(C)c1cccc(O)c1,9.405496956179912
CNC(=O)Cn1c(=O)n(C2CCN(CC[C@H](Oc3cc(OC)ccc3C)C(C)C)CC2)c2ccccc21,7.270025714300444
COc1ccc(C)c(OC(CCN2CCC(n3c(=O)n(Cc4ccsc4)c4ccccc43)CC2)C(C)C)c1,7.410050398674292
COC1=CC=C2[C@H]3Cc4ccc(OC)c5c4[C@@]2(CCN3C)[C@H]1O5,5.130768280269024
CN1CC[C@]23c4c5ccc(O)c4O[C@H]2C(=O)C=C[C@H]3[C@H]1C5,6.835647144215563
CO[C@H]1CC[C@H]2[C@H]3Cc4cccc5c4[C@@]2(CCN3C)[C@H]1O5,6.280668713016273
CN1CC[C@]23c4c5cccc4O[C@H]2[C@@H](O)CC[C@H]3[C@H]1C5,6.913640169325252
COC(=O)[C@@H]1C[C@H](NC(C)=O)C(=O)[C@H]2[C@@]1(C)CC[C@H]1C(=O)O[C@H](c3ccoc3)C[C@]21C,5.3788237182249645
COC(=O)[C@@H]1C[C@H](OC(=O)C2CCCCC2)C(=O)[C@H]2[C@@]1(C)CC[C@H]1C(=O)O[C@H](c3ccoc3)C[C@]21C,5.987162775294828
COC(=O)[C@@H]1C[C@H](OC(=O)c2cc3ccccc3o2)C(=O)[C@H]2[C@@]1(C)CC[C@H]1C(=O)O[C@H](c3ccoc3)C[C@]21C,8.0
COC(=O)[C@@H]1C[C@H](OC(=O)c2cccc(OC)c2)C(=O)[C@H]2[C@@]1(C)CC[C@H]1C(=O)O[C@H](c3ccoc3)C[C@]21C,7.522878745280337
COC(=O)[C@@H]1C[C@H](OC(=O)c2cccc(Br)c2)C(=O)[C@H]2[C@@]1(C)CC[C@H]1C(=O)O[C@H](c3ccoc3)C[C@]21C,6.958607314841775
CN(C(=O)Cc1cc2c(cc1S(=O)(=O)N(C)C)OCO2)[C@H](CN1CCCC1)c1ccccc1,7.327902142064283
COc1cc(CC(=O)N(C)[C@H](CN2CCCC2)c2ccccc2)c(S(=O)(=O)N2CCN(C)CC2)cc1OC,7.2839966563652
COc1cc(CC(=O)N(C)[C@H](CN2CC[C@H](O)C2)c2ccccc2)c(S(=O)(=O)N2CCCC2)cc1OC,8.229147988357855
COc1cc(CC(=O)N(C)[C@H](CN2CCCC2)c2ccccc2)c(S(=O)(=O)N(C)C)cc1OC,7.376750709602099
CC(C)C[C@H](NC(=O)[C@H](Cc1c[nH]c2ccccc12)NC(=O)CNC(=O)CNC(=O)[C@@H](N)Cc1ccc(O)cc1)C(N)=O,7.91721462968355
CN(C)C[C@H]1CCCC[C@]1(O)c1cccc(O)c1,7.963903654651723
CC1C2Cc3ccc(C(N)=O)cc3C1(C)CCN2CCc1ccccc1,10.82390874094432
NC(=O)c1ccc2c(c1)[C@@]13CCCC[C@@]1(O)[C@@H](C2)N(CC1CCC1)CC3,9.82390874094432
Cc1cc(O)cc(C)c1C[C@H](N)C(=O)N1CCC[C@H]1C(=O)N[C@@H](Cc1c[nH]c2ccccc12)C(=O)N[C@@H](Cc1ccccc1)C(N)=O,10.229147988357855
CN1CC[C@]23c4c5ccc(C(N)=O)c4O[C@H]2C(=O)CC[C@H]3[C@H]1C5,8.920818753952375
NC(=O)c1ccc2c3c1O[C@H]1CCC[C@@]4(O)[C@@H](C2)N(CC2CC2)CC[C@]314,8.602059991327963
CC1(N2CCC(n3c(-c4ccc5cc[nH]c5c4)nc4ccccc43)CC2)CCCCCCC1,6.82102305270683
CC1(N2CCC(n3cnc4ccccc43)CC2)CCCCCCC1,7.958607314841775
NC(=O)[C@@]1(c2cccc(F)n2)C[C@@H]2CC[C@H](C1)N2C(c1ccccc1Cl)c1ccccc1Cl,6.458420756053419
CC(=O)N[C@@]1(c2ccccn2)C[C@@H]2CC[C@H](C1)N2C(c1ccccc1Cl)c1ccccc1Cl,6.505845405981558
Cc1ccc(C(c2ccccc2Cl)N2C3CCC2CC(O)(c2ccncn2)C3)c(Cl)c1,6.271646217978772
Cc1ccc(C(c2ccccc2Cl)N2C3CCC2CC(O)(C2CCCN2Cc2ccccc2)C3)c(Cl)c1,5.808828544271441
OC1(c2cccnc2)C2CCC1CN(C(c1ccccc1Cl)c1ccccc1Cl)C2,5.139362583226245
O=C(NC1(c2ccccc2)CC2CCC(C1)N2C(c1ccccc1Cl)c1ccccc1Cl)C1CC1,6.001740661576301
Cc1ccc([C@]2(C(N)=O)C[C@@H]3CC[C@H](C2)N3C(c2ccccc2Cl)c2ccccc2Cl)nc1,7.585026652029182
NC(=O)[C@@]1(c2ccc(N)cn2)C[C@@H]2CC[C@H](C1)N2C(c1ccccc1Cl)c1ccccc1Cl,6.688246138944246
N#Cc1ccc([C@]2(C(N)=O)C[C@@H]3CC[C@H](C2)N3C(c2ccccc2Cl)c2ccccc2Cl)nc1,6.317854923626168
COC(=O)[C@@H]1C[C@H](OC(=O)CCc2ccccc2)C(=O)[C@H]2[C@@]1(C)CC[C@H]1C(=O)O[C@H](c3ccoc3)C[C@]21C,6.552841968657781
CCCC(=O)O[C@H]1C[C@@H](C(=O)OC)[C@]2(C)CC[C@H]3C(=O)O[C@H](c4ccoc4)C[C@]3(C)[C@H]2C1=O,6.2839966563652006
NC[C@]1(c2ccccc2)C[C@@H]2CC[C@H](C1)N2C(c1ccccc1Cl)c1ccccc1Cl,6.17134010346468
Fc1ccc2c(c1)[C@@]1(CN2)C[C@@H]2CC[C@H](C1)N2C(c1ccccc1Cl)c1ccccc1Cl,5.768020973168496
CCNC[C@]1(c2cccc(OC)n2)C[C@@H]2CC[C@H](C1)N2C(c1ccccc1Cl)c1ccccc1Cl,6.354577730650908
CC(C)N1CN(c2ccccc2)C2(CCN(C(c3ccccc3)c3ccccc3)CC2)C1=O,5.393403690820715
C#CCN1CN(c2ccccc2)C2(CCN(C(c3ccccc3)c3ccccc3)CC2)C1=O,5.365119859233474
C=CCN1CN(c2ccccc2)C2(CCN(C(c3ccccc3)c3ccccc3)CC2)C1=O,4.200521601162019
COC(=O)CN1CN(c2ccccc2)C2(CCN(C(c3ccccc3Cl)c3ccccc3Cl)CC2)C1=O,6.165579296318468
O=C1N(CCNC2CCCC2)CN(c2ccccc2)C12CCN(C(c1ccccc1Cl)c1ccccc1Cl)CC2,6.204119982655925
CN(C)CCN1CN(c2ccccc2)C2(CCN(C(c3ccccc3Cl)c3ccccc3Cl)CC2)C1=O,6.375717904164332
CC(C)N(CCN1CN(c2ccccc2)C2(CCN(C(c3ccccc3Cl)c3ccccc3Cl)CC2)C1=O)C(C)C,5.716472635138306
O=C1N(CCNC2CCC2)CN(c2ccccc2)C12CCN(Cc1c(Cl)cccc1Cl)CC2,6.950781977329818
CCCCNCCN1CN(c2ccccc2)C2(CCN(Cc3c(Cl)cccc3Cl)CC2)C1=O,7.443697499232712
O=C1N(CCN2CCCC2)CN(c2ccccc2)C12CCN(Cc1c(Cl)cccc1Cl)CC2,7.431798275933005
CC1(C)CCC(N2CCC3(CC2)C(=O)N(CCO)CN3c2ccccc2)c2ccccc21,7.229147988357855
C=CCNCCN1CN(c2ccccc2)C2(CCN(C3CCC(C)(C)c4ccccc43)CC2)C1=O,6.703334809738469
CC(C)N(CCN1CN(c2ccccc2)C2(CCN(C3CCC(C)(C)c4ccccc43)CC2)C1=O)C(C)C,7.086186147616283
CC1(C)CCC(N2CCC3(CC2)C(=O)N(CCN2CCCC2)CN3c2ccccc2)c2ccccc21,7.161150909262744
CC1(C)CCC(N2CCC3(CC2)C(=O)N(CCNCC2CCCCC2)CN3c2ccccc2)c2ccccc21,6.991399828238082
CCCCNCCN1CN(c2ccccc2)C2(CCN(C3CCCc4c(Cl)cccc43)CC2)C1=O,6.85078088734462
CC(C)CCN1CN(c2ccccc2)C2(CCN(C(c3ccccc3Cl)c3ccccc3Cl)CC2)C1=O,4.886056647693163
Oc1ccc([C@@H]2C[C@@H]3CC[C@H](C2)N3C(c2ccccc2Cl)c2ccccc2Cl)nc1,6.6307841425898575
Clc1ccccc1C(c1ccccc1Cl)N1[C@H]2CC[C@@H]1C[C@H](c1ncccc1CN1CCCCC1)C2,6.037157318798758
Clc1ccccc1C(c1ccccc1Cl)N1[C@H]2CC[C@@H]1C[C@H](c1ncccn1)C2,5.9299621333922445
O=C(O[C@@H]1CC[C@@]2(O)[C@H]3Cc4ccc(O)c5c4[C@@]2(CCN3CC2CC2)[C@H]1O5)N(c1ccccc1)c1ccccc1,9.2518119729938
CC(C)(CCCCCCC(C)(C)C(=O)Oc1ccc2c(c1)[C@@]13CCCC[C@H]1[C@@H](C2)N(CC1CCC1)CC3)C(=O)Oc1ccc2c(c1)[C@@]13CCCC[C@H]1[C@@H](C2)N(CC1CCC1)CC3,9.327902142064282
C=CCN1CC[C@]23c4c5ccc(OC(=O)CCCCCCCCC(=O)Oc6ccc7c(c6)[C@@]68CCCC[C@H]6C(C7)N(CC6CCC6)CC8)c4O[C@H]2CCC[C@H]3[C@H]1C5,9.366531544420411
O=C(C#Cc1ccccc1)N[C@@]12CCC(=O)[C@@H]3Oc4c(O)ccc5c4[C@@]31CCN(CC1CC1)[C@@H]2C5,8.882728704344236
CCN(CC)C(=O)c1ccc(N(c2cccc(NC(=O)OC)c2)C2CCN(Cc3ccccc3)CC2)cc1,7.1249387366083
CCN(CC)C(=O)c1ccc(N(c2cccc(N)c2)C2CCN(Cc3ccccc3)CC2)cc1,5.540758335121918
CCN(CC)C(=O)c1ccc(N(c2cccc(C(=O)OC)c2)C2CCN(Cc3ccccc3)CC2)cc1,5.148497047229456
CCN(CC)C(=O)c1ccc(N(c2cccc(CO)c2)C2CCN(Cc3ccccc3)CC2)cc1,5.419189027339054
CCN(CC)C(=O)c1ccc(N(c2cccc(CN)c2)C2CCN(Cc3ccccc3)CC2)cc1,6.080398976215889
CCN(CC)C(=O)c1ccc(N(c2cccc(O)c2)C2CCN(Cc3ccccc3)CC2)cc1,7.055517327849832
c1ccc(Nc2ccc3c(c2)[C@@]24CCCC[C@H]2[C@@H](C3)N(CC2CCC2)CC4)cc1,8.769551078621726
CN1CC[C@]23CCCC[C@H]2[C@H]1Cc1ccc(OC(=O)Nc2ccc(I)cc2)cc13,9.468521082957745
O=C(Nc1ccc(I)cc1)Nc1ccc2c(c1)[C@@]13CCCC[C@H]1[C@@H](C2)N(CC1CCC1)CC3,7.619788758288394
Oc1cc2c(cc1CNCCCCCCCCNCc1cc3c(cc1O)[C@@]14CCCC[C@H]1[C@@H](C3)N(CC1CCC1)CC4)C[C@@H]1[C@@H]3CCCC[C@]23CCN1CC1CCC1,7.619788758288394
CCC(=O)N(CCCCCCCNC(=O)c1nn(-c2ccc(Cl)cc2Cl)c(-c2ccc(Cl)cc2)c1C)C1CCN(CCc2ccccc2)CC1,5.1842230797016375
CCN(CC)C(=O)c1ccc(N(c2cccc(O)c2)C2CCN(CCc3cccc(F)c3)CC2)cc1,6.3260580013659125
CCN(CC)C(=O)c1ccc(N(c2cccc(O)c2)C2CCN(CCc3ccccc3)CC2)cc1,7.055517327849832
C=CCCN1CCC(N(c2ccc(C(=O)N(CC)CC)cc2)c2cccc(O)c2)CC1,6.886056647693163
CCN(CC)C(=O)c1ccc(N(c2cccc(OC)c2)C2CCN(CCc3ncc[nH]3)CC2)cc1,5.352128234693767
CCN(CC)C(=O)c1ccc(N(c2cccc(OC)c2)C2CCN(CCc3ccsc3)CC2)cc1,5.796967112985289
CCN(CC)C(=O)c1ccc(N(c2cccc(OC)c2)C2CCN(CCc3ccccc3)CC2)cc1,5.676541633150532
CCN(CC)C(=O)c1ccc(N(c2cccc(O)c2)C2CCN(CCc3c[nH]cn3)CC2)cc1,6.510041520575165
C[C@@H](NC(=O)[C@H](Cc1c[nH]c2ccccc12)NC(=O)[C@@H]1CCCN1C(=O)[C@@H](N)Cc1ccc(O)cc1)C(=O)NCc1ccccc1,8.341035157335565
Oc1ccc2c(c1)C1CCN(CCc3ccccc3)CC1O2,9.045757490560677
OC(COc1ccc2c(c1)[C@@]13CCCC[C@H]1[C@@H](C2)N(CC1CCC1)CC3)CC(O)COc1ccc2c(c1)[C@@]13CCCC[C@H]1[C@@H](C2)N(CC1CCC1)CC3,8.920818753952375
OC(CCCCC(O)COc1ccc2c(c1)[C@@]13CCCC[C@H]1[C@@H](C2)N(CC1CCC1)CC3)COc1ccc2c(c1)[C@@]13CCCC[C@H]1[C@@H](C2)N(CC1CCC1)CC3,8.494850021680094
OC(CCCCCCC(O)COc1ccc2c(c1)[C@@]13CCCC[C@H]1[C@@H](C2)N(CC1CCC1)CC3)COc1ccc2c(c1)[C@@]13CCCC[C@H]1[C@@H](C2)N(CC1CCC1)CC3,8.619788758288394
OC(COc1ccc(Cc2ccc(OCC(O)COc3ccc4c(c3)[C@@]35CCCC[C@H]3[C@@H](C4)N(CC3CCC3)CC5)cc2)cc1)COc1ccc2c(c1)[C@@]13CCCC[C@H]1[C@@H](C2)N(CC1CCC1)CC3,9.619788758288394
Cc1cccc(O)c1C(=O)C1=CCCCN2CCC[C@@H]12,4.886056647693163
CNC(=O)CN1c2ccccc2N(C2CCN(C3CCC4CCCCC4C3)CC2)S1(=O)=O,6.571865205971212
CNC(=O)CN1c2ccccc2N(C2CCN(C3CCCCCC3)CC2)S1(=O)=O,5.497982785172852
CNC(=O)CN1Cc2ccccc2N(C2CCN(C3CCCCCCCCC3)CC2)S1(=O)=O,8.657577319177793
CNC(=O)CN1Cc2ccccc2N(C2CCN(C3CCC(C(C)C)CC3)CC2)S1(=O)=O,7.920818753952375
CNC(=O)CN1Cc2ccccc2N(C2CCN(C3CCC(C(C)C)CC3)CC2)C1=O,7.67778070526608
CNC(=O)CN1C(=O)OC2(CCN(C3CCC(C(C)C)CC3)CC2)c2ccccc21,6.966576244513051
CNC(=O)Cn1c(=O)n(C2CCN(Cc3ccccc3-c3ccccc3)CC2)c2ccccc21,8.431798275933005
CNC(=O)Cn1c(=O)n(C2CCN(Cc3cccc4ccccc34)CC2)c2ccccc21,7.173925197299173
CNC(=O)Cn1c(=O)n(C2CCN(C3CCCC3(C)C)CC2)c2ccccc21,6.455931955649724
O=CN1CC[C@]23c4c5ccc(O)c4O[C@H]2[C@@H](O)C=C[C@H]3[C@H]1C5,6.376750709602099
CCC(=O)N1C[C@H]2[C@H](N3CCCC3)CC[C@@H]1CN2C(=O)Cc1ccc(Cl)c(Cl)c1,6.187086643357144
CC(C)CCNCc1ccc(N2CCCc3cc(C(N)=O)ccc32)cc1,7.100015437450609
CC(C)CNCc1ccc(N2CCCc3cc(C(N)=O)ccc32)cc1,6.199998172182031
NC(=O)c1ccc2c(c1)CCCN2c1ccc(CNCC2CCCCC2)cc1,7.400007822415902
NC(=O)c1ccc2c(c1)CCCN2c1ccc(CNC2Cc3ccc(F)cc3C2)cc1,7.899974269892137
NC(=O)c1ccc2c(c1)CCCN2c1ccc(CNC2Cc3ccccc3C2)c(C(F)(F)F)c1,7.299988937677887
NC(=O)c1ccc2c(c1)CCCN2c1ccc(CNC2Cc3ccccc3C2)c(Cl)c1,7.79997073344623
Cc1cc(CNC2Cc3ccccc3C2)ccc1N1CCCc2cc(C(N)=O)ccc21,8.79997073344623
Cc1cc(N2CCCc3cc(C(N)=O)ccc32)ccc1CNCCC1=CCCCC1,7.0
C1=C(CCNCc2ccc(N3CCCc4ccccc43)cc2)CCCC1,6.399996913372259
OCC1(N2CCC(n3c(N4CC5CNCC5C4)nc4ccccc43)CC2)CCCCCCC1,6.696803942579511
O=c1[nH]c2ccccc2n1C1CCN(C2(CO)CCCCCCC2)CC1,7.795880017344075
c1ccc(Nc2nc3cc4c(cc3s2)C[C@@H]2[C@@H]3CCCC[C@]43CCN2CC2CC2)nc1,6.214670164989233
CCNc1nc2cc3c(cc2s1)C[C@@H]1[C@@H]2CCCC[C@]32CCN1CC1CCC1,8.958607314841775
O=C(N[C@@H]1CC[C@@]2(O)[C@H]3Cc4ccc(O)c5c4[C@@]2(CCN3CC2CC2)[C@H]1O5)c1cccc(I)c1,8.602059991327963
CN1CC[C@]23c4c5ccc(O)c4O[C@H]2[C@H](NC(=O)c2cccc(I)c2)CC[C@@]3(O)[C@H]1C5,8.756961951313706
C[C@@H](O)[C@H](NC(=O)[C@H]1NC(=O)[C@H]([C@@H](C)O)NC(=O)[C@H](CCCNC(=N)N)NC(=O)[C@@H](Cc2c[nH]c3ccccc23)NC(=O)[C@H](Cc2ccc(O)cc2)NC(=O)[C@@H](NC(=O)[C@H](N)Cc2ccccc2)CSSC1(C)C)C(N)=O,8.674347529427687
C[C@@]1(c2cccc(NS(C)(=O)=O)c2)[C@H]2CN(CCCc3ccccc3)C[C@H]21,8.319211388493317
CC1(O)CCN(Cc2ccc(-c3ccccc3S(=O)(=O)N3CCCC3)cc2)CC1,7.026872146400302
CC(C)CNCc1ccc(-c2ccccc2S(=O)(=O)N2CCCC2)nc1,6.117475462045119
CC(C)(C)CCNCc1ccc(-c2cnccc2S(=O)(=O)N2CCCC2)cc1,5.877129077135565
CCC(C)(C)[C@](C)(O)[C@H]1C[C@@]23CC[C@]1(OC)[C@@H]1Oc4c(O)ccc5c4[C@@]12CCN(CC1CC1)[C@@H]3C5,8.669586226650809
COc1ccc(CCN2CCC(Nc3nc4ccccc4n3Cc3ccc(F)cc3)CC2)cc1,6.217527375833714
FCCCCC1OC2(CCN(Cc3ccccc3)CC2)c2ccccc21,6.218244625347531
COC(=O)[C@@H]1C[C@H](OC(C)=O)C(=O)[C@H]2[C@@]1(C)CC[C@H]1C(=O)O[C@H](C(=O)c3cccc(C(F)(F)F)c3)C[C@]21C,5.468521082957745
Oc1cccc(CNc2ccc3c(c2)C[C@@H]2[C@@H]4CCCC[C@]34CCN2CC2CC2)c1,6.823908740944319
CN(Cc1cccc(O)c1)c1ccc2c(c1)[C@@]13CCCC[C@H]1[C@@H](C2)N(CC1CCC1)CC3,7.769551078621726
Oc1cccc(CNc2ccc3c(c2)[C@@]24CCCC[C@H]2[C@@H](C3)N(CC2CCC2)CC4)c1,9.494850021680094
Oc1ccccc1CNc1ccc2c(c1)[C@@]13CCCC[C@H]1[C@@H](C2)N(CC1CCC1)CC3,8.769551078621726
Cc1cc(O)cc(C)c1C[C@H](N)C(=O)N[C@H](C)C(=O)N[C@H]1Cc2ccccc2CN(CC(N)=O)C1=O,6.769551078621726
CCCCCCCCC(N)C(=O)N[C@@H](Cc1ccc(O)cc1)C(=O)N1CCC[C@H]1C(=O)N[C@@H](Cc1c[nH]c2ccccc12)C(=O)N[C@@H](Cc1ccccc1)C(=O)NCC(=O)N[C@@H](CC(C)C)C(=O)N[C@@H](CCSC)C(N)=O,6.87942606879415
CSCC[C@H](NC(=O)[C@H](CC(C)C)NC(=O)CNC(=O)[C@H](Cc1ccccc1)NC(=O)[C@H](Cc1c[nH]c2ccccc12)NC(=O)[C@@H]1CCCN1C(=O)[C@@H](N)Cc1ccc(O)cc1)C(N)=O,8.795880017344075
C=C(C(N)=O)[C@@H](NC(=O)[C@H](Cc1c[nH]c2ccccc12)NC(=O)[C@@H]1CCCN1C(=O)[C@@H](N)Cc1ccc(O)cc1)c1cccc(Cl)c1,8.45717457304082
C=C(C(N)=O)[C@@H](NC(=O)[C@H](Cc1c[nH]c2ccccc12)NC(=O)[C@@H]1CCCN1C(=O)[C@@H](N)Cc1ccc(O)cc1)c1ccc(Cl)cc1,8.147520006363143
C=C(C(N)=O)[C@@H](NC(=O)[C@H](Cc1c[nH]c2ccccc12)NC(=O)[C@@H]1CCCN1C(=O)[C@@H](N)Cc1ccc(O)cc1)c1ccccc1,9.271646217978772
CC(=O)N[C@H](Cc1c[nH]c2ccccc12)C(=O)N[C@@H](Cc1ccccc1)C(N)=O,7.809668301829708
Cc1cc(O)cc(C)c1C[C@H](N)C(=O)N[C@H](CCCNC(=N)N)C(=O)N[C@@H](Cc1ccccc1)C(=O)N[C@@H](CCCCN)C(N)=O,9.844663962534938
CN1CC[C@]23c4c5ccc(O)c4O[C@H]2c2ncc(-c4ccc(Cl)cc4)cc2C[C@@]3(O)[C@H]1C5,6.638272163982407
O=C(Cc1ccncc1)N[C@@H]1CC[C@@]2(O)[C@H]3Cc4ccc(O)c5c4[C@@]2(CCN3CC2CC2)[C@H]1O5,9.070581074285707
COc1cc(C(=O)N[C@@H]2CC[C@@]3(O)[C@H]4Cc5ccc(O)c6c5[C@@]3(CCN4CC3CC3)[C@H]2O6)ccn1,9.221848749616356
O=C(N[C@@H]1CC[C@@]2(O)[C@H]3Cc4ccc(O)c5c4[C@@]2(CCN3CC2CC2)[C@H]1O5)c1ccnc(Br)c1,9.200659450546418
COc1ccc(CN2C3C4C5CC6C7C5C3C7C2(O)C64)cc1OC,5.896538377905295
COc1ccc2cc(CCNC(=O)c3ccc4c(c3)C3(C)CCN(CC5CC5)C(C4)C3C)ccc2c1,10.193820026016112
CCOC(=O)N(c1ccccc1)C1CCN(CCn2c(=O)n(C3CC3)c3ccccc32)CC1,8.522878745280337
COC(=O)[C@@H]1C[C@H](OC(=O)CCCC(=O)O)C(=O)[C@H]2[C@@]1(C)CC[C@H]1C(=O)O[C@H](c3ccoc3)C[C@]21C,5.34008379993015
Oc1ccc2c(c1)[C@]1(CCc3ccccc3)CCN(CCCc3ccccc3)C[C@@H]1O2,7.309803919971486
CN1CC[C@@]2(CCCc3ccccc3)c3cc(O)ccc3O[C@H]2C1,6.782516055786093
CN1CC[C@@]2(CCc3ccccc3)c3cc(O)ccc3O[C@H]2C1,7.180456064458132
O=C1Cc2ccccc2N1C1CCN(CC2CCCCC2)CC1,6.273272790973428
O=C1CCc2ccccc2N1C1CCN(C2CCCCCCC2)CC1,7.328179439816751
CC1CC(=O)N(C2CCN(C3CCCCCCC3)CC2)c2ccccc21,7.63320361671327
CCC1C(=O)N(C2CCN(C3CCCCCCC3)CC2)c2ccccc21,7.788879458741951
CC1C(=O)N(C2CCN(C3CCCCCCC3)CC2)c2ccccc21,7.979224511806442
CC1C(=O)N(C2CCN([C@H]3CC[C@@H](C(C)C)CC3)CC2)c2ccccc21,8.441291429466835
CC(C1CCCCC1)N1CCC(N2C(=O)Cc3ccccc32)CC1,8.46344155742847
CCC1C(=O)N(C2CCN([C@H]3CC[C@@H](C(C)C)CC3)CC2)c2ccccc21,8.97061622231479
O=C(N[C@@]12CCC(=O)[C@@H]3Oc4c(O)ccc5c4[C@@]31CCN(CC1CC1)[C@@H]2C5)c1cc2ccccc2cn1,8.455931955649724
O=C(N[C@@]12CCC(=O)[C@@H]3Oc4c(O)ccc5c4[C@@]31CCN(CC1CC1)[C@@H]2C5)c1ccccc1,8.362510270487489
Oc1cccc([C@@]23CCN(CCc4ccccc4)[C@@H](C[C@H](c4ccccc4)C2)C3)c1,7.2839966563652
CN1CC[C@]2(c3cccc(O)c3)C[C@H]3CCCC[C@@H]3[C@H]1C2,9.045757490560677
COc1cc2nc(C3CC3)nc(N3CCN(c4ccccc4OC)CC3)c2cc1OC,5.812479279163537
COc1cccc2c1[C@]13CCN(CC4CC4)[C@H](C2)[C@]1(OC)CCC(=O)C3,7.97469413473523
CCOC(=O)C(CN1CC[C@@](C)(c2cccc(O)c2)[C@@H](C)C1)OC(=O)[C@H]1Cc2ccc(O)cc2CN1,7.576754126063192
CCC1C(=O)N(C2CCN(C(C)CC(c3ccccc3)c3ccccc3)CC2)c2ccccc21,7.0
CCC1C(=O)N(C2CCN(CCCCc3ccc(-c4ccccc4)cc3)CC2)c2ccccc21,6.775208043507319
CC[C@@](O)(c1ccccc1)[C@H]1C[C@@]23C=C[C@]1(OC)[C@@H]1Oc4c(O)ccc5c4[C@@]12CCN(CC1CC1)[C@@H]3C5,8.494850021680094
CN1CC[C@]23c4c5ccc(O)c4O[C@H]2[C@]2(OCCF)C=C[C@@]3(C[C@@H]2[C@@](C)(O)CCc2ccccc2)[C@H]1C5,10.0
Oc1ccc2c(c1)[C@]13CCN(CC4(O)CC4)C[C@@]1(C2)Cc1cc2ccccc2nc1C3,6.381951903287908
CCOC(=O)Cc1c2c(n(Cc3ccccc3)c1O)[C@@H]1Oc3c(O)ccc4c3[C@@]13CCN(C)[C@H](C4)[C@]3(O)C2,7.87942606879415
CN1CCN(C(=O)Cc2ccc(Cl)c(Cl)c2)C2C1CCCC2N1CCC(O)C1,5.221848749616356
O=C(Cc1ccc(Cl)c(Cl)c1)N1CCN(Cc2cnc[nH]2)C2CCCC(N3CCCC3)C21,5.328827157284917
O=C(c1ccccc1)N1CCN(C(=O)Cc2ccc(Cl)c(Cl)c2)C2C(N3CCC(O)C3)CCCC21,5.441291429466834
CC(=O)N1CCN(C(=O)Cc2ccc(Cl)c(Cl)c2)C2C(N3CCCC3)CCCC21,5.552841968657781
COC(=O)CC(=O)N1CCN(C(=O)Cc2ccc(Cl)c(Cl)c2)C2C(N3CCC(O)C3)CCCC21,5.221848749616356
CC(=O)N[C@H](Cc1c[nH]c2ccc(C)cc12)C(=O)N[C@@H](Cc1ccccc1)C(=O)NCC(N)=O,6.370590400897281
COC(=O)[C@@H]1C[C@H](OC(=O)/C=C/c2ccsc2)C(=O)[C@H]2[C@@]1(C)CC[C@H]1C(=O)O[C@H](c3ccoc3)C[C@]21C,7.744727494896693
C=CC(C)C(=O)O[C@H]1C[C@@H](C(=O)OC)[C@]2(C)CC[C@H]3C(=O)O[C@H](c4ccoc4)C[C@]3(C)[C@H]2C1=O,6.357535479757878
CN(C)[C@]1(c2ccccc2)CC[C@@]2(CCCc3c4ccccc4[nH]c32)CC1,8.709965388637482
Oc1ccc2c(c1)[C@]1(CCCCCc3ccccc3)CCN(CCc3ccc(C(F)(F)F)cc3)C[C@@H]1O2,8.508638306165727
Oc1ccc2c(c1)[C@]1(CCCCc3ccccc3)CCN(CCCc3ccccc3)C[C@@H]1O2,7.096910013008056
Oc1ccc2c(c1)[C@]1(CCCCc3ccccc3)CCN(CCc3ccccc3)C[C@@H]1O2,8.113509274827518
C=CCN1CC[C@@]2(CCCc3ccccc3)c3cc(O)ccc3O[C@H]2C1,7.275724130399211
CC(C)C[C@H](NC(=O)[C@H](CO[C@@H]1O[C@H](CO)[C@@H](O)[C@H](O)[C@H]1O)NC(=O)[C@H](CC(N)=O)NC(=O)[C@H](CC(C)C)NC(=O)[C@H](C)NC(=O)[C@H](CC(N)=O)NC(=O)[C@H](CC(N)=O)NC(=O)C(C)(C)NC(=O)[C@H](CC(C)C)NC(=O)[C@H](CC(N)=O)NC(=O)CNC(=O)CNC(=O)[C@H](Cc1ccccc1)N(C)C(=O)CNC(=O)[C@@H](C)NC(=O)[C@@H](N)Cc1ccc(O)cc1)C(N)=O,8.2839966563652
CC(C)C[C@H](NC(=O)[C@H](CO[C@@H]1O[C@H](CO)[C@@H](O)[C@H](O)[C@H]1O)NC(=O)[C@H](CCCCN)NC(=O)[C@H](CC(C)C)NC(=O)[C@H](C)NC(=O)[C@H](CC(N)=O)NC(=O)[C@H](CCC(=O)O)NC(=O)C(C)(C)NC(=O)[C@H](CC(C)C)NC(=O)[C@H](CC(N)=O)NC(=O)CNC(=O)CNC(=O)[C@H](Cc1ccccc1)N(C)C(=O)CNC(=O)[C@@H](C)NC(=O)[C@@H](N)Cc1ccc(O)cc1)C(N)=O,5.920818753952375
CC(C)C[C@H](NC(=O)[C@H](CO[C@@H]1O[C@H](CO)[C@@H](O)[C@H](O)[C@H]1O)NC(=O)[C@H](CCCCN)NC(=O)[C@H](CC(C)C)NC(=O)[C@H](C)NC(=O)[C@H](CCCCN)NC(=O)[C@H](CCC(=O)O)NC(=O)C(C)(C)NC(=O)[C@H](CC(C)C)NC(=O)[C@H](CC(N)=O)NC(=O)[C@@H]1CCCN1C(=O)[C@@H]1CCCN1C(=O)[C@H](Cc1ccccc1)N(C)C(=O)CNC(=O)[C@@H](C)NC(=O)[C@@H](N)Cc1ccc(O)cc1)C(N)=O,7.823908740944319
O=C(O)CN1C[C@H]2[C@H]3Cc4ccc(O)cc4[C@@]2(CCN3CC2CC2)CC1=O,7.674074044228534
CN1CC[C@]23CC(=O)CC[C@@]2(O)[C@H]1Cc1ccc(C(=O)NCCc2ccc(-c4ccccc4)cc2)c(O)c13,9.4089353929735
COc1ccc2c3c1O[C@@H]1[C@]34CCN(CC3CC3)[C@H](C2)[C@]42CC[C@@]1(OC)[C@@H](COCc1ccc(C(C)(C)C)cc1)C2,8.237696636712231
COc1ccc(CN2C=C3[C@H]4Cc5ccc(OC)cc5[C@@]3(CCN4CC3CC3)CC2=O)cc1,6.6613443344213
CC(C)C[C@H](NC(=O)[C@@H]1CCCN1C(=O)[C@H](Cc1ccccc1)N(C)C(=O)CNC(=O)[C@H](C)NC(=O)[C@@H](N)Cc1ccc(O)cc1)C(=O)N[C@@H](Cc1c[nH]c2ccccc12)C(=O)NCc1cc(C(F)(F)F)cc(C(F)(F)F)c1,7.568636235841013
Cc1cc(O)cc(C)c1C[C@H](N)C(=O)N[C@@H](C)C(=O)NCC(=O)N[C@@H](Cc1ccc(Cl)cc1)C(=O)N1CCC[C@H]1C(=O)N[C@@H](CC(C)C)C(=O)N[C@@H](Cc1c[nH]c2ccccc12)C(=O)NCc1cc(C(F)(F)F)cc(C(F)(F)F)c1,8.397940008672037
C=CCN(CC=C)CCc1c[nH]c2ccc(Cl)cc12,5.550000451689026
Cc1cc(O)cc(C)c1C[C@H](N)C(=O)N1Cc2ccccc2C[C@@H]1C(=O)NCc1nc2ccccc2[nH]1,9.30102999566398
CN1C(=O)c2ccccc2CC1CN1CCC2(CCc3ccccc32)CC1,6.636388020107856
Oc1ccc2c(c1)CC(CN1CCC3(CCc4ccccc43)CC1)NC2,6.406713932979542
NC(=O)N1Cc2ccccc2CC1CN1CCC2(CCc3ccccc32)CC1,6.966576244513051
O=C1CC[C@@]2(O)[C@H]3Cc4ccc(O)cc4[C@@]2(CCN3CC2CC2)C1,9.114073660198567
Oc1ccc2c(c1)[C@]13CCN(CC4CC4)[C@H](C2)[C@]1(O)CCc1c([nH]c2ccccc12)C3,8.24033215531037
Cc1cc(O)cc(C)c1C[C@H](N)C(=O)N[C@H](CCCNC(=N)N)C(=O)N[C@H]1Cc2ccccc2CN(CCC(=O)N[C@@H](CCCNC(=N)N)C(=O)N[C@@H](Cc2ccc(O)cc2)C(=O)N[C@@H](Cc2c(C)cc(O)cc2C)C(=O)N[C@@H](CCCNC(=N)N)C(=O)N[C@@H](Cc2c[nH]c3ccccc23)C(=O)N[C@@H](CCCNC(=N)N)C(N)=O)C1=O,7.823908740944319
Oc1ccc(CCN(CCc2ccccc2)CC2CC2)cc1,5.756961951313706
O=C(C1CCCCC1)N(CCN1[C@H]2CC[C@@H]1C[C@H](c1cccc(O)c1)C2)CC1CCCCC1,8.0
O=C(CCC1CCCC1)N(CCN1[C@H]2CC[C@@H]1C[C@H](c1cccc(O)c1)C2)CC1CCCCC1,8.0
O=C(CO)N(CCN1[C@H]2CC[C@@H]1C[C@H](c1cccc(O)c1)C2)CC1CCCCC1,8.0
CCC(C)NC(=O)N(CCN1[C@H]2CC[C@@H]1C[C@H](c1cccc(O)c1)C2)CC1CCCCC1,8.0
O=C(Nc1cccc(F)c1)N(CCN1[C@H]2CC[C@@H]1C[C@H](c1cccc(O)c1)C2)CC1CCCCC1,8.0
CS(=O)(=O)CC(=O)N(CCCN1[C@H]2CC[C@@H]1C[C@H](c1cccc(C(N)=O)c1)C2)CC1CCCCC1,8.0
NC(=O)c1cccc([C@@H]2C[C@@H]3CC[C@H](C2)N3CCN(CC23CC4CC(CC(O)(C4)C2)C3)C(=O)CO)c1,8.0
CC(=O)N(Cc1ccccc1)[C@H](C)CN1[C@H]2CC[C@@H]1C[C@H](c1cccc(O)c1)C2,8.0
CCC(CC)C(=O)N(Cc1ccccc1)[C@H](C)CN1[C@H]2CC[C@@H]1C[C@H](c1cccc(O)c1)C2,8.0
C[C@H](CN1[C@H]2CC[C@@H]1C[C@H](c1cccc(O)c1)C2)N(Cc1ccccc1)C(=O)C1CCCCC1,8.0
CC(C)CC(=O)N(Cc1ccccc1)[C@H](C)CN1[C@H]2CC[C@@H]1C[C@H](c1cccc(O)c1)C2,8.0
C[C@H](CN1[C@H]2CC[C@@H]1C[C@H](c1cccc(O)c1)C2)N(Cc1ccccc1)C(=O)C1CC1,8.0
NC(=O)c1cccc([C@@H]2C[C@@H]3CC[C@H](C2)N3CCN(CC2CCCCC2)C(=O)Nc2ccc3c(c2)OCO3)c1,8.0
O=C(CO)N(CCN1[C@H]2CC[C@@H]1C[C@H](c1cccc(O)c1)C2)Cc1ccc(Cl)cc1,8.0
CC(=O)N(CCN1[C@H]2CC[C@@H]1C[C@H](c1cccc(O)c1)C2)Cc1c(F)cccc1F,8.0
CC(C)CC(=O)N(CCN1[C@H]2CC[C@@H]1C[C@H](c1cccc(O)c1)C2)Cc1c(F)cccc1F,8.0
O=C(CO)N(CCN1[C@H]2CC[C@@H]1C[C@H](c1cccc(O)c1)C2)Cc1cccc(F)c1,8.0
N#C[C@@H]1CCCN1C(=O)[C@@H]1CC[C@@H](CO)N1,4.870632404277014
C[C@]12CC[C@H](C[C@H](N3C(=O)C(N[C@@H](CO)C(=O)O)Nc4ccccc43)C1)N2C1CCCCCCC1,6.374687549038326
O=C(NO)c1nc2ccccc2n([C@@H]2C[C@@H]3CC[C@H](C2)N3C2CCCCCCC2)c1=O,6.72584215073632
O=C(O)[C@H](Cc1ccccc1)Nc1nc2ccccc2n([C@@H]2C[C@@H]3CC[C@H](C2)N3C2CCCCCCC2)c1=O,6.423658649794207
O=C(O)C1(O)CCN(c2nc3ccccc3n([C@@H]3C[C@@H]4CC[C@H](C3)N4C3CCCCCCC3)c2=O)C1,5.2839966563652006
O=C(O)c1nc2ccccc2n([C@H]2C[C@H]3COC[C@@H](C2)N3C2CCCCCCC2)c1=O,4.337147766735204
O=C(O)c1nc2ccccc2n([C@@H]2C[C@@H]3CC[C@H](C2)N3C2Cc3cccc4cccc2c34)c1=O,5.575118363368933
O=c1[nH]c2ccc(F)cc2n(C2CCN(C3CCCCCCC3)CC2)c1=O,5.6020599913279625
NC(=O)Cn1c(=O)c(=O)n(C2CCN(C3Cc4cccc5cccc3c45)CC2)c2ccccc21,5.481486060122113
N#CCn1c(=O)c(=O)n(C2CCN(C3CCCCCCC3)CC2)c2ccccc21,5.020451625295905
CN(C)c1nc2ccccc2n(C2CCN(C3CCCCCCC3)CC2)c1=O,5.687611050629408
CC(=O)NC1CCN(c2nc3ccccc3n(C3CCN(C4CCCCCCC4)CC3)c2=O)CC1,5.404283380056576
C=CCNc1nc2ccccc2n(C2CCN(C3CCCCCCC3)CC2)c1=O,5.277283832511505
O=c1c(NC2CCNCC2)nc2ccccc2n1C1CCN(C2CCCCCCC2)CC1,5.82739706879014
NC(=O)CNc1nc2ccccc2n(C2CCN(C3CCCCCCC3)CC2)c1=O,5.193616498175833
NC(=O)[C@@H]1CCCN1c1nc2ccccc2n(C2CCN(C3CCCCCCC3)CC2)c1=O,5.729088360589519
O=c1c(N2CCC(O)CC2)nc2ccccc2n1C1CCN(C2CCCCCCC2)CC1,5.44891613481422
O=c1c(NC(CO)CO)nc2ccccc2n1C1CCN(C2CCCCCCC2)CC1,5.482012796974922
CCOC(=O)c1nc2ccccc2n(C2CCN(C3CCCCCCC3)CC2)c1=O,5.600153287287077
CC(C)(C)OC(=O)N1CC2CN(C(=O)c3nc4ccccc4n(C4CCN(C5CCCCCCC5)CC4)c3=O)CC2C1,6.052076380168273
NC(=O)c1nc2ccccc2n(C2CCN(C3CCCCCCC3)CC2)c1=O,5.906928693623937
O=C(NCC(O)CO)c1nc2ccccc2n(C2CCN(C3CCCCCCC3)CC2)c1=O,5.56431486205837
CN(C)C(=O)c1nc2ccccc2n(C2CCN(C3CCCCCCC3)CC2)c1=O,5.554863031286696
O=C(O)CC(NC(=O)c1nc2ccccc2n([C@@H]2C[C@@H]3CC[C@H](C2)N3C2CCCCCCC2)c1=O)C(=O)O,6.113509274827518
O=C(N[C@H](C(=O)O)c1ccccc1)c1nc2ccccc2n([C@@H]2C[C@@H]3CC[C@H](C2)N3C2CCCCCCC2)c1=O,6.3979400086720375
O=C(O)c1nc2ccccc2n([C@@H]2C[C@@H]3CC[C@H](C2)N3C23CC4CC(CC2C4)C3)c1=O,5.729321163855293
CCC(C#CC(C)(C)C)N1[C@H]2CC[C@@H]1C[C@H](n1c(=O)c(C(=O)O)nc3ccccc31)C2,5.552841968657781
COC(=O)/N=c1\n(CC(N)=O)c2ccccc2n1C1CCN(C2CCCCCCC2)CC1,5.557363474217769
O=C(O)CCN1CCC[C@H]1Cc1nc2ccccc2n1[C@@H]1C[C@@H]2CCC[C@H](C1)N2[C@H]1C[C@H]2CCCC[C@H](C2)C1,5.363010898187771
COc1ccc2c3c1O[C@@H]1[C@]34CC[N+](C)(CC3CC3)[C@H](C2)[C@]42CC[C@@]1(OC)[C@@H](COCc1cc3c(cc1Cl)OCO3)C2,6.788772634370018
CO[C@]12CC[C@@]3(C[C@@H]1COCc1ccccc1)[C@H]1Cc4ccc(O)c5c4[C@@]3(CC[N+]1(C)CC1CC1)[C@H]2O5,8.675717544702307
COc1ccc2c3c1O[C@@H]1[C@]34CC[N+](C)(CC3CC3)[C@H](C2)[C@]42CC[C@@]1(OC)[C@@H](COCc1ccc3ccccc3c1)C2,6.73880852794963
CO[C@]12CC[C@@]3(C[C@@H]1COCc1ccccc1F)[C@H]1Cc4ccc(O)c5c4[C@@]3(CC[N+]1(C)CC1CC1)[C@H]2O5,8.34582345812204
COc1ccc2c3c1O[C@@H]1[C@]34CC[N+](C)(CC3CC3)[C@H](C2)[C@]42CC[C@@]1(OC)[C@@H](COCc1ccco1)C2,6.243614957619103
CNC1(c2ccccc2)CCC2(CC1)OCCc1c2[nH]c2ccccc12,8.920818753952375
CC(=O)N1CCc2c([nH]c3cc(F)ccc23)C12CCC(c1ccccc1)(N(C)C)CC2,8.769551078621726
Cc1ccc2[nH]c3c(c2c1)CC(C)OC31CCC(c2ccccc2)(N(C)C)CC1,7.853871964321762
CN(C)C1(c2ccc(F)cc2)CCC2(CC1)c1sc3ccccc3c1CC[S+]2O,7.236572006437063
C=C1CC[C@@]2(O)[C@H]3Cc4ccc(C(N)=O)c(O)c4[C@@]2(CCN3CC2CCC2)C1,9.958607314841776
COCCN1CC[C@@]2(C)c3cc(O)ccc3C[C@@H]1[C@@H]2C,9.958607314841776
C[C@@]12CCCCC[C@@H](Cc3ccc(C(N)=O)cc31)[C@@H]2N,8.576754126063193
C[C@H](C1CCC1)N1CC[C@]23CC(=O)CC[C@@]2(O)[C@H]1Cc1ccc(C(N)=O)c(O)c13,8.920818753952375
N[C@]12CCC[C@H](C[C@H](n3c(=O)c(C(=O)O)nc4ccccc43)C1)N2C1CC2CCCC(C2)C1,5.394479476562531
COc1ccc2c3c1O[C@@H]1[C@]34CCN(CC3CC3)[C@H](C2)[C@]42CC[C@@]1(OC)[C@@H](COc1ccc(-n3ccnc3)cc1)C2,7.800519085137644
CO[C@]12CC[C@@]3(C[C@@H]1COCc1ccccc1)[C@H]1Cc4ccc(F)c5c4[C@@]3(CCN1CC1CC1)[C@H]2O5,7.758951849328356
CO[C@]12CC[C@@]3(C[C@@H]1CNCc1ccccc1)[C@H]1Cc4ccc(O)c5c4[C@@]3(CCN1CC1CC1)[C@H]2O5,7.425505731714672
COCCOCCOCCOCCOCCOc1ccc2c3c1O[C@@H]1[C@]34CCN(CC3CC3)[C@H](C2)[C@]42CC[C@@]1(OC)[C@@H](COCc1ccccc1)C2,7.5699249444480605
COc1ccc2c3c1O[C@@H]1[C@]34CCN(CCC(N)=O)[C@H](C2)[C@]42CC[C@@]1(OC)[C@@H](COCc1ccccc1)C2,6.416336564154402
COCCOCCOCCO[C@]12CC[C@@]3(C[C@@H]1COCc1ccccc1)[C@H]1Cc4ccc(OC)c5c4[C@@]3(CCN1CC1CC1)[C@H]2O5,8.108462542327436
COc1ccc2c3c1O[C@@H]1[C@]34CCN(CC(N)=O)[C@H](C2)[C@]42CC[C@@]1(OC)[C@@H](COCc1ccccc1)C2,6.752223069302434
COc1ccc2c3c1O[C@@H]1[C@]34CCN(CC3CC3)[C@H](C2)[C@]42CC[C@@]1(OC)[C@@H](COC(=O)[C@H](C)N)C2,6.829767629818196
COc1ccc2c3c1O[C@@H]1[C@]34CCN(CC3CC3)[C@H](C2)[C@]42CC[C@@]1(OC)[C@@H](COC(=O)[C@@H](N)CCC(N)=O)C2,6.77075343798244
COc1ccc2c3c1O[C@@H]1[C@]34CCN(Cc3nn[nH]n3)[C@H](C2)[C@]42CC[C@@]1(OC)[C@@H](COCc1ccccc1)C2,6.006145108663951
COCCO[C@H]1CC[C@@]2(O)C3Cc4ccc(O)c5c4[C@@]2(CCN3C)[C@H]1O5,7.80354745829661
COCCOCCO[C@H]1C=CC2C3Cc4ccc(OC)c5c4[C@@]2(CCN3C)C1O5,5.859155838802908
COCCOCCOCCO[C@H]1CC[C@@]2(O)[C@H]3Cc4ccc(O)c5c4[C@@]2(CCN3CC2CCC2)C1O5,7.562090964460501
O=C(O)[C@@H]1CCN1c1nc2ccccc2n([C@@H]2C[C@@H]3CCC[C@H](C2)N3[C@@H]2C[C@H]3CCC[C@H](C3)C2)c1=O,6.301029995663981
CC1(C)[C@H]2CC[C@@H](CCN3[C@H]4CCC[C@@H]3C[C@H](n3c(=O)c(N5CC[C@@H]5C(=O)O)nc5ccccc53)C4)[C@@H]1C2,5.465973893943865
O=C(O)[C@@H]1CCCN1c1nc2ccccc2n([C@@H]2C[C@@H]3CCC[C@H](C2)N3[C@@H]2C[C@H]3CCC[C@H](C3)C2)c1=O,6.036684488613889
COc1ccc2c(c1)[C@]13CCN(CC4CC4)C[C@]1(CC[C@@]1(C3)NC(=O)NC1=O)C2,5.203981030652851
COC(=O)c1cc2c([nH]c1=O)C[C@@]13CCN(CC4CC4)C[C@@]1(Cc1ccc(OC)cc13)C2,5.019996628416254
CN(C)C1(c2ccccc2)CCC(c2ccccc2)(N(C)C(=O)NCc2ccccc2)CC1,8.732828271596986
CCc1ccc(C(=O)NCC2c3ccccc3CCN2C)cc1,8.643974142806877
O=C1/C(=C/c2ccccc2)C[C@@]2(O)[C@H]3Cc4ccc(O)c5c4[C@@]2(CCN3CCCc2ccccc2)[C@H]1O5,6.504455662453552
CC(C)(C)c1ccc(CN2[C@@H]3CC[C@@H]2CC(c2cccc(O)c2)C3)cc1,8.979845968361667
CN1CC[C@]23c4c5ccc(O)c4O[C@H]2C(=O)CC[C@@]3(O)[C@H]1C5,8.747146969020108
CO[C@@]12CCC[C@@H]3Oc4c(O)ccc5c4[C@@]31CCN(C)[C@@H]2C5,9.619788758288394
Oc1ccc2c(c1)C13CCN(CC4CC4)C(C2)C12CCC1C3[C@@H](CN1c1ccccc1)C2,9.020907099361674
O=C1/C(=C/c2ccc(I)cc2)C[C@@]2(O)[C@H]3Cc4ccc(O)c5c4[C@@]2(CCN3CC2CC2)[C@H]1O5,7.701146923590294
Cc1cc(C)cc(C2CCCN2Cc2ccc(Oc3ccc(C(N)=O)cc3F)c(F)c2)c1,7.554395796726403
Cc1cc(O)cc(C)c1C[C@H](N)C(=O)N[C@H](CCCNC(=N)N)C(=O)N[C@H]1Cc2ccccc2CN(CC(N)=O)C1=O,9.82390874094432
CN(Cc1cnn(C)c1)C(=O)NCCN1Cc2ccccc2C1,5.517126416391246
C[C@H]1[C@H]2C(=O)c3ccc(O)cc3[C@@]1(C)CCN2CC1CCCO1,5.537602002101044
COc1ccc2c3c1O[C@@H]1[C@]34CCN(CC3CC3)[C@H](C2)[C@]42CC[C@@]1(OC)[C@@](C)(C(O)c1ccc(C(F)(F)F)cc1)C2,7.896196279044043
COc1cccc(C(=O)[C@@]2(C)C[C@@]34CC[C@]2(OC)[C@@H]2Oc5c(OC)ccc6c5[C@@]23CCN(CC2CC2)[C@@H]4C6)c1,8.366531544420413
OC1(c2ccc(Cl)c(C(F)(F)F)c2)CCN(CCCCN(c2ccc(F)cc2)c2ccc(F)cc2)CC1,5.0
OC1(c2ccc(Cl)c(C(F)(F)F)c2)CCN(CCCC(c2ccccc2)c2ccccc2)CC1,7.154901959985743
OC1(c2ccc(Cl)c(C(F)(F)F)c2)CCN(CCCC(c2ccc(F)cc2)c2ccc(F)cc2)CC1,6.06198090252379
Cc1cc(O)cc(C)c1C[C@H](N)C(=O)N1CCC[C@H]1C(=O)N[C@@H](Cc1ccccc1)C(=O)N[C@@H](Cc1ccccc1)C(=O)N[C@@H](CCC(N)=O)C(=O)N[C@@H](Cc1ccccc1)C(=O)N[C@@H](CCC(N)=O)C(=O)N[C@@H](Cc1ccccc1)C(=O)N[C@@H](CCCCN)C(N)=O,8.301029995663981
Cc1cc(O)cc(C)c1C[C@H](N)C(=O)N1CCC[C@H]1C(=O)N[C@@H](Cc1c[nH]c2ccccc12)C(=O)N[C@@H](Cc1ccccc1)C(=O)N[C@@H](CCC(N)=O)C(=O)N[C@@H](Cc1ccccc1)C(=O)N[C@@H](CCC(N)=O)C(=O)N[C@@H](Cc1ccccc1)C(=O)N[C@@H](CCCCN)C(N)=O,8.301029995663981
Cc1cc(O)cc(C)c1C[C@H](N)C(=O)N[C@H](CCCNC(=N)N)C(=O)N[C@@H](Cc1ccccc1)C(=O)N[C@@H](Cc1ccccc1)C(=O)N[C@@H](CCC(N)=O)C(=O)O,9.468521082957745
Cc1cc(O)cc(C)c1C[C@H](N)C(=O)N[C@H](CCCNC(=N)N)C(=O)N[C@@H](Cc1ccccc1)C(=O)O,9.2839966563652
O=C(O)c1ccc2c3c([nH]c2c1Cl)[C@@H]1Oc2c(O)ccc4c2[C@@]12CCN(CC1CC1)[C@H](C4)[C@]2(O)C3,7.721246399047171
Cc1n[nH]c2c1C[C@@]1(O)[C@H]3Cc4ccc(O)c5c4[C@@]1(CCN3CC1CC1)[C@H]2O5,7.619788758288394
O=C(C1=C(O)[C@@H]2Oc3c(O)ccc4c3[C@@]23CCN(CC2CC2)[C@H](C4)[C@]3(O)C1)N1CCCC1,8.397940008672037
COC(=O)C(C)(C)NC(=O)C1=C(O)[C@@H]2Oc3c(O)ccc4c3[C@@]23CCN(CC2CC2)[C@H](C4)[C@]3(O)C1,7.782516055786093
COC(=O)C1(NC(=O)C2=C(O)[C@@H]3Oc4c(O)ccc5c4[C@@]34CCN(CC3CC3)[C@H](C5)[C@]4(O)C2)CC1,8.795880017344075
CC(C)(NC(=O)C1=C(O)[C@@H]2Oc3c(O)ccc4c3[C@@]23CCN(CC2CC2)[C@H](C4)[C@]3(O)C1)C(=O)NS(C)(=O)=O,7.028724151261895
O=C1C(CO)OC2(CCN(CCc3ccccc3)CC2)CN1c1ccccc1,7.337242168318426
CC1OC2(CCN(CCc3ccccc3)CC2)CN(c2ccccc2O)C1=O,6.271646217978772
COc1cccc(N2CC3(CCN(CCc4ccccc4)CC3)OC(C)C2=O)c1,6.899629454882437
CC1OC2(CCN(CCc3ccccc3)CC2)CN(c2cnccn2)C1=O,6.517126416391246
CC1OC2(CCN(CCc3ccccc3)CC2)CN(c2ncccc2F)C1=O,7.031517051446065
CC1OC2(CCN(CCc3ccccc3F)CC2)CN(c2ccccc2)C1=O,8.221848749616356
CC1OC2(CCN(CCc3cccc(C#N)c3)CC2)CN(c2ccccc2)C1=O,7.309803919971486
CC(C)[C@H]1CC[C@@H](N2CCC(n3cc(CO)c4ccccc43)CC2)CC1,6.145086977692144
CC(C)[C@H]1CC[C@@H](N2CCC(n3cc(CN(C)C)c4ccccc43)CC2)CC1,6.297569463554475
CC(C)[C@H]1CC[C@@H](N2CCC(n3cc(/C=N/O)c4ccccc43)CC2)CC1,7.248720896016658
CCC(=O)N(c1ccccc1)C1CCN(CCc2ccccc2)CC1F,8.016223411963114
CC[C@@H]1CN2CCc3c([nH]c4ccccc34)[C@@H]2C[C@@H]1/C(=C\OC)C(=O)OC,6.928117992693875
CCOc1ccc(Cc2ccccc2)cc1CNC(=O)[C@@H](N)Cc1c(C)cc(O)cc1C,8.443697499232712
FC(F)(F)c1cc(Oc2nccc3occc23)ccc1-c1cccc2nccn12,5.356547323513812
Cc1cc(O)cc(C)c1C[C@H](N)C(=O)N1CCC[C@H]1C(=O)N[C@@H](Cc1ccccc1)C(=O)N[C@@H](Cc1ccccc1)C(N)=O,9.09151498112135
CN(C)C1(Cc2ccccc2)CCN(c2cc(C(F)(F)F)ccc2CNC(=O)Nc2ccc(NS(C)(=O)=O)c(F)c2)CC1,6.434152181326482
CN(C)C1(Cc2ccccc2)CCN(c2cc(C(F)(F)F)ccc2CNC(=O)Nc2ccc(CNS(C)(=O)=O)c(F)c2)CC1,6.492144128304169
CN(C)C1(Cc2ccccc2)CCN(c2cc(C(F)(F)F)ccc2CNC(=O)Nc2cccc3c2CC(O)CC3)CC1,6.583359492661719
CN(C)C1(Cc2ccccc2)CCN(c2cc(C(F)(F)F)ccc2CNC(=O)Nc2cccc3[nH]c(=O)ccc23)CC1,6.619788758288394
C=C(C(N)=O)C(NC(=O)[C@H](Cc1c[nH]c2ccccc12)NC(=O)[C@@H](C)N(C)C(=O)C(N)Cc1c(C)cc(O)cc1C)c1ccco1,10.962573502059376
NC(=O)c1cccc([C@@H]2C[C@@H]3CC[C@H](C2)N3CCN(CC2CCCCC2)C(=O)c2ccco2)c1,10.0
CS(=O)(=O)N(CCN1[C@H]2CC[C@@H]1C[C@H](c1cccc(C(N)=O)c1)C2)CC1CCCCC1,9.599980364934842
CCc1cc(F)c2nc(N3CCC(NC4CCOCC4)CC3)c(-c3nc(C)no3)c(C)c2c1,6.346787486224656
NCc1ccccc1C1(O)CC2CCC(C1)N2C(c1ccccc1Cl)c1ccccc1Cl,7.67778070526608
O=C1NCCC(=O)N2CCC[C@@H]2C(=O)N[C@@H](Cc2ccccc2)C(=O)N[C@H]1Cc1c[nH]c2ccccc12,8.387216143280265
C[C@H]1[C@H]2Cc3ccc(O)cc3[C@]1(C)CCN2CCC(=O)NCC(c1ccccc1)c1ccccc1,9.30102999566398
CCCC(=O)N1CCC2(CCC(c3ccccc3)(N(C)C)CC2)C1,7.515700160653214
CN(C)C1(c2ccccc2)CCC2(CCN(C(=O)CC3CCC3)C2)CC1,9.221848749616356
Cc1cc(C)cc(C2CCCN2Cc2ccc(Oc3ccc4c(=O)[nH]oc4c3)cc2)c1,5.829444941478791
Cc1cc(F)ccc1-c1cnc2c(c1)C[C@@]1(OCCCc3ccccc3)[C@H]3Cc4ccc(O)c5c4[C@@]1(CCN3CC1CC1)[C@H]2O5,7.52432881167557
COc1cccc(-c2cnc3c(c2)C[C@@]2(OCCCc4ccccc4)[C@H]4Cc5ccc(O)c6c5[C@@]2(CCN4CC2CC2)[C@H]3O6)c1,7.039529222465701
Oc1cccc(-c2cnc3c(c2)C[C@@]2(OCCCc4ccccc4)[C@H]4Cc5ccc(O)c6c5[C@@]2(CCN4CC2CC2)[C@H]3O6)c1,7.889410289700751
CC(=O)Nc1cccc(-c2cnc3c(c2)C[C@@]2(OCCCc4ccccc4)[C@H]4Cc5ccc(O)c6c5[C@@]2(CCN4CC2CC2)[C@H]3O6)c1,6.4723700991286615
Oc1ccc2c3c1O[C@H]1c4ncc(-c5cnccn5)cc4C[C@@]4(OCCCc5ccccc5)[C@@H](C2)N(CC2CC2)CC[C@]314,7.052076380168273
Cn1cc(-c2cnc3c(c2)C[C@@]2(OCCCc4ccccc4)[C@H]4Cc5ccc(O)c6c5[C@@]2(CCN4CC2CC2)[C@H]3O6)cn1,8.421360790031928
Cc1nnc(-c2cnc3c(c2)C[C@@]2(OCCCc4ccccc4)[C@H]4Cc5ccc(O)c6c5[C@@]2(CCN4CC2CC2)[C@H]3O6)o1,8.497572880015568
