smiles,y
CCC(Cc1ccc(OC)c(C(=O)NCc2ccc(OCCc3ccccc3)cc2)c1)C(=O)O,5.568636235841013
CC[C@@H](Cc1ccc(OC)c(C(=O)NCc2ccc(Oc3ccc(F)cc3)cc2)c1)C(=O)O,8.035976207159967
CCC(Cc1ccc(OC)c(C(=O)NCCc2ccc(C(F)(F)F)cc2)c1)C(=O)O,6.130768280269024
CCC(Cc1ccc(OC)c(CCCc2ccc(C(F)(F)F)cc2)c1)C(=O)O,6.0655015487564325
CCC(Cc1ccc(OC)c(C(=O)NCc2ccc(OCc3ccccc3)cc2)c1)C(=O)O,5.823908740944319
COc1ccc(CCC(=O)O)cc1C(=O)NCc1ccc(C(F)(F)F)cc1,5.886056647693163
CCC(CC)(Cc1ccc(OC)c(C(=O)NCc2ccc(C(F)(F)F)cc2)c1)C(=O)O,5.552841968657781
CCSC(Cc1ccc(OC)c(C(=O)NCc2ccc(C(F)(F)F)cc2)c1)C(=O)O,5.795880017344075
CCOC(Cc1ccc(OC)c(C(=O)NCc2ccc(C(F)(F)F)cc2)c1)C(=O)O,5.795880017344075
CCC(Cc1ccc(OC)c(C(=O)NCc2cccc(Oc3ccccc3)c2)c1)C(=O)O,6.3979400086720375
CCC(Cc1ccc(OC)c(C(=O)NCc2ccc(Oc3ccccc3)cc2)c1)C(=O)O,7.045757490560675
COc1ccc(CC(C)C(=O)O)cc1C(=O)NCc1ccc(C(F)(F)F)cc1,6.619788758288394
CCCc1cc(Oc2ccc(F)c(C)c2)ccc1OCCCOc1cccc(C2SC(=O)NC2=O)c1,7.070581074285707
CCC(Cc1ccc(OC)c(C(=O)Nc2ccc(C(F)(F)F)cc2)c1)C(=O)O,5.221848749616356
CCCc1cc(Oc2ccc(F)cc2)ccc1OCCCOc1cccc(C2SC(=O)NC2=O)c1,7.180456064458132
COc1ccc(CC(C(=O)O)C(C)C)cc1C(=O)NCc1ccc(C(F)(F)F)cc1,6.537602002101044
CCC(Cc1ccc(OC)c(C(=O)NCc2ccc(OC)cc2)c1)C(=O)O,5.920818753952375
CCC(Cc1ccc(OC)c(C(=O)NCc2ccc(-c3ccccc3)cc2)c1)C(=O)O,6.958607314841775
CCCc1cc(Oc2ccccc2)ccc1OCCCOc1cccc(C2SC(=O)NC2=O)c1,7.585026652029182
CCC(Cc1ccc(OC)c(C(=O)NCc2cccc(C(F)(F)F)c2)c1)C(=O)O,5.7447274948966935
COc1ccc(CCCC(=O)O)cc1C(=O)NCc1ccc(C(F)(F)F)cc1,5.657577319177793
CCC(Cc1ccc(OC)c(C(=O)NCc2ccccc2OC)c1)C(=O)O,5.026872146400302
CCC(Cc1ccc(OC)c(C(=O)NCc2ccc(CCc3ccccc3)cc2)c1)C(=O)O,5.251811972993799
CCC(Cc1ccc(OC)c(C(=O)NCc2ccc(C(F)(F)F)cc2)c1)C(=O)O,7.397940008672037
CC(C)OC(Cc1ccc(OCCc2noc(-c3ccccc3C(F)(F)F)n2)cc1)C(=O)O,6.3979400086720375
Cc1cccc(-c2nc(COc3ccc(CC(OC(C)C)C(=O)O)cc3)no2)c1,7.102372908709558
CC(C)OC(Cc1ccc(OCc2noc(-c3ccc(F)cc3)n2)cc1)C(=O)O,6.795880017344075
CC(C)OC(Cc1ccc(OCc2noc(-c3cc(F)cc(F)c3)n2)cc1)C(=O)O,7.397940008672037
CC(C)OC(Cc1ccc(OCCc2noc(-c3ccccc3)n2)cc1)C(=O)O,5.698970004336019
CC(C)OC(Cc1ccc(OCCc2noc(-c3cc(C(F)(F)F)cc(C(F)(F)F)c3)n2)cc1)C(=O)O,7.301029995663981
CC(C)OC(Cc1ccc(OCc2noc(-c3ccc(Cl)cc3)n2)cc1)C(=O)O,7.886056647693163
CC(C)OC(Cc1ccc(OCCc2noc(-c3ccc(Cl)cc3)n2)cc1)C(=O)O,6.3979400086720375
CC(C)OC(Cc1ccc(OCc2noc(-c3cccc(F)c3)n2)cc1)C(=O)O,7.102372908709558
Cc1ccccc1-c1nc(COc2ccc(CC(OC(C)C)C(=O)O)cc2)no1,7.397940008672037
CC(C)OC(Cc1ccc(OCCc2noc(-c3cccc(C(F)(F)F)c3)n2)cc1)C(=O)O,6.698970004336019
CC(C)OC(Cc1ccc(OCc2noc(-c3ccc(C(C)(C)C)cc3)n2)cc1)C(=O)O,7.397940008672037
CC(C)OC(Cc1ccc(OCc2noc(C3CCCCC3)n2)cc1)C(=O)O,6.619788758288394
Cc1oc(-c2ccc(-c3ccccc3)cc2)nc1CCOc1ccc(CC(C)(Oc2ccccc2)C(=O)O)cc1,7.161150909262744
CCCCC(Cc1ccc(OCCc2nc(-c3ccccc3)oc2C)cc1)(Oc1ccccc1)C(=O)O,5.592099459857365
CCC(Cc1ccc(OCCc2nc(-c3ccccc3)oc2C)cc1)(Oc1ccccc1)C(=O)O,7.1249387366083
Cc1oc(-c2cccc(-c3ccccc3)c2)nc1CCOc1ccc(CC(C)(Oc2ccccc2)C(=O)O)cc1,8.154901959985743
CC(C)(Oc1cccc(CCCN(Cc2ccc(C(F)(F)F)cc2C(F)(F)F)C(=O)COc2ccc(Cl)c(Cl)c2)c1)C(=O)O,6.1487416512809245
CC(C)(Oc1cccc(CCCN(C(=O)COc2ccc(Cl)c(Cl)c2)c2cccc(-c3ncon3)c2C2CC2)c1)C(=O)O,6.638272163982407
CC(C)(Oc1cccc(CCCN(C(=O)c2ccc(C(F)(F)F)c(C(F)(F)F)c2)c2cccc(-c3ncon3)c2C2CC2)c1)C(=O)O,7.229147988357855
CC(C)(Oc1cccc(CCCN(Cc2ccc(C(F)(F)F)cc2C(F)(F)F)C(=O)Cc2ccc(C(F)(F)F)cc2)c1)C(=O)O,6.2076083105017466
CC(C)(Oc1cccc(CCCN(CCOC(=O)c2ccc(N=C=O)cc2)Cc2ccc(C(F)(F)F)cc2C(F)(F)F)c1)C(=O)O,6.638272163982407
CCO[C@@H](Cc1ccc(OCC=C(c2ccc(-c3ccco3)cc2)c2ccc(-c3ccco3)cc2)cc1)C(=O)O,5.698970004336019
CCO[C@@H](Cc1ccc(OCC=C(c2ccc(OC)cc2)c2ccc(OC)cc2)cc1)C(=O)O,5.65878713098332
CCCc1cc(Oc2ccc(Cl)cc2)ccc1OCCCOc1ccc(C2SC(=O)NC2=O)cc1,5.522878745280337
CCCCCCCN(CCc1ccc(OC(C)(C)C(=O)O)cc1)C(=O)Nc1ccc(F)cc1,6.3872161432802645
CCCCCCCN(CCc1ccc(OC(C)(C)C(=O)O)cc1)C(=O)Nc1ccc(F)cc1F,6.102372908709558
CC(C)(Oc1ccc(CCN(C(=O)Nc2ccc(F)cc2F)C2CCCCCC2)cc1)C(=O)O,5.853871964321762
CC(C)(Oc1ccc(CCN(CCCCCC2CCCCC2)C(=O)Nc2ccc(F)cc2)cc1)C(=O)O,6.823908740944319
CC(C)(Oc1ccc(CCCN(CCc2c(F)cccc2Cl)C(=O)Nc2cccc(Cl)c2Cl)cc1)C(=O)O,6.769551078621726
CCCN[C@@H](Cc1ccc(OCCc2nc(-c3ccccc3)oc2C)cc1)C(=O)O,6.080461694749019
COC(=O)c1ccccc1N[C@@H](Cc1ccc(OCCc2nc(-c3ccccc3)oc2C)cc1)C(=O)O,5.455931955649724
CCOC(=O)C(C)(C)Oc1ccc(Cl)cc1,4.259637310505756
CCCc1c(OCCCSc2ccc(CC(=O)O)cc2Cl)ccc2c(-c3ccccc3)coc12,7.95663772197887
CCOC(Cc1ccc(OCCN(C)c2nc3ccccc3o2)cc1)C(=O)O,6.130768280269024
NC(=O)C(Cc1ccc(OCCOc2ccc3ccccc3c2)cc1)C(=O)O,6.6020599913279625
CCCc1ccccc1OCCCOc1cccc(C2OC(=O)NC2=O)c1,7.275724130399211
CCCc1cc(C=C2CCCCC2)ccc1OCCCOc1cccc(C2SC(=O)NC2=O)c1,6.769551078621726
CCCc1c(OCCCSc2ccc(CC(=O)O)cc2Cl)ccc2c(-c3ccccc3)noc12,8.522878745280337
CCCc1c(OCCCCOc2cccc(OCC(=O)O)c2)ccc2c(-c3ccccc3)noc12,6.605548319173784
CCCc1c(OCCCCOc2ccc(C(C)(C)CC(=O)O)cc2)ccc2c(-c3ccccc3)noc12,7.275724130399211
CCCc1cc(OC2CCCCC2)ccc1OCCCOc1cccc(C2SC(=O)NC2=O)c1,7.455931955649724
CCCc1c(OCCCCOc2ccc(/C=C/C(=O)O)cc2)ccc2c(-c3ccccc3)noc12,7.886056647693163
COC(=O)C(Cc1ccc(OCCOc2ccc3ccccc3c2)cc1)C(=O)O,7.356547323513812
CCCc1c(OCCOc2ccc(CCCC(=O)O)cc2)ccc2c(-c3ccccc3)noc12,7.481486060122112
CCCc1c(OCCCOc2ccc(OC(C)C(=O)O)cc2)ccc2c(-c3ccccc3)noc12,8.698970004336019
CCCc1c(OCCCCOc2cccc(C(=O)O)c2)ccc2c(-c3ccccc3)noc12,8.096910013008056
CCCc1c(OCCCCOc2ccc(CCC(=O)O)cc2)ccc2c(-c3ccccc3)noc12,6.367542707815276
CCCc1c(OCCCCOc2cccc(C(C)(C)C(=O)O)c2)ccc2c(-c3ccccc3)noc12,7.301029995663981
COC(=O)C(Cc1ccc(OCCOc2ccc3c(c2)NCCC3)cc1)C(=O)OC,6.769551078621726
CCCc1cc(C2CCCCCC2)ccc1OCCCOc1cccc(C2OC(=O)NC2=O)c1,7.267606240177032
CCCc1c(OCCCCOc2ccc(OC(C)C(=O)O)cc2)ccc2c(-c3ccccc3)noc12,8.0
COC(=O)C(Cc1ccc(OCCOc2ccc3c(c2)CCCC3)cc1)C(=O)OC,7.522878745280337
CCCc1c(OCCCCOc2cccc(CC(=O)O)c2)ccc2c(-c3ccccc3)noc12,8.301029995663981
CCCc1cc(C2CCCCC2)ccc1OCCCOc1cccc(C2OC(=O)NC2=O)c1,7.259637310505756
COC(=O)C(Cc1ccc(OCCOc2ccc3ccccc3c2)cc1)C(=O)OC,7.154901959985743
CCCc1c(OCCCCOc2cccc(OC(C)(C)C(=O)O)c2)ccc2c(-c3ccccc3)noc12,7.036212172654444
CCCc1cc(C(=O)C2CCCCC2)ccc1OCCCOc1cccc(C2SC(=O)NC2=O)c1,6.886056647693163
CCCc1cc(CC2CCCCC2)ccc1OCCCOc1cccc(C2SC(=O)NC2=O)c1,7.119186407719209
COc1ccc(C)cc1NC(=O)N(CCc1ccc(SC(C)(C)C(=O)O)cc1)CCc1ccc(-c2ccccc2)cc1,7.0
COc1ccc(NC(=O)N(CCc2ccc(SC(C)(C)C(=O)O)cc2)CCc2ccc(-c3ccccc3)cc2)c(OC)c1,8.221848749616356
Cc1ccc(NC(=O)N(CCCCC2CCCCC2)CCc2ccc(SC(C)(C)C(=O)O)cc2)cc1[N+](=O)[O-],7.698970004336019
Cc1cc(C)c(NC(=O)N(CCc2ccc(SC(C)(C)C(=O)O)cc2)CCc2ccc(-c3ccccc3)cc2)cc1C,8.045757490560675
CC(C)(Sc1ccc(CCN(CCCCC2CCCCC2)C(=O)Nc2cccc(C#N)c2)cc1)C(=O)O,8.045757490560675
CC(C)(Sc1ccc(CCN(CCc2ccc(-c3ccccc3)cc2)C(=O)Nc2cc(Cl)cc(Cl)c2)cc1)C(=O)O,7.301029995663981
CCCn1c(CCCc2ccc(OC(C)(C)C(=O)O)cc2)nn(Cc2ccc(C)cc2)c1=O,8.221848749616356
Cc1ccc(Cn2nc(CCCc3ccc(OC(C)(C)C(=O)O)cc3)n(CC(=O)O)c2=O)cc1,5.568636235841013
CCCn1c(CCCc2ccc(OC(C)(C)C(=O)O)cc2)nn(Cc2cccc(OC)c2)c1=O,7.508638306165727
CCCn1c(CCc2ccc(OC(C)(C)C(=O)O)cc2)nn(Cc2ccc(C)cc2)c1=O,5.552841968657781
Cn1c(CCCc2ccc(OC(C)(C)C(=O)O)cc2)nn(Cc2ccc(C(C)(C)C)cc2)c1=O,8.698970004336019
CCCn1c(CCCc2ccc(OC(C)(C)C(=O)O)cc2)nn(C(C)c2ccccc2)c1=O,6.657577319177793
CCO[C@@H](Cc1ccc(OCCn2c3ccccc3c3cc(Br)ccc32)cc1)C(=O)O,5.619894630472055
CCOC(Cc1ccc(OCCN2c3ccccc3C=Cc3ccccc32)cc1)C(=O)O,5.022276394711152
CCOC(Cc1ccc(OCCC2Sc3ccccc3Oc3ccccc32)cc1)C(=O)O,5.045757490560675
Cc1ccsc1-c1nc(CCOc2ccc(C[C@H](Nc3ccccc3C(=O)c3ccccc3)C(=O)O)cc2)c(C)o1,5.559999795538785
Cc1sc(N2CCN(C)CC2)nc1CCOc1ccc(C[C@H](Nc2ccccc2C(=O)c2ccccc2)C(=O)O)cc1,5.190000154058473
CCOC(Cc1ccc(OCCCN2c3ccccc3OCOc3ccccc32)cc1)C(=O)O,5.920818753952375
CCO[C@@H](Cc1ccc(OCCn2c3ccc(Br)cc3c3cc(Br)ccc32)cc1)C(=O)O,6.65878317185609
Cc1sc(-c2ccccc2)nc1CCOc1ccc(C[C@H](Nc2ccccc2C(=O)c2ccccc2)C(=O)O)cc1,5.979999397807417
CCOC(Cc1ccc(OCCC2c3ccccc3Oc3ccccc32)cc1)C(=O)O,5.017728766960431
CCc1ccc(CCOc2ccc(CC3SC(=O)NC3=O)cc2)nc1,5.175223537524454
Cc1cc(-c2ccccc2)nn1CCOc1ccc(C[C@H](Nc2ccccc2C(=O)c2ccccc2)C(=O)O)cc1,6.180002266489224
COc1ccc(-c2nc(CCOc3ccc(C[C@H](Nc4ccccc4C(=O)c4ccccc4)C(=O)O)cc3)c(C)o2)cc1,6.409994580348671
CCOC(Cc1ccc(OCCNC2=Nc3ccccc3Sc3ccccc32)cc1)C(=O)O,5.1249387366083
CCCc1cc(Oc2ccc(F)cc2)ccc1OCCCOc1ccc2c(c1)OC(CC)(C(=O)O)CC2,8.0
CCCc1cc(Oc2ccc(Cl)cc2)ccc1OCCCOc1ccc2c(c1)OC(CC)(C(=O)O)CC2,6.6777807052660805
Cc1oc(-c2ccc(-c3ccccc3)cc2)nc1CCOc1ccc(OC(C)(C)C(=O)O)cc1,6.823908740944319
CCCc1cc(Oc2ccccc2)ccc1OCCCOc1ccc2c(c1)OC(C)(C(=O)O)CC2,7.0
CCCc1cc(Oc2ccccc2)ccc1OCCCCOc1ccc2c(c1)OC(C)(C(=O)O)CC2,5.2839966563652006
CCCc1cc(Oc2ccccc2)ccc1OCCCOc1ccc2c(c1)OC(CC)(C(=O)O)CC2,7.522878745280337
CCCc1cc(Oc2ccccc2)ccc1OCCCCOc1ccc2c(c1)OC(C(=O)O)CC2,5.200659450546418
CCCc1cc(Oc2ccccc2)ccc1OCCCOc1ccc2c(c1)OC(CCC)(C(=O)O)CC2,6.920818753952375
CCC1(C(=O)O)CCc2ccc(OCCCOc3ccc(Oc4ccccc4)cc3Cl)cc2O1,7.522878745280337
CCC1(C(=O)O)CCc2ccc(OCCCOc3ccc(Oc4ccccc4)cc3)cc2O1,6.657577319177793
Cc1oc(-c2ccccc2)nc1CCOc1ccc(OCC(=O)O)cc1,5.560509409610316
Cc1oc(-c2ccccc2)nc1CCOc1ccc(CC2SC(=O)NC2=O)cc1,6.112945621949043
CCO[C@@H](Cc1ccc(OC/C=C/C#Cc2ccc(C#C/C=C/COc3ccc(C[C@H](OCC)C(=O)O)cc3)cc2)cc1)C(=O)O,6.1487416512809245
CCO[C@@H](Cc1ccc(OC/C=C/C#Cc2cccc(C#C/C=C/COc3ccc(C[C@H](OCC)C(=O)O)cc3)c2)cc1)C(=O)O,6.522878745280337
CCO[C@@H](Cc1ccc(OC/C=C(\C)c2ccc(-c3ccccc3)cc2)cc1)C(=O)O,6.305394801066432
Cc1ccc(NC(=O)c2ccc(Cl)cc2Cl)c(C(=O)O)c1,5.022276394711152
CCCc1c(OCCCSc2ccc(CC(=O)O)cc2Cl)ccc(/C(CC)=N/O)c1O,7.130768280269024
CCCc1c(OCCCSc2ccc(CC(=O)O)cc2Cl)ccc2c(C(F)(F)F)noc12,6.903089986991944
CCCc1c(OCCCSc2ccc(CC(=O)O)cc2Cl)ccc(C(C)=O)c1O,5.795880017344075
Cc1cc(OCc2sc(-c3ccc(C(F)(F)F)cc3)nc2C)ccc1/C=C/C(=O)O,5.494850021680094
Cc1cc(OCc2sc(-c3ccc(C(F)(F)F)cc3)nc2C)ccc1CCC(=O)O,5.769551078621726
Cc1cc(SCc2oc(-c3ccc(C(F)(F)F)cc3)nc2C)ccc1OCC(=O)O,5.6020599913279625
Cc1nc(-c2ccc(C(F)(F)F)cc2)sc1COc1ccc(CC(=O)O)cc1,5.161150909262744
CC[C@]1(C(=O)O)CCc2ccc(OCCCOc3ccc(C4CCCCC4)cc3Cl)cc2O1,8.301029995663981
CC[C@]1(C(=O)O)CCc2ccc(OCCCOc3ccc(Cl)cc3Cl)cc2O1,6.886056647693163
CC[C@]1(C(=O)O)CCc2ccc(OCCCOc3ccc(C(C)C)cc3Cl)cc2O1,7.619788758288394
CC[C@]1(C(=O)O)CCc2ccc(OCCCOc3ccc(OC(F)(F)F)cc3Cl)cc2O1,8.221848749616356
CC[C@]1(C(=O)O)CCc2ccc(OCCCOc3ccc(C4CCOCC4)cc3Cl)cc2O1,7.657577319177793
CC[C@]1(C(=O)O)CCc2ccc(OCCCOc3ccc(C(F)(F)F)cc3Cl)cc2O1,7.443697499232712
CC[C@]1(C(=O)O)CCc2ccc(OCCCOc3ccc(OCC(F)(F)F)cc3Cl)cc2O1,8.397940008672037
CC[C@]1(C(=O)O)CCc2ccc(OCCCOc3ccc(C(C)(C)C)cc3Cl)cc2O1,7.552841968657781
C[C@]1(C(=O)O)CCc2ccc(OCCCOc3ccc(OC(F)(F)F)cc3Cl)cc2O1,7.698970004336019
C[C@]1(C(=O)O)CCc2ccc(OCCCOc3ccc(OCC(F)(F)F)cc3Cl)cc2O1,7.397940008672037
C[C@]1(C(=O)O)CCc2ccc(OCCCOc3ccc(OCC4CCC4)cc3Cl)cc2O1,6.853871964321762
CC(C)(C)c1ccc(OCCCOc2ccc3c(c2)O[C@@](C)(C(=O)O)CC3)c(Cl)c1,7.096910013008056
CC(C)Cc1ccc(OCCCOc2ccc3c(c2)O[C@@](C)(C(=O)O)CC3)c(Cl)c1,8.221848749616356
C[C@]1(C(=O)O)CCc2ccc(OCCCOc3ccc(C4CCCC4)cc3Cl)cc2O1,8.045757490560675
C[C@]1(C(=O)O)CCc2ccc(OCCCOc3ccc(OCC4CC4)cc3Cl)cc2O1,6.619788758288394
C[C@]1(C(=O)O)CCc2ccc(OCCCOc3ccc(C4CCC5(CC4)CC5)cc3Cl)cc2O1,6.376750709602099
C[C@]1(C(=O)O)CCc2ccc(OCCCOc3ccc(Oc4ccc(F)cc4)cc3Cl)cc2O1,7.214670164989233
CCC(C)(C)c1ccc(OCCCOc2ccc3c(c2)O[C@@](C)(C(=O)O)CC3)c(Cl)c1,8.397940008672037
O=C(O)C1CCc2ccc(OCCCOc3ccc(OCC(F)(F)F)cc3Cl)cc2O1,6.920818753952375
CC1(C)CCC(c2ccc(OCCCOc3ccc4c(c3)O[C@@](C)(C(=O)O)CC4)c(Cl)c2)CC1,6.0
CCO[C@@H](Cc1ccc(OCCCOc2ccc(Oc3ccccc3)cc2)cc1)C(=O)O,5.560036064079095
COc1cc(C[C@H](OC)C(=O)O)ccc1OCCCOc1ccc(Oc2ccccc2)cc1,5.667157733005649
CO[C@@H](Cc1ccc(OCCCOc2ccc(C(=O)c3ccccc3)cc2)c(Cl)c1)C(=O)O,5.566550206238404
CO[C@@H](Cc1ccc(C#CCCOc2ccc(Oc3ccccc3)cc2)cc1)C(=O)O,5.72584215073632
CO[C@@H](Cc1ccc(C#CCCCOc2ccc(Oc3ccccc3)cc2)cc1)C(=O)O,5.581367312645934
Cc1ccc(OC(C)(Cc2ccc(OCCc3nc(-c4ccc(-c5ccccc5)cc4)oc3C)cc2)C(=O)O)cc1,7.4089353929735005
Cc1ccc(OC(C)(Cc2ccc(OCCc3nc(-c4cccc(-c5ccccc5)c4)oc3C)cc2)C(=O)O)cc1,7.638272163982407
Cc1oc(-c2cccc(-c3ccccc3)c2)nc1CCOc1ccc(CC(C)(Oc2ccc(C(C)(C)C)cc2)C(=O)O)cc1,7.309803919971486
Cc1oc(-c2ccc(-c3ccccc3)cc2)nc1CCOc1ccc(CC(C)(Oc2ccc(C(C)(C)C)cc2)C(=O)O)cc1,6.585026652029182
Cc1ccc(OC(C)(Cc2ccc(OCCc3nc(-c4ccccc4)oc3C)cc2)C(=O)O)cc1,8.154901959985743
CCCc1cc(C(=O)CC)cc(CCC)c1O[C@H](C(=O)O)c1ccc(C(F)(F)F)cc1,6.6020599913279625
CCCc1cc2c(oc(=O)n2C(C)C)c(CCC)c1O[C@H](C(=O)O)c1ccc(C(C)C)cc1,6.853871964321762
CCCc1cc2c(oc(=O)n2CC(F)(F)F)c(CCC)c1O[C@H](C(=O)O)c1ccc(C(C)C)cc1,6.508638306165727
CCCc1cc2c(=O)n(C(C)C)oc2c(CCC)c1O[C@H](C(=O)O)c1ccc(C(C)C)cc1,6.568636235841013
CCCc1cc(C(=O)CC)cc(CCC)c1OC(C(=O)O)c1ccccc1,7.0
CCCc1cc(C(=O)C(C)C)cc(CCC)c1OC(C(=O)O)c1ccccc1,6.6020599913279625
CCCc1cc(C(=O)CC)cc(C)c1OC(C(=O)O)c1ccc(C(C)C)cc1,6.795880017344075
CCCc1cc(C(=O)CC)cc(CCC)c1O[C@H](C(=O)O)c1ccc(C(C)C)cc1,7.251811972993799
CCc1ccc(O[C@@H](Cc2ccccc2)C(=O)O)cc1,6.152442763521002
O=C(O)[C@H](Cc1ccccc1)Oc1ccc2ccccc2c1,5.851931287955853
O=C(O)[C@H](Cc1ccccc1)Oc1ccc(C(F)(F)F)cc1,6.301029995663981
CC(=O)c1ccc(O[C@@H](Cc2ccccc2)C(=O)O)cc1,4.869833064796229
CC(C)[C@@]1(C(=O)O)Cc2cc(OCCCOc3ccc(OC(F)(F)F)cc3Cl)ccc2O1,8.070581074285707
CCC1(C(=O)O)Cc2ccc(OCCCOc3ccc(OC(F)(F)F)cc3Cl)cc2O1,7.431798275933005
CCCc1cc2c(OC)noc2c(CCC)c1OC(C)(C)C(=O)O,7.221848749616356
CCCc1cc2c(C(F)(F)F)noc2c(CCC)c1OC(C)C(=O)O,6.2076083105017466
CCCc1cc(C(=O)CC)cc(CCC)c1OC(C)(C)C(=O)O,8.0
CCCCCOc1nc2ccccc2cc1C(O)CC#CCCCC(=O)OC,6.581698708680254
CCCCCOc1cc2ccccc2cc1C(O)C/C=C/CCCC(=O)OC,5.837435593476981
CCCCCOc1nc2ccccc2cc1C(O)C/C=C\CCCC(=O)OC,5.886056647693163
CCCc1c(OCCCCOc2ccc3c(ccn3CC(=O)O)c2)ccc2c(C(F)(F)F)noc12,5.984221243610959
CCCc1c(OCCCOc2ccc3c(ccn3Cc3nn[nH]n3)c2)ccc2c(C(F)(F)F)noc12,6.324221658325915
CCCc1c(OCCCOc2cccc3c2ccn3CC(=O)O)ccc2c(-c3ccccc3)noc12,8.698970004336019
CCCc1c(OCCCOc2ccc3c(ccn3CC(=O)O)c2)ccc2c(-c3ccccc3)noc12,7.744727494896693
CCCc1c(OCCCOc2cccc3c2ccn3CC(=O)O)ccc2cc[nH]c12,5.917573699139228
CCCc1c(OCCCOc2ccc3c(ccn3CC(=O)O)c2)ccc2c(C#N)c[nH]c12,5.283078926833239
CCCc1c(OCCCOc2ccc3c(ccn3CC(=O)O)c2)ccc2c(C(=O)C(F)(F)F)c[nH]c12,5.657577319177793
CCCc1c(OCCCOc2cccc3c2ccn3CC(=O)O)ccc2c(-c3ccccc3)coc12,6.772113295386326
CCC(C(=O)O)C1CCc2cc(OCCc3nc(-c4cc(C)on4)oc3C)ccc21,6.082494490447453
CCC(C(=O)O)C1CCc2cc(OCCc3nc(-c4cc5ccccc5s4)oc3C)ccc21,6.542118103266008
CCC(C(=O)O)C1CCc2cc(OCCc3nc(-c4ccc5c(c4)OCC5)oc3C)ccc21,7.187086643357144
CCC(C(=O)O)C1CCc2cc(OCCc3nc(-c4ccco4)oc3C)ccc21,6.127843727251707
CCC(C(=O)O)C1CCc2cc(OCCc3nc(-c4ccc5ccccc5c4)oc3C)ccc21,6.982966660701219
CCC(C(=O)O)C1CCc2cc(OCCc3nc(-c4cccc5ccccc45)oc3C)ccc21,6.345823458122039
CCC(C(=O)O)C1CCc2cc(OCCc3nc(-c4ccc(-c5ccccc5)cc4)oc3C)ccc21,5.484126156288321
CCC(C(=O)O)C1CCc2cc(OCCc3nc(-c4ccc(Cl)cc4Cl)oc3C)ccc21,5.261219441515631
CCC(C(=O)O)C1CCc2cc(OCCc3nc(-c4c(F)cccc4F)oc3C)ccc21,6.281498311132726
CCC(C(=O)O)C1CCc2cc(OCCc3nc(-c4ccc(F)c(C)c4)oc3C)ccc21,7.1249387366083
CCC(C(=O)O)C1CCc2cc(OCCc3nc(-c4ccc(C)c(C)c4)oc3C)ccc21,7.42021640338319
CCC(C(=O)O)C1CCc2cc(OCCc3nc(-c4ccc(Cl)cc4)oc3C)ccc21,7.036212172654444
CCC(C(=O)O)C1CCc2cc(OCCc3nc(-c4cccc(F)c4)oc3C)ccc21,6.473660722610156
CCC(C(=O)O)C1CCc2cc(OCCc3nc(-c4ccccc4F)oc3C)ccc21,6.252588192113577
CCC(C(=O)O)C1CCc2cc(OCCc3nc(-c4ccc(OC)cc4)oc3C)ccc21,6.701146923590294
CCC(C(=O)O)C1CCc2cc(OCCc3nc(-c4ccc(C(C)(C)C)cc4)oc3C)ccc21,6.619788758288394
CCCCc1ccc(-c2nc(CCOc3ccc4c(c3)CCC4C(CC)C(=O)O)c(C)o2)cc1,7.086186147616283
CCC(C(=O)O)C1CCc2cc(OCCc3nc(-c4cccc(C)c4)oc3C)ccc21,6.567030709125595
CCC(C(=O)O)C1CCc2cc(OCCc3nc(-c4ccccc4C)oc3C)ccc21,6.195860567664649
CCC(C(=O)O)C1CCc2cc(OCCc3nc(C4CCCCC4)oc3C)ccc21,6.954677021213342
CCC(C(=O)O)C1CCc2cc(OCCc3nc(COc4ccc(Cl)cc4)oc3C)ccc21,7.275724130399211
CCC(C(=O)O)C1CCc2cc(OCCc3nc(COc4ccccc4)oc3C)ccc21,7.214670164989233
CCC(C(=O)O)C1CCc2cc(OCCc3nc(Cc4ccc(F)cc4)oc3C)ccc21,6.690369832574102
CCC(C(=O)O)C1CCc2cc(OCCc3nc(-c4ccccc4)oc3C)c(-c3ccccc3)cc21,7.236572006437063
CCC(C(=O)O)C1CCc2cc(OCCc3nc(-c4ccccc4)oc3C)c(C(C)=O)cc21,6.485452247339714
CCC(C(=O)O)C1CCc2cc(OCCc3nc(-c4ccccc4)oc3C)c(Br)cc21,6.742321425130816
CCC(C(=O)O)C1CCc2cc(OCCc3nc(-c4ccccc4)oc3C)c(Cl)cc21,6.896196279044043
CCC(C(=O)O)C1CCc2cc(OCCc3coc(-c4ccccc4)n3)ccc21,6.416801226031377
CCC(C(=O)O)C1CCc2cc(OCCCc3nc(-c4ccccc4)oc3C(F)(F)F)ccc21,6.634512015109101
CCC(C(=O)O)C1CCc2cc(OCc3cc(-c4ccccc4)on3)ccc21,6.173925197299173
CCC(C(=O)O)C1CCc2cc(OCc3nc(-c4ccccc4)oc3C(F)(F)F)ccc21,6.0
CCC(C(=O)O)C1CCc2cc(OCCc3noc(-c4ccccc4)n3)ccc21,5.982966660701219
CCOC(C(=O)O)C1CCc2cc(OCCc3nc(-c4ccccc4)oc3C)ccc21,6.301029995663981
CCOC(=O)C(C(=O)O)C1CCc2cc(OCCc3nc(-c4ccccc4)oc3C)ccc21,6.511449283499556
CCCC(C(=O)O)C1CCc2cc(OCCc3nc(-c4ccccc4)oc3C)ccc21,5.410050398674292
Cc1oc(-c2ccccc2)nc1CCOc1ccc2c(c1)CCC2C(C(=O)O)C1CC1,6.0996328713435295
CC[C@@H](Cc1ccc(OC)c(CNC(=O)c2ccc(C(F)(F)F)c(F)c2)c1)C(=O)O,7.958607314841775
CCC(Cc1ccc(OC)c(C(=O)NCc2ccc(C(F)(F)F)cc2F)c1)C(=O)O,7.698970004336019
CCCc1cc(C(=O)c2ccc(F)cc2)ccc1OCCCOc1cccc2c1ccn2CC(=O)O,6.111820506081675
CCCc1cc(C(=O)c2ccc(F)cc2)ccc1OCCCOc1ccc2c(ccn2CC(=O)O)c1,7.301029995663981
O=C(O)Cn1ccc2cc(OCCCOc3ccc4cc(C(=O)c5ccccc5)ccc4c3)ccc21,6.568636235841013
CCCc1c(OCCCOc2cccc3c2ccn3CC(=O)O)ccc2cc(C(=O)c3ccccc3)ccc12,7.721246399047171
CCCc1c(OCCCOc2ccc3ccn(CC(=O)O)c3c2)ccc2cc(C(=O)c3ccccc3)ccc12,5.606424796730413
CC(C)(Oc1cccc(OCCCOc2ccc(Oc3ccc(F)cc3)cc2Cl)c1)C(=O)O,7.54515513999149
CC(C)(Oc1ccc(OCCCOc2ccc(Oc3ccc(F)cc3)cc2Cl)cc1)C(=O)O,7.698970004336019
CCCC(Cc1ccc(OCCCOc2ccc(Oc3ccc(F)cc3)cc2Cl)cc1)C(=O)O,6.342944147142896
CC[C@@](C)(Cc1ccc(OCCCOc2ccc3c(c2)OC(C)(C)C=C3c2cccc(C(F)(F)F)c2)cc1)C(=O)O,8.0
CC[C@@](C)(Cc1ccc(OCCCOc2ccc3c(C(F)(F)F)cc(=O)oc3c2C)cc1)C(=O)O,8.0
CC[C@@](C)(Cc1ccc(OCCCOc2cc3oc(=O)cc(C(F)(F)F)c3cc2Cl)cc1)C(=O)O,7.356547323513812
CC[C@@](C)(Cc1ccc(OCCCOc2ccc(C3CCC(C)(C)CC3)cc2Cl)cc1)C(=O)O,7.560667306169737
CC[C@@](C)(Cc1ccc(OCCCOc2ccc(C3CCCCC3)cc2Cl)cc1)C(=O)O,9.0
CC[C@@](C)(Cc1ccc(OCCCOc2ccc(C(F)(F)F)cc2Cl)cc1)C(=O)O,8.537602002101044
CC[C@@](C)(Cc1ccc(OCCCOc2ccc(OS(C)(=O)=O)cc2Cl)cc1)C(=O)O,7.943095148663527
CC[C@@](C)(Cc1ccc(OCCCOc2ccc(OCC(F)(F)F)cc2Cl)cc1)C(=O)O,8.10790539730952
CC[C@@](C)(Cc1ccc(OCCCOc2ccc(OC(F)(F)F)cc2Cl)cc1)C(=O)O,8.67778070526608
CC[C@@](C)(Cc1ccc(OCCCOc2ccccc2Cl)cc1)C(=O)O,7.266802734893431
O=C(O)C(Cc1ccc(OCCCOc2ccc(Oc3ccc(F)cc3)cc2Cl)cc1)C1CCC1,7.823908740944319
CCC(CC)(Cc1ccc(OCCCOc2ccc(Oc3ccc(F)cc3)cc2Cl)cc1)C(=O)O,8.568636235841012
Cc1cc(OCc2cc(-c3ccc(C(F)(F)F)cc3)cc(-c3ccc(C(F)(F)F)cc3)c2)ccc1OCC(=O)O,5.47755576649368
CC(C)(Oc1ccc(OCc2cc(-c3ccc(C(F)(F)F)cc3)cc(-c3ccc(C(F)(F)F)cc3)c2)cc1)C(=O)O,6.136677139879544
O=C(O)COc1ccc(OCc2cc(-c3ccc(C(F)(F)F)cc3)cc(-c3ccc(C(F)(F)F)cc3)c2)cc1,5.785156151952302
CCC(Oc1ccc(C2(c3ccc(OC(CC)C(=O)O)c(C)c3)CCCCC2)cc1C)C(=O)O,5.455931955649724
O=C(O)Cc1ccc(-c2noc(C3CC3)c2C(=O)NCCOc2ccc(Cl)cc2Cl)c(Cl)c1,5.777283528852417
CCOC(Cc1cccc2c1ccn2CCCc1nc(-c2ccccc2)oc1C)C(=O)O,6.721246399047171
CCOC(Cc1ccc2c(ccn2Cc2nc(-c3ccccc3C)oc2C)c1)C(=O)O,6.080921907623926
CCOC(Cc1ccc2c(ccn2Cc2nc(-c3ccccc3Cl)oc2C)c1)C(=O)O,6.091514981121351
CCOC(Cc1ccc2c(ccn2Cc2nc(-c3cccc(Cl)c3)oc2C)c1)C(=O)O,6.886056647693163
CCOC(Cc1ccc2c(ccn2Cc2nc(-c3ccc(C(F)(F)F)cc3)oc2C)c1)C(=O)O,6.769551078621726
CCOC(Cc1ccc2c(ccn2Cc2nc(-c3ccc(CC)cc3)oc2C)c1)C(=O)O,7.154901959985743
COC(Cc1ccc2c(ccn2Cc2nc(-c3ccccc3)oc2C)c1)C(=O)O,6.455931955649724
CCOC(Cc1ccc2c(ccn2Cc2nc(-c3ccc(C(C)C)cc3)oc2C)c1)C(=O)O,6.3872161432802645
CCOC(Cc1ccc2c(ccn2Cc2nc(-c3ccc(C(C)(C)C)cc3)oc2C)c1)C(=O)O,6.136677139879544
CCOC(Cc1ccc2c(ccn2Cc2nc(-c3cc(Cl)cc(Cl)c3)oc2C)c1)C(=O)O,7.522878745280337
CCCOC(Cc1ccc2c(ccn2Cc2nc(-c3ccc(C(F)(F)F)cc3)oc2C)c1)C(=O)O,6.292429823902063
Cc1oc(-c2ccc(C(F)(F)F)cc2)nc1Cn1ccc2cc(CC(OC(C)C)C(=O)O)ccc21,7.698970004336019
CCOC(Cc1ccc2c(c1)c(C)cn2Cc1nc(-c2ccc(C(F)(F)F)cc2)oc1C)C(=O)O,6.769551078621726
CCCc1cc(C(F)(F)F)ncc1OCCCOc1ccc(OCC(=O)O)c(C)c1,5.876148359032914
CCCc1cc(C(F)(F)F)ccc1OCCCOc1ccc(OCC(=O)O)c(C)c1,6.987162775294828
CCCc1cc(C(F)(F)F)ccc1OCCCOc1ccc(OCC(=O)OC)c(C)c1,5.995678626217358
CCCc1cc(C(F)(F)F)ccc1OCCCOc1ccc(OCC(=O)OC)cc1,5.853561864714226
CCCc1c(OCCCOc2ccc(OCC(=O)OC)cc2)cnc(C(C)=O)c1O,5.076186278908811
CCCc1c(OCCCOc2ccc(OCC(=O)OC)cc2)ccc(C(C)=O)c1O,5.971428747307463
C[C@H](CCOc1ccc(CCC(=O)O)c(F)c1)Oc1ccc(Cl)cc1Oc1ccccc1,5.65286521708998
Cc1cc(OCC[C@@H](C)Oc2ccc(C(F)(F)F)cc2Oc2ccccc2)ccc1CCC(=O)O,6.311580177997289
CCc1ccc(OC(C)CCOc2ccc(CCC(=O)O)c(C)c2)c(Cc2ccccc2)c1,5.550830267834799
CCCc1c(OCCCn2ccc3c(OCC(=O)O)cccc32)ccc2cc(C(=O)c3ccccc3)ccc12,6.686132779630847
CCCc1c(OCCCn2ccc3ccc(OC(C)(C)C(=O)O)cc32)ccc2cc(C(=O)c3ccccc3)ccc12,5.959002307576509
CCCc1c(OCCCn2ccc3cc(OC(C)(C)C(=O)O)ccc32)ccc2cc(C(=O)c3ccccc3)ccc12,6.915423722065669
CCCc1c(OCCCn2ccc3c(OC(C)(C)C(=O)O)cccc32)ccc2cc(C(=O)c3ccccc3)ccc12,6.549750891680639
CCCc1c(OCCCn2ccc3ccc(OCC(=O)O)cc32)ccc2cc(C(=O)c3ccccc3)ccc12,5.6823544567788415
CCCc1c(OCCCn2ccc3cc(OCC(=O)O)ccc32)ccc2cc(C(=O)c3ccccc3)ccc12,7.494850021680094
O=C(O)Cc1ccc(COc2cccc(-c3c(Cc4ccccc4)cnc4c(C(F)(F)F)cccc34)c2)cc1,5.882397308309916
O=C(O)Cc1ccc(CNc2cccc(-c3c(Cc4ccccc4)cnc4c(C(F)(F)F)cccc34)c2)cc1,5.886056647693163
Cc1oc(-c2ccc(Cl)cc2)nc1CCOc1ccc(CC2(C(=O)O)CCCO2)cn1,7.920818753952375
Cc1ccc(-c2nc(CCOc3ccc(CC4(C(=O)O)CCCO4)cn3)c(C)o2)cc1,7.568636235841013
Cc1oc(-c2ccccc2)nc1CCOc1ccc(CC2(C(=O)O)CC2)cn1,5.211124884224583
CCOC(Cc1ccc(OCCc2nc(-c3ccccc3)oc2C)nc1)C(=O)O,7.42021640338319
Cc1oc(-c2ccccc2)nc1CCCOc1ccc(CC2(C(=O)O)CCCO2)cn1,5.735182176990463
Cc1oc(-c2ccccc2)nc1CCOc1ccc(CC(C(=O)O)C(C)(C)C)cn1,5.026872146400302
COC(Cc1ccc(OCCc2nc(-c3ccccc3)oc2C)cn1)C(=O)O,5.503070351926785
Cc1oc(-c2ccccc2)nc1CCOc1cnc(CC2(C(=O)O)CCCO2)cn1,5.723538195826756
Cc1oc(-c2ccc(Cl)cc2)nc1CCOc1ccc(CC2(C(=O)O)CCCO2)nc1,7.318758762624412
COc1ccc(-c2nc(CCOc3ccc(CC4(C(=O)O)CCCO4)nc3)c(C)o2)cc1,6.359518563029578
Cc1oc(-c2ccc(-c3ccccc3)cc2)nc1CCOc1ccc(CCC(=O)O)c(CNC(=O)OC(C)C)c1,6.073143291050307
Cc1oc(-c2ccccc2)nc1CCOc1ccc(CCC(=O)O)c2c1CCN(C(=O)OCC(C)C)C2,5.7657358756212105
CCCOC(=O)N1CCc2c(OCCc3nc(-c4ccc(-c5ccccc5)cc4)oc3C)ccc(CCC(=O)O)c2C1,5.621057301386562
Cc1oc(-c2ccccc2)nc1CCOc1ccc(CCC(=O)O)c(CNC(=O)OCc2ccccc2)c1,6.288192770958809
Cc1sc(N2CCOCC2)nc1CCOc1ccc(CCC(=O)O)c(CNC(=O)OC(C)C)c1,6.006123085058789
Cc1oc(-c2ccc(-c3ccccc3)cc2)nc1CCOc1ccc(CCC(=O)O)c(CNC(=O)Oc2cnccn2)c1,6.703334809738469
Cc1oc(-c2ccccc2)nc1CCOc1ccc(CCC(=O)O)c(CNC(=O)Oc2cnccn2)c1,7.455931955649724
Cc1oc(-c2ccc(-c3ncccn3)cc2)nc1CCOc1ccc(CCC(=O)O)c(CNC(=O)OC(C)C)c1,6.045757490560675
Cc1oc(-c2ccc(Oc3ccccc3)cc2)nc1CCOc1ccc(CCC(=O)O)c(CNC(=O)OC(C)C)c1,7.107905397309519
Cc1oc(-c2ccccc2)nc1CCOc1ccc(CCC(=O)O)c(CNC(=O)OC(C)C)c1,7.154901959985743
Cc1oc(-c2ccccc2)nc1CCOc1ccc(CCC(=O)O)c(CNC(=O)CCc2ccccc2)c1,5.552686891176432
Cc1nc(-c2ccc(C(F)(F)F)cc2)sc1CCc1ccc(OC(C)(C)C(=O)O)cc1,6.6777807052660805
CC(C)(Oc1ccc(CNC(=O)c2sc(-c3ccc(C(F)(F)F)cc3)nc2C(F)(F)F)cc1)C(=O)O,8.397940008672037
Cc1nc(C(=O)NCc2ccc(OC(C)(C)C(=O)O)cc2)c(C)s1,5.723538195826756
Cc1nc(-c2ccc(N)cc2)sc1C(=O)NCc1ccc(OC(C)(C)C(=O)O)cc1,5.248720896016658
Cc1nc(-c2ccccc2C(F)(F)F)sc1C(=O)NCc1ccc(OC(C)(C)C(=O)O)cc1,6.332547047110047
CC(C)(Oc1ccc(CNC(=O)c2cnc(-c3ccccc3)s2)cc1)C(=O)O,6.920818753952375
COc1ccc(-c2nc(C)c(C(=O)NCc3ccc(OC(C)(C)C(=O)O)cc3)s2)cc1,8.0
Cc1nc(-c2ccc([N+](=O)[O-])cc2)sc1C(=O)NCc1ccc(OC(C)(C)C(=O)O)cc1,7.522878745280337
Cc1nc(-c2ccc(Cl)cc2)sc1C(=O)NCc1ccc(OC(C)(C)C(=O)O)cc1,8.0
Cc1nc(-c2ccc(C(C)(C)C)cc2)sc1C(=O)NCc1ccc(OC(C)(C)C(=O)O)cc1,8.346787486224656
Cc1nc(-c2ccc(C(F)(F)F)cc2)sc1C(=O)NCCc1ccc(OC(C)(C)C(=O)O)cc1,6.958607314841775
Cc1nc(-c2ccc(C(F)(F)F)cc2)sc1CNC(=O)c1ccc(OC(C)(C)C(=O)O)cc1,5.87942606879415
Cc1nc(-c2ccc(C(F)(F)F)cc2)sc1C(=O)N(C)Cc1ccc(OC(C)(C)C(=O)O)cc1,6.619788758288394
Cc1nc(-c2ccc(C(F)(F)F)cc2)sc1C(=O)NCc1ccc(OC(C)(C)C(=O)O)cc1,8.103749437538362
Cc1nc(-c2ccc(C(F)(F)F)cc2)sc1CNCc1ccc(OC(C)(C)C(=O)O)cc1,7.154901959985743
CCc1ccc(OCCCOc2ccc3c(c2)CC[C@H]3CC(=O)O)cc1,5.703334809738469
CCc1ccc(OCCCOc2ccc3c(c2)CC[C@H]3CC(=O)O)c(OC)c1,6.154901959985743
CCCc1cc(C(F)(F)F)ccc1OCCCOc1ccc2c(c1)CC[C@H]2CC(=O)O,5.943095148663527
N#Cc1ccc(OCCCOc2ccc3c(c2)CC[C@H]3CC(=O)O)cc1,5.2441251443275085
O=C(O)C[C@@H]1CCc2cc(OCCCOc3ccc(OC(F)(F)F)cc3)ccc21,5.167491087293763
O=C(O)C[C@@H]1CCc2cc(OCCCOc3ccc(C(F)(F)F)cc3)ccc21,5.79317412396815
O=C(O)C[C@@H]1CCc2cc(OCCCOc3ccc(-c4ccc(C(F)(F)F)cn4)cc3)ccc21,5.537602002101044
Cc1cccc(-c2ccc(OCCCOc3ccc4c(c3)CC[C@H]4CC(=O)O)cc2)n1,5.279014255846261
O=C(O)C[C@@H]1CCc2cc(OCCCOc3ccc(-c4cncnc4)cc3)ccc21,5.137868620686962
O=C(O)C[C@@H]1CCc2cc(OCCCOc3ccc(-c4cccnc4)cc3)ccc21,5.772113295386326
O=C(O)C[C@@H]1CCc2cc(OCCCOc3ccc(-c4ccc5cc[nH]c5c4)cc3)ccc21,5.180456064458132
O=C(O)C[C@@H]1CCc2cc(OCCCOc3ccc(-c4ccoc4)cc3)ccc21,5.485452247339714
Cc1cc(-c2nc(C(F)(F)F)ns2)ccc1OCCCOc1ccc2c(c1)CC[C@H]2CC(=O)O,6.2839966563652006
O=C(O)C[C@@H]1CCc2cc(OCCCOc3ccc(-n4cnnc4)cc3Cl)ccc21,5.164309428507575
COc1cc(-c2nc(C)c(C)s2)ccc1OCCCOc1ccc2c(c1)CC[C@H]2CC(=O)O,7.080921907623926
COc1cc(-c2nc(C(F)(F)F)cs2)ccc1OCCCOc1ccc2c(c1)CC[C@H]2CC(=O)O,6.359518563029578
CCCc1cc(-c2nc(C(F)(F)F)cs2)ccc1OCCCOc1ccc2c(c1)CC[C@H]2CC(=O)O,6.705533773838407
CCc1csc(-c2ccc(OCCCOc3ccc4c(c3)CC[C@H]4CC(=O)O)c(OC)c2)n1,6.5951662833800615
CCCc1cc(-c2nc(CC)cs2)ccc1OCCCOc1ccc2c(c1)CC[C@H]2CC(=O)O,6.832682665251824
COc1cc(-c2nc(C)cs2)ccc1OCCCOc1ccc2c(c1)CC[C@H]2CC(=O)O,6.571865205971212
COc1cc(-c2nc(C)c(C(=O)N(C)C)s2)ccc1OCCCOc1ccc2c(c1)CC[C@H]2CC(=O)O,6.095284454721319
COc1cc(-c2nc(C)c(C(C)=O)s2)ccc1OCCCOc1ccc2c(c1)CC[C@H]2CC(=O)O,6.251811972993799
CCCc1cc(-c2nc(C)c(C(C)=O)s2)ccc1OCCCOc1ccc2c(c1)CC[C@H]2CC(=O)O,6.756961951313706
CC(=O)c1sc(-c2ccc(OCCCOc3ccc4c(c3)CC[C@H]4CC(=O)O)cc2)nc1C,5.596879478824183
COc1cc(-c2nc3ccccc3s2)ccc1OCCCOc1ccc2c(c1)CC[C@H]2CC(=O)O,6.279014255846261
COc1cc(-c2nc3c(s2)CCCO3)ccc1OCCCOc1ccc2c(c1)CC[C@H]2CC(=O)O,6.484126156288321
CCCc1cc(C2=NC3OCCCC3S2)ccc1OCCCOc1ccc2c(c1)CC[C@H]2CC(=O)O,6.964570261815451
COc1cc(-c2nc3c(s2)CCCC3)ccc1OCCCOc1ccc2c(c1)CC[C@H]2CC(=O)O,7.356547323513812
COc1cc(-c2nc3c(s2)CCC3)ccc1OCCCOc1ccc2c(c1)CC[C@H]2CC(=O)O,7.275724130399211
CCOc1nc(-c2ccc(OCCCOc3ccc4c(c3)CC[C@H]4CC(=O)O)c(OC)c2)sc1CC,6.2839966563652006
CCOc1nc(-c2ccc(OCCCOc3ccc4c(c3)CC[C@H]4CC(=O)O)c(OC)c2)sc1C,6.823908740944319
CCCc1cc(-c2nc(OCC)c(C)s2)ccc1OCCCOc1ccc2c(c1)CC[C@H]2CC(=O)O,7.214670164989233
CCOc1csc(-c2ccc(OCCCOc3ccc4c(c3)CC[C@H]4CC(=O)O)c(OC)c2)n1,5.8696662315049934
CCCc1cc(-c2nc(OCC)cs2)ccc1OCCCOc1ccc2c(c1)CC[C@H]2CC(=O)O,6.978810700930062
COc1csc(-c2ccc(OCCCOc3ccc4c(c3)CC[C@H]4CC(=O)O)c(OC)c2)n1,6.122053048370812
COc1csc(-c2ccc(OCCCOc3ccc4c(c3)CC[C@H]4CC(=O)O)cc2)n1,5.236572006437063
CCCc1cc(-c2nc(CC(=O)O)cs2)ccc1OCCCOc1ccc2c(c1)CC[C@H]2CC(=O)O,5.605548319173784
CCCc1cc(-c2nc(CO)c(C(=O)O)s2)ccc1OCCCOc1ccc2c(c1)CC[C@H]2CC(=O)O,5.187755303199631
CCCc1cc(-c2nc(C)c(C(=O)O)s2)ccc1OCCCOc1ccc2c(c1)CC[C@H]2CC(=O)O,5.772113295386326
CCCc1c(OCCCOc2ccc3c(c2)CC[C@H]3CC(=O)O)ccc2c(C(F)(F)F)noc12,6.716698771296451
Cn1ccc2cc(OCCCOc3ccc4c(c3)CC[C@H]4CC(=O)O)ccc21,5.173925197299174
Cc1cccc2c(-c3cccc(NCc4ccc(CC(=O)O)cc4)c3)c(Cc3ccccc3)cnc12,5.751536282448968
CCCCOc1ccc(CC(CCC)C(=O)O)cc1CNC(=O)c1ccc(C(F)(F)F)cc1F,6.086186147616283
CCCCC(Cc1ccc(OC)c(CNC(=O)c2ccc(C(F)(F)F)cc2)c1)C(=O)O,6.638272163982407
COc1ccc(CC(C)C(=O)O)cc1CNC(=O)c1ccc(C(F)(F)F)cc1,7.721246399047171
COc1ccc(CCC(=O)O)cc1CNC(=O)c1ccc(C(F)(F)F)cc1,6.6777807052660805
CCCOc1ccc(CC(CC)C(=O)O)cc1CNC(=O)c1ccc(C(F)(F)F)cc1F,7.387216143280264
CCCCCCOc1ccc(CC(CC)C(=O)O)cc1CNC(=O)c1ccc(C(F)(F)F)cc1,5.920818753952375
CCCOc1ccc(CC(CC)C(=O)O)cc1CNC(=O)c1ccc(C(F)(F)F)cc1,7.113509274827518
CCOc1ccc(CC(CC)C(=O)O)cc1CNC(=O)c1ccc(C(F)(F)F)cc1,7.920818753952375
CCCO/N=C(\C)C(Cc1ccc(OCCc2nc(C(C)C)oc2C)cc1)C(=O)O,8.0
CCO/N=C(\C)C(Cc1ccc(OCc2nc(C(C)C)oc2C)cc1)C(=O)O,5.907630300370879
C/C(=N\OCCF)C(Cc1ccc(OCCc2nc(-c3ccc(F)cc3)oc2C)cc1)C(=O)O,8.455931955649724
C/C(=N\OCCF)C(Cc1ccc(OCc2nc(-c3ccc(F)cc3)oc2C)cc1)C(=O)O,7.638272163982407
CCCO/N=C(\C)C(Cc1ccc(OCc2nc(-c3ccc(F)cc3)oc2C)cc1)C(=O)O,7.931814138253839
CCCO/N=C(\C)C(Cc1ccc(OCc2nc(-c3ccccc3)oc2C)cc1)C(=O)O,7.721246399047171
CCO/N=C(\C)C(Cc1ccc(OCc2nc(-c3ccccc3)oc2C)cc1)C(=O)O,7.040958607678906
CCO/N=C(\CC)C(Cc1ccc(OCCc2nc(-c3ccccc3)oc2C)cc1)C(=O)O,7.585026652029182
C/C(=N\OCC1CC1)C(Cc1ccc(OCCc2nc(-c3ccccc3)oc2C)cc1)C(=O)O,8.508638306165727
CCCCO/N=C(\C)C(Cc1ccc(OCCc2nc(-c3ccccc3)oc2C)cc1)C(=O)O,8.886056647693163
C/C(=N\OCC(C)C)C(Cc1ccc(OCCc2nc(-c3ccccc3)oc2C)cc1)C(=O)O,8.657577319177793
CCCO/N=C(\C)C(Cc1ccc(OCCc2nc(-c3ccccc3)oc2C)cc1)C(=O)O,8.309803919971486
CCO/N=C(\C)C(Cc1ccc(OCCc2nc(-c3ccccc3)oc2C)cc1)C(=O)O,7.920818753952375
Cc1cc(SCc2nc(-c3ccc(C(F)(F)F)cc3)ns2)ccc1OCC(=O)O,6.329754146925876
Cc1cc(SCc2nc(-c3ccc(OC(F)(F)F)cc3)ns2)ccc1OC1(C(=O)O)CCCC1,6.133122185662502
Cc1cc(OCc2nc(-c3ccc(C(F)(F)F)cc3)ns2)ccc1OC(C)(C)C(=O)O,7.026872146400302
Cc1cc(SCc2nsc(-c3ccc(OC(F)(F)F)cc3)n2)ccc1OC(C)(C)C(=O)O,6.18309616062434
Cc1cc(SCc2nc(-c3ccc(OC(F)(F)F)cc3)ns2)ccc1OC(C)(C)C(=O)O,7.481486060122112
CCO[C@@H](Cc1ccc(CCC(OC(=O)NCc2ccccc2)c2ccccc2)cc1)C(=O)O,5.218244625347531
CCO[C@@H](Cc1ccc(CCC(O)c2ccccc2)cc1)C(=O)O,5.82102305270683
CCCCNC(=S)OC(CCc1ccc(C[C@H](OCC)C(=O)O)cc1)c1ccccc1,5.139063379299906
Cc1cc(Oc2cccc(CNC(=O)c3ccc(C(F)(F)F)cc3)c2)ccc1OC(C)(C)C(=O)O,5.90204892900585
CCc1cc(Oc2cc(F)cc([C@@H](C)NC(=O)c3c(C)c4cc(Cl)ccc4n3C)c2)ccc1CCC(=O)O,5.549135307620234
Cc1cc(Oc2cccc(CNC(=O)c3c(C)c4cc(Cl)ccc4n3C)c2)ccc1CCC(=O)O,5.576099081471583
Cc1cc(Oc2cccc(CNC(=O)c3cc4cc(Cl)c(Cl)cc4[nH]3)c2)ccc1CCC(=O)O,5.724228099835068
Cc1cc(Oc2cccc(CNC(=O)c3cc4cccc(Br)c4[nH]3)c2)ccc1CCC(=O)O,5.619065536669298
Cc1cc(Oc2cccc(CNC(=O)c3cc4cc(Br)ccc4[nH]3)c2)ccc1CCC(=O)O,5.557520230935552
Cc1cc(Oc2cccc(CNC(=O)c3cc4ccc(Cl)cc4[nH]3)c2)ccc1CCC(=O)O,6.230622673923862
Cc1cc(Oc2cccc(CNC(=O)c3cc4cc(Cl)ccc4[nH]3)c2)ccc1CCC(=O)O,5.609241471261283
Cc1cc(Oc2cccc(CNC(=O)c3cc4c(Cl)cccc4[nH]3)c2)ccc1CCC(=O)O,5.523313257054356
Cc1cc(CNC(=O)c2ccc(C(F)(F)F)cc2F)cc(Oc2ccc(OC(C)(C)C(=O)O)c(C)c2)c1,6.2644011003018205
Cc1cc(Oc2cccc(CNC(=O)c3ccccc3C)c2)ccc1OC(C)(C)C(=O)O,5.56431486205837
COc1ccc(C(=O)NCc2cccc(Oc3ccc(OC(C)(C)C(=O)O)c(C)c3)c2)c(C)c1,5.822752163744377
Cc1cc(Oc2cccc(CNC(=O)c3ccc(Cl)cc3C)c2)ccc1OC(C)(C)C(=O)O,5.656591406196143
COc1cc(C(F)(F)F)ccc1C(=O)NCc1cccc(Oc2ccc(OC(C)(C)C(=O)O)c(C)c2)c1,6.482804102050026
Cc1cc(Oc2cccc(CNC(=O)c3ccc(C(F)(F)F)cc3Br)c2)ccc1OC(C)(C)C(=O)O,6.229147988357855
Cc1cc(Oc2cccc(CNC(=O)c3ccc(C(F)(F)F)cc3F)c2)ccc1OC(C)(C)C(=O)O,6.33161408331
Cc1cc(Oc2cccc(CNC(=O)c3ccc(C(F)(F)F)cc3Cl)c2)ccc1OC(C)(C)C(=O)O,6.077793722560983
Cc1cc(Oc2cccc(CNC(=O)c3ccc(C(F)(F)F)cc3C)c2)ccc1OC(C)(C)C(=O)O,6.035740369803151
CCc1ccc(O[C@H](C)CCOc2ccc(CCC(=O)O)c(C)c2)c(-c2cscn2)c1,5.571865205971212
CCc1ccc(O[C@H](C)CCOc2ccc(CCC(=O)O)c(C)c2)c(-c2cocn2)c1,5.55129368009492
CCc1ccc(O[C@H](C)CCOc2ccc(CCC(=O)O)c(C)c2)c(-c2ncco2)c1,5.539102157243452
Cc1cc(OCC[C@@H](C)Oc2ccc(C(F)(F)F)cc2-c2ccccn2)ccc1CCC(=O)O,5.6307841425898575
CCc1ccc(O[C@H](C)CCOc2ccc(CCC(=O)O)c(CC)c2)c(-c2ccccn2)c1,5.54515513999149
CCc1cc(OCC[C@@H](C)Oc2ccc(C(F)(F)F)cc2-c2ccccn2)ccc1CCC(=O)O,5.580044251510242
CCc1ccc(O[C@H](C)CCOc2ccc(CCC(=O)O)c(C)c2)c(-c2cccnc2)c1,5.537602002101044
CCc1ccc(O[C@H](C)CCOc2ccc(CCC(=O)O)c(C)c2)c(-c2ccccn2)c1,5.542118103266008
CCc1ccc(O[C@H](C)CCOc2ccc(CCC(=O)O)c(C)c2)c(-c2ccco2)c1,5.552841968657781
Cc1cnc(-c2ccccc2)nc1N(C)CCCOc1ccc2c(c1)CC[C@H]2CC(=O)O,5.179798540514359
Cc1nc(-c2ccc(OCCCOc3ccc4c(c3)CC[C@H]4CC(=O)O)nc2)sc1C,5.168770306132936
CCc1csc(-c2ccc(OCCCOc3ccc4c(c3)CC[C@H]4CC(=O)O)nc2)n1,6.375717904164332
CCc1ccc(-c2nc(C)cc(N(C)CCCOc3ccc4c(c3)CC[C@H]4CC(=O)O)n2)cc1,6.036212172654444
CCc1ccc(-c2ncc(F)c(N(C)CCCOc3ccc4c(c3)CC[C@H]4CC(=O)O)n2)cc1,6.371611069949688
Cc1cnc(-c2ccc(F)cc2)nc1N(C)CCCOc1ccc2c(c1)CC[C@H]2CC(=O)O,5.673664139071248
CC(=O)c1ccc(-c2ncc(C)c(N(C)CCCOc3ccc4c(c3)CC[C@H]4CC(=O)O)n2)cc1,5.183758700008217
CCOc1ccc(-c2ncc(C)c(N(C)CCCOc3ccc4c(c3)CC[C@H]4CC(=O)O)n2)cc1,5.510041520575165
Cc1cnc(-c2ccc(C(C)(C)C)cc2)nc1N(C)CCCOc1ccc2c(c1)CC[C@H]2CC(=O)O,6.193141970481182
Cc1cnc(-c2ccc(C(C)C)cc2)nc1N(C)CCCOc1ccc2c(c1)CC[C@H]2CC(=O)O,6.00436480540245
CCc1ccc(-c2ncc(C)c(N(C)CCCOc3ccc4c(c3)CC[C@H]4CC(=O)O)n2)cc1,6.698970004336019
Cc1ccc(-c2ncc(C)c(N(C)CCCOc3ccc4c(c3)CC[C@H]4CC(=O)O)n2)cc1,5.939302159646388
Cc1oc(-c2ccccc2)nc1CCOc1cccc(CN(CC(=O)O)Cc2ccccc2)c1,7.657577319177793
Cc1oc(-c2ccccc2)nc1CCOc1ccc(CN(CC(=O)O)Cc2ccc(-c3ccccc3Cl)o2)cc1,6.059981844992337
Cc1oc(-c2ccccc2)nc1CCOc1ccc(CN(CC(=O)O)Cc2ccccn2)cc1,6.1598939055432425
Cc1oc(-c2ccccc2)nc1CCOc1ccc(CN(CC(=O)O)Cc2cccc3ccccc23)cc1,7.67778070526608
Cc1oc(-c2ccccc2)nc1CCOc1ccc(CN(CC(=O)O)Cc2ccc(OCc3ccccc3)cc2)cc1,6.723538195826756
Cc1oc(-c2ccccc2)nc1CCOc1ccc(CN(CC(=O)O)Cc2cccc(Oc3ccccc3)c2)cc1,8.397940008672037
Cc1oc(-c2ccccc2)nc1CCOc1ccc(CN(CC(=O)O)Cc2ccc3c(c2)OCO3)cc1,6.892790030352131
Cc1oc(-c2ccccc2)nc1CCOc1ccc(CN(CCOCc2ccccc2)CC(=O)O)cc1,6.139063379299906
Cc1oc(-c2ccccc2)nc1CCOc1cccc(CN(CC(=O)O)Cc2cc3ccccc3[nH]2)c1,6.705533773838407
Cc1oc(-c2ccccc2)nc1CCOc1cccc(CN(CC(=O)O)Cc2ccc3ccccc3c2)c1,6.504455662453552
Cc1oc(-c2ccccc2)nc1CCOc1cccc(CN(CC(=O)O)Cc2cccc3ccccc23)c1,8.301029995663981
Cc1oc(-c2ccccc2)nc1CCOc1cccc(CN(CC(=O)O)Cc2cccc(Oc3ccccc3)c2)c1,7.207608310501746
Cc1oc(-c2ccccc2)nc1CCOc1cccc(CN(CCCc2ccccc2)CC(=O)O)c1,7.327902142064283
Cc1oc(-c2ccccc2)nc1CCOc1cccc(CN(CCc2ccccc2)CC(=O)O)c1,7.356547323513812
CCO[C@@H](Cc1ccc(OC/C=C/c2cc(-c3ccc(C(C)(C)C)cc3)cc(-c3ccc(C(C)(C)C)cc3)c2)cc1)C(=O)O,4.853871964321762
CCO[C@@H](Cc1ccc(OC/C=C/c2cc(CCc3ccccc3)cc(CCc3ccccc3)c2)cc1)C(=O)O,7.522878745280337
CCO[C@@H](Cc1ccc(OC/C=C/c2cc(/C=C/c3ccccc3)cc(/C=C/c3ccccc3)c2)cc1)C(=O)O,7.045757490560675
CCO[C@@H](Cc1ccc(OC/C=C/c2cc(OC(=O)c3ccccc3)cc(OC(=O)c3ccccc3)c2)cc1)C(=O)O,7.301029995663981
CCO[C@@H](Cc1ccc(OC/C=C/c2cc(-c3ccccc3)cc(-c3ccccc3)c2)cc1)C(=O)O,7.698970004336019
CCO[C@@H](Cc1ccc(OC/C=C/c2cc(OC(C)C)cc(OC(C)C)c2)cc1)C(=O)O,8.397940008672037
CCO[C@@H](Cc1ccc(OC/C=C/c2cc(OCC(F)(F)F)cc(OCC(F)(F)F)c2)cc1)C(=O)O,8.698970004336019
CCOc1cc(/C=C/COc2ccc(C[C@H](OCC)C(=O)O)cc2)cc(OCC)c1,7.698970004336019
CCO[C@@H](Cc1ccc(OC/C=C/c2cc(OC)cc(OC)c2)cc1)C(=O)O,7.221848749616356
CCO[C@@H](Cc1ccc(OC/C=C/c2cc(C(F)(F)F)cc(C(F)(F)F)c2)cc1)C(=O)O,7.698970004336019
CCO[C@@H](Cc1ccc(OC/C=C/c2cc(OC3CCCC3)cc(OC3CCCC3)c2)cc1)C(=O)O,7.698970004336019
CCC(Oc1cccc(CN(CCCOc2ccc(F)c(F)c2)c2nc3ccccc3o2)c1)C(=O)O,8.698970004336019
CCC(Oc1cccc(CN(CCCOc2ccc(C)c(C)c2)c2nc3ccccc3o2)c1)C(=O)O,9.0
CCC(Oc1cccc(CN(CCCOc2ccc(C)cc2C)c2nc3ccccc3o2)c1)C(=O)O,9.0
CCC(Oc1cccc(CN(CCCOc2ccc(C)cc2)c2nc3ccccc3o2)c1)C(=O)O,9.0
CCC(Oc1cccc(CN(CCCOc2ccc(S(=O)(=O)OC)cc2)c2nc3ccccc3o2)c1)C(=O)O,6.920818753952375
CCC(Oc1cccc(CN(CCCOc2cccc([N+](=O)[O-])c2)c2nc3ccccc3o2)c1)C(=O)O,7.619788758288394
CCC(Oc1cccc(CN(CCCOc2ccccc2)c2nc3cc(O)ccc3o2)c1)C(=O)O,6.7447274948966935
CCC(Oc1cccc(CN(CCCOc2ccccc2)c2nc3c(O)cccc3o2)c1)C(=O)O,6.795880017344075
CCC(Oc1cccc(CN(CCCOc2ccccc2)c2nc3cc(C)ccc3o2)c1)C(=O)O,7.0
CCC(Oc1cccc(CN(CCCOc2ccccc2)c2nc3cc(C(F)(F)F)ccc3o2)c1)C(=O)O,7.638272163982407
CCC(Oc1cccc(CN(CCCOc2ccccc2)c2nc3cccc(F)c3o2)c1)C(=O)O,8.698970004336019
CCC(Oc1cccc(CN(CCCOc2ccccc2)c2nc3cc(F)ccc3o2)c1)C(=O)O,8.522878745280337
CC(Oc1cccc(CCN(CCCOc2ccccc2)c2nc3ccccc3o2)c1)C(=O)O,8.0
CC(Oc1cccc(CN(CCCOc2ccccc2)c2nc3ccccc3o2)c1)C(=O)O,8.0
O=C(O)COc1cccc(CN(CCCOc2ccccc2)c2nc3ccccc3o2)c1,5.920818753952375
CC(C)(Oc1cccc(CN(CCCOc2ccccc2)c2nc3ccccc3o2)c1)C(=O)O,6.721246399047171
CC(C)(Oc1cccc(CCN(CCOc2ccccc2)c2nc3ccccc3o2)c1)C(=O)O,7.522878745280337
Cc1cc(Sc2cc(C#CCN3CCOCC3)nc(C#Cc3ccc(C(F)(F)F)cc3)c2)ccc1OCC(=O)O,7.0
O=C(O)C[C@@H]1CCc2cc(OCCc3nc(-c4ccccc4)oc3CCc3ccccc3)ccc21,5.0
CCc1oc(-c2ccc(C)cc2)nc1CCOc1ccc2c(c1)CC[C@H]2CC(=O)O,5.991399828238082
Cc1nc(-c2ccccc2)n(C)c1CCOc1ccc2c(c1)CC[C@H]2CC(=O)O,5.0
COc1ccc(-c2nc(CCOc3ccc4c(c3)CC[C@H]4CC(=O)O)c(C)n2C)cc1,5.0
COc1ccc(-c2nc(C)c(CCOc3ccc4c(c3)CC[C@H]4CC(=O)O)n2C)cc1,5.0
CCc1ccc(-c2nc(CCOc3ccc4c(c3)CC[C@H]4CC(=O)O)c(C)n2C)cc1,5.0
Cc1c(CCOc2ccc3c(c2)CC[C@H]3CC(=O)O)nc(-c2ccc(-c3ccccc3)cc2)n1C,5.0
Cc1sc(-c2ccc(-c3ccccc3)cc2)nc1CCOc1ccc2c(c1)CC[C@H]2CC(=O)O,5.0
Cc1sc(-c2ccc(OC(F)(F)F)cc2)nc1CCOc1ccc2c(c1)CC[C@H]2CC(=O)O,5.100179497572904
Cc1sc(-c2cccc(C(F)(F)F)c2)nc1CCOc1ccc2c(c1)CC[C@H]2CC(=O)O,5.0
Cc1cccc(-c2nc(CCOc3ccc4c(c3)CC[C@H]4CC(=O)O)c(C)s2)c1,5.168130225719498
CCOc1ccc(-c2nc(CCOc3ccc4c(c3)CC[C@H]4CC(=O)O)c(C)s2)cc1,5.0
Cc1sc(-c2ccc(Cl)cc2)nc1CCOc1ccc2c(c1)CC[C@H]2CC(=O)O,5.0
Cc1sc(-c2ccccc2F)nc1CCOc1ccc2c(c1)CC[C@H]2CC(=O)O,5.0
Cc1sc(-c2ccc(F)cc2)nc1CCOc1ccc2c(c1)CC[C@H]2CC(=O)O,5.6439741428068775
Cc1sc(-c2ccc(C(C)C)cc2)nc1CCOc1ccc2c(c1)CC[C@H]2CC(=O)O,6.252588192113577
COc1cccc(-c2nc(CCOc3ccc4c(c3)CC[C@H]4CC(=O)O)c(C)s2)c1,5.157390760389438
COc1ccc(-c2nc(CCOc3ccc4c(c3)CC[C@H]4CC(=O)O)c(C)s2)cc1,5.484126156288321
Cc1sc(-c2ccc3c(c2)OCO3)nc1CCOc1ccc2c(c1)CC[C@H]2CC(=O)O,5.91721462968355
Cc1oc(-c2ccc(Cl)cc2)nc1CCOc1ccc2c(c1)CC[C@H]2CC(=O)O,5.925183559354825
Cc1oc(-c2cccc(C#N)c2)nc1CCOc1ccc2c(c1)CC[C@H]2CC(=O)O,4.999956572723137
Cc1oc(-c2ccc(C#N)cc2)nc1CCOc1ccc2c(c1)CC[C@H]2CC(=O)O,5.001087095641214
Cc1cccc(-c2nc(CCOc3ccc4c(c3)CC[C@H]4CC(=O)O)c(C)o2)c1,5.938547520912807
Cc1ccc(-c2nc(CCOc3ccc4c(c3)CC[C@H]4CC(=O)O)c(C)o2)cc1,6.35261702988538
Cc1oc(-c2ccc(-c3ccccc3)cc2)nc1CCOc1ccc2c(c1)CC[C@H]2CC(=O)O,5.565750547603525
Cc1oc(-c2cccc(F)c2)nc1CCOc1ccc2c(c1)CC[C@H]2CC(=O)O,5.772113295386326
Cc1oc(-c2ccc(C(C)C)cc2)nc1CCOc1ccc2c(c1)CC[C@H]2CC(=O)O,6.522878745280337
CCc1ccc(-c2nc(CCOc3ccc4c(c3)CC[C@H]4CC(=O)O)c(C)o2)cc1,7.107905397309519
COc1cccc(-c2nc(CCOc3ccc4c(c3)CC[C@H]4CC(=O)O)c(C)o2)c1,5.723538195826756
Cc1oc(-c2ccccc2)nc1CCOc1ccc2c(c1)C(C)(C)CC2CC(=O)O,5.0
Cc1oc(-c2ccccc2)nc1CCOc1ccc2c(c1)CCC[C@H]2CC(=O)O,5.6595558851598815
CCN(C(=O)Nc1ccc(OC(F)(F)F)cc1)[C@@H]1Cc2ccc(SC(C)(C)C(=O)O)cc2C1,6.769551078621726
Cc1nc(-c2ccc(C(F)(F)F)cc2)sc1C(=O)NCc1ccc(NS(=O)(=O)C(C)C)cc1,7.301029995663981
Cc1ccc(S(=O)(=O)Nc2ccc(CNC(=O)c3sc(-c4ccc(C(F)(F)F)cc4)nc3C)cc2)cc1,6.0
Cc1nc(-c2ccc(C(F)(F)F)cc2)sc1C(=O)NCc1ccc(NS(C)(=O)=O)cc1,7.221848749616356
Cc1nc(-c2ccc(C(F)(F)F)cc2)sc1C(=O)NCc1ccc(NS(=O)(=O)C(F)(F)F)cc1,9.522878745280336
CCCCS(=O)(=O)Nc1ccc(CNC(=O)c2sc(-c3ccc(C(F)(F)F)cc3)nc2C)cc1,6.494850021680094
CC(C)(Oc1ccc(CNC(=O)Cc2ccc(-c3ccc(Cl)cc3)cc2)cc1)C(=O)O,5.552841968657781
COc1ccc2sc(C(=O)NCc3ccc(NS(=O)(=O)C(F)(F)F)cc3)cc2c1,7.096910013008056
O=C(Cc1ccc(-c2ccc(Cl)cc2)cc1)NCc1ccc(NS(=O)(=O)C(F)(F)F)cc1,7.096910013008056
COCc1nc(-c2ccc(C(=O)NCc3ccc(OC(C)(C)C(=O)O)cc3)cc2)no1,5.522878745280337
CC(C)(Oc1ccc(CNC(=O)c2ccc(-c3ccc(Cl)cc3)cc2)cc1)C(=O)O,7.154901959985743
COC(=O)C(Cc1ccc(OCCN2CCC(C)(C)c3cc(/C(=N\O)c4ccccc4)ccc32)cc1)C(=O)OC,6.709965388637482
COC(=O)C(Cc1ccc(OCCN2CCC(C)(C)c3cc(C(=O)c4ccccc4)ccc32)cc1)C(=O)OC,6.818156412055227
Cc1ccc(-c2nc(CCCC[C@H]3CO[C@@](C)(C(=O)O)OC3)c(C)o2)c(C)c1,7.522878745280337
Cc1ccc(-c2nc(CCCC[C@H]3CO[C@@](C)(C(=O)O)OC3)c(C)o2)cc1C,8.522878745280337
Cc1cccc(-c2nc(CCCC[C@H]3CO[C@@](C)(C(=O)O)OC3)c(C)o2)c1,7.522878745280337
CCc1ccc(-c2nc(CCCC[C@H]3CO[C@@](C)(C(=O)O)OC3)c(C)o2)cc1,8.0
COc1ccc(-c2nc(CCCC[C@H]3CO[C@@](C)(C(=O)O)OC3)c(C)o2)cc1,7.522878745280337
Cc1oc(-c2ccc(C(F)(F)F)cc2)nc1CCCC[C@H]1CO[C@@](C)(C(=O)O)OC1,7.522878745280337
Cc1oc(-c2ccc(Cl)cc2)nc1CCCC[C@H]1CO[C@@](C)(C(=O)O)OC1,7.522878745280337
Cc1ccc(-c2nc(CCCC[C@H]3CO[C@@](C)(C(=O)O)OC3)c(C)s2)cc1,6.522878745280337
Cc1ccc(-c2nc(CCCC[C@H]3CO[C@@](C)(C(=O)O)OC3)c(C(F)(F)F)o2)cc1,6.522878745280337
CCc1oc(-c2ccc(C)cc2)nc1CCCC[C@H]1CO[C@@](C)(C(=O)O)OC1,7.522878745280337
CCC(Cc1ccc(OC)c(CNC(=O)c2ccccc2)c1)C(=O)O,5.769551078621726
CCCCCCOc1ccc(CC(CC)C(=O)O)cc1CNC(=O)c1ccc(C23CC4CC(CC(C4)C2)C3)cc1,5.853871964321762
CCOc1ccc(CC(CC)C(=O)O)cc1CNC(=O)c1ccc(C23CC4CC(CC(C4)C2)C3)cc1,7.552841968657781
CCCC(Cc1ccc(OC)c(CNC(=O)c2ccc(C34CC5CC(CC(C5)C3)C4)cc2)c1)C(=O)O,6.853871964321762
COc1ccc(CC(C)C(=O)O)cc1CNC(=O)c1ccc(C23CC4CC(CC(C4)C2)C3)cc1,7.387216143280264
CCC(Cc1ccc(OC)c(CNC(=O)c2ccc(C3CCCCC3)cc2)c1)C(=O)O,8.397940008672037
CCC(Cc1ccc(OC)c(CNC(=O)c2ccc(C(C)(C)C)cc2)c1)C(=O)O,7.431798275933005
Cc1oc(-c2ccccc2)nc1CCCC[C@H]1CO[C@@](CC(C)C)(C(=O)O)OC1,7.522878745280337
CC[C@]1(C(=O)O)OC[C@@H](CCCCc2nc(-c3ccccc3)oc2C)CO1,7.522878745280337
Cc1oc(-c2ccccc2)nc1Cc1cccc(C[C@H]2CO[C@@](C)(C(=O)O)OC2)c1,5.522878745280337
Cc1oc(-c2ccccc2)nc1CCCCC[C@H]1CO[C@@](C)(C(=O)O)OC1,7.0
Cc1oc(-c2ccccc2)nc1CCOc1cccc(CC2C(=O)N(c3ccc(F)cc3)C2C(=O)O)c1,7.958607314841775
COc1ccc(-c2nc(CCOc3cccc(C[C@@H]4C(=O)N(c5ccc(C(C)(C)C)cc5)[C@@H]4C(=O)O)c3)c(C)o2)cc1,8.096910013008056
Cc1oc(-c2cccc(Cl)c2)nc1CCOc1cccc(C[C@@H]2C(=O)N(c3ccc(C(C)(C)C)cc3)[C@@H]2C(=O)O)c1,7.221848749616356
Cc1cc(SCc2cc(-c3ccc(C(F)(F)F)cc3)ns2)ccc1OCC(=O)O,5.889410289700751
CC(Oc1ccc(SCc2nc(-c3ccc(C(F)(F)F)cc3)ns2)cc1)C(=O)O,6.809668301829708
Cc1ccc(-c2nsc(COc3ccc(OC(C)(C)C(=O)O)c(C)c3)n2)cc1Cl,6.527243550682788
Cc1ccc(-c2nsc(COc3ccc(OC(C)(C)C(=O)O)c(C)c3)n2)cc1C,6.191789027075778
Cc1cc(OCc2nc(-c3ccc(Cl)c(Cl)c3)ns2)ccc1OC(C)(C)C(=O)O,6.297569463554475
Cc1cc(OCc2nc(-c3ccc(OC(F)(F)F)c(Cl)c3)ns2)ccc1OC(C)(C)C(=O)O,7.013228265733755
Cc1cc(OCc2nc(-c3ccc(C(F)(F)F)c(F)c3)ns2)ccc1OC(C)(C)C(=O)O,7.0655015487564325
Cc1cc(SCCc2nc(-c3ccc(Cl)c(Cl)c3)ns2)ccc1OC(C)(C)C(=O)O,6.910094888560602
Cc1ccc(-c2nsc(CSc3ccc(OC(C)(C)C(=O)O)c(C)c3)n2)cc1Cl,7.154901959985743
Cc1ccc(-c2nsc(CSc3ccc(OC(C)(C)C(=O)O)c(C)c3)n2)cc1C,6.939302159646388
Cc1cc(SCc2nc(-c3ccc(C(F)(F)F)c(F)c3)ns2)ccc1OC(C)(C)C(=O)O,7.468521082957745
Cc1cc(SCc2cc(-c3ccc(C(F)(F)F)cc3)on2)ccc1OCC(=O)O,5.656000930942839
COc1ccc(OC(=O)N(CC(=O)O)Cc2ccc(OCCc3nc(-c4ccc(O)cc4)oc3C)cc2)cc1,6.585026652029182
COc1ccc(OC(=O)N(CC(=O)O)Cc2ccc(OCCc3nc(-c4ccccc4)oc3CO)cc2)cc1,5.7121982700697735
CCCOC(=O)N1C=C(Cc2cccc(OCCc3nc(-c4ccccc4)oc3C)c2)C(C(=O)O)CC1,8.096910013008056
Cc1oc(-c2ccccc2)nc1CCOc1cccc(CC2=CN(C(=O)OCc3ccccc3)CCC2C(=O)O)c1,7.619788758288394
CCCOC(=O)N1CCC(C(=O)O)=C(Cc2cccc(OCCc3nc(-c4ccccc4)oc3C)c2)C1,6.7447274948966935
Cc1oc(-c2ccccc2)nc1CCOc1cccc(C2CN(C(=O)Oc3ccccc3)CCC2CC(=O)O)c1,5.889410289700751
Cc1oc(-c2ccccc2)nc1CCOc1cccc(C2CN(C(=O)OCC(C)C)CCC2CC(=O)O)c1,6.309803919971486
Cc1oc(-c2ccccc2)nc1CCOc1cccc(CC2=C(C(=O)O)CCN(C(=O)OCC(C)C)C2)c1,5.413412695328245
Cc1oc(-c2ccccc2)nc1CCOc1ccc(CC2=C(C(=O)O)CCN(C(=O)OCC(C)C)C2)cc1,5.950781977329818
Cc1oc(-c2ccccc2)nc1CCOc1ccc(C2=C(C(=O)O)CCN(C(=O)OCC(C)C)C2)cc1,5.332547047110047
Cc1oc(-c2ccccc2)nc1CN(C)Cc1ccc(C[C@@H](C(=O)O)n2cccc2)cc1,4.920818753952375
Cc1oc(-c2ccccc2)nc1CCNc1ccc(C[C@@H](C(=O)O)n2cccc2)cc1,5.638272163982407
Cc1oc(-c2ccccc2)nc1CCCc1ccc(CC(C(=O)O)c2ccccc2)cc1,5.301029995663981
Cc1oc(-c2ccccc2)nc1CCCc1ccc(CC(C(=O)O)c2cccc(-c3ccccc3)c2)cc1,5.795880017344075
Cc1oc(-c2ccccc2)nc1CCCc1ccc(CC(C(=O)O)c2cccnc2)cc1,4.920818753952375
CN(C/C=C/c1ccc(C[C@@H](C(=O)O)n2cccc2)cc1)c1ccccn1,4.537602002101044
Cc1oc(-c2ccccc2)nc1CC#Cc1ccc(CC(C(=O)O)c2cccc(-c3ccccc3)c2)cc1,5.552841968657781
Cc1oc(-c2ccccc2)nc1CC#Cc1ccc(CC(C(=O)O)c2ccc(-c3ccccc3)cc2)cc1,5.3979400086720375
Cc1oc(-c2ccccc2)nc1CC#Cc1ccc(C[C@@H](C(=O)O)n2cccc2)cc1,6.0
CCCOc1cc(F)c(CC(CC)C(=O)O)cc1CNC(=O)c1ccc(C23CC4CC(CC(C4)C2)C3)cc1,7.769551078621726
CCC(Cc1cc(F)c(OC)c(CNC(=O)c2ccc(C34CC5CC(CC(C5)C3)C4)cc2)c1)C(=O)O,6.585026652029182
CCC(Cc1cc(CNC(=O)c2ccc(C(F)(F)F)cc2)c(OC)cc1F)C(=O)O,8.443697499232712
CS(=O)(=O)Oc1ccc(CCCC[C@H]2CO[C@@](C)(C(=O)O)OC2)cc1,4.698970004336019
CS(=O)(=O)Oc1ccc(CCCCCC[C@H]2CO[C@@](C)(C(=O)O)OC2)cc1,4.823908740944319
CS(=O)(=O)Oc1ccc(CCCCC[C@H]2CO[C@@](C)(C(=O)O)OC2)cc1,5.6020599913279625
Cc1oc(-c2ccccc2)nc1CCOc1cccc(Cc2cn(-c3ccccc3)cc2C(=O)O)c1,6.920818753952375
Cc1oc(-c2ccccc2)nc1CCOc1ccc(Cc2cn(-c3ccccc3)cc2C(=O)O)cc1,6.180456064458132
Cc1oc(-c2ccccc2)nc1CCOc1cccc(Cc2nn(-c3ccccc3)cc2C(=O)O)c1,7.958607314841775
Cc1oc(-c2ccccc2)nc1CCOc1cccc(Cc2c(C(=O)O)cnn2-c2ccccc2)c1,6.188424994129407
Cc1oc(-c2ccccc2)nc1CCOc1cccc(Cc2cn(-c3ccccc3)nc2C(=O)O)c1,6.507239610973162
Cc1oc(-c2ccccc2)nc1CCOc1ccc(Cc2nn(-c3ccccc3)cc2C(=O)O)cc1,6.899629454882437
Cc1oc(-c2ccccc2)nc1CCOc1ccc(Cc2nn(-c3ccccc3)nc2C(=O)O)cc1,5.211124884224583
Cc1oc(-c2ccccc2)nc1CCOc1cccc(-c2nn(-c3ccccc3)nc2CC(=O)O)c1,6.4089353929735005
Cc1oc(-c2ccccc2)nc1CCOc1cccc(Cc2nn(-c3ccccc3)nc2CC(=O)O)c1,8.221848749616356
Cc1oc(-c2ccccc2)nc1CCOc1ccc(Cc2nn(-c3ccccc3)nc2CC(=O)O)cc1,7.958607314841775
CCCc1c(OCCCn2ccc3cc(OC(C)(C)C(=O)O)ccc32)ccc2c(C(=O)c3ccccc3)cccc12,6.698970004336019
CCCc1c(OCCCn2ccc3cc(OC(C)(C)C(=O)O)ccc32)ccc2cc(C(=O)c3ccoc3)ccc12,6.886056647693163
CCCc1c(OCCCn2ccc3cc(OC(C)(C)C(=O)O)ccc32)ccc2cc(C(=O)c3ccc(OC)cc3)ccc12,6.886056647693163
CCCc1cc(C(=O)c2ccc3ccccc3c2)ccc1OCCCn1ccc2c(OC(C)(C)C(=O)O)cccc21,7.522878745280337
CCCc1cc(C(=O)c2ccc(-c3ccccc3)cc2)ccc1OCCCn1ccc2cc(OC(C)(C)C(=O)O)ccc21,5.716698771296451
CCCc1cc(C(=O)c2ccc(-c3ccccc3)cc2)ccc1OCCCn1ccc2c(OC(C)(C)C(=O)O)cccc21,5.39040559077478
CCCc1cc(C(=O)c2ccccc2)ccc1OCCCn1ccc2c(OC(C)(C)C(=O)O)cccc21,7.522878745280337
CCCc1cc(C(=O)c2ccc(OC)cc2)ccc1OCCCn1ccc2cc(OC(C)(C)C(=O)O)ccc21,7.301029995663981
CCCc1c(OCCCN2CCCc3cc(OC(C)(C)C(=O)O)ccc32)ccc2cc(C(=O)c3ccccc3)ccc12,6.619788758288394
CCO[C@@H](Cc1cccc(C2=NOC(Cc3ccccc3)C2)c1)C(=O)O,4.665546248849069
CCO[C@@H](Cc1cccc(/C(C)=N/OCc2ccccc2Cl)c1)C(=O)O,5.486782399932061
CCO[C@@H](Cc1cccc(/C(C)=N/OCc2cccc(Cl)c2)c1)C(=O)O,5.6439741428068775
CCO[C@@H](Cc1cccc(C2=NOC(c3ccc(C(C)(C)C)cc3)C2)c1)C(=O)O,5.403402904373539
CCO[C@@H](Cc1cccc(C2=NOC(c3ccc(OC)cc3)C2)c1)C(=O)O,4.94692155651658
CCO[C@@H](Cc1cccc(C2=NOC(c3ccc(OS(C)(=O)=O)cc3)C2)c1)C(=O)O,4.42712839779952
CCO[C@@H](Cc1cccc(C2=NOC(c3ccc(Cl)cc3)C2)c1)C(=O)O,5.168770306132936
CCO[C@@H](Cc1cccc(/C(C)=N/OCc2ccc(OS(C)(=O)=O)cc2)c1)C(=O)O,4.882728704344236
CCO[C@@H](Cc1cccc(/C(C)=N/OCc2ccc(O)cc2)c1)C(=O)O,4.230622673923861
CCO[C@@H](Cc1cccc(/C(C)=N/OCc2ccc(C(F)(F)F)cc2)c1)C(=O)O,5.530177984021837
CCO[C@@H](Cc1cccc(/C(C)=N/OCc2ccc(I)cc2)c1)C(=O)O,6.17134010346468
CCO[C@@H](Cc1cccc(/C(C)=N/OCc2ccc(Br)cc2)c1)C(=O)O,5.568636235841013
CCO[C@@H](Cc1cccc(/C(C)=N/OCc2ccc(Cl)cc2)c1)C(=O)O,5.141462802430361
O=C(O)C(Cc1ccccc1)Oc1ccc(Cl)cc1Cl,5.673664139071248
O=C(O)C(Cc1ccccc1)Oc1ccc(Cl)cc1Br,5.782516055786093
O=C(O)C(Cc1ccccc1)Oc1ccc(Cl)c(Cl)c1,5.347753658996677
O=C(O)C(Cc1ccccc1Cl)Oc1ccc(Cl)cc1,5.661543506395395
Cc1ccccc1CC(Oc1ccc(Cl)cc1)C(=O)O,5.033858267260968
CCCc1ccccc1CC(Oc1ccc(Cl)cc1)C(=O)O,5.844663962534939
O=C(O)C(Cc1ccccc1C(F)(F)F)Oc1ccc(Cl)cc1,5.603800652904264
O=C(O)C(Cc1ccc(Cl)cc1)Oc1ccc(Cl)cc1,5.651695136951839
Cc1ccc(CC(Oc2ccc(Cl)cc2)C(=O)O)cc1,5.55129368009492
CCCc1ccc(CC(Oc2ccc(Cl)cc2)C(=O)O)cc1,6.455931955649724
O=C(O)C(Cc1cccc(Oc2ccccc2)c1)Oc1ccc(Cl)cc1,6.619788758288394
CCOC(Cc1ccc(OCCN2CC=C(c3cccc(Cl)c3)CC2)cc1)C(=O)O,5.489454989793388
CCOC(Cc1ccc(OCCN2CC=C(c3ccccc3Cl)CC2)cc1)C(=O)O,5.112382699664264
CCOC(Cc1ccc(OCCN2CC=C(c3ccc(C(F)(F)F)cc3)CC2)cc1)C(=O)O,5.468521082957745
CCOC(Cc1ccc(OCCN2CC=C(c3cccc(C(F)(F)F)c3)CC2)cc1)C(=O)O,5.505845405981558
CCOC(Cc1ccc(OCCN2CC=C(c3ccc(F)cc3)CC2)cc1)C(=O)O,5.651695136951839
CCOC(Cc1ccc(OCCN2CC=C(c3ccc(OC)cc3)CC2)cc1)C(=O)O,4.94692155651658
CCOC(Cc1ccc(OCCN2CC=C(c3cccc(OC)c3)CC2)cc1)C(=O)O,4.761953896871205
CCOC(Cc1ccc(OCCN2CC=C(c3ccccc3OC)CC2)cc1)C(=O)O,4.742321425130816
CCOC(Cc1ccc(OCCN2CC=C(c3ccc(CC)cc3)CC2)cc1)C(=O)O,5.120330794367947
CCOC(Cc1ccc(OCCN2CC=C(c3cc(Cl)ccc3Cl)CC2)cc1)C(=O)O,5.950781977329818
CCOC(Cc1ccc(OCCN2CC=C(c3ccccn3)CC2)cc1)C(=O)O,4.991399828238082
CCOC(Cc1ccc(OCCN2CC=C(c3cnccn3)CC2)cc1)C(=O)O,5.43533393574791
CCOC(Cc1ccc(OCCN2CC=C(c3ncccn3)CC2)cc1)C(=O)O,5.115204636051019
CCOC(Cc1ccc(OCCCN2CC=C(c3ccc(Cl)cc3)CC2)cc1)C(=O)O,5.008773924307505
CCOC(Cc1ccc(OCCCN2CC=C(c3ccc(Cl)c(Cl)c3)CC2)cc1)C(=O)O,5.769551078621726
CC(Cc1ccc(OCCN2CC=C(c3ccc(Cl)cc3)CC2)cc1)(Oc1ccccc1)C(=O)O,4.593800576336688
CC(C)(Oc1ccc(OCCN2CC=C(c3ccc(Cl)cc3)CC2)cc1)C(=O)O,6.061480274823508
COc1ccc(OC(=O)N(CCCCCCc2nc(-c3ccc(C)cc3)oc2C)CC(=O)O)cc1,7.468521082957745
Cc1ccc(-c2nc(CCCCCO/N=C(/CCC(=O)O)c3ccccc3)c(C)o2)cc1,8.698970004336019
Cc1ccc(-c2nc(CCCCCCO/N=C(/CCC(=O)O)c3ccccc3)c(C)o2)cc1,9.0
Cc1ccc(-c2nc(COc3ccc(C[C@H]4CO[C@@](C)(C(=O)O)OC4)cc3)c(C)o2)cc1,7.142667503568732
Cc1oc(-c2ccccc2)nc1COc1ccc(CO/N=C(\CCC(=O)O)c2ccccc2)cc1,8.187086643357144
CCCCCCOC(Cc1ccc(OCCc2nc(-c3ccccc3)oc2C)c2ccsc12)C(=O)O,6.603800652904264
COc1ccccc1-c1nc(CCOc2ccc(CC(OC)C(=O)O)c3sccc23)c(C)o1,6.361510743045363
CO[C@@H](Cc1ccc(OCCc2nc(-c3ccc(C(F)(F)F)cc3)oc2C)c2ccsc12)C(=O)O,8.698970004336019
CO[C@@H](Cc1ccc(OCCc2nc(-c3cc(C)cc(C)c3)oc2C)c2ccsc12)C(=O)O,7.366531544420414
CO[C@@H](Cc1ccc(OCCc2nc(-c3ccc(C(C)C)cc3)oc2C)c2ccsc12)C(=O)O,7.698970004336019
CCO[C@@H](Cc1ccc(OCCc2nc(-c3ccc(C(F)(F)F)cc3)oc2C)c2ccsc12)C(=O)O,7.050609993355087
Cc1oc(-c2ccccc2)nc1CCOc1ccc(C[C@H](OCC2CC2)C(=O)O)c2sccc12,7.568636235841013
Cc1oc(-c2ccc(C(C)C)cc2)nc1CCOc1ccc(C[C@H](OCC2CC2)C(=O)O)c2sccc12,7.795880017344075
CCO[C@@H](Cc1ccc(OCCc2nc(-c3ccccc3)oc2C)c2ccccc12)C(=O)O,7.958607314841775
CCO[C@@H](Cc1ccc(OCCc2nc(-c3ccc(C(F)(F)F)cc3)oc2C)c2ccccc12)C(=O)O,7.958607314841775
CO[C@@H](Cc1ccc(OCCc2nc(-c3ccccc3)oc2C)c2sccc12)C(=O)O,6.804100347590766
CCO[C@@H](Cc1ccc(OCCc2nc(-c3ccccc3)oc2C)c2sccc12)C(=O)O,7.236572006437063
CCCC(Sc1nc(Cl)cc(Nc2cccc(C)c2C)n1)C(=O)O,5.154901959985743
Cc1oc(-c2ccccc2)nc1COc1ccc(C[C@H]2CO[C@@](C)(C(=O)O)OC2)cc1,8.962573502059376
Cc1ccc(-c2nc(COc3ccc(C[C@H]4CO[C@@](C)(C(=O)O)OC4)cc3)c(C)o2)s1,9.221848749616356
Cc1ccc(-c2nc(CCOc3ccc(C[C@H]4CO[C@@](C)(C(=O)O)OC4)cc3)c(C)o2)cc1,10.050609993355089
Cn1nc(-c2ccc(C(C)(C)C)cc2)cc1C(=O)NCc1ccc(OC(C)(C)C(=O)O)cc1,6.795880017344075
Cc1cc(CNC(=O)c2cc(-c3ccc(C(C)(C)C)cc3)[nH]n2)ccc1OC(C)(C)C(=O)O,6.416801226031377
Cc1cc(CNC(=O)c2cc(-c3ccc(C(C)(C)C)cc3)nn2C)ccc1OC(C)(C)C(=O)O,7.301029995663981
Cc1cc(CNC(=O)c2cc(-c3ccc(C(C)(C)C)cc3)n(C)n2)ccc1OC(C)(C)C(=O)O,8.0
Cc1cc(CNC(=O)c2cc(-c3ccc(C(C)C)cc3)nn2C)ccc1OC(C)(C)C(=O)O,7.698970004336019
Cc1cc(CNC(=O)c2cc(-c3ccc(C(C)C)cc3)n(C)n2)ccc1OC(C)(C)C(=O)O,8.397940008672037
CCn1nc(-c2ccc(C(C)(C)C)cc2)cc1C(=O)NCc1ccc(OC(C)(C)C(=O)O)c(C)c1,7.301029995663981
CCn1nc(C(=O)NCc2ccc(OC(C)(C)C(=O)O)c(C)c2)cc1-c1ccc(C(C)(C)C)cc1,8.0
COCCn1nc(-c2ccc(C(C)(C)C)cc2)cc1C(=O)NCc1ccc(OC(C)(C)C(=O)O)c(C)c1,7.180456064458132
Cc1cc(CNC(=O)c2cc(-c3ccc(-c4ccccc4)cc3)n(C)n2)ccc1OC(C)(C)C(=O)O,7.698970004336019
Cc1cc(CNC(=O)c2cc(-c3ccc(-c4ccoc4)cc3)n(C)n2)ccc1OC(C)(C)C(=O)O,8.397940008672037
Cc1cc(CNC(=O)c2cc(-c3ccc(-c4ccncc4)cc3)n(C)n2)ccc1OC(C)(C)C(=O)O,6.136677139879544
Cc1cc(CNC(=O)c2cc(-c3ccc(N4CCOCC4)cc3)n(C)n2)ccc1OC(C)(C)C(=O)O,7.070581074285707
COC(=O)c1cc2ccc(OCCc3nc(-c4ccc(-c5ccccc5)cc4)oc3C)cc2oc1=O,5.910094888560602
COC(=O)c1cc2ccc(OCCc3nc(-c4ccc(OC)cc4)oc3C)cc2oc1=O,5.279840696594043
COC(=O)C1Cc2ccc(OCCc3nc(-c4ccc(OC)cc4)oc3C)cc2OC1=O,5.7594507517174005
COC(=O)c1cc2ccc(OCCc3nc(-c4cccc(OC)c4)oc3C)cc2oc1=O,5.790484985457369
COC(=O)c1cc2ccc(OCCc3nc(-c4ccc(C(C)(C)C)cc4)oc3C)cc2oc1=O,5.640164517660112
COC(=O)C1Cc2ccc(OCCc3nc(-c4ccc(C(C)(C)C)cc4)oc3C)cc2OC1=O,7.0
COC(=O)c1cc2ccc(OCCc3nc(-c4ccc(C)cc4)oc3C)cc2oc1=O,9.0
COC(=O)C1Cc2ccc(OCCc3nc(-c4ccc(C)cc4)oc3C)cc2OC1=O,6.040958607678906
COC(=O)C1Cc2ccc(OCCc3nc(-c4cccc(C)c4)oc3C)cc2OC1=O,5.809668301829708
COC(=O)C1Cc2ccc(OCCc3nc(-c4cccc(C(F)(F)F)c4)oc3C)cc2OC1=O,6.769551078621726
COC(=O)c1cc2ccc(OCCc3nc(-c4ccc(F)cc4)oc3C)cc2oc1=O,7.154901959985743
COC(=O)C1Cc2ccc(OCCc3nc(-c4ccc(F)cc4)oc3C)cc2OC1=O,7.0
COC(=O)C1Cc2ccc(OCCc3nc(-c4ccccc4)oc3C)cc2OC1=O,6.853871964321762
C#CCOc1cc(COc2ccc(C(F)(F)F)cc2)ccc1Sc1ccc(OCC(=O)O)c2c1CCCC2,5.4089353929735005
CCC[C@@H](Oc1cccc(Cn2c(C)c(C(=O)c3ccc(Cl)cc3)c3ccc(OC(F)(F)F)cc32)c1)C(=O)O,6.42021640338319
CO/N=C(\c1ccccc1)c1ccc2c(c1)C(C)(C)CCN2CCOc1ccc(C[C@H](Nc2ccccc2C(=O)c2ccccc2)C(=O)O)cc1,5.0
CO/N=C(\c1ccccc1)c1ccc2c(c1)C(C)(C)CCN2CCOc1ccc(C[C@H](OCC(F)(F)F)C(=O)O)cc1,6.0
CCO[C@@H](Cc1ccc(OCCN2CCC(C)(C)c3cc(/C(=N/OCC4CC4)c4ccccc4)ccc32)cc1)C(=O)O,8.045757490560675
CCCCC(Sc1ccc(OCCCOc2ccccc2C)cc1)C(=O)O,6.6020599913279625
CCCCC(Sc1ccc(OCCCOc2ccc(C)cc2)cc1)C(=O)O,7.070581074285707
CCCCC(Sc1ccc(OCCCOc2ccc(C)c(C)c2)cc1)C(=O)O,7.67778070526608
CCCCC(Sc1ccc(OCCCOc2cccc3c2CCCC3)cc1)C(=O)O,6.721246399047171
CCCCC(Sc1ccc(OCCCOc2ccccc2OC)cc1)C(=O)O,6.259637310505756
CCCCC(Sc1ccc(OCCCOc2cccc(OC)c2)cc1)C(=O)O,7.309803919971486
CCCCC(Sc1ccc(OCCCOc2ccccc2C(C)C)cc1)C(=O)O,5.698970004336019
CCCCC(Sc1ccc(OCCCOc2cccc(C(C)C)c2)cc1)C(=O)O,6.823908740944319
CCCCC(Sc1ccc(OCCCOc2ccc(-c3ccccc3)cc2)cc1)C(=O)O,6.958607314841775
CCCCC(Sc1ccc(OCCCOc2ccc3ncccc3c2)cc1)C(=O)O,6.657577319177793
Cc1cccc(OCCCOc2ccc(CCC(=O)O)cc2)c1C,4.860120913598763
CCCCC(Cc1ccc(OCCCOc2cccc(C)c2C)cc1)C(=O)O,5.823908740944319
O=C(O)C(Cc1ccccc1)Oc1ccc(OCc2ccccc2)cc1,6.97061622231479
O=C(O)C(Cc1ccccc1)Oc1ccc(CSc2ccccc2)cc1,6.508638306165727
O=C(O)C(Cc1ccccc1)Oc1ccc(SCc2ccccc2)cc1,6.311580177997289
O=C(O)C(Cc1ccccc1)Oc1ccc(COc2ccccc2)cc1,6.221848749616356
O=C(O)C(Cc1ccccc1)Oc1ccc(C#Cc2ccccc2)cc1,5.866461091629782
O=C(O)C(Cc1ccccc1)Oc1ccc(NCc2ccccc2)cc1,5.443697499232712
CC(C)(Sc1nc2cc(Br)ccc2s1)C(=O)O,5.6020599913279625
CC(Sc1nc2cc(Br)ccc2s1)C(=O)O,5.031517051446065
CC(C)(Sc1nc2cc(Cl)ccc2s1)C(=O)O,4.444905551421681
CC(C)(Sc1nc2ccc(C(F)(F)F)cc2s1)C(=O)O,4.442492798094342
COc1ccc2sc(SC(C)(C)C(=O)O)nc2c1,4.33913452199613
CC(C)(Sc1nc2ccc(Br)cc2s1)C(=O)O,4.33913452199613
CCOc1ccc2nc(SC(C)(C)C(=O)O)sc2c1,4.159266765388193
CC(Sc1nc2ccc(Br)cc2s1)C(=O)O,4.074172425375258
COc1cc(OC)cc(-c2coc3cc(O)ccc3c2=O)c1,4.609948503541013
O=c1c(-c2ccc3c(c2)OCO3)coc2cc(O)ccc12,5.050609993355087
O=c1c(-c2ccc(F)cc2)coc2cc(O)ccc12,4.636388020107856
COc1cccc(-c2coc3cc(O)ccc3c2=O)c1,4.47977856411804
CCCc1nc2c(C)cccc2n1CCOc1ccc(CC(C)(Oc2ccccc2)C(=O)OCC)cc1,6.522878745280337
Cc1oc(-c2ccccc2)nc1CCCc1ccc(CC(C(=O)O)c2ccsc2)cc1,6.164309428507575
CCC(C(=O)Nc1ccc2c(c1)c(C)c(C)n2Cc1ccc(-c2ccccc2C(=O)O)cc1)c1ccccc1,5.211831628858833
C/C(=N\OCCCCO/N=C(/CCC(=O)O)c1ccccc1)c1ccc(F)cc1,7.301029995663981
C/C(=N\OCCCCO/N=C(/CCC(=O)O)c1ccccc1)c1ccc(C)cc1,7.301029995663981
COc1ccc(/C(C)=N/OCCCCO/N=C(/CCC(=O)O)c2ccccc2)cc1,8.0
C/C(=N\OCCCCO/N=C(/CCC(=O)O)c1ccccc1)c1ccc(C(F)(F)F)cc1,6.3979400086720375
C/C(=N\OCCCCO/N=C(/CCC(=O)O)c1ccccc1)c1ccc(S(C)(=O)=O)cc1,5.619788758288394
CCCCc1cccc(/C(C)=N/OCCCCO/N=C(/CCC(=O)O)c2ccccc2)c1,6.301029995663981
C/C(=N\OCCCCO/N=C(/CCC(=O)O)c1ccccc1)c1cccc(-c2ccccc2)c1,7.698970004336019
C/C(=N\OCCCCO/N=C(/CCC(=O)O)c1ccccc1)c1ccc2ccccc2c1,7.522878745280337
C/C(=N\OCCCCO/N=C(/CCC(=O)O)c1ccccc1)c1ccc2c(c1)CCCC2,8.522878745280337
COc1ccc(/C(C)=N/OCCCCO/N=C(/CCC(=O)O)c2ccccc2)cc1OC,7.0
Cc1cc(OCc2nc(-c3ccc(-c4ccccc4)cc3)cs2)ccc1OCC(=O)O,6.318758762624412
Cc1cc(OCc2nc(-c3ccc(C(=O)N(C)C(C)C)cc3)c(-c3ccc(OC(F)(F)F)cc3)s2)ccc1OCC(=O)O,6.161150909262744
Cc1cc(OCc2nc(-c3ccc(C(=O)N(C)C(C)C)cc3)c(-c3ccc(OC(F)(F)F)cc3)o2)ccc1OCC(=O)O,6.154901959985743
Cc1cc(OCc2nc(-c3ccc(C(=O)N4CCCCC4)cc3)c(-c3ccc(OC(F)(F)F)cc3)s2)ccc1OCC(=O)O,5.798602875679548
Cc1cc(OCc2nc(-c3ccc(OC(C)C)cc3)c(-c3ccc(OC(F)(F)F)cc3)o2)ccc1OCC(=O)O,5.585026652029182
Cc1cc(OCc2nc(-c3ccc(N4CCCCC4)cc3)c(-c3ccc(OC(F)(F)F)cc3)s2)ccc1OCC(=O)O,5.2839966563652006
Cc1cc(OCc2nc(-c3cnc(N4CCOCC4)nc3)c(-c3ccc(OC(F)(F)F)cc3)o2)ccc1OCC(=O)O,6.3872161432802645
Cc1cc(OCc2nc(-c3ccc(OC(C)C)nc3)c(-c3ccc(OC(F)(F)F)cc3)o2)ccc1OCC(=O)O,6.102372908709558
Cc1cc(OCc2nc(-c3ccc(N4CCOCC4)nc3)c(-c3ccc(OC(F)(F)F)cc3)o2)ccc1OCC(=O)O,5.920818753952375
Cc1cc(OCc2nc(-c3cnc(N4CCOCC4)nc3)c(-c3ccc(OC(F)(F)F)cc3)s2)ccc1OCC(=O)O,5.701146923590294
COc1ccc(-c2nc(SCCCCOc3ccc(OCC(=O)O)cc3Cl)sc2-c2ccc(OC)cc2)cc1,6.096910013008056
COc1ccc(-c2nc(SCCCOc3ccc(OCC(=O)O)cc3Cl)sc2-c2ccc(OC)cc2)cc1,6.075720713938118
COc1ccc(-c2nc(SCCOc3ccc(OCC(=O)O)cc3Cl)sc2-c2ccc(OC)cc2)cc1,5.97469413473523
COc1ccc(-c2nc(SCCCCOc3ccc(OCC(=O)O)c(C)c3)sc2-c2ccc(OC)cc2)cc1,5.6252516539898965
COc1ccc(-c2nc(SCCCOc3ccc(OCC(=O)O)c(C)c3)sc2-c2ccc(OC)cc2)cc1,5.279840696594043
COc1ccc(-c2nc(SCCOc3ccc(OCC(=O)O)c(C)c3)sc2-c2ccc(OC)cc2)cc1,5.271646217978772
CCCCOc1ccc(-c2ccc(C(=O)O)c(C)c2)cc1CNC(=O)c1ccc(C(F)(F)F)cc1F,5.522878745280337
CCCCOc1ccc(-c2ccc(C)c(C(=O)O)c2)cc1CNC(=O)c1ccc(C(F)(F)F)cc1F,6.920818753952375
CCCCOc1ccc(-c2cc(C(=O)O)ccc2C)cc1CNC(=O)c1ccc(C(F)(F)F)cc1F,6.2441251443275085
CCCCOc1ccc(-c2cccc(C(=O)O)c2)cc1CNC(=O)c1ccc(C(F)(F)F)cc1F,6.102372908709558
Cc1ccc(OC(=O)N(CC(=O)O)Cc2ccc(OCCc3nc(-c4ccc(Cl)cc4)oc3C)cc2)cc1,6.538651566352017
Cc1ccc(OC(=O)N(CC(=O)O)Cc2cccc(OCCc3nc(-c4ccc(Cl)cc4)oc3C)c2)cc1,7.782516055786093
Cc1ccc(OC(=O)N(CC(=O)O)Cc2cccc(OCc3nc(-c4ccc(Cl)cc4)oc3C)c2)cc1,8.075720713938118
Cc1ccc(OC(=O)N(CC(=O)O)Cc2cccc(OCc3nc(-c4ccc(Cl)cc4)sc3C)c2)cc1,7.045757490560675
Cc1ccc(OC(=O)N(CC(=O)O)Cc2cccc(OCc3nc(-c4ccccc4Cl)oc3C)c2)cc1,7.167491087293763
Cc1ccc(OC(=O)N(CC(=O)O)Cc2cccc(OCc3nc(-c4ccccc4)oc3C)c2)cc1,7.313363730737707
Cc1ccc(OC(=O)N(CC(=O)O)Cc2cccc(OCc3nc(-c4ccc(C(C)(C)C)cc4)oc3C)c2)cc1,8.0
Cc1ccc(OC(=O)N(CC(=O)O)Cc2cccc(OCc3nc(-c4ccc(-c5ccccc5)cc4)oc3C)c2)cc1,6.468521082957745
Cc1ccc(OC(=O)N(CC(=O)O)Cc2cccc(OCc3nc(-c4ccc(C#N)cc4)oc3C)c2)cc1,7.431798275933005
COc1ccc(-c2nc(COc3cccc(CN(CC(=O)O)C(=O)Oc4ccc(C)cc4)c3)c(C)o2)cc1,7.801342913045577
Cc1ccc(OC(=O)N(CC(=O)O)Cc2cccc(OCc3nc(-c4ccc(C)cc4)oc3C)c2)cc1,8.040958607678906
Cc1ccc(OC(=O)N(CC(=O)O)Cc2cccc(OCc3nc(-c4ccc(C(C)C)cc4)oc3C)c2)cc1,8.060480747381382
Cc1oc(-c2ccc(Cl)cc2)nc1COc1cccc(CN(CC(=O)O)C(=O)OC2CCC2)c1,7.903089986991944
Cc1oc(-c2ccc(Cl)cc2)nc1COc1cccc(CN(CC(=O)O)C(=O)OCC2CC2)c1,8.200659450546418
COC(=O)N(CC(=O)O)Cc1cccc(OCc2nc(-c3ccc(Cl)cc3)oc2C)c1,8.008773924307505
Cc1cccc(N2CCN([C@@H](Cc3ccc(OCCc4nc(-c5ccccc5)oc4C)cc3)C(=O)O)CC2)c1,5.046723663332696
Cc1oc(-c2ccccc2)nc1CCOc1ccc(C[C@@H](C(=O)O)N2CCN(c3ccccc3)CC2)cc1,4.953504835665291
Cc1oc(-c2ccccc2)nc1CCOc1ccc(C[C@@H](C(=O)O)N2CCN(S(=O)(=O)c3ccc(F)cc3)CC2)cc1,5.8696662315049934
COC(=O)N(CC(=O)O)Cc1cccc(OCc2coc(-c3ccc(Cl)cc3)n2)c1,7.1938200260161125
COC(=O)N(CC(=O)O)Cc1cccc(OCc2coc(-c3ccc(C(F)(F)F)cc3)n2)c1,7.167491087293763
COC(=O)N(CC(=O)O)Cc1cccc(OCc2coc(-c3ccccc3)n2)c1,5.911863911299449
COC(=O)N(CC(=O)O)Cc1cccc(OCc2coc(-c3ccc(F)cc3F)n2)c1,5.964170174747172
COC(=O)N(CC(=O)O)Cc1cccc(OCc2coc(-c3ccc(F)c(Cl)c3)n2)c1,6.403402904373539
COC(=O)N(CC(=O)O)Cc1cccc(OCc2csc(-c3ccc(C(F)(F)F)cc3)n2)c1,7.33161408331
COC(=O)N(CC(=O)O)Cc1cccc(OCc2csc(-c3ccc(C)cc3)n2)c1,7.378823718224964
COC(=O)N(CC(=O)O)Cc1cccc(OCc2csc(-c3ccccc3)n2)c1,6.517126416391246
COC(=O)N(CC(=O)O)Cc1cccc(OCc2csc(-c3cccc(Cl)c3)n2)c1,5.837734385701978
C[C@@H](c1cccc(OCc2coc(-c3ccc(Cl)cc3)n2)c1)N(CC(=O)O)C(=O)Oc1ccccc1,6.838631997765025
Cc1cccc(OC(=O)N(CC(=O)O)[C@@H](C)c2cccc(OCc3coc(-c4ccc(Cl)cc4)n3)c2)c1,7.657577319177793
COc1ccc(OC(=O)N(CC(=O)O)[C@@H](C)c2cccc(OCc3coc(-c4ccc(Cl)cc4)n3)c2)cc1,7.180456064458132
Cc1ccc(NC(=O)CN(Cc2ccc(OC(C)(C)C(=O)O)cc2)Cc2ccco2)c(C)c1,7.698970004336019
Cc1ccc(NC(=O)CN(Cc2ccccc2)Cc2ccc(OC(C)(C)C(=O)O)cc2)c(C)c1,6.0
Cc1ccc(NC(=O)CN(Cc2ccc(OC(C)(C)C(=O)O)cc2)Cc2cccs2)c(C)c1,6.154901959985743
COc1ccc(CN(CC(=O)Nc2ccc(C)cc2C)Cc2ccc(OC(C)(C)C(=O)O)cc2)cc1,6.045757490560675
CCCCN(CC(=O)Nc1ccc(C)cc1C)Cc1ccc(OC(C)(C)C(=O)O)cc1,5.0
Cc1ccccc1NC(=O)CN(Cc1ccc(OC(C)(C)C(=O)O)cc1)Cc1ccco1,5.698970004336019
COc1cccc(NC(=O)CN(Cc2ccc(OC(C)(C)C(=O)O)cc2)Cc2ccco2)c1,5.522878745280337
CC(C)(Oc1ccc(CN(CC(=O)Nc2ccc(F)cc2F)Cc2ccco2)cc1)C(=O)O,5.823908740944319
CC(C)(Oc1ccc(CN(CC(=O)NCc2ccccc2)Cc2ccco2)cc1)C(=O)O,4.886056647693163
CC(C)(Oc1ccc(CN(CC(=O)NCc2ccccc2Cl)Cc2ccco2)cc1)C(=O)O,5.154901959985743
CCCCOc1ccc(-c2cncc(C(=O)O)c2)cc1CNC(=O)c1ccc(C(F)(F)F)cc1F,5.3979400086720375
CCCCOc1ccc(-c2c(C)ncc(C(=O)O)c2C)cc1CNC(=O)c1ccc(C(F)(F)F)cc1F,5.376750709602099
COc1ccc(C(=O)c2cccn2C/C=C/c2cccc(CC(=O)O)c2)cc1,4.6777807052660805
COc1ccc(C(=O)c2cccn2C/C=C/c2cccc(OCC(=O)O)c2)cc1,5.431798275933005
C/C(=N\OCc1sc(-c2ccc(C(F)(F)F)cc2)nc1C)c1ccc(OCC(=O)O)c(C)c1,8.096910013008056
Cc1cc(/C(=N/OCc2sc(-c3ccc(C(F)(F)F)cc3)nc2C)C2CCCCC2)ccc1OCC(=O)O,5.795880017344075
C/C(=N\OCc1nc(-c2ccccc2)oc1C)c1ccc(OCC(=O)O)c(C)c1,6.301029995663981
C/C(=N\OCc1nc(-c2ccc(C)cc2)oc1C)c1ccc(OCC(=O)O)c(C)c1,6.823908740944319
Cc1cc2c(CCc3nc(-c4ccc(Cl)cc4Cl)oc3C(C)C)noc2cc1OCC(=O)O,5.0
Cc1ccc(C(=O)c2nc3c(n2C/C=C/c2cccc(OC(C)(C)C(=O)O)c2)CCCC3)cc1,5.443697499232712
CCC(Cc1ccc(OC)c(CNC(=O)c2ccc(OC(F)(F)F)cc2)c1)C(=O)O,7.920818753952375
CCC(Cc1ccc(OC)c(CNC(=O)c2cccc(Oc3ccccc3)c2)c1)C(=O)O,7.387216143280264
CCC(Cc1ccc(OC)c(CNC(=O)c2ccccc2-c2ccccc2)c1)C(=O)O,5.443697499232712
Cc1oc(-c2ccccc2)nc1CCc1noc2cc(OC(C)(C)C(=O)O)ccc12,4.889410289700751
CCCc1oc(-c2ccccc2Cl)nc1CCc1noc2cc(OC(C)(C)C(=O)O)ccc12,4.856985199745905
CC(C)c1oc(-c2ccccc2Cl)nc1CCc1noc2cc(OC(C)(C)C(=O)O)ccc12,4.467245621007502
CC(C)c1oc(-c2ccccc2O)nc1CCc1noc2cc(OC(C)(C)C(=O)O)ccc12,4.982966660701219
CC(C)c1oc(-c2ccc(C(C)(C)C)cc2)nc1CCc1noc2cc(OC(C)(C)C(=O)O)ccc12,5.537602002101044
CCCCc1ccc(-c2nc(CCc3noc4cc(OC(C)(C)C(=O)O)ccc34)c(C(C)C)o2)cc1,5.481486060122113
CC(C)c1oc(-c2ccc(Cl)cc2Cl)nc1CCc1noc2cc(OC(C)(C)C(=O)O)ccc12,5.0655015487564325
CC(C)c1nc(-c2ccc(C(F)(F)F)cc2)sc1CCc1noc2cc(OC(C)(C)C(=O)O)ccc12,6.080921907623926
Cc1cc2c(CCc3sc(-c4ccc(C(F)(F)F)cc4)nc3C(C)C)noc2cc1OC(C)(C)C(=O)O,6.698970004336019
CCCCCCC(Sc1nc2cc(Cl)ccc2s1)C(=O)NS(=O)(=O)c1ccccc1,4.295849483160201
CCO[C@@H](Cc1ccc(OCc2nc(-c3ccc(-c4ccccc4)s3)oc2C)cc1)C(=O)O,7.698970004336019
CCO[C@@H](Cc1ccc(OCCc2nc(-c3cccs3)oc2C)cc1)C(=O)O,10.0
CCO[C@@H](Cc1ccc(OCCc2nc(-c3ccsc3)oc2C)cc1)C(=O)O,8.721246399047171
CCO[C@@H](Cc1ccc(OCCc2nc(-c3ccc(-c4ccccc4)s3)oc2C)cc1)C(=O)O,7.657577319177793
CCC(Cc1ccc(CCc2ccc(N3C(=O)c4ccccc4C3=O)cc2O)cc1)C(=O)O,4.853871964321762
O=C(O)COc1ccc(CCc2ccc(N3C(=O)c4ccccc4C3=O)cc2)cc1,4.537602002101044
O=C(O)CCc1ccc(CCc2ccc(N3C(=O)c4ccccc4C3=O)cc2)cc1,4.958607314841775
O=C(O)c1ccc(CCc2ccc(N3C(=O)c4ccccc4C3=O)cc2)cc1,4.481486060122113
C=CCc1ccc(OCCCCC(=O)O)c(OC)c1,4.94692155651658
C=CCc1ccc(OCCCC(C)(C)C(=O)O)c(OC)c1,5.180456064458132
CC(C)(CCCOc1ccc(/C=C/c2ccccc2)cc1)C(=O)O,6.0
CC(C)(CCCOc1ccc(Oc2ccccc2)cc1)C(=O)O,5.040958607678906
O=C(O)CCCCOc1ccc(NC(=O)Nc2ccccc2)cc1,5.031517051446065
CC(C)(CCCOc1ccc(/N=N/c2ccccc2)cc1)C(=O)O,4.359518563029578
C[C@@H]1[C@H]2C3=CC[C@@H]4[C@@]5(C)CC[C@H](O)C(C)(C)[C@@H]5CC[C@@]4(C)[C@]3(C)CC[C@@]2(C(=O)O)CC[C@H]1C,4.383944805023414
Cc1cc(SCc2sc(-c3ccc(C(F)(F)F)cc3)nc2C)ccc1OC(F)C(=O)O,6.251811972993799
CCc1cc(SCc2sc(-c3ccc(C(F)(F)F)cc3)nc2C)ccc1OC(F)C(=O)O,6.1487416512809245
Cc1nc(-c2ccc(C(F)(F)F)cc2)sc1CSc1ccc(OC(F)C(=O)O)c(C(C)C)c1,6.133712660915805
CC/C=C\C/C=C\C/C=C\C/C=C\CC/C=C/C=C/C(=O)O,7.494850021680094
COc1ccc(-c2cccc(C(=O)O)c2)cc1CNC(=O)c1ccc(Oc2ccccc2)cc1,6.154901959985743
O=C(O)c1cccc(N2CCCC(CNC(=O)c3ccc(Oc4ccc(F)cc4)cc3)C2)c1,5.356547323513812
Cc1nc(-c2ccc(Cl)cc2)sc1C(=O)NCC1CCCN(c2cccc(C(=O)O)c2)C1,6.119186407719209
Cc1nc(-c2ccc(Cl)cc2)sc1C(=O)NCC1CCN(c2cccc(C(=O)O)c2)C1,6.070581074285707
Cc1nc(-c2ccc(Cl)cc2)sc1C(=O)NCC1CCCCN(c2cccc(C(=O)O)c2)C1,6.154901959985743
Cc1nc(-c2ccc(Cl)cc2)sc1C(=O)NCC1CN(c2cccc(C(=O)O)c2)CCO1,6.091514981121351
Cc1nc(-c2ccc(Cl)cc2)sc1NC(=O)C1CCCN(c2cccc(C(=O)O)c2)C1,6.552841968657781
Cc1nc(-c2ccc(Cl)cc2)sc1C(=O)N(C)C1CCCN(c2cccc(C(=O)O)c2)C1,5.468521082957745
Cc1nc(-c2ccc(Cl)cc2)sc1COC1CCCN(c2cccc(C(=O)O)c2)C1,6.6020599913279625
Cc1nc(-c2ccc(Cl)cc2)sc1/C=C/C1CCCN(c2cccc(C(=O)O)c2)C1,6.920818753952375
Cc1nc(-c2ccc(Cl)cc2)oc1C(=O)N[C@H]1CCCN(c2cccc(C(=O)O)c2)C1,5.823908740944319
Cc1nc(-c2ccccc2)sc1C(=O)N[C@H]1CCCN(c2cccc(C(=O)O)c2)C1,7.142667503568732
Cc1ccc(-c2nc(C)c(C(=O)N[C@H]3CCCN(c4cccc(C(=O)O)c4)C3)s2)cc1,8.221848749616356
COc1ccc(-c2nc(C)c(C(=O)N[C@H]3CCCN(c4cccc(C(=O)O)c4)C3)s2)cc1,7.638272163982407
Cc1nc(-c2ccc([N+](=O)[O-])cc2)sc1C(=O)N[C@H]1CCCN(c2cccc(C(=O)O)c2)C1,7.431798275933005
O=C(O)C(Cc1ccc(F)cc1)Oc1ccc(Cl)cc1,5.267606240177032
O=C(O)C(Cc1cccc(F)c1)Oc1ccc(Cl)cc1,5.292429823902063
O=C(O)C(Cc1ccccc1F)Oc1ccc(Cl)cc1,5.180456064458132
O=C(O)C(Cc1ccccc1)Oc1ccc(Cl)c(C(F)(F)F)c1,5.6020599913279625
O=C(O)C(Cc1ccccc1)Oc1ccc(Cl)c(F)c1,5.187086643357144
O=C(O)[C@H](Cc1ccccc1)Oc1ccc(Cl)cc1F,5.657577319177793
O=C(O)[C@H](Cc1ccccc1)Oc1cccc(C(F)(F)F)c1,5.008773924307505
O=C(O)C(Cc1ccccc1)Oc1ccccc1F,4.651695136951839
O=C(O)C(Cc1ccccc1)Oc1cccc(F)c1,4.6777807052660805
O=C(O)[C@H](Cc1ccccc1)Oc1ccc(F)cc1,4.605548319173784
CC[C@@H](Cc1ccc(OC)c(CNC(=O)c2ccc3ccc4cccc5ccc2c3c45)c1)C(=O)O,7.920818753952375
CC(C)(O)C1=C[C@@H](O)[C@@](C)(O)CC1,4.709965388637482
C=CCc1ccc(OC)c(OC)c1,4.332547047110047
COc1ccc([C@@H](O)[C@H](O)CO)cc1OC,4.804100347590766
C/C=C\CC/C=C/C=C/C(=O)NCC(C)C,5.3979400086720375
CC(C)(Oc1ccc(C2CC2(Cl)Cl)cc1)C(=O)O,6.045757490560675
Cc1c(C(=O)Nc2ccc(O)cc2)nn(-c2ccc(Cl)cc2Cl)c1-c1ccc(Cl)cc1,6.012780770091995
COc1ccc(/C=C/c2cc(O)c(C/C=C(\C)CCC=C(C)C)c(O)c2)cc1,4.721246399047171
CC(C)=CCC/C(C)=C/Cc1c(O)cc(/C=C/c2cccc(C(F)(F)F)c2)cc1O,5.3979400086720375
CC(C)=CCC/C(C)=C/Cc1c(O)cc(/C=C/c2ccc(C#N)cc2)cc1O,4.698970004336019
CC(C)=CCC/C(C)=C/Cc1c(O)cc(/C=C/c2ccc(O)cc2)cc1O,5.096910013008056
CC(C)=CCC/C(C)=C/Cc1c(O)cc(/C=C/c2ccsc2)cc1O,4.853871964321762
Cc1cc(SC(CC2CC2)c2sc(-c3ccc(C(F)(F)F)cc3)nc2C)ccc1OCC(=O)O,6.064845552783831
CCCC(Sc1ccc(OCC(=O)O)c(C)c1)c1sc(-c2ccc(C(F)(F)F)cc2)nc1C,7.455931955649724
CCCCC(Sc1ccc(OCC(=O)O)c(C)c1)c1sc(-c2ccc(C(F)(F)F)cc2)nc1C,6.364114314718727
Cc1cc(SC(CC(C)C)c2sc(-c3ccc(C(F)(F)F)cc3)nc2C)ccc1OCC(=O)O,6.227898430722988
O=C(Nn1cc([N+](=O)[O-])cn1)c1cccc(COc2ccc(Br)cc2)c1,4.943095148663527
CN(CCOc1ccc(C[C@H](Nc2ccccc2C(=O)c2ccccc2)C(=O)O)cc1)c1ccccn1,4.257274868695302
CC(C)(Oc1ccc(CCOc2ccc(/C=C/C(=O)c3cc(Cl)ccc3O)cc2)cc1)C(=O)O,7.221848749616356
CCOc1ccc2nc(SC(C)C(=O)NS(C)(=O)=O)sc2c1,5.798602875679548
OC[C@H]1O[C@@H](O[C@H](CCc2ccc(O)c(O)c2)C[C@H](O)CCc2ccc(O)cc2)[C@H](O)[C@@H](O)[C@@H]1O,4.367542707815276
O=C(NCc1ccc(Cn2cccc2C(=O)O)cc1)Nc1ccc(OC(F)(F)F)cc1,5.301029995663981
O=C(NCc1ccccc1Cn1cccc1C(=O)O)Nc1ccc(OC(F)(F)F)cc1,5.154901959985743
Cc1cc(CN(Cc2ccco2)Cc2nc(-c3ccccc3)oc2C)cc(C)c1OC(C)(C)C(=O)O,8.769551078621726
Cc1cc(CN(Cc2ccco2)Cc2nc(-c3ccccc3)oc2C)ccc1OC(C)(C)C(=O)O,8.4089353929735
Cc1oc(-c2ccccc2)nc1CN(Cc1ccc(OC(C)(C)C(=O)O)c(Cl)c1)Cc1ccco1,8.292429823902063
COc1ccc(CN(Cc2ccc(OC(C)(C)C(=O)O)cc2)Cc2nc(-c3cccc(Br)c3)oc2C)cc1,7.585026652029182
Cc1oc(-c2cccc(Br)c2)nc1CN(Cc1ccccc1)Cc1ccc(OC(C)(C)C(=O)O)cc1,7.251811972993799
CCCCN(Cc1ccc(OC(C)(C)C(=O)O)cc1)Cc1nc(-c2cccc(Br)c2)oc1C,6.301029995663981
Cc1oc(-c2cccc(Br)c2)nc1CNCc1ccc(OC(C)(C)C(=O)O)cc1,6.173925197299173
Cc1oc(-c2ccccc2)nc1CNCc1ccc(OC(C)(C)C(=O)O)cc1,5.0
Cc1oc(-c2ccccc2)nc1CNc1ccc(OC(C)(C)C(=O)O)cc1,5.142667503568732
CC(C)(Oc1ccc(CCCO)cc1)C(=O)O,4.51427857351842
CC(C)(Oc1ccc(CCCOc2nc3ccccc3s2)cc1)C(=O)O,4.33913452199613
CC(C)(Oc1ccc(CCOc2nc3ccccc3s2)cc1)C(=O)O,4.73754891026957
CC(C)(Oc1ccc(COc2nc3ccccc3s2)cc1)C(=O)O,4.350665141287858
CC(C)(Oc1ccc(CCCOc2ccc(/N=N/c3ccccc3)cc2)cc1)C(=O)O,4.368556230986828
CC(C)(Oc1ccc(CCOc2ccc(/C=C/c3ccccc3)cc2)cc1)C(=O)O,4.935542010773082
Cc1oc(-c2ccccc2)nc1CCOc1ccc(C[C@H](C(=O)O)n2cccc2)cc1,5.889999848866887
Cc1oc(-c2ccccc2)nc1CCOc1ccc(C[C@@]2(C(=O)O)CCOCCO2)cc1,5.16057506424336
Cc1oc(-c2ccccc2)nc1CCOc1ccc(C[C@]2(C(=O)O)C=CC=CO2)cc1,5.8880237729807945
Cc1sc(N2CCN(C)CC2)nc1CCOc1ccc(C[C@@](O)(C(=O)O)c2ccccc2C(=O)c2ccccc2)cc1,5.190018315792462
Cc1sc(-c2ccccc2)nc1CCOc1ccc(C[C@@](O)(C(=O)O)c2ccccc2C(=O)c2ccccc2)cc1,5.980026357227464
Cc1oc(-c2ccccc2)nc1CCOc1ccc(C[C@@](O)(C(=O)O)c2ccccc2C(=O)c2ccccc2)cc1,6.340041037808588
CCCCCc1ccccc1-c1ccc(OC(Cc2ccccc2)C(=O)O)cc1,6.301029995663981
COc1ccccc1-c1ccc(O[C@@H](Cc2ccccc2)C(=O)O)cc1,6.886056647693163
O=C(O)[C@H](Cc1ccccc1)Oc1ccc(-c2ccccc2-c2ccccc2)cc1,7.356547323513812
O=C(O)[C@H](Cc1ccccc1)Oc1ccc(-c2ccccc2C(F)(F)F)cc1,7.657577319177793
O=C(O)[C@H](Cc1ccccc1)Oc1ccc(-c2ccccc2F)cc1,6.920818753952375
Cc1ccccc1-c1ccc(O[C@@H](Cc2ccccc2)C(=O)O)cc1C,7.508638306165727
Cc1cccc(-c2ccc(OC(Cc3ccccc3)C(=O)O)cc2)c1,6.657577319177793
Cc1ccc(-c2ccc(O[C@@H](Cc3ccccc3)C(=O)O)cc2)cc1,6.6777807052660805
Cc1cccc(C)c1-c1ccc(O[C@@H](Cc2ccccc2)C(=O)O)cc1,6.638272163982407
Cc1cc(OC(Cc2ccccc2)C(=O)O)cc(C)c1-c1ccccc1,5.6777807052660805
Cc1cc(-c2ccccc2)ccc1O[C@@H](Cc1ccccc1)C(=O)O,6.00436480540245
O=C(O)[C@H](Cc1ccccc1)Oc1ccc(-c2ccc(Cl)cc2)cc1,5.410000161858408
O=C(O)[C@H](CCOc1ccccc1)Oc1ccc(Cl)cc1,5.5200002474083645
O=C(O)[C@H](COc1ccccc1)Oc1ccc(Cl)cc1,5.59999938302362
O=C(O)[C@H](CCCc1ccccc1)Oc1ccc(Cl)cc1,6.23000269597146
COC(c1ccccc1OC(F)(F)F)C1CC1c1cc(C)c(OC(C)(C)C(=O)O)c(C)c1,6.185752404268079
Cc1cc(C2CC2C(OCCC2CCCCC2)c2ccc(OC(F)(F)F)cc2)cc(C)c1OC(C)(C)C(=O)O,7.585026652029182
COC(c1ccc(C)cc1)C1CC1c1cc(C)c(OC(C)(C)C(=O)O)c(C)c1,6.197226274708024
Cc1c(C(=O)O)cccc1-c1ccc(/C=C2/SC(=O)N(CC(=O)Nc3ccc(F)cc3)C2=O)o1,9.795880017344077
CCOC(=O)C1=C(Nc2ccc(OCC)cc2)S/C(=C/c2ccc(OCC(=O)O)c(OC)c2)C1=O,7.91721462968355
Cc1nc(-c2cccc(C(F)(F)F)c2)sc1CNCc1ccc(OC(C)(C)C(=O)O)cc1,8.397940008672037
CCCCC(Sc1nc(Cl)cc(Nc2nc(-c3ccc(Cl)cc3)cs2)n1)C(=O)O,5.187086643357144
CCC(Sc1nc(Cl)cc(Nc2nc(-c3ccc(Cl)cc3)cs2)n1)C(=O)O,5.443697499232712
CCCCCCC(Sc1nc(Cl)cc(Nc2nc(-c3ccc([N+](=O)[O-])cc3)cs2)n1)C(=O)O,5.537602002101044
CCCCCCC(Sc1nc(Cl)cc(Nc2nc(-c3ccc(Br)cc3)c(C)s2)n1)C(=O)O,5.4089353929735005
CCCCCCC(Sc1nc(Cl)cc(Nc2nc3c(s2)CCc2cc(OC)ccc2-3)n1)C(=O)O,5.267606240177032
CCCCC(Sc1nc(Cl)cc(Nc2cccc(C)c2C)n1)C(=O)O,5.920818753952375
CCCCCCC(Sc1nc(Cl)cc(Nc2cccc(C)c2C)n1)C(=O)O,6.0
O=C(O)CSc1nc(Cl)cc(Nc2ccc(Nc3ccccc3)cc2)n1,4.920818753952375
CCCCC(Sc1nc(Cl)cc(Nc2ccc(Nc3ccccc3)cc2)n1)C(=O)O,6.455931955649724
O=C(O)c1cccc(NC(=O)c2ccccc2NC(=O)c2ccc3ccccc3c2)c1,5.707743928643524
CCc1ccc(C(=O)Nc2ccccc2C(=O)NCCCC(=O)O)cc1,4.804100347590766
O=C(O)c1cccc(NC(=O)c2ccccc2NC(=O)c2ccc(C(F)(F)F)c(F)c2)c1,5.657577319177793
CC(C)(C)c1ccc(C(=O)Nc2ccccc2C(=O)Nc2cccc(C(=O)O)c2)cc1,5.886056647693163
O=C(O)c1cccc(NC(=O)c2ccccc2NC(=O)c2ccc(Br)cc2)c1,5.443697499232712
CC(C)(C)c1ccc(C(=O)Nc2ccccc2C(=O)Nc2cccc(CC(=O)O)c2)cc1,5.356547323513812
CC(C)(C)c1ccc(C(=O)Nc2ccccc2C(=O)Nc2cccc(CCC(=O)O)c2)cc1,5.267606240177032
COc1ccc(NC(=O)c2ccccc2NC(=O)c2ccc(C(C)(C)C)cc2)cc1C(=O)O,6.130768280269024
CC(C)(C)c1ccc(C(=O)Nc2ccccc2C(=O)Nc2ccc(Cl)c(C(=O)O)c2)cc1,5.040958607678906
CC(C)(C)c1ccc(C(=O)Nc2ccccc2C(=O)Nc2ccc(Br)c(C(=O)O)c2)cc1,5.3872161432802645
COc1ccc(C(=O)O)cc1NC(=O)c1ccccc1NC(=O)c1ccc(C(C)(C)C)cc1,5.537602002101044
O=C(O)c1cccc(NC(=O)c2ccc(Cl)cc2NC(=O)c2ccc(C(F)(F)F)cc2)c1,4.730487055782084
O=C(O)Cc1cccc(NC(=O)c2ccccc2NC(=O)c2ccc(C(F)(F)F)cc2)c1,5.267606240177032
CSc1ccc(C(=O)Nc2ccccc2C(=O)Nc2cccc(CC(=O)O)c2)cc1,4.841637507904751
O=C(O)Cc1cccc(NC(=O)c2ccccc2NC(=O)c2ccc(SC(F)(F)F)cc2)c1,5.886056647693163
O=C(O)Cc1cccc(NC(=O)c2ccccc2NC(=O)c2ccc3ccccc3c2)c1,4.841637507904751
O=C(O)C(Cc1ccccc1)Oc1ccc(/C=N/OCc2ccccc2)cc1,5.167491087293763
CCCCO/N=C/c1ccc(OC(Cc2ccccc2)C(=O)O)cc1,5.4089353929735005
CCOC(=O)N1C[C@H](C(=O)O)[C@H](c2cccc(OCCc3nc(-c4ccccc4)oc3C)c2)C1,4.698970004336019
Cc1oc(-c2ccccc2)nc1CCOc1ccc([C@H]2CN(C(=O)Oc3ccccc3)C[C@@H]2C(=O)O)cc1,5.58838029403677
CCOC(=O)N1C[C@@H](Cc2ccc(OCCc3nc(-c4ccccc4)oc3C)cc2)[C@@H](C(=O)O)C1,8.221848749616356
Cc1oc(-c2ccccc2)nc1CCOc1ccc(C[C@@H]2CN(C(=O)Oc3ccccc3)C[C@@H]2C(=O)O)cc1,8.522878745280337
Cc1oc(-c2ccccc2)nc1CCOc1cccc(C[C@H]2CN(c3ccccc3)C[C@H]2C(=O)O)c1,6.167491087293763
Cc1oc(-c2ccccc2)nc1CCOc1cccc(C[C@@H]2CN(c3nccc(C(F)(F)F)n3)C[C@@H]2C(=O)O)c1,7.853871964321762
Cc1oc(-c2ccccc2)nc1CCOc1ccc(C[C@@H]2CN(c3nc4ccccc4o3)C[C@@H]2C(=O)O)cc1,5.605548319173784
CCOC(=O)N1C[C@@H](CCc2cccc(OCCc3nc(-c4ccccc4)oc3C)c2)[C@@H](C(=O)O)C1,6.698970004336019
Cc1oc(-c2ccccc2)nc1CCOc1cccc(C[C@H]2CN(C(=O)Oc3ccccc3)C[C@@H]2CC(=O)O)c1,6.070581074285707
COc1ccc(COc2cccc(OCCOc3ccc4c(c3)c(CC(=O)O)cn4Cc3ccccc3)c2)cc1,5.229147988357856
O=C(O)Cc1cn(Cc2ccccc2)c2ccc(OCCCOc3cccc(OCc4ccc(Cl)cc4)c3)cc12,5.0655015487564325
Cc1ccc(COc2cccc(OCCCOc3ccc4c(CC(=O)O)cn(Cc5ccccc5)c4c3)c2)cc1,4.716698771296451
C[C@@H](Cc1cccc(NC(=O)c2ccc(NC(=O)Cc3ccc(C(C)(C)C)cc3)cc2)c1)C(=O)O,6.062482107982653
C[C@@H](Cc1cccc(NC(=O)c2ccc(NC(=O)Cc3ccc(C(C)(C)C)cc3)cc2)c1)C(=O)N1C(=O)OC[C@H]1Cc1ccccc1,6.015022873584506
O=C(Nc1ccc(C(=O)NC2CC2)cc1)c1cccc(CN2C(=O)OC[C@H]2Cc2ccccc2)c1,5.70377371273884
CCCCCCCCCCCCNC(=O)c1ccc(NC(=O)c2cccc(CN3C(=O)OC[C@H]3Cc3ccccc3)c2)cc1,5.178945244953112
CCCCCNC(=O)c1ccc(NC(=O)c2cccc(CN3C(=O)OC[C@H]3Cc3ccccc3)c2)cc1,6.085656842880559
Cc1ccc(/C=C/c2ccc(OCCCC(C)(C)C(=O)O)cc2)cc1,5.481486060122113
CC(C)(CCCOc1ccc(/C=C/c2ccc3ccccc3c2)cc1)C(=O)O,4.045757490560675
O=C1NC(=O)C(Cc2ccc(OCc3cccc(Br)c3)cc2)S1,4.598427154323554
O=C1NC(=O)C(Cc2ccc(OCc3ccc(Br)cc3)cc2)S1,4.768785352037399
O=C1NC(=O)C(Cc2ccc(OCc3nc4ccccc4n3Cc3ccccc3)cc2)S1,4.519561852822183
CC(C)Cn1c(COc2ccc(CC3SC(=O)NC3=O)cc2)nc2ccccc21,4.879097182385473
C=CCn1c(COc2ccc(CC3SC(=O)NC3=O)cc2)nc2ccccc21,5.30715308072277
CC(C)n1c(COc2ccc(CC3SC(=O)NC3=O)cc2)nc2ccccc21,4.594995334949631
CCC(Cc1ccc(C(=O)NCc2ccc(C(F)(F)F)cc2)cc1)C(=O)O,5.154901959985743
CCOC(=O)C(CC)Cc1ccc(C(=O)NCc2ccc(OC(F)(F)F)cc2)cc1,5.522878745280337
CCOC(=O)C(CC)Cc1ccc(C(=O)NCc2ccc(Oc3ccccc3)cc2)cc1,5.3979400086720375
CCC(Cc1ccc(C(=O)NCc2ccc(Oc3ccccc3)cc2)cc1)C(=O)O,6.045757490560675
Cc1ccc(OC(=O)N(CC(=O)O)Cc2cc(OCc3nc(-c4ccc(Cl)cc4)oc3C)ccc2F)cc1,8.2518119729938
CCCCOC(=O)N(CC(=O)O)Cc1cc(OCc2nc(-c3ccc(Cl)cc3)oc2C)ccc1F,8.55284196865778
Cc1oc(-c2ccc(Cl)cc2)nc1COc1ccc(F)c(CN(CC(=O)O)C(=O)OCCCF)c1,7.97469413473523
CCCOC(=O)N(CC(=O)O)Cc1cc(OCc2nc(-c3ccc(Cl)cc3)oc2C)ccc1F,8.468521082957745
CCOC(=O)N(CC(=O)O)Cc1cc(OCc2nc(-c3ccc(Cl)cc3)oc2C)ccc1F,8.397940008672037
COC(=O)N(CC(=O)O)Cc1cc(OCc2nc(-c3ccccc3)oc2C)ccc1F,7.229147988357855
COC(=O)N(CC(=O)O)Cc1cc(OCc2nc(-c3ccc(C)cc3)oc2C)ccc1F,8.55284196865778
COC(=O)N(CC(=O)O)[C@@H](C)c1cccc(OCc2nc(-c3ccc(Cl)cc3)oc2C)c1,8.065501548756432
COC(=O)N(CC(=O)O)Cc1cc(OCc2nc(-c3ccc(Cl)cc3)oc2C)ccc1F,8.346787486224656
CC(=O)NC(C)c1nc(-c2ccc(Oc3ccc(O)cc3)cc2)no1,6.0
CS(=O)(=O)Oc1ccc(C(=O)OCc2ccc(CC(SCCc3ccc(F)cc3)C(=O)O)cc2)cc1,6.619788758288394
CS(=O)(=O)Oc1ccc(CC(=O)OCCc2ccc(CC(SCCc3ccc(F)cc3)C(=O)O)cc2)cc1,6.698970004336019
COc1ccc(CC(=O)OCc2ccc(CC(SCCc3ccc(F)cc3)C(=O)O)cc2)cc1,6.568636235841013
CC(C)Cc1ccc(C(C)C(=O)OCc2ccc(CC(SCCc3ccc(F)cc3)C(=O)O)cc2)cc1,5.823908740944319
O=C(Cc1ccccn1)OCc1ccc(CC(SCCc2ccc(F)cc2)C(=O)O)cc1,5.823908740944319
CN1CCN(CC(=O)OCc2ccc(CC(SCCc3ccc(F)cc3)C(=O)O)cc2)CC1,6.823908740944319
CS(=O)(=O)Oc1ccc(CCSC(=O)c2ccc(CC(SCCc3ccc(F)cc3)C(=O)O)cc2)cc1,5.468521082957745
O=C(Cc1ccc(C(F)(F)F)cc1)OCc1ccc(SCc2ccccc2C(=O)O)cc1,7.5376020021010435
O=C(Cc1ccc(SCc2ccccc2C(=O)O)cc1)OCc1ccc(C(F)(F)F)cc1,6.795880017344075
Cc1cccc(C)c1COC(=O)Cc1ccc(SCc2ccccc2C(=O)O)cc1,6.2076083105017466
C=CCC(OC(=O)Cc1ccc(SCc2ccccc2C(=O)O)cc1)c1ccccc1,4.7447274948966935
COc1ccc(CCOC(=O)Cc2ccc(SCc3ccccc3C(=O)O)cc2)cc1OC,4.6777807052660805
COC(=O)C(Cc1ccccc1)OC(=O)Cc1ccc(SCc2ccccc2C(=O)O)cc1,5.657577319177793
O=C(Cc1cccc(SCc2ccccc2C(=O)O)c1)OCCc1ccccc1C(F)(F)F,5.42021640338319
COC(=O)C(c1ccccc1)(c1ccc(SCc2ccccc2C(=O)O)cc1)c1ncco1,4.886056647693163
O=C(Cc1ccc(SCc2ccccc2C(=O)O)cc1)OCCc1ccccc1C(F)(F)F,6.119186407719209
Cc1cccc(C)c1COC(=O)Cc1cccc(SCc2ccccc2C(=O)O)c1,4.823908740944319
O=C(Cc1cccc(SCc2ccccc2C(=O)O)c1)OCc1ccc(-n2cccn2)cc1,4.7447274948966935
COc1ccc(CCOC(=O)Cc2cccc(SCc3ccccc3C(=O)O)c2)cc1OC,4.7447274948966935
CCc1cc(OCCc2nc(-c3ccc(F)cc3)oc2C)ccc1CCC(=O)O,7.5376020021010435
CCc1cc(OCCc2nc(-c3ccc(C(F)(F)F)cc3)oc2C)ccc1CCC(=O)O,8.397940008672037
CCc1cc(OCCc2nc(-c3ccc(C(C)(C)C)cc3)oc2C)ccc1CCC(=O)O,5.26003230324049
CCc1cc(OCCc2nc(-c3ccc(C#N)cc3)oc2C)ncc1CCC(=O)O,5.280006173632396
CCc1cc(OCCc2nc(-c3ccc(C(N)=O)cc3)oc2C)ncc1CCC(=O)O,5.940058111938045
CC(=O)NC(C)c1nc(-c2ccc(OCCN3c4ccccc4Oc4ccccc43)cc2)no1,6.327902142064283
CC(=O)NC(C)c1nc(-c2ccc(OCCCOc3ccc(Oc4ccccc4)cc3)cc2)no1,6.619788758288394
O=C(O)CCCc1cc2cc(Cl)ccc2n1S(=O)(=O)c1ccc2ncsc2c1,5.813326132500255
O=C(O)CCCc1cc2cc(C(F)(F)F)ccc2n1S(=O)(=O)c1ccc(Cl)cc1,5.549135307620234
COc1ccc(S(=O)(=O)n2c(CCCC(=O)O)cc3cc(C(F)(F)F)ccc32)cc1,6.11690664142431
COc1cccc(S(=O)(=O)n2c(CCCC(=O)O)cc3cc(C(F)(F)F)ccc32)c1,5.934047019686131
Cc1ccc2c(c1)cc(CCCC(=O)O)n2S(=O)(=O)c1ccccc1,5.886056647693163
CC(C)(CCc1cc2cc(Cl)ccc2n1S(=O)(=O)c1ccccc1)C(=O)O,6.795880017344075
O=C(O)CCc1cc2cc(Cl)ccc2n1S(=O)(=O)c1ccccc1,6.585026652029182
O=C(O)CCCc1cc2cc(Cl)ccc2n1S(=O)(=O)c1cccc2ccccc12,6.045275209020937
Cc1nc2cc(S(=O)(=O)n3c(CCCC(=O)O)cc4cc(Cl)ccc43)ccc2s1,5.627087997029894
Nc1nc2ccc(S(=O)(=O)n3c(CCCC(=O)O)cc4cc(Cl)ccc43)cc2s1,5.898596649444669
O=C(O)CCCc1cc2cc(C(F)(F)F)ccc2n1S(=O)(=O)c1ccc2scnc2c1,5.790484985457369
COc1cc(/C=C/C(=O)c2ccc3c(c2)sc(=O)n3CCOc2ccc(CC(OCC(F)(F)F)C(=O)O)cc2)cc(OC)c1,5.0
CCOC(=O)C(Cc1ccc(OCCn2c(=O)sc3cc(C(=O)/C=C/c4cc(O)cc(O)c4)ccc32)cc1)OCC,5.0
CCOC(=O)C(Cc1ccc(OCCn2c(=O)sc3cc(C(=O)/C=C/c4cc(OC)cc(OC)c4)ccc32)cc1)OCC(F)(F)F,5.0
CCOC(=O)C(Cc1ccc(OCCn2c(=O)sc3cc(C(=O)/C=C/c4cc(OC)cc(OC)c4)ccc32)cc1)OCC,5.0
CCOC(Cc1ccc(OCCn2c(=O)sc3cc(/C=C/c4cc(OC)cc(OC)c4)ccc32)cc1)C(=O)NC,5.0
CCOC(Cc1ccc(OCCn2c(=O)sc3cc(/C=C/c4cc(OC)cc(OC)c4)ccc32)cc1)C(N)=O,6.0
O=C(O)C(Cc1ccc(OCCn2c(=O)sc3cc(/C=C/c4cc(O)cc(O)c4)ccc32)cc1)OCC(F)(F)F,5.0
CCOC(Cc1ccc(OCCn2c(=O)sc3cc(/C=C/c4cc(OC)cc(OC)c4)ccc32)cc1)C(=O)O,6.0
CCOC(=O)C(Cc1ccc(OCCn2c(=O)sc3cc(/C=C/c4cc(O)cc(O)c4)ccc32)cc1)OCC,5.0
CCOC(=O)C(Cc1ccc(OCCn2c(=O)sc3cc(/C=C/c4cc(OC)cc(OC)c4)ccc32)cc1)OCC,5.698970004336019
CCOC(=O)C(C)(C)Oc1ccc(C(=O)c2cc3ccccc3oc2=O)cc1,4.896538377905295
COc1ccc(COc2ccc(CNc3cccc(OC(C)(C)C(=O)O)c3)c(OCc3ccc(OC)cc3)c2)cc1,5.6777807052660805
COc1ccc(COc2ccc(CNc3cccc(OC(C)(C)C(=O)O)c3)cc2)cc1,4.596879478824183
Cc1cc(Cc2onc3c2CCOc2cc(Br)ccc2-3)cc(C)c1OC(C)(C)C(=O)O,5.465593100862123
Cc1cc(Cc2cnoc2-c2ccc(Br)cc2)cc(C)c1OC(C)(C)C(=O)O,5.549596913844634
Cc1cc(CCc2cc(-c3ccc(Br)cc3)on2)cc(C)c1OC(C)(C)C(=O)O,7.568636235841013
Cc1cc(Cc2cc(-c3ccccc3)on2)cc(C)c1OC(C)(C)C(=O)O,6.414539270491499
Cc1cc(-c2cc(-c3ccc(Br)cc3)on2)cc(C)c1OC(C)(C)C(=O)O,5.0
CC(C)(Oc1ccc(OCc2nn(-c3ccc(C(F)(F)F)cc3)c(=O)n2-c2ccccc2F)cc1)C(=O)O,8.236572006437063
C/C(=C\CC[C@]1(C)CCc2cc(O)cc(C)c2O1)CC/C=C(\C)C(=O)O,6.735182176990463
COc1cc(C)c2c(c1)CC[C@@](C)(CC/C=C(\C)CC/C=C(\C)C(=O)O)O2,6.0
O=C(O)c1cccc(NCc2ccc(OCc3ccc(F)cc3)cc2)c1,6.113509274827518
O=C(O)c1cccc(NCc2ccc(OCc3ccc(Br)cc3)cc2)c1,6.013228265733755
O=C(O)c1cccc(NCc2ccc(OCc3ccc(I)cc3)cc2)c1,5.838631997765025
O=C(O)c1cccc(NCc2ccc(OCc3ccc(C(F)(F)F)cc3)cc2)c1,6.017728766960431
O=C(O)c1cccc(NCc2ccc(OCc3ccc(F)cc3F)cc2)c1,6.267606240177032
O=C(O)c1cccc(NCc2ccc(OCc3ccc(F)c(F)c3)cc2)c1,6.443697499232712
O=C(O)c1cc(NCc2ccc(OCc3ccc(F)cc3)cc2)ccc1F,5.79317412396815
O=C(O)c1cc(Br)cc(NCc2ccc(OCc3ccc(F)cc3)cc2)c1,5.950781977329818
Cc1cc(OCc2ccc(F)cc2)ccc1CNc1cccc(C(=O)O)c1,5.838631997765025
CN(Cc1ccc(OCc2ccc(F)cc2)cc1)c1cccc(C(=O)O)c1,6.045757490560675
CC(C)(Oc1ccc(CNc2cccc(C(=O)O)c2)cc1)c1ccc(F)cc1,5.0695604052333
Cc1cc(CNc2cccc(C(=O)O)c2)ccc1OCc1ccc(Cl)cc1,7.5376020021010435
Cc1cc(CNc2cccc(C(=O)O)c2)ccc1OCc1ccc(F)c(F)c1,7.744727494896693
O=C(O)c1cccc(NCc2ccc(OCc3ccc(F)cc3)c(OCc3ccc(F)cc3)c2)c1,6.091514981121351
O=C(O)c1cccc(NCc2ccc(OCc3ccc(F)cc3)cc2OCc2ccc(F)cc2)c1,6.031517051446065
Cc1cc(CNc2cc(F)cc(C(=O)O)c2)ccc1OCc1ccc(F)cc1,7.397940008672037
Cc1cc(CNc2cccc(OC(C)(C)C(=O)O)c2)ccc1OCc1ccc(F)cc1,6.130768280269024
CCCCCCC(Sc1nc2ccc(NC(=O)c3ccccc3)cc2s1)C(=O)O,6.113509274827518
CCCCC(Sc1nc2ccc(NC(=O)c3ccc(C(C)(C)C)cc3)cc2s1)C(=O)O,5.356547323513812
CCCCCCC(Sc1nc2ccc(NCc3ccc(C(C)(C)C)cc3)cc2s1)C(=O)O,5.3979400086720375
CCCCCCC(Sc1nc2ccc(NCc3ccccc3)cc2s1)C(=O)O,6.0
CCCCCCC(Sc1nc2ccc(NCc3ccc(C(F)(F)F)cc3)cc2s1)C(=O)O,5.508638306165727
CCCCCCC(Sc1nc2ccc(NCc3ccc(-c4ccccc4)cc3)cc2s1)C(=O)O,6.3979400086720375
CCCCCCC(Sc1nc2ccc(NCc3ccc(Cl)c(Cl)c3)cc2s1)C(=O)O,5.853871964321762
CCCCCCC(Sc1nc2ccc(NCc3ccc4ccccc4c3)cc2s1)C(=O)O,5.3979400086720375
CCCCCCC(Sc1nc2ccc(NS(=O)(=O)c3ccc(-c4ccccc4)cc3)cc2s1)C(=O)O,5.301029995663981
CCCCCCC(Sc1nc2ccc(NS(=O)(=O)c3ccc(Cl)cc3)cc2s1)C(=O)O,6.154901959985743
Cc1cc(C(=O)O)c2c(C(C)C)nn(-c3ccc(Cl)cc3)c2n1,6.180456064458132
CCc1cc(C(=O)O)c2c(C(C)C)nn(-c3ccc(Cl)cc3)c2n1,5.856985199745905
CCc1cc(C(=O)O)c2c(C(C)C)nn(-c3ccc(I)cc3)c2n1,5.7544873321858505
Cc1cc(C(=O)O)c2c(C(C)C)nn(-c3ccc(F)cc3)c2n1,5.686132779630847
CC(C)c1nn(-c2ccc(Cl)cc2)c2nc(-c3ccccc3)cc(C(=O)O)c12,5.7447274948966935
CCC(C)c1nn(-c2ccc(Cl)cc2)c2nc(C)cc(C(=O)O)c12,6.167491087293763
CCC(C)c1nn(-c2ccc(Cl)cc2)c2nc(C3CC3)cc(C(=O)O)c12,6.337242168318426
CCC(CC)c1nn(-c2ccc(F)cc2)c2nc(C)cc(C(=O)O)c12,5.838631997765025
CCc1cc(C(=O)O)c2c(C(CC)CC)nn(-c3ccc(F)cc3)c2n1,5.815308569182402
CCCCCCCc1cc(CCCCCC(=O)O)no1,4.327902142064283
Cc1cccc(Nc2cc(Cl)nc(SC(C)C(=O)O)n2)c1C,5.060480747381382
Cc1cccc(Nc2cc(Cl)nc(SC(C)(C)C(=O)O)n2)c1C,5.638272163982407
CCC(Sc1nc(Cl)cc(Nc2cccc(C)c2C)n1)C(=O)O,5.113509274827518
Cc1cccc(Nc2cc(Cl)nc(SC(C(=O)O)c3ccccc3)n2)c1C,4.522878745280337
Cc1cccc(Nc2cc(C(F)(F)F)nc(SCC(=O)O)n2)c1C,5.267606240177032
Cc1cccc(Nc2cc(Cl)nc(SCCC(=O)O)n2)c1C,5.1249387366083
Cc1cccc(Nc2cc(Cl)nc(SCC(=O)O)n2)c1,4.698970004336019
O=C(O)CSc1nc(Cl)cc(Nc2cccc3c2CCC3)n1,4.795880017344075
O=C(O)CSc1nc(Cl)cc(Nc2cccc3c2CCCC3)n1,5.920818753952375
Cc1c(Cl)ccc(Nc2cc(Cl)nc(SCC(=O)O)n2)c1C,4.853871964321762
Cc1cccc(Oc2cc(Cl)nc(SCC(=O)O)n2)c1C,4.853871964321762
COC(=O)NC(C)c1nc(-c2ccc(Oc3ccc(OCc4ccccc4)cc3)cc2)no1,7.0
COc1ccc(/N=N/c2ccc(OCCc3ccc(OC(C)(C)C(=O)O)cc3)cc2)cc1,5.619788758288394
CC(C)(Oc1ccc(CCOc2ccc(/N=N/c3ccc(C#N)cc3)cc2)cc1)C(=O)O,5.585026652029182
CC(C)(Oc1ccc(CCOc2ccc(/N=N/c3ccc(Cl)cc3)cc2)cc1)C(=O)O,6.42021640338319
CCC(Cc1ccc(OC)c(C(=O)NCc2ccc(OC(F)(F)F)cc2)c1)C(=O)O,7.366531544420414
COc1ccc(CC(C)(C)C(=O)O)cc1C(=O)NCc1ccc(C(F)(F)F)cc1,5.537602002101044
CCC(Cc1ccc(OC)c(C(=O)NCc2ccc(Cl)cc2)c1)C(=O)O,5.522878745280337
CCC(Cc1ccc(OC)c(C(=O)CCc2ccc(C(F)(F)F)cc2)c1)C(=O)O,6.494850021680094
CC(C)OC(Cc1ccc(OCCc2noc(-c3cccc(Cl)c3)n2)cc1)C(=O)O,6.494850021680094
Cc1ccc(-c2nc(COc3ccc(CC(OC(C)C)C(=O)O)cc3)no2)cc1,7.602059991327962
CC(C)OC(Cc1ccc(OCc2noc(-c3ccc(C(F)(F)F)cc3)n2)cc1)C(=O)O,7.494850021680094
CC(C)OC(Cc1ccc(OCCc2noc(-c3cccc(F)c3)n2)cc1)C(=O)O,6.301029995663981
Cc1oc(-c2ccccc2)nc1CCOc1ccc(CC(Oc2ccccc2)C(=O)O)cc1,6.079354998593212
CN(CCOc1ccc(C[C@H](Nc2ccccc2C(=O)c2ccccc2)C(=O)O)cc1)c1nc2ccccc2o1,5.190000154058473
CCO[C@@H](Cc1ccc(OCC=C(c2ccc(-c3ccccc3)cc2)c2ccc(-c3ccccc3)cc2)cc1)C(=O)O,5.958607314841775
CCO[C@@H](Cc1ccc(OCCn2c3ccccc3c3ccccc32)cc1)C(=O)O,6.4424607184310165
CCO[C@@H](Cc1ccc(OCC=C(c2ccc(Br)cc2)c2ccc(Br)cc2)cc1)C(=O)O,6.521722168080395
CCO[C@@H](Cc1ccc(OCC=C(c2ccc(C)cc2)c2ccc(C)cc2)cc1)C(=O)O,6.1574438024660125
Cc1oc(-c2ccccc2)nc1CCOc1ccc(C[C@@H](C(=O)O)N2CCOCC2)cc1,5.16057506424336
CCCc1c(OCCCOc2ccc(CCCC(=O)O)cc2)ccc2c(-c3ccccc3)noc12,8.522878745280337
CCCc1cc(-c2ccccc2)ccc1OCCCOc1cccc(C2OC(=O)NC2=O)c1,5.698970004336019
CCCc1c(OCCCOc2ccc(CC(=O)O)cc2)ccc2c(-c3ccccc3)noc12,8.522878745280337
CCCc1c(OCCCCOc2ccc(C(C)(C)C(=O)O)cc2)ccc2c(-c3ccccc3)noc12,8.698970004336019
CC(C)(Sc1ccc(CCN(CCCCC2CCCCC2)C(=O)Nc2cc(Cl)cc(Cl)c2)cc1)C(=O)O,9.0
CCCCCCn1c(CCc2ccc(OC(C)(C)C(=O)O)cc2)nn(Cc2cccc(OC)c2)c1=O,5.657577319177793
Cc1ccc(Cn2nc(CCCc3ccc(OC(C)(C)C(=O)O)cc3)nc2O)cc1,7.376750709602099
CCCn1c(CCCc2ccc(OC(C)(C)C(=O)O)cc2)nn(CC2CCCCC2)c1=O,7.251811972993799
CCOC(Cc1ccc(OCC/C=C2/c3ccccc3COc3ccccc32)cc1)C(=O)O,4.906578314837765
Cc1cc(-c2nc(CCOc3ccc(C[C@H](Nc4ccccc4C(=O)c4ccccc4)C(=O)O)cc3)c(C)s2)no1,5.740000204918113
Cc1ccc(-c2nc(CCOc3ccc(C[C@H](Nc4ccccc4C(=O)c4ccccc4)C(=O)O)cc3)c(C)o2)s1,6.239999952707271
Cc1oc(-c2ccc(F)cc2)nc1CCOc1ccc(C[C@H](Nc2ccccc2C(=O)c2ccccc2)C(=O)O)cc1,6.589999287456538
CCCc1cc(Oc2ccc(OC)cc2)ccc1OCCCOc1ccc2c(c1)OC(CC)(C(=O)O)CC2,5.337242168318426
CCC1(C(=O)O)CCc2ccc(OCCCOc3ccc(Oc4ccccc4)cc3F)cc2O1,7.301029995663981
Cc1oc(-c2ccccc2)nc1CCOc1ccc(OC(C)C(=O)O)cc1,6.204119982655925
CCCc1c(OCCCSc2ccc(CC(=O)O)cc2Cl)ccc2c(CC)coc12,5.886056647693163
Cc1nc(-c2ccc(C(F)(F)F)cc2)sc1COc1ccc(CCC(=O)O)cc1,5.522878745280337
Cc1nc(-c2ccc(C(F)(F)F)cc2)oc1COc1ccc(CCC(=O)O)cc1,6.552841968657781
Cc1cc(OCc2oc(-c3ccc(C(F)(F)F)cc3)nc2C)ccc1OCC(=O)O,5.494850021680094
CC[C@]1(C(=O)O)CCc2ccc(OCCCOc3ccc(CC(C)C)cc3Cl)cc2O1,8.154901959985743
CCOc1ccc(OCCCOc2ccc3c(c2)O[C@@](C)(C(=O)O)CC3)c(Cl)c1,6.657577319177793
C[C@]1(C(=O)O)CCc2ccc(OCCCOc3ccc(C4CCCCC4)cc3Cl)cc2O1,8.698970004336019
CCO[C@@H](Cc1ccc(O/C=C\Oc2ccc(C[C@@H](OCC)C(=O)O)cc2)cc1)C(=O)O,4.823908740944319
CO[C@@H](Cc1ccc(OCCCOc2ccc(Oc3ccccc3)cc2)cc1)C(=O)O,5.551602896542232
CO[C@@H](Cc1ccc(OCCCOc2ccc(C(=O)c3ccccc3)cc2)cc1)C(=O)O,5.542118103266008
C/C(=C/C(=O)c1ccccc1)N[C@@H](Cc1ccc(OCCc2nc(-c3ccccc3)oc2C)cc1)C(=O)O,8.381951903287908
Cc1oc(-c2ccccc2)nc1CCOc1ccc(CC(C)(Oc2ccc(C(C)(C)C)cc2)C(=O)O)cc1,7.958607314841775
CCCc1cc2c(oc(=O)n2CC)c(CCC)c1O[C@H](C(=O)O)c1ccc(C(C)C)cc1,6.537602002101044
CCCc1cc2c(=O)n(C)oc2c(CCC)c1O[C@H](C(=O)O)c1ccccc1,6.173925197299173
CCCc1cc2c(=O)n(C)oc2c(CCC)c1O[C@H](C(=O)O)c1ccc(C(C)C)cc1,6.173925197299173
CCCc1cc(C(=O)CC)cc(CCC)c1O[C@H](C(=O)O)c1ccc(CC)cc1,7.119186407719209
O=C(O)[C@H](Cc1ccccc1)Oc1ccc(-c2cccs2)cc1,6.045757490560675
O=C(O)[C@@H](Cc1ccccc1)Oc1ccc(Cl)cc1,4.962573502059376
CCCc1cc2c(C(F)(F)F)noc2c(CCC)c1OC(C)(CC)C(=O)O,6.1249387366083
CCCCCOc1cc2ccccc2cc1C(O)CC#CCCCC(=O)OC,5.942333896090171
CCCCCOc1cc2ccccc2cc1C(O)CCCCCCCC(=O)OC,5.815024809301739
CCCCCOc1ccccc1C(O)CC#CCCCC(=O)OC,6.761953896871205
CCCc1c(OCCCOc2ccc3c(ccn3CC(=O)O)c2)ccc2c(C(F)(F)F)noc12,7.853871964321762
CCCc1c(OCCCOc2ccc3ccn(CC(=O)O)c3c2)ccc2c(C(F)(F)F)noc12,5.740167300936516
CCC(C(=O)O)C1CCc2cc(OCCc3nc(-c4ccc5c(c4)OCO5)oc3C)ccc21,6.450996737974212
CCC(C(=O)O)C1CCc2cc(OCCc3nc(-c4ccc(OC)c(OC)c4)oc3C)ccc21,5.94692155651658
CCC(C(=O)O)C1CCc2cc(OCCc3nc(-c4cccc(OC)c4)oc3C)ccc21,6.5951662833800615
CCC(C(=O)O)C1CCc2cc(OCCc3nc(-c4ccc(C(C)C)cc4)oc3C)ccc21,6.924453038607469
CCc1ccc(-c2nc(CCOc3ccc4c(c3)CCC4C(CC)C(=O)O)c(C)o2)cc1,6.962573502059376
CCc1oc(-c2ccccc2)nc1CCOc1ccc2c(c1)CCC2C(CC)C(=O)O,6.450996737974212
CCC(C(=O)O)C1CCc2cc(OCc3nc(-c4ccccc4)oc3C)ccc21,5.913640169325252
CCC(C(=O)O)C1CCc2cc(OCCn3nc(-c4ccccc4)cc3C)ccc21,6.634512015109101
CCC(C(=O)O)C1CCc2cc(OCCc3nc(-c4ccccc4)sc3C)ccc21,6.009217308196862
Cc1oc(-c2ccccc2)nc1CCOc1ccc2c(c1)CCC2C(C(=O)O)c1ccccc1,5.139063379299906
Cc1oc(-c2ccccc2)nc1CCOc1ccc2c(c1)CCC2C(CC(F)(F)F)C(=O)O,5.237321436272564
Cc1oc(-c2ccccc2)nc1CCOc1ccc2c(c1)CCC2C(C)(C)C(=O)O,5.221848749616356
CCC(Cc1ccc(OC)c(CNC(=O)c2ccc(F)c(C(F)(F)F)c2)c1)C(=O)O,6.6020599913279625
CCC(Cc1ccc(OC)c(C(=O)NCc2ccc(C(F)(F)F)c(F)c2)c1)C(=O)O,7.602059991327962
CCCc1c(OCCCOc2ccc3c(ccn3CC(=O)O)c2)ccc2cc(C(=O)c3ccccc3)ccc12,8.096910013008056
CC1(C)C=C(C(F)(F)F)c2cc(Cl)c(OCCCOc3ccc(CC(C)(C)C(=O)O)cc3)cc2O1,8.136677139879543
Cc1onc(-c2ccc(CC(=O)O)cc2Cl)c1C(=O)NCCOc1ccc(C(F)(F)F)cc1[N+](=O)[O-],6.468521082957745
Cc1onc(-c2ccc(CC(=O)O)cc2Cl)c1COCCOc1ccc(C(F)(F)F)cc1[N+](=O)[O-],6.657577319177793
CCOC(Cc1ccc2c(ccn2Cc2nc(-c3ccccc3OC)oc2C)c1)C(=O)O,6.0
CCOC(Cc1ccc2c(ccn2Cc2nc(-c3ccc(F)cc3)oc2C)c1)C(=O)O,6.200659450546418
CCOC(Cc1ccc2c(ccn2Cc2nc(-c3cc(C)cc(C)c3)oc2C)c1)C(=O)O,7.698970004336019
CCc1ccc(OCCCOc2ccc(OC(C)(C)C(=O)O)cc2)c(C(=O)c2ccccc2)c1,6.1487416512809245
Cc1cc(OCC[C@@H](C)Oc2ccc(Cl)cc2Oc2ccccc2)ccc1CCC(=O)O,5.656788409820253
CCc1ccc(OC(CC)CCOc2ccc(CCC(=O)O)c(C)c2)c(C(=O)c2ccccc2)c1,5.533280628318401
Cc1oc(-c2ccc(C(F)(F)F)cc2)nc1CCOc1ccc(CC2(C(=O)O)CCCO2)cn1,7.795880017344075
Cc1oc(-c2ccccc2)nc1CCOc1ccc(CC2(C(=O)O)CCCCC2)cn1,5.080921907623926
COc1cccc(-c2nc(CCOc3ccc(CC4(C(=O)O)CCCO4)nc3)c(C)o2)c1,5.804100347590766
COC(C)(Cc1ccc(OCCc2nc(-c3ccccc3)oc2C)cn1)C(=O)O,6.054531414868181
CCOC(Cc1ccc(OCCc2nc(-c3ccccc3)oc2C)cn1)C(=O)O,5.910094888560602
Cc1cc(CCc2sc(-c3ccc(C(F)(F)F)cc3)nc2C)ccc1OCC(=O)O,5.698970004336019
Cc1nc(-c2cccc(C(F)(F)F)c2)sc1C(=O)NCc1ccc(OC(C)(C)C(=O)O)cc1,8.397940008672037
Cc1nc(-c2ccc(F)cc2)sc1C(=O)NCc1ccc(OC(C)(C)C(=O)O)cc1,7.397940008672037
COc1cc(C#N)ccc1OCCCOc1ccc2c(c1)CC[C@H]2CC(=O)O,5.1249387366083
Cc1ccc(OCCCOc2ccc3c(c2)CC[C@H]3CC(=O)O)c(C)c1,5.028724151261895
CCCc1cc(-c2nccs2)ccc1OCCCOc1ccc2c(c1)CC[C@H]2CC(=O)O,6.954677021213342
CCCc1cc(-c2nc(C)c(C(=O)N(C)C)s2)ccc1OCCCOc1ccc2c(c1)CC[C@H]2CC(=O)O,6.853871964321762
CCCc1cc(-c2nc3c(s2)CCC3)ccc1OCCCOc1ccc2c(c1)CC[C@H]2CC(=O)O,6.484126156288321
CCCc1cc(-c2nc(OC(C)C)cs2)ccc1OCCCOc1ccc2c(c1)CC[C@H]2CC(=O)O,7.327902142064283
CCCCC(Cc1ccc(OC)c(CNC(=O)c2ccc(C(F)(F)F)cc2F)c1)C(=O)O,6.853871964321762
CCCCOc1ccc(CC(CC)C(=O)O)cc1CNC(=O)c1ccc(C(F)(F)F)cc1,6.2839966563652006
CO/N=C(\C)C(Cc1ccc(OCCc2nc(-c3ccccc3)oc2C)cc1)C(=O)O,7.721246399047171
CCO/N=C(\C)C(Cc1ccc(OCCc2nc(C(C)C)oc2C)cc1)C(=O)O,6.856985199745905
Cc1cc(SCc2nc(-c3ccc(Cl)cc3)ns2)ccc1OC(C)(C)C(=O)O,6.730487055782084
CCO[C@@H](Cc1ccc(OCC(OC(=S)NCc2ccccc2)c2ccccc2)cc1)C(=O)O,5.20690839982342
CCO[C@@H](Cc1ccc(CCCOC(=S)NCc2ccccc2)cc1)C(=O)O,5.832682665251824
CCCNC(=S)OC(CCc1ccc(C[C@H](OCC)C(=O)O)cc1)c1ccccc1,5.404503778174425
CCO[C@@H](Cc1ccc(CCC(OC(=S)Nc2ccccc2)c2ccccc2)cc1)C(=O)O,5.279840696594043
Cc1cc(SC/C=C/C#Cc2ccccc2)ccc1OCC(=O)O,4.853871964321762
Cc1cc(Oc2cccc(CNC(=O)c3ccc(C(F)(F)F)cc3C)c2)ccc1CCC(=O)O,5.539402811102399
Cc1cc(Oc2ccc(F)c(CNC(=O)c3ccc(C(F)(F)F)cc3F)c2)ccc1OC(C)(C)C(=O)O,5.9775716288145135
Cc1ccc(CNC(=O)c2ccc(C(F)(F)F)cc2F)cc1Oc1ccc(OC(C)(C)C(=O)O)c(C)c1,6.101274818410507
Cc1ccc(C(=O)NCc2cccc(Oc3ccc(OC(C)(C)C(=O)O)c(C)c3)c2)c(C)c1,5.982132281036495
Cc1cc(Oc2cccc(CNC(=O)c3ccc(C(F)(F)F)cc3Oc3ccccc3)c2)ccc1OC(C)(C)C(=O)O,6.151195298948196
CCc1ccc(O[C@H](C)CCOc2ccc(CCC(=O)O)c(C)c2)c(-c2ccccc2)c1,5.540607512240769
CCc1ccc(-c2ncc(CC)c(N(C)CCCOc3ccc4c(c3)CC[C@H]4CC(=O)O)n2)cc1,6.920818753952375
CCOc1cccc(-c2ncc(C)c(N(C)CCCOc3ccc4c(c3)CC[C@H]4CC(=O)O)n2)c1,5.450996737974212
Cc1cccc(-c2ncc(C)c(N(C)CCCOc3ccc4c(c3)CC[C@H]4CC(=O)O)n2)c1,5.357535479757878
Cc1cnc(-c2ccc(Cl)cc2)nc1N(C)CCCOc1ccc2c(c1)CC[C@H]2CC(=O)O,5.94692155651658
Cc1oc(-c2ccccc2)nc1CCOc1ccc(CN(CC(=O)O)Cc2ccc(Oc3ccccc3)cc2)cc1,7.455931955649724
CCO[C@@H](Cc1ccc(OC/C=C/c2cc(C#Cc3ccccc3)cc(C#Cc3ccccc3)c2)cc1)C(=O)O,6.301029995663981
CCO[C@@H](Cc1ccc(OC/C=C/c2cc(Br)cc(Br)c2)cc1)C(=O)O,6.522878745280337
O=C(O)CCc1ccc(OCCN(Cc2ccc(C(F)(F)F)cc2)c2nc3ccccc3s2)cc1,5.350665141287858
CCCc1oc(-c2ccccc2)nc1CCOc1ccc2c(c1)CC[C@H]2CC(=O)O,5.0
CCc1ccc(-c2nc(CCOc3ccc4c(c3)CC[C@H]4CC(=O)O)c(CC)o2)cc1,5.596879478824183
CCc1ccc(-c2nc(C)c(CCOc3ccc4c(c3)CC[C@H]4CC(=O)O)n2C)cc1,5.0
Cc1sc(-c2cccc(F)c2)nc1CCOc1ccc2c(c1)CC[C@H]2CC(=O)O,5.185086818724926
Cc1oc(-c2cccc(Cl)c2)nc1CCOc1ccc2c(c1)CC[C@H]2CC(=O)O,5.803271277376713
COc1ccc(-c2nc(CCOc3ccc4c(c3)CC[C@H]4CC(=O)O)c(C)o2)cc1,6.09799710864927
Cc1oc(-c2ccccc2)nc1CCOc1ccc2c(c1)CC(C)C2CC(=O)O,5.126679398184601
Cc1nc(-c2ccc(C(F)(F)F)cc2)sc1C(=O)NCc1ccc(NC(=O)C(F)(F)F)cc1,6.346787486224656
Cc1nc(-c2ccc(C(F)(F)F)cc2)sc1C(=O)NCc1ccc(CNS(=O)(=O)C(F)(F)F)cc1,7.096910013008056
Cc1nc(-c2ccc(C(F)(F)F)cc2)sc1C(=O)NCc1ccc(NS(=O)(=O)CC(F)(F)F)cc1,8.522878745280337
COc1ccc2sc(C(=O)NCc3ccc(OC(C)(C)C(=O)O)cc3)cc2c1,5.221848749616356
COCc1nc(-c2ccc(C(=O)NCc3ccc(NS(=O)(=O)C(F)(F)F)cc3)cc2)no1,6.443697499232712
CC(C)(Oc1ccc(CNC(=O)c2ccc(-c3ccc(C#N)cc3)cc2)cc1)C(=O)O,6.0
O=C(NCc1ccc(NS(=O)(=O)C(F)(F)F)cc1)c1ccc(-c2ccc(Cl)cc2)cc1,8.301029995663981
Cc1csc(-c2ccc(C(=O)NCc3ccc(OC(C)(C)C(=O)O)cc3)cc2)n1,5.301029995663981
Cc1csc(-c2ccc(C(=O)NCc3ccc(NS(=O)(=O)C(F)(F)F)cc3)cc2)n1,7.221848749616356
Cc1oc(-c2ccccc2)nc1CCCCCCOC(C)(C)C(=O)O,6.522878745280337
Cc1oc(-c2ccccc2)nc1Cc1ccc(C[C@H]2CO[C@@](C)(C(=O)O)OC2)cc1,5.522878745280337
COc1ccc(N2C(=O)C(Cc3cccc(OCCc4nc(-c5ccccc5)oc4C)c3)C2C(=O)O)cn1,7.045757490560675
Cc1oc(-c2ccccc2)nc1CCOc1cccc(CC2C(=O)N(c3ccc(Cl)cc3)C2C(=O)O)c1,6.638272163982407
O=C(O)CN(Cc1ccc(OCCc2nc(-c3ccccc3)oc2CO)cc1)C(=O)Oc1ccc(O)cc1,4.742321425130816
Cc1oc(-c2ccccc2)nc1CCOc1cccc(CC2=CN(C(=O)OCC(C)C)CCC2C(=O)O)c1,8.045757490560675
Cc1oc(-c2ccccc2)nc1CCOc1ccc(CC2CN(C(=O)OCC(C)C)CCC2C(=O)O)cc1,6.590066876668706
Cc1oc(-c2ccccc2)nc1CC#Cc1ccc(CC(C(=O)O)c2cccnc2)cc1,4.795880017344075
CCOc1cc(F)c(CC(CC)C(=O)O)cc1CNC(=O)c1ccc(C23CC4CC(CC(C4)C2)C3)cc1F,8.1249387366083
CCOc1cc(F)c(CC(CC)C(=O)O)cc1CNC(=O)c1ccc(C23CC4CC(CC(C4)C2)C3)cc1,8.148741651280925
Cc1oc(-c2ccccc2)nc1CCOc1cccc(Cc2nn(-c3ccccc3)nc2C(=O)O)c1,5.721246399047171
CCCc1cc(C(=O)c2ccccc2)ccc1OCCCn1ccc2cc(OC(C)(C)C(=O)O)ccc21,7.397940008672037
CCCc1c(OCCCN2CCCc3c(OC(C)(C)C(=O)O)cccc32)ccc2cc(C(=O)c3ccccc3)ccc12,6.920818753952375
CCO[C@@H](Cc1cccc(/C(C)=N/OCc2ccccc2)c1)C(=O)O,5.536107011014093
CCO[C@@H](Cc1cccc(C2=NOC(c3ccc(Br)cc3)C2)c1)C(=O)O,5.357535479757878
O=C(O)C(Cc1ccccc1Br)Oc1ccc(Cl)cc1,5.647817481888637
O=C(O)C(Cc1ccc(Br)cc1)Oc1ccc(Cl)cc1,5.958607314841775
CCOC(Cc1ccc(OCCN2CC=C(c3ccccc3)CC2)cc1)C(=O)O,5.223298816011589
CCOC(Cc1ccc(OCCN2CC=C(c3ccccc3C(F)(F)F)CC2)cc1)C(=O)O,6.266000713461613
CCOC(Cc1ccc(OCCN2CC=C(c3ccc(Cl)cc3Cl)CC2)cc1)C(=O)O,5.950781977329818
CCOC(Cc1ccc(OCCN2CC=C(c3cccs3)CC2)cc1)C(=O)O,5.066512712151295
CCOC(Cc1ccc(OCCCN2CC=C(c3ccc(C(F)(F)F)cc3)CC2)cc1)C(=O)O,5.009217308196862
COc1ccc(OC(=O)N(CCCCCc2coc(-c3ccc(C)cc3)n2)CC(=O)O)cc1,7.356547323513812
Cc1oc(-c2ccc(-c3ccccc3)cc2)nc1CCOc1ccc(C[C@H](OCC(F)(F)F)C(=O)O)c2ccccc12,6.005682847330363
CC(=O)c1ccccc1N[C@@H](Cc1ccc(OCCc2nc(-c3ccccc3)oc2C)cc1)C(=O)O,6.546681659952962
Cc1oc(C(C)(C)C)nc1CCOc1ccc(C[C@H]2CO[C@@](C)(C(=O)O)OC2)cc1,8.3767507096021
Cc1oc(-c2ccccc2)nc1CCOc1ccc(C[C@H]2CO[C@@](C)(C(=O)O)OC2)cc1,9.5654310959658
Cc1cc(CNC(=O)c2cc(-c3ccc(CC(C)C)cc3)nn2C)ccc1OC(C)(C)C(=O)O,7.346787486224656
C=CCn1nc(C(=O)NCc2ccc(OC(C)(C)C(=O)O)c(C)c2)cc1-c1ccc(C(C)(C)C)cc1,7.494850021680094
Cc1cc(CNC(=O)c2cc(-c3ccc(C(C)(C)C)cc3)n(Cc3ccccc3)n2)ccc1OC(C)(C)C(=O)O,6.698970004336019
C=CCOc1ccc(-c2cc(C(=O)NCc3ccc(OC(C)(C)C(=O)O)c(C)c3)nn2C)cc1,7.026872146400302
Cc1cc(CNC(=O)c2cc(-c3ccc(N4CCCC4)cc3)n(C)n2)ccc1OC(C)(C)C(=O)O,8.096910013008056
COC(=O)C1Cc2ccc(OCCc3nc(-c4cccc(F)c4)oc3C)cc2OC1=O,6.142667503568732
CCO[C@@H](Cc1ccc(OCCN2CCC(C)(C)c3cc(/C(=N/OCc4ccccc4)c4ccccc4)ccc32)cc1)C(=O)O,7.468521082957745
C=CCO/N=C(\c1ccccc1)c1ccc2c(c1)C(C)(C)CCN2CCOc1ccc(C[C@H](OCC)C(=O)O)cc1,7.136677139879544
CCCCC(Sc1ccc(OCCCOc2ccccc2)cc1)C(=O)O,6.537602002101044
O=C(O)C(Cc1ccccc1)Oc1ccc(CNc2ccccc2)cc1,5.853871964321762
O=C(O)C(Cc1ccccc1)Oc1ccc(/C=C/c2ccccc2)cc1,5.756961951313706
CCCC(Sc1nc2ccc(OCC)cc2s1)C(=O)O,4.8297382846050425
CC(C)(Sc1nc2ccc(Cl)cc2s1)C(=O)O,4.410050398674292
CC(C)(Sc1nc2cc(C#N)ccc2s1)C(=O)O,4.334419008982047
Cc1cc(C(Cc2ccc(CCCc3nc(-c4ccccc4)oc3C)cc2)C(=O)O)no1,5.2441251443275085
COc1cc(/C(C)=N/OCCCCO/N=C(/CCC(=O)O)c2ccccc2)ccc1F,6.3979400086720375
COc1ccc(-c2csc(COc3ccc(OCC(=O)O)c(C)c3)n2)cc1,5.38933983691012
Cc1cc(OCc2nc(-c3ccc(OC4CCCC4)cc3)c(-c3ccc(OC(F)(F)F)cc3)o2)ccc1OCC(=O)O,6.040958607678906
Cc1cc(OCc2nc(-c3cnc(OC(C)C)nc3)c(-c3ccc(OC(F)(F)F)cc3)o2)ccc1OCC(=O)O,6.795880017344075
COc1ccc(-c2nc(Sc3cccc(C(C)C(=O)O)c3)sc2-c2ccc(OC)cc2)cc1,6.522878745280337
Cc1ccc(OC(=O)N(CC(=O)O)Cc2cccc(OCc3sc(-c4ccc(Cl)cc4)nc3C)c2)cc1,6.995678626217358
Cc1ccc(OC(=O)N(CC(=O)O)Cc2cccc(OCc3nc(-c4cccc(Cl)c4)oc3C)c2)cc1,6.872895201635193
Cc1ccc(OC(=O)N(CC(=O)O)Cc2cccc(OCc3nc(-c4ccc(N5CCOCC5)cc4)oc3C)c2)cc1,6.966576244513051
Cc1ccc(OC(=O)N(CC(=O)O)Cc2cccc(OCc3nc(-c4ccc(C(F)(F)F)cc4)oc3C)c2)cc1,7.920818753952375
Cc1oc(-c2ccc(Cl)cc2)nc1COc1cccc(CN(CC(=O)O)C(=O)OC2CCCCC2)c1,8.1249387366083
Cc1oc(-c2ccccc2)nc1CCOc1ccc(C[C@@H](C(=O)O)N2CCN(S(=O)(=O)c3ccccc3[N+](=O)[O-])CC2)cc1,5.838631997765025
COC(=O)N(CC(=O)O)Cc1cccc(OCc2csc(-c3ccc(Cl)cc3)n2)c1,7.045757490560675
COc1cccc(OC(=O)N(CC(=O)O)[C@@H](C)c2cccc(OCc3coc(-c4ccc(Cl)cc4)n3)c2)c1,7.886056647693163
COc1cc(OC(=O)N(CC(=O)O)[C@@H](C)c2cccc(OCc3coc(-c4ccc(Cl)cc4)n3)c2)ccc1F,7.292429823902063
Cc1ccc(C)c(NC(=O)CN(Cc2ccc(OC(C)(C)C(=O)O)cc2)Cc2ccco2)c1,6.221848749616356
COc1ccc(OC)c(NC(=O)CN(Cc2ccc(OC(C)(C)C(=O)O)cc2)Cc2ccco2)c1,6.522878745280337
Cc1ccc(C(=O)c2cccn2C/C=C/c2cccc(OCC(=O)O)c2)cc1,5.7447274948966935
CC/C(=N\OCc1sc(-c2ccc(C(F)(F)F)cc2)nc1C)c1ccc(OCC(=O)O)c(C)c1,6.920818753952375
Cc1ccc(C(=O)c2nc3ccccc3n2C/C=C/c2cccc(OC(C)(C)C(=O)O)c2)cc1,5.443697499232712
Cc1ccc(C(=O)c2nc3ccccc3n2/C=C/c2cccc(OC(C)(C)C(=O)O)c2)cc1,5.619788758288394
CC[C@@H](Cc1ccc(OC)c(CNC(=O)c2ccc(Oc3ccc(F)cc3)cc2)c1)C(=O)O,8.301029995663981
CCC(Cc1ccc(OC)c(CNC(=O)c2ccc(Oc3ccccc3)cc2)c1)C(=O)O,8.05551732784983
CC[C@@H](Cc1ccc(OC)c(CNC(=O)c2ccc(Oc3ccc(Br)cc3)cc2)c1)C(=O)O,7.5376020021010435
CCc1oc(-c2ccccc2)nc1CCc1noc2cc(OC(C)(C)C(=O)O)ccc12,4.832682665251824
CCCc1oc(-c2ccccc2)nc1CCc1noc2cc(OC(C)(C)C(=O)O)ccc12,4.87942606879415
CCO[C@@H](Cc1ccc(OCc2nc(-c3ccsc3)oc2C)cc1)C(=O)O,8.522878745280337
CCCCOc1cc(N2C(=O)c3ccccc3C2=O)ccc1CCc1ccc(CC(CC)C(=O)O)cc1,5.7447274948966935
CCC(Cc1ccc(CCc2ccc(N3C(=O)c4ccccc4C3=O)cc2)cc1)C(=O)O,5.180456064458132
CC(C)(CCCOc1ccc(C(=O)/C=C/c2ccccc2)cc1)C(=O)O,4.211124884224583
CC(C)(CCCOc1ccc(C(=O)c2ccccc2)cc1)C(=O)O,5.031517051446065
Cc1nc(-c2cccc(Cl)c2)sc1C(=O)N[C@H]1CCCN(c2cccc(C(=O)O)c2)C1,7.585026652029182
Cc1nc(-c2ccc(F)cc2)sc1C(=O)N[C@H]1CCCN(c2cccc(C(=O)O)c2)C1,7.67778070526608
O=C(O)C(Oc1ccc(Cl)cc1F)c1ccc(Cl)cc1,4.987162775294828
O=C(O)C(Cc1cccc(F)c1)Oc1ccc(Cl)cc1F,5.346787486224656
CC(C)=CCC/C(C)=C/Cc1c(O)cc(/C=C/c2ccc(F)cc2)cc1O,5.221848749616356
CC(C)=CCC/C(C)=C/Cc1c(O)cc(/C=C/c2ccoc2)cc1O,5.221848749616356
Cc1ccc(C)c(OCCCC(C)(C)C(=O)NS(C)(=O)=O)c1,5.1487416512809245
CCCCCCCN(CCc1ccc(OC(C)(C)C(=O)O)cc1)c1nc2ccccc2o1,7.522878745280337
COc1cc(OC(C)(C)C(=O)O)ccc1CN(Cc1ccco1)Cc1nc(-c2ccccc2)oc1C,7.494850021680094
Cc1oc(-c2ccccc2)nc1CN(Cc1ccco1)Cc1ccc(OC(C)(C)C(=O)O)cc1Cl,7.443697499232712
COc1cc(CN(Cc2ccco2)Cc2nc(-c3ccccc3)oc2C)ccc1OC(C)(C)C(=O)O,8.045757490560675
Cc1oc(-c2ccccc2)nc1CN(Cc1ccc(OC(C)(C)C(=O)O)cc1)Cc1ccco1,7.886056647693163
Cc1oc(-c2cccc(Br)c2)nc1CCOc1ccc(OC(C)(C)C(=O)O)cc1,7.091514981121351
CC(C)(Oc1ccc(CO)cc1)C(=O)O,4.462180904926726
Cc1oc(-c2cccc[s+]2)nc1CCOc1ccc(C[C@@](C)(Oc2ccccc2)C(=O)O)cc1,8.049976093476673
Cc1oc(C2CCCCC2)nc1CCOc1ccc(C[C@H](Oc2ccccc2)C(=O)O)cc1,9.0
O=C(O)C(Cc1ccccc1)Oc1ccc(-c2ccccc2CCc2ccccc2)cc1,6.552841968657781
Cc1cc(-c2ccccc2)cc(C)c1O[C@@H](Cc1ccccc1)C(=O)O,5.94692155651658
Cc1cc(O[C@@H](Cc2ccccc2)C(=O)O)ccc1-c1ccccc1,7.096910013008056
CCOC(c1ccc(OC(F)(F)F)cc1)C1CC1c1cc(C)c(OC(C)(C)C(=O)O)c(C)c1,7.468521082957745
COC(c1ccc(C(F)(F)F)cc1)C1CC1c1cc(C)c(OC(C)(C)C(=O)O)c(C)c1,7.1938200260161125
O=C(O)c1cccc(NC(=O)c2ccccc2NC(=O)c2ccc3c(c2)OCO3)c1,4.721246399047171
Cc1ccnc(N2C[C@@H](Cc3ccc(OCCc4nc(-c5ccccc5)oc4C)cc3)[C@@H](C(=O)O)C2)n1,6.769551078621726
Cc1ccc(COc2cccc(OCCCOc3ccc4[nH]cc(CC(=O)O)c4c3)c2)cc1,4.860120913598763
CCCCCC(=O)Nc1ccc(C(=O)Nc2cccc(C[C@H](C)C(=O)N3C(=O)OC[C@H]3Cc3ccccc3)c2)cc1,5.7162466166674735
COc1ccc(/C=C/c2ccc(OCCCC(C)(C)C(=O)O)cc2)cc1,4.546681659952962
CCC(Cc1ccc(C(=O)NCc2ccc(OC(F)(F)F)cc2)cc1)C(=O)O,5.698970004336019
CCCCCCC(Sc1nc(Cl)cc(NCCCC(=O)NCc2ccccc2C(F)(F)F)n1)C(=O)O,5.6020599913279625
Cc1oc(-c2ccc(Cl)cc2)nc1COc1ccc(F)c(CN(CC(=O)O)C(=O)OCC(C)C)c1,8.638272163982407
COC(=O)N(CC(=O)O)Cc1cc(OCc2nc(-c3ccc(OC(F)(F)F)cc3)oc2C)ccc1F,8.366531544420413
COC(=O)N(CC(=O)O)Cc1cc(OCc2nc(-c3ccc(C(F)(F)F)cc3)oc2C)ccc1F,8.443697499232712
COC(=O)N(CC(=O)O)Cc1cc(OCc2nc(-c3ccc(F)cc3)oc2C)ccc1F,7.838631997765025
COc1ccc(Oc2ccc(-c3noc(C(C)NC(C)=O)n3)cc2)cc1,6.6777807052660805
CCOc1ccc(Oc2ccc(-c3noc(C(C)NC(C)=O)n3)cc2)cc1,6.481486060122113
CS(=O)(=O)Oc1ccc(CC(=O)OCc2ccc(CC(SCCc3ccc(F)cc3)C(=O)O)cc2)cc1,6.619788758288394
O=C(Cc1ccc(CC(SCCc2ccc(F)cc2)C(=O)O)cc1)OCc1ccc(C(F)(F)F)cc1,7.251811972993799
CS(=O)(=O)Oc1ccc(CC(=O)OCCCc2ccc(CC(SCCc3ccc(F)cc3)C(=O)O)cc2)cc1,6.481486060122113
O=C(OCc1ccc(CC(SCCc2ccc(F)cc2)C(=O)O)cc1)c1nc(-c2ccccc2)oc1C(F)(F)F,7.920818753952375
CS(=O)(=O)Oc1ccc(COC(=O)c2ccc(CC(SCCc3ccc(F)cc3)C(=O)O)cc2)cc1,5.958607314841775
O=C(Cc1ccc(CC(C(=O)O)S(=O)(=O)CCc2ccc(F)cc2)cc1)OCc1ccc(C(F)(F)F)cc1,5.356547323513812
CCO[C@@H](Cc1ccc(OC(=O)Cc2ccc(NC(=O)OC(C)(C)C)cc2)cc1)C(=O)O,4.7447274948966935
O=C(Cc1cccc(SCc2ccccc2C(=O)O)c1)OCCc1ccc(C(F)(F)F)cc1,5.259637310505756
CCc1cc(OCCc2coc(-c3ccc(C(F)(F)F)cc3)n2)ccc1CCC(=O)O,5.26003230324049
CCc1cc(OCCc2nc(-c3ccc(-c4nnn[nH]4)cc3)oc2C)ccc1CCC(=O)O,5.580044251510242
CC(=O)NC(C)c1nc(-c2ccc(OCC=C(c3ccc(Br)cc3)c3ccc(Br)cc3)cc2)no1,6.055517327849832
CCOC(Cc1ccc(Oc2ccc(OCc3ccccc3)cc2)cc1)C(=O)O,5.267606240177032
O=C(O)CCCc1cc2cc(Cl)ccc2n1S(=O)(=O)c1ccc2c(c1)OCO2,6.102372908709558
COc1ccc(S(=O)(=O)n2c(CCCC(=O)O)cc3cc(Cl)ccc32)cc1,6.377785977033705
COc1cccc(S(=O)(=O)n2c(CCCC(=O)O)cc3cc(Cl)ccc32)c1,6.515700160653214
O=C(O)CCCc1cc2cc(C(F)(F)F)ccc2n1S(=O)(=O)c1ccccc1,5.921543181946707
CCOC(=O)C(Cc1ccc(OCCn2c(=O)sc3cc(/C=C/c4cc(O)cc(O)c4)ccc32)cc1)OCC(F)(F)F,5.0
CCOC(=O)C(C)(C)Oc1ccc(C(=O)c2cc3cc([N+](=O)[O-])ccc3oc2=O)cc1,5.155522824254319
COc1ccc(COc2ccc(CNc3cccc(C(=O)O)c3)c(OCc3ccc(OC)cc3)c2)cc1,5.292429823902063
O=C(O)CC1COc2cc(OCCCOc3ccc(-c4ccccc4)cc3)ccc21,5.13608262304214
Cc1cc(Cc2cc(-c3ccc(Br)cc3)on2)cc(C)c1OC(C)(C)C(=O)O,8.096910013008056
CCO[C@H](COc1ccc(C(F)(F)F)cc1)CSc1ccc(OCC(=O)O)c(C)c1,5.823908740944319
O=C(O)c1cccc(NCc2ccc(OCc3cccc(F)c3)cc2)c1,5.928117992693875
O=C(O)c1cc(F)cc(NCc2ccc(OCc3ccc(F)cc3)cc2)c1,6.236572006437063
Cc1cc(CNc2cccc(C(=O)O)c2)ccc1OCc1ccc(I)cc1,7.568636235841013
Cc1cc(CNc2cccc(C(=O)O)c2)ccc1OCc1ccc(F)cc1F,7.251811972993799
O=C(O)c1cc(F)cc(NCc2ccc(OCc3ccc(F)cc3)c(Cl)c2)c1,7.2839966563652
CCCCCCC(Sc1nc2ccc(NS(=O)(=O)c3ccc(C(C)(C)C)cc3)cc2s1)C(=O)O,6.045757490560675
CCc1cc(C(=O)O)c2c(C(C)C)nn(-c3ccc(Br)cc3)c2n1,5.910094888560602
Cc1cccc(Nc2ccnc(SCC(=O)O)n2)c1C,4.853871964321762
Cc1cccc(Nc2cc(Cl)nc(OCCC(=O)O)n2)c1C,4.585026652029182
Cc1ccccc1Nc1cc(Cl)nc(SCC(=O)O)n1,4.7447274948966935
O=C(O)CSc1nc(Cl)cc(Nc2ccc(Cl)c3c2CCC3)n1,5.7447274948966935
CC(C)(Oc1ccc(OCCc2ccc(/N=N/c3ccc(C#N)cc3)cc2)cc1)C(=O)O,5.853871964321762
CC(C)(Oc1ccc(OCCc2ccc(/N=N/c3ccc(C(F)(F)F)cc3)cc2)cc1)C(=O)O,5.657577319177793
CC(C)(Oc1ccc(OCCc2ccc(/N=N/c3ccc(Br)cc3)cc2)cc1)C(=O)O,5.721246399047171
CC(C)(Oc1ccc(CCOc2ccc(/N=N/c3ccc(Br)cc3)cc2)cc1)C(=O)O,6.091514981121351
