smiles,y
CC(=O)c1ccc(SCCc2c[nH]cn2)cc1,8.958607314841775
Ic1ccc(COCCCc2c[nH]cn2)cc1,9.199970640755865
c1ccc(CCCCc2c[nH]cn2)cc1,8.67778070526608
COc1ccc(OCCCc2c[nH]cn2)cc1,7.327902142064283
c1nc(CCC2CCNCC2)c[nH]1,7.700057099977233
c1nc(CCCC2CCCNC2)c[nH]1,7.079981083971085
c1nc(CCCC2CCCCN2)c[nH]1,7.029978734171634
C(=C1CCNCC1)c1c[nH]cn1,8.214741366642299
O=C(c1c[nH]cn1)C1CCNCC1,5.410000161858408
NCCCCCc1c[nH]cn1,8.299988937677888
c1nc(CC2CCCCN2)c[nH]1,5.940001369850308
C1=C(c2c[nH]cn2)CCNC1,5.369999510099088
c1nc(C2CCNCC2)c[nH]1,6.060001790087838
c1nc(CC2CCCNC2)c[nH]1,7.169989064063882
c1nc(CCC2CCCNC2)c[nH]1,6.740000204918113
c1nc(CCC2CCCCN2)c[nH]1,5.550000451689026
c1nc(CC2CCNCC2)c[nH]1,9.357997389909045
NCC1CC1c1c[nH]cn1,7.450016388840311
c1nc(CCCC2CCNCC2)c[nH]1,8.349984047528162
CC1CCCC(C)N1CCCOc1ccc(-c2ccc(C#N)cc2)cc1,8.669992299127241
Cc1cccn2cc(-c3ccc(OCCCN4CCOCC4)cc3)nc12,7.096910013008056
N#Cc1ccc(-c2ccc(OCCCN3CCCC(O)C3)cc2)cc1,7.519993057042849
Cc1ccn2cc(-c3ccc(OCCCN4CCCCC4)cc3C)nc2c1,8.698970004336019
N#Cc1ccc(-c2ccc(OCCCN3CCOCC3)cc2)cc1,7.439973751087107
CCCCN(CCCC)CCCOc1ccc(-c2cn3cccc(O)c3n2)cc1,5.823908740944319
Cc1cccn2cc(-c3ccc(OCCCN(C)C)cc3)nc12,7.886056647693163
N#Cc1ccc(-c2ccc(OCCCN3CC4CNCC4C3)cc2)cc1,7.819874124835946
CC1CCN(CCCOc2ccc(-c3ccc(C#N)cc3)cc2)CC1,7.860120913598763
CCCCN(CCCC)CCCOc1ccc(-c2cn3cccc([N+](=O)[O-])c3n2)cc1,4.958607314841775
CCCN(CCC)CCCOc1ccc(-c2cn3cccc(C)c3n2)cc1,7.366531544420414
Cc1ccn2cc(-c3ccc(OCCCN4CCCCC4)cc3)nc2c1,8.698970004336019
Cc1ccn2cc(-c3ccc(CCCCN4CCCCC4)cc3)nc2c1,7.769551078621726
Cc1cccn2cc(-c3ccc(OCCCN4CCCCC4)cc3)nc12,8.522878745280337
CCCCN(CCCC)CCCOc1ccc(-c2cn3cccc(C)c3n2)cc1OC,5.769551078621726
CN[C@@H]1CCN(CCCOc2ccc(-c3ccc(C#N)cc3)cc2)C1,8.070019409484486
c1ccn2cc(-c3ccc(OCCCN4CCCCC4)cc3)nc2c1,8.221848749616356
Cc1ccn2cc(-c3ccc(C#CCCN4CCCCC4)cc3)nc2c1,8.154901959985743
CCCCN(CCCC)CCCOc1ccc(-c2cn3c(C)cc(C)cc3n2)cc1,5.698970004336019
Cc1cccn2cc(-c3ccc(OCCCNCc4ccccc4)cc3)nc12,5.267606240177032
Cc1cccn2cc(-c3ccc(OCCCN(C(C)c4ccccc4)C(C)c4ccccc4)cc3)nc12,5.3979400086720375
Cc1cc(-c2cn3ccccc3n2)ccc1OCCCN1CCCCC1,7.552841968657781
N#Cc1ccc(-c2ccc(OCCCN3CCC(O)CC3)cc2)cc1,6.909988975992853
C[C@@]1(O)CCN(CCCOc2ccc(-c3ccc(C#N)cc3)cc2)C1,8.389978975335854
CCCCN(CCCC)CCCOc1ccc(-c2cn3cccc(C)c3n2)c(C)c1,5.376750709602099
Cc1cccn2cc(-c3ccc(NS(=O)(=O)CCCN4CCCCC4)cc3)nc12,6.301029995663981
N#Cc1ccc(-c2ccc(OCCCN3CC[C@@H](N)C3)cc2)cc1,8.20999647960951
CCCCN(CCCC)CCCOc1ccc(-c2cn3ccccc3n2)cc1,5.886056647693163
Cc1cccn2cc(-c3ccc(NCCCN4CCCCC4)cc3)nc12,7.823908740944319
CCOC(=O)N1CCN(CCCOc2ccc(-c3cc[nH]c3)cc2)CC1,6.0
CCCCCN(CCCCC)CCCOc1ccc(-c2cn3cccc(C)c3n2)cc1,5.102372908709558
Cc1ccn2cc(-c3ccc(OCCCN4CCCCC4)cc3F)nc2c1,8.0
Cc1cccn2cc(-c3ccc(NC(=O)CCN4CCCCC4)cc3)nc12,6.522878745280337
CCCCN(CCCC)CCCOc1ccc(-c2cn3cc(Br)cc(Br)c3n2)cc1,5.318758762624412
Cc1ccn2cc(-c3ccc(OCCCN4CCCCCC4)cc3)nc2c1,8.221848749616356
CN(C)[C@@H]1CCN(CCCOc2ccc(-c3ccc(C#N)cc3)cc2)C1,8.471468939364588
N#Cc1ccc(-c2ccc(OCCCN3CCCC3)cc2)cc1,8.14002155835798
CCN(CC)CCCOc1ccc(CN2CCCCC2)cc1,8.910094888560602
c1ccc(CC2CCN(Cc3ccc(OCCCN4CCCCC4)cc3)CC2)cc1,8.819874124835946
CN1CCN(Cc2ccc(OCCCN3CCCCC3)cc2)CC1,8.869988050328097
c1ccc2c(c1)CCC2NCc1ccc(OCCCN2CCCCC2)cc1,9.079981083971084
c1cc(OCCCN2CCOCC2)ccc1CN1CCCCC1,8.639974910810603
c1cc(OCCCN2CCCCC2)ccc1CNC1CCCCC1,9.289967300934247
CN(C)CCOc1ccc(CN2CCCCC2)cc1,8.410050398674292
CN(C)Cc1ccc(OCCCN2CCCCC2)cc1,9.029978734171634
c1cc(OCCCN2CCCCC2)ccc1CN1CCOCC1,9.059981844992336
OC1CCN(Cc2ccc(OCCCN3CCCCC3)cc2)CC1,9.13000599987826
c1cc(OCCCN2CCCCC2)ccc1CC1CCCCC1,7.299988937677887
c1cc(OCCCN2CCCCC2)ccc1CN1CCCCC1,9.175730258986809
CCc1nc(-c2ccc(OCCCN3CCCN(C(=O)[C@@H](C)NC(=O)c4ccco4)CC3)cc2F)no1,6.920818753952375
COc1ccc(C(=O)N[C@H](C)C(=O)N2CCCN(CCCOc3ccc(-c4noc(CC5CCCC5)n4)c(F)c3)CC2)cc1,8.008773924307505
CC(C)C(=O)N[C@H](C)C(=O)N1CCN(CCCOc2ccc(-c3noc(-c4ccccc4)n3)c(F)c2)CC1,6.958607314841775
C[C@@H](NC(=O)c1ccco1)C(=O)N1CCCN(CCCOc2ccc(-c3noc(C4CCCCC4)n3)c(F)c2)CC1,7.721246399047171
CCCCC(=O)N[C@H](C)C(=O)N1CCCN(CCCOc2ccc(-c3noc(CC4CCCC4)n3)c(F)c2)CC1,7.744727494896693
C[C@@H](NC(=O)c1ccco1)C(=O)N1CCCN(CCCOc2ccc(-c3noc(CCc4ccccc4)n3)c(F)c2)CC1,8.1249387366083
C[C@@H](NC(=O)c1cccc(C#N)c1)C(=O)N1CCN(CCCOc2ccc(-c3noc(CC4CCCC4)n3)c(F)c2)CC1,7.455931955649724
C[C@@H](NC(=O)c1ccc(F)cc1)C(=O)N1CCCN(CCCOc2ccc(-c3noc(CC4CCCC4)n3)c(F)c2)CC1,7.853871964321762
C[C@@H](NC(=O)c1cccs1)C(=O)N1CCN(CCCOc2ccc(-c3noc(-c4ccccc4)n3)c(F)c2)CC1,7.397940008672037
C[C@@H](NC(=O)c1ccc(Cl)c(Cl)c1)C(=O)N1CCN(CCCOc2ccc(-c3noc(CC4CCCC4)n3)c(F)c2)CC1,7.823908740944319
C[C@@H](NC(=O)c1cccnc1)C(=O)N1CCN(CCCOc2ccc(-c3noc(-c4ccccc4)n3)c(F)c2)CC1,7.568636235841013
C[C@@H](NC(=O)c1ccccc1Cl)C(=O)N1CCN(CCCOc2ccc(-c3noc(CC4CCCC4)n3)c(F)c2)CC1,8.065501548756432
C[C@@H](NC(=O)c1ccco1)C(=O)N1CCCN(CCCOc2ccc(-c3noc(-c4cccnc4)n3)c(F)c2)CC1,6.721246399047171
C[C@@H](NC(=O)c1cccc(C(F)(F)F)c1)C(=O)N1CCN(CCCOc2ccc(-c3noc(CC4CCCC4)n3)c(F)c2)CC1,7.060480747381382
CC(C)C(=O)N[C@H](C)C(=O)N1CCCN(CCCOc2ccc(-c3noc(CC4CCCC4)n3)c(F)c2)CC1,7.853871964321762
C[C@@H](NC(=O)c1ccco1)C(=O)N1CCCN(CCCOc2ccc(-c3noc(C4CC4)n3)c(F)c2)CC1,7.376750709602099
C[C@@H](NC(=O)c1ccco1)C(=O)N1CCCN(CCCOc2ccc(-c3noc(C4CCCO4)n3)c(F)c2)CC1,6.6777807052660805
Cc1cccc(C(=O)N[C@H](C)C(=O)N2CCN(CCCOc3ccc(-c4noc(CC5CCCC5)n4)c(F)c3)CC2)c1,7.508638306165727
COc1ccc(C(=O)N[C@H](C)C(=O)N2CCN(CCCOc3ccc(-c4noc(CC5CCCC5)n4)c(F)c3)CC2)cc1OC,7.619788758288394
C[C@@H](NC(=O)C1CCCCC1)C(=O)N1CCN(CCCOc2ccc(-c3noc(-c4ccccc4)n3)c(F)c2)CC1,7.309803919971486
C[C@@H](N)C(=O)N1CCN(CCCOc2ccc(C(=O)C3CC3)cc2)CC1,6.119456973634143
C[C@@H](NC(=O)c1ccco1)C(=O)N1CCCN(CCCOc2ccc(-c3noc(-c4cccs4)n3)c(F)c2)CC1,6.795880017344075
C[C@@H](NC(=O)C(C)(C)C)C(=O)N1CCCN(CCCOc2ccc(-c3noc(CC4CCCC4)n3)c(F)c2)CC1,7.443697499232712
C[C@@H](NC(=O)c1ccco1)C(=O)N1CCCN(CCCOc2ccc(-c3noc(CC4CCCCC4)n3)c(F)c2)CC1,7.67778070526608
C[C@@H](NC(=O)c1cnccn1)C(=O)N1CCN(CCCOc2ccc(-c3noc(-c4ccccc4)n3)c(F)c2)CC1,7.5376020021010435
CC(=O)N[C@H](C)C(=O)N1CCN(CCCOc2ccc(-c3noc(CC4CCCC4)n3)c(F)c2)CC1,6.698970004336019
C[C@@H](NC(=O)c1ccc(F)cc1)C(=O)N1CCN(CCCOc2ccc(-c3noc(CC4CCCC4)n3)c(F)c2)CC1,7.769551078621726
C[C@@H](NC(=O)c1ccc(Cl)c(Cl)c1)C(=O)N1CCCN(CCCOc2ccc(-c3noc(CC4CCCC4)n3)c(F)c2)CC1,6.853871964321762
Cc1ccc(C)c(C(=O)N[C@H](C)C(=O)N2CCN(CCCOc3ccc(-c4noc(CC5CCCC5)n4)c(F)c3)CC2)c1,7.1249387366083
CC(C)C(NC(=O)OC(C)(C)C)c1nc(-c2ccc(OCCCN3CCCN(C(=O)[C@@H](C)NC(=O)c4ccco4)CC3)cc2F)no1,6.769551078621726
C[C@@H](NC(=O)CCN1CCOCC1)C(=O)N1CCN(CCCOc2ccc(-c3noc(CC4CCCC4)n3)c(F)c2)CC1,7.431798275933005
C[C@@H](NC(=O)c1ccco1)C(=O)N1CCCN(CCCOc2ccc(-c3noc(CC4CCCC4)n3)c(F)c2)CC1,8.031517051446064
C[C@@H](NC(=O)CCN1CCOCC1)C(=O)N1CCN(CCCOc2ccc(-c3noc(-c4ccccc4)n3)c(F)c2)CC1,7.055517327849832
CC(C)CC(=O)N[C@H](C)C(=O)N1CCN(CCCOc2ccc(-c3noc(CC4CCCC4)n3)c(F)c2)CC1,6.958607314841775
C[C@@H](NC(=O)c1ccc(N(C)C)cc1)C(=O)N1CCN(CCCOc2ccc(-c3noc(CC4CCCC4)n3)c(F)c2)CC1,7.823908740944319
C[C@@H](NC(=O)c1ccco1)C(=O)N1CCCN(CCCOc2ccc(-c3noc(CC(C)(C)C)n3)c(F)c2)CC1,7.397940008672037
C[C@@H](NC(=O)CN1CCOCC1)C(=O)N1CCN(CCCOc2ccc(-c3noc(-c4ccccc4)n3)c(F)c2)CC1,7.036212172654444
COc1cccc(C(=O)N[C@H](C)C(=O)N2CCN(CCCOc3ccc(-c4noc(CC5CCCC5)n4)c(F)c3)CC2)c1,7.468521082957745
C[C@@H](N)C(=O)N1CCN(CCCOc2ccc(-c3noc(C4CC4)n3)c(F)c2)CC1,6.251811972993799
C[C@@H](NC(=O)c1ccno1)C(=O)N1CCN(CCCOc2ccc(-c3noc(-c4ccccc4)n3)c(F)c2)CC1,7.0655015487564325
Cc1ccccc1C(=O)N[C@H](C)C(=O)N1CCN(CCCOc2ccc(-c3noc(CC4CCCC4)n3)c(F)c2)CC1,7.886056647693163
CC(C)CCC(=O)N[C@H](C)C(=O)N1CCCN(CCCOc2ccc(-c3noc(CC4CCCC4)n3)c(F)c2)CC1,7.638272163982407
CC(C)Cc1nc(-c2ccc(OCCCN3CCCN(C(=O)[C@@H](C)NC(=O)c4ccco4)CC3)cc2F)no1,7.481486060122112
C[C@@H](NC(=O)c1ccco1)C(=O)N1CCCN(CCCOc2ccc(-c3noc(C4CCCCCC4)n3)c(F)c2)CC1,7.823908740944319
C[C@@H](NC(=O)c1ccco1)C(=O)N1CCCN(CCCOc2ccc(-c3noc(Cc4ccccc4)n3)c(F)c2)CC1,7.397940008672037
C[C@@H](NC(=O)CC(C)(C)C)C(=O)N1CCN(CCCOc2ccc(-c3noc(CC4CCCC4)n3)c(F)c2)CC1,7.0
CC(C)CC(=O)N[C@H](C)C(=O)N1CCCN(CCCOc2ccc(-c3noc(CC4CCCC4)n3)c(F)c2)CC1,7.886056647693163
CC(C)OCc1nc(-c2ccc(OCCCN3CCCN(C(=O)[C@@H](C)NC(=O)c4ccco4)CC3)cc2F)no1,6.958607314841775
C[C@@H](NC(=O)c1cccc(OC(F)(F)F)c1)C(=O)N1CCN(CCCOc2ccc(-c3noc(CC4CCCC4)n3)c(F)c2)CC1,7.187086643357144
C[C@@H](NC(=O)c1cccnc1)C(=O)N1CCN(CCCOc2ccc(-c3noc(CC4CCCC4)n3)c(F)c2)CC1,7.698970004336019
C[C@@H](NC(=O)c1ccc(Br)cc1)C(=O)N1CCN(CCCOc2ccc(-c3noc(CC4CCCC4)n3)c(F)c2)CC1,7.744727494896693
C[C@@H](NC(=O)c1ccco1)C(=O)N1CCN(CCCOc2ccc(C(=O)C3CC3)c(F)c2)CC1,7.366531544420414
C[C@@H](NC(=O)c1cccc(F)c1)C(=O)N1CCN(CCCOc2ccc(-c3noc(CC4CCCC4)n3)c(F)c2)CC1,7.744727494896693
C[C@@H](NC(=O)c1cccc(N(C)C)c1)C(=O)N1CCN(CCCOc2ccc(-c3noc(CC4CCCC4)n3)c(F)c2)CC1,7.327902142064283
C[C@@H](NC(=O)c1ccc(C#N)cc1)C(=O)N1CCN(CCCOc2ccc(-c3noc(CC4CCCC4)n3)c(F)c2)CC1,8.022276394711152
C[C@@H](NC(=O)c1ccco1)C(=O)N1CCCN(CCCOc2ccc(-c3noc(-c4ccccc4)n3)c(F)c2)CC1,8.065501548756432
C[C@@H](NC(=O)c1ccco1)C(=O)N1CCCN(CCCOc2ccc(-c3noc(-c4cncs4)n3)c(F)c2)CC1,6.619788758288394
C[C@@H](NC(=O)c1cccc(Cl)c1)C(=O)N1CCN(CCCOc2ccc(-c3noc(CC4CCCC4)n3)c(F)c2)CC1,7.443697499232712
C[C@@H](N)C(=O)N1CCCN(CCCOc2ccc(-c3noc(C4CC4)n3)c(F)c2)CC1,6.619788758288394
CCOCC(=O)N[C@H](C)C(=O)N1CCN(CCCOc2ccc(-c3noc(-c4ccccc4)n3)c(F)c2)CC1,7.0
COc1ccc(C(=O)N[C@H](C)C(=O)N2CCN(CCCOc3ccc(-c4noc(CC5CCCC5)n4)c(F)c3)CC2)cc1,7.958607314841775
C[C@@H](NC(=O)c1ccc(Cl)cc1)C(=O)N1CCN(CCCOc2ccc(-c3noc(CC4CCCC4)n3)c(F)c2)CC1,7.619788758288394
O=[N+]([O-])c1ccc(OCCCCCN2CCCC2)cc1,7.4089353929735005
C/C(=N\O)c1ccc(OCc2ccc(CN3CCCCC3)cc2)cc1,7.259637310505756
CC(C)(C)C(NC(=O)OCCCc1c[nH]cn1)C(C)(C)C,7.113509274827518
CC(C)(C)CCCOCCCc1c[nH]cn1,8.267606240177031
CC(NC(=O)OCCCc1c[nH]cn1)C1CC1,7.698970004336019
CC(NC(=O)OCCCc1c[nH]cn1)C1(C)CC1,8.221848749616356
CCN(CC)C(=O)c1ccc(-c2ccc(OCCCN3CC[C@H](O)C3)cc2)cc1,8.090016305060155
CCN(CC)C(=O)c1ccc(-c2ccc(OCCCN3CCC(C)CC3)cc2)cc1,8.320027305722581
C[C@H]1CC[C@H](C)N1CCCOc1ccc(-c2ccc(C(=O)N3CCCC3)cc2)cc1,9.160019442321657
CCN(CC)CCCOc1ccc(-c2ccc(C(=O)NC(C)C)cc2)cc1,8.20999647960951
CCN(CC)CCCOc1ccc(-c2ccc(C(=O)N3CCC(C)CC3)cc2)cc1,8.460046158343603
C[C@H]1CC[C@H](C)N1CCCOc1ccc(-c2ccc(C(=O)N3[C@@H](C)CC[C@@H]3C)cc2)cc1,9.0100165416986
CC1CCN(CCCOc2ccc(-c3ccc(C(=O)N4CCC(C)CC4)cc3)cc2)CC1,7.969805214643249
CC(C)N(C)C(=O)c1ccc(-c2ccc(OCCCN3CC[C@H](O)C3)cc2)cc1,8.090016305060155
O=C(c1ccc(-c2ccc(OCCCN3CCCC3)cc2)cc1)N1CCCC1,8.950007143079857
CC1CCN(C(=O)c2ccc(-c3ccc(OCCCN4CC[C@H](O)C4)cc3)cc2)CC1,8.160019442321657
CC1CCN(C(=O)c2ccc(-c3ccc(OCCCN4CC[C@@H](N(C)C)C4)cc3)cc2)CC1,8.410050398674292
CCN(CC)C(=O)c1ccc(-c2ccc(OCCCN3CCOCC3)cc2)cc1,7.789949150124863
CC(C)NC(=O)c1ccc(-c2ccc(OCCCN3CCOCC3)cc2)cc1,7.410050398674292
CCN(CC)CCCOc1ccc(-c2ccc(C(=O)N3[C@@H](C)CC[C@@H]3C)cc2)cc1,8.289967300934247
CCN(CC)C(=O)c1ccc(-c2ccc(OCCCNC(C)C)cc2)cc1,6.959991363986458
CCN(CC)CCCOc1ccc(-c2ccc(C(=O)N3CCOCC3)cc2)cc1,8.61996975203217
CN(C)[C@@H]1CCN(CCCOc2ccc(-c3ccc(C(=O)N4CCOCC4)cc3)cc2)C1,8.260032303240491
CCN(CC)CCCOc1ccc(-c2ccc(C(=O)N3CCCC3)cc2)cc1,8.51999305704285
CC(C)NCCCOc1ccc(-c2ccc(C(=O)N3CCOCC3)cc2)cc1,7.489991487059766
O=C(c1ccc(-c2ccc(OCCCN3CC[C@H](O)C3)cc2)cc1)N1CCOCC1,8.20999647960951
O=C(c1ccc(-c2ccc(OCCCN3CC[C@H](O)C3)cc2)cc1)N1CCCC1,8.18996921359416
CC1CCCN1C(=O)c1ccc(-c2ccc(OCCCN3CC[C@H](N(C)C)C3)cc2)cc1,8.18996921359416
C[C@H]1CC[C@H](C)N1C(=O)c1ccc(-c2ccc(OCCCN3CC[C@H](N(C)C)C3)cc2)cc1,8.36001575195841
O=C(c1ccc(-c2ccc(OCCCN3CCOCC3)cc2)cc1)N1CCCC1,7.389978975335855
CC1CCN(C(=O)c2ccc(-c3ccc(OCCCN4CCOCC4)cc3)cc2)CC1,7.630042392653947
CN(C)CCC#Cc1c2c(nc3ccccc13)CCCCC2,6.409994580348671
N#Cc1ccc(-c2ccc3oc(CCN4CCCCC4)cc3c2)cc1,8.057743849580534
O=C(c1ccc(-c2ccc3oc(CCN4CC[C@@H](O)C4)cc3c2)cc1)N1CCOCC1,8.208800753501125
N#Cc1ccc(-c2ccc3oc(CCN4CCCCCC4)cc3c2)cc1,8.108964584684689
CN1CCN(CCCNc2c3c(nc4ccccc24)CCCCC3)CC1,7.289967300934246
C[C@@H]1CCCN1CCc1cc2cc(-c3ccc(C(=O)N4CCOCC4)cc3)ccc2o1,9.152458186731824
C(=C\c1c2c(nc3ccccc13)CCCCC2)\CCN1CCCCC1,7.059981844992337
O=C(c1ccc(-c2ccc3oc(CCN4CCC[C@@H]4CO)cc3c2)nc1)N1CCOCC1,7.441831634130104
C[C@@H]1CC[C@@H](C)N1CCc1cc2cc(-c3ccc(C(=O)N4CCOCC4)cn3)ccc2o1,8.229589868486094
O=C(c1ccc(-c2ccc3oc(CCN4CCCC4)cc3c2)nc1)N1CCOCC1,8.404448668158249
N#Cc1ccc(-c2ccc3oc(CCN4CCC(O)C4)cc3c2)cc1,8.052737873033665
C[C@@H]1CC[C@@H](C)N1CCc1cc2cc(-c3ccc(C(=O)N4CCOCC4)cc3)ccc2o1,8.653744850638615
O=C(c1ccc(-c2ccc3oc(CCN4CCCCC4)cc3c2)cc1)N1CCOCC1,8.63912270289796
CC1CCN(CCc2cc3cc(-c4ccc(C(=O)N5CCOCC5)cn4)ccc3o2)CC1,7.06023122454665
C[C@H]1CCC[C@@H](C)N1CCc1cc2cc(-c3ccc(C(=O)N4CCOCC4)cc3)ccc2o1,8.920456992597094
C[C@@H]1CCCN1CCc1cc2cc(-c3ccc(C(=O)N4CCOCC4)cn3)ccc2o1,9.259834761967172
CN(C)CCCNc1c2c(nc3ccccc13)CCCCC2,8.011619434777991
C(#Cc1c2c(nc3ccccc13)CCCCCC2)CCN1CCCCC1,6.799998134593398
C[C@@H]1CC[C@@H](C)N1CCc1cc2cc(-c3ccc(C#N)cc3)ccc2o1,8.291196817055418
c1ccc2c(NCCCN3CCCC3)c3c(nc2c1)CCCCC3,8.379968104873702
CC1CCN(CCc2cc3cc(-c4ccc(C(=O)N5CCOCC5)cc4)ccc3o2)CC1,7.764724123312948
O=C(c1ccc(-c2ccc3oc(CCN4CCCCCC4)cc3c2)nc1)N1CCOCC1,7.797920558992612
CC(=O)N(CCCN(C)C)c1c2c(nc3ccccc13)CCCCC2,6.0
C[C@H]1CCC[C@@H](C)N1CCc1cc2cc(-c3ccc(C(=O)N4CCOCC4)cn3)ccc2o1,8.250921032746113
CN(C)CCCNc1c2c(nc3ccccc13)CCSC2,7.270025714300444
CC1CCCCN1CCc1cc2cc(-c3ccc(C#N)cc3)ccc2o1,8.233289792737741
CN(C)CCNc1c2c(nc3ccccc13)CCCCC2,7.320027305722581
Cc1ccc2cc(-c3ccc(OCCCN4CCCCC4)cc3)cn2c1,7.552841968657781
c1ccn2cc(-c3ccc(OCCCN4CCCCC4)cc3)cc2c1,7.886056647693163
c1ccc(CCc2c(-c3ccc(OCCCN4CCCCC4)cc3)cn3ccccc23)cc1,7.431798275933005
CCc1c(-c2ccc(OCCCN3CCCCC3)cc2)cc2ccccn12,8.301029995663981
Cc1cccn2cc(-c3ccc(OCCCN4CCCCC4)cc3)cc12,7.397940008672037
c1ccc(-c2c(-c3ccc(OCCCN4CCCCC4)cc3)cn3ccccc23)cc1,7.397940008672037
C/N=C(\S)NCCCCc1c[nH]cn1,7.075720713938118
Cc1[nH]cnc1CSCCNC(=N)NCCCc1c[nH]cn1,7.173925197299173
Cc1cc(OCCCN2CCCCC2)ccc1-c1cc2ccccn2c1,6.818156412055227
c1ccn2nc(-c3ccc(OCCCN4CCCCC4)cc3)cc2c1,7.958607314841775
c1ccc2[nH]c(-c3ccc(OCCCN4CCCCC4)cc3)cc2c1,7.327902142064283
CS(=O)(=O)n1c(-c2ccc(OCCCN3CCCCC3)cc2)cc2ccccc21,7.795880017344075
Cc1cccc2cc(-c3ccc(OCCCN4CCCCC4)cc3)cn12,7.337242168318426
Cc1cc(OCCCN2CCCCC2)ccc1-c1cn2ccccc2c1C,7.958607314841775
N#Cc1ccc(OCCCN2CCCCC2)cc1,7.6010189333418685
c1ccc(CCc2c[nH]cn2)nc1,5.929999096197655
c1cc(CCCc2c[nH]cn2)ccn1,7.809948582240794
c1ccc(CCCc2c[nH]cn2)nc1,5.979999397807417
c1cc(Cc2cnc[nH]2)ccn1,9.095595549089191
c1cc(CCc2c[nH]cn2)ccn1,8.160019442321657
NC[C@@H]1CC[C@@H](c2c[nH]cn2)O1,6.67953174883877
O/N=C1\c2ccccc2-c2ccc(OCCN3CCOCC3)cc21,6.488116639021126
CN1CCCC1CCOc1ccc2c(c1)/C(=N/O)c1ccccc1-2,6.508638306165727
O/N=C1\c2ccccc2-c2ccc(OCCN3CCCC3)cc21,7.187086643357144
OC1c2ccccc2-c2ccc(OCCN3CCCCC3)cc21,6.721246399047171
CN(C)CCCOc1ccc2c(c1)/C(=N/O)c1ccccc1-2,7.318758762624412
c1ccc2c(NCCc3ccc(OCCCN4CCCCC4)cc3)c3c(nc2c1)CCCC3,9.490663041982357
Clc1ccc2c(NCCCCCCCCN3CCCCC3)ccnc2c1,8.10790539730952
CN(CCCN1CCCCC1)c1ccnc2ccccc12,6.386158178123931
Clc1ccc2c(NCCCCCCN3CCCCC3)ccnc2c1,7.744727494896693
CN(CCN1CCCCC1)c1c2c(nc3ccccc13)CCCC2,7.107905397309519
c1ccc2c(NCCCCN3CCCCC3)ccnc2c1,7.045757490560675
c1ccc2c(NCCCN3CCCCC3)c3c(nc2c1)CCCC3,7.468521082957745
c1ccc2c(NCCCCCCN3CCCCC3)ccnc2c1,8.119186407719209
c1ccc2c(NCCCCc3ccc(OCCCN4CCCCC4)cc3)c3c(nc2c1)CCCC3,8.700057099977233
Clc1ccc2c(NCCCN3CCCCC3)ccnc2c1,6.422508200162775
Clc1ccc2c(NCCCCCN3CCCCC3)ccnc2c1,7.585026652029182
CN(CCN1CCCCC1)c1ccnc2ccccc12,6.441291429466834
c1ccc2c(NCCCN3CCCCC3)c3ccccc3nc2c1,6.72584215073632
c1ccc2c(NCCc3ccc(OCCCN4CCCCC4)cc3)ccnc2c1,9.287687091318634
CN(CCCN1CCCCC1)c1c2c(nc3ccccc13)CCCC2,7.301029995663981
CCN(CCCN1CCCCC1)c1ccnc2ccccc12,5.94692155651658
c1ccc2c(NCCCCc3ccc(OCCCN4CCCCC4)cc3)ccnc2c1,8.811774827294721
c1ccc2c(NCCCc3ccc(OCCCN4CCCCC4)cc3)c3c(nc2c1)CCCC3,8.876311658332414
Clc1ccc2c(Nc3ccc(OCCCN4CCCCC4)cc3)ccnc2c1,10.082415725918889
c1ccc2c(NCCN3CCCCC3)ccnc2c1,6.718966632752273
c1ccc2c(NCCCCCCN3CCCCC3)c3c(nc2c1)CCCC3,8.744727494896694
CN1CCC(Cc2c[nH]cn2)CC1,9.0
CN1CCC(CCc2c[nH]cn2)CC1,7.299988937677887
CCN1CCC(Cc2c[nH]cn2)CC1,7.79997073344623
CCN1CCC(CCc2c[nH]cn2)CC1,7.199970640755866
CCN1CCC(=Cc2c[nH]cn2)CC1,7.299988937677887
CC(C)N1CCC(=Cc2c[nH]cn2)CC1,7.199970640755866
c1nc(CCC2CCN(C3CCCCC3)CC2)c[nH]1,6.799998134593398
C(=C1CCN(C2CCCCC2)CC1)c1c[nH]cn1,7.50003813440381
c1ccc(CN2CCC(Cc3c[nH]cn3)CC2)cc1,7.299988937677887
c1ccc(CN2CCC(CCc3c[nH]cn3)CC2)cc1,7.100015437450609
C(=C1CCN(Cc2ccccc2)CC1)c1c[nH]cn1,6.399996913372259
c1ccc(CCN2CCC(Cc3c[nH]cn3)CC2)cc1,8.0
c1ccc(CCN2CCC(CCc3c[nH]cn3)CC2)cc1,7.400007822415902
CN1CCN(c2ccc3ccccc3n2)CC1,6.3872161432802645
CCN1CCN(c2ccc3ccccc3n2)CC1,8.221848749616356
CC(C)N1CCN(c2ccc3ccccc3n2)CC1,8.167491087293763
CCC(CC)N1CCN(c2ccc3ccccc3n2)CC1,8.537602002101044
c1ccc2nc(N3CCN4CCCC[C@@H]4C3)ccc2c1,7.744727494896693
Clc1ccc2ccc(N3CCN(C4CC4)CC3)nc2c1,6.490797477668897
Clc1cc(Cl)c2ccc(N3CCN(C4CC4)CC3)nc2c1,6.522878745280337
N#Cc1ccc2nc(N3CCN(C4CC4)CC3)ccc2c1,8.318758762624412
c1cnn(-c2ccc3nc(N4CCN(C5CC5)CC4)ccc3c2)c1,8.958607314841775
O=C(c1ccc(F)cc1)c1ccc2nc(N3CCN(C4CC4)CC3)ccc2c1,6.958607314841775
CN1CCN(C2=Nc3cc(Cl)ccc3Nc3ccccc32)CC1,6.199970640755866
C[C@@H]1CCCN1CCc1cc2cc(C(=O)c3ccccc3F)ccc2o1,9.291196817055418
C[C@@H]1CCCN1CCc1cc2cc(C(=O)c3cccc(F)c3)ccc2o1,10.0
C[C@@H]1CCCN1CCc1cc2cc(C(=O)c3ccc(F)cc3)ccc2o1,9.56928011213672
C[C@@H]1CCCN1CCc1cc2cc(C(=O)c3ccc(Cl)cc3)ccc2o1,9.007004901568658
Cc1cc(C(=O)c2ccc3oc(CCN4CCC[C@H]4C)cc3c2)ccc1Cl,9.45296410025999
C[C@@H]1CCCN1CCc1cc2cc(C(=O)c3cccc(Cl)c3)ccc2o1,9.71556926615548
C[C@@H]1CCCN1CCc1cc2cc(C(=O)c3cc(F)cc(F)c3)ccc2o1,10.057719047634158
C[C@@H]1CCCN1CCc1cc2cc(C(=O)c3ccccc3)ccc2o1,9.658763376761309
CC(=O)c1cccc(-c2ccc3oc(CCN4CCC[C@H]4C)cc3c2)c1,10.088363066870558
C[C@@H]1CCCN1CCc1cc2cc(-c3cccc(C(C)(C)O)c3)ccc2o1,9.605986336842689
C[C@@H]1CCCN1CCc1cc2cc(-c3cccc(CO)c3)ccc2o1,9.30989256054367
CCC(=O)c1cccc(-c2ccc3oc(CCN4CCC[C@H]4C)cc3c2)c1,9.63912270289796
C[C@@H]1CCCN1CCc1cc2cc(-c3ccc(CO)cc3)ccc2o1,9.057743849580534
C[C@@H]1CCCN1CCc1cc2cc(-c3cccc(C#N)c3)ccc2o1,9.56928011213672
C[C@@H]1CCCN1CCc1cc2cc(-c3ccc(C(=O)C4CC4)cc3)ccc2o1,9.582528306796709
C[C@@H](NC(=O)c1ccco1)C(=O)N1CCN(CCCOc2ccc(C(=O)C3CC3)cc2)CC1,7.020254401452202
Cc1ccc(C(=O)c2ccc3oc(CCN4CCC[C@H]4C)cc3c2)cc1,9.673869043289203
COc1ccc(C(=O)c2ccc3oc(CCN4CCC[C@H]4C)cc3c2)cc1,9.281996831732982
CN(C)CCNC(=O)c1nc2cc(Cl)ccc2[nH]1,4.600000074606178
O=C(c1cc2cc(Cl)ccc2[nH]1)N1CCCCC1,5.200000237109354
CN1CCC(C(O)c2cc3cc(Cl)ccc3[nH]2)CC1,5.800000874803203
CN1CCC(C(=O)c2cc3cc(Cl)ccc3[nH]2)CC1,5.499999678657065
CCC(CC)N1CCN(C(=O)CCC(=O)c2ccc(Cl)cc2)CC1,9.059981844992336
CN1CCC(Oc2ccc(C#N)cc2)CC1,5.369999510099088
CCCN1CCC(Oc2ccc(C#N)cc2)CC1,6.970007824622153
CCC(C)N1CCC(Oc2ccc(C#N)cc2)CC1,7.819874124835946
CC(C)CN1CCC(Oc2ccc(C#N)cc2)CC1,7.179995693191682
N#Cc1ccc(OC2CCN(C3CCCC3)CC2)cc1,7.890084136976206
CC(C)N1CCC(Oc2ccc(CN(C)C)cc2)CC1,8.51999305704285
CCCCN(C)Cc1ccc(OC2CCN(C(C)C)CC2)cc1,8.830031826003108
CC(C)N1CCC(Oc2ccc(CN3CCCCC3)cc2)CC1,9.199970640755865
CC(C)N1CCC(Oc2ccc(CN3CCCCCC3)cc2)CC1,8.770062314092065
CC(C)N1CCC(Oc2ccc(CN3CCOCC3)cc2)CC1,8.67778070526608
CC(C)N1CCC(Oc2ccc(CN3CCC(CO)CC3)cc2)CC1,9.0
CC(C)N1CCC(Oc2ccc(CNC3CC3)cc2)CC1,8.789949150124862
CC(C)N1CCC(Oc2ccc(CNc3ccccc3)cc2)CC1,8.260032303240491
CC(C)N1CCC(Oc2ccc(CN3CCN(C)CC3)cc2)CC1,9.13000599987826
CC(C)N1CCC(Oc2ccc(CN3CCN(Cc4ccccc4)CC3)cc2)CC1,8.700057099977233
C[C@@H]1CCCN1CCc1cc2cc(CNc3ccccc3[N+](=O)[O-])ccc2o1,9.508638306165729
C[C@@H]1CCCN1CCc1cc2cc(CNc3ccc(C(=O)C(F)(F)F)cc3)ccc2o1,9.130768280269024
C[C@@H]1CCCN1CCc1cc2cc(CNc3cccc(C#N)c3)ccc2o1,9.397940008672036
C[C@@H]1CCCN1CCc1cc2cc(CNc3ccc(Cl)nn3)ccc2o1,9.508638306165729
C[C@@H]1CCCN1CCc1cc2cc(CNc3ncccn3)ccc2o1,9.075720713938118
C[C@@H]1CCCN1CCc1cc2cc(CNc3ncc([N+](=O)[O-])cc3[N+](=O)[O-])ccc2o1,9.148741651280924
C[C@@H]1CCCN1CCc1cc2cc(CNc3cc(C#N)nc(C#N)c3)ccc2o1,9.886056647693165
C[C@@H]1CCCN1CCc1cc2cc(CNc3ccc([N+](=O)[O-])cn3)ccc2o1,9.522878745280336
C[C@@H]1CCCN1CCc1cc2cc(Nc3ccccc3[N+](=O)[O-])ccc2o1,9.657577319177792
C[C@@H]1CCCN1CCc1cc2cc(Nc3ccc(C#N)cc3)ccc2o1,9.568636235841012
C[C@@H]1CCCN1CCc1cc2cc(Nc3cccc(C#N)c3)ccc2o1,9.537602002101044
CCc1cnc(Nc2ccc3oc(CCN4CCC[C@H]4C)cc3c2)nc1,9.207608310501746
C[C@@H]1CCCN1CCc1cc2cc(Nc3ncccn3)ccc2o1,9.508638306165729
C[C@@H]1CCCN1CCc1cc2cc(Nc3cncnc3)ccc2o1,10.096910013008056
C[C@@H]1CCCN1CCc1cc2cc(Nc3cnccn3)ccc2o1,9.958607314841776
C[C@@H]1CCCN1CCc1cc2cc(Nc3ccc([N+](=O)[O-])cn3)ccc2o1,10.30102999566398
C[C@@H]1CCCN1CCc1cc2cc(Nc3ncccc3[N+](=O)[O-])ccc2o1,9.853871964321762
Cc1ccc(C#N)c(Nc2ccc3oc(CCN4CCC[C@H]4C)cc3c2)n1,8.525783735923746
C[C@@H]1CCCN1CCc1cc2cc(Nc3ccc(C(F)(F)F)cn3)ccc2o1,9.267606240177033
CN(CCCCc1c[nH]cn1)CCC(c1ccc(Cl)cc1)c1ccccn1,7.823908740944319
O=C(c1cc2ccccc2[nH]1)N1CCNCC1,5.045757490560675
O=C(CCN1CCC(Cc2c[nH]cn2)CC1)Nc1ccc(Cl)cc1,8.769551078621726
O=C(CCN1CCC(Cc2c[nH]cn2)CC1)Nc1cccc(Cl)c1,9.397940008672036
CN(C)CCCOc1ccc(CN(C)C)cc1,7.744727494896693
CN(C)CCOc1ccc(CCN(C)C)cc1,7.397940008672037
CN(C)CCCOc1ccc(CCN(C)C)cc1,8.221848749616356
CN(C)CCCOc1c(Br)cc(CCN(C)C)cc1Br,7.522878745280337
c1nc(CCCCN2CCCCCC2)c[nH]1,7.400007822415902
c1nc(CCCCN2CCCCC2)c[nH]1,7.700057099977233
c1nc(CCCCN2CCCC2)c[nH]1,7.400007822415902
CN(C)CCCCc1c[nH]cn1,8.500038134403809
CCCCNCCCCc1c[nH]cn1,8.199970640755867
CCCNCCCCc1c[nH]cn1,8.100015437450608
CC(C)NCCCCc1c[nH]cn1,7.100015437450609
CC(C)(C)NCCCCc1c[nH]cn1,6.199998172182031
c1nc(CCCCNC2CCCCCC2)c[nH]1,7.400007822415902
Clc1ccc(CNCCCCc2c[nH]cn2)cc1,7.79997073344623
c1nc(CCCCCN2CCCCC2)c[nH]1,8.100015437450608
CCCCNCCCCCc1c[nH]cn1,8.400007822415901
CCCNCCCCCc1c[nH]cn1,8.299988937677888
CCNCCCCCc1c[nH]cn1,8.100015437450608
CC(C)NCCCCCc1c[nH]cn1,7.899974269892137
c1nc(CCCCCNC2CCCCC2)c[nH]1,8.0
CC(C)(C)NCCCCCc1c[nH]cn1,7.400007822415902
O=[N+]([O-])c1ccc(NCCCCN2CCCCC2)c2nonc12,6.769551078621726
N#Cc1c2ccccc2cn1CCCCCCN1CCCCC1,7.508638306165727
N#Cc1c2ccccc2cn1CCCCN1CCCCC1,6.749579997691106
CCOc1cccc2cc(C(=O)N3CCC[C@H]3CN3CCCC3)oc12,8.154901959985743
CCN(CC)C[C@@H]1CCCN1C(=O)c1cc2ccc(C(F)(F)F)cc2o1,7.337242168318426
O=C(c1cc2ccc(C(F)(F)F)cc2o1)N1CCC[C@H]1CN1CCCCC1,7.657577319177793
N#Cc1ccc2oc(C(=O)N3CCC[C@H]3CN3CCCC3)cc2c1,8.301029995663981
O=C(c1cc2cc(OC(F)(F)F)ccc2o1)N1CCC[C@H]1CN1CCCC1,7.958607314841775
CCN(CC)C[C@@H]1CCCN1C(=O)c1cc2cc(C(F)(F)F)ccc2o1,7.853871964321762
O=C(c1cc2cc(C(F)(F)F)ccc2o1)N1CCC[C@H]1CN1CCCC1,8.397940008672037
O=C(c1cc2cc(Cl)ccc2o1)N1CCC[C@H]1CN1CCCC1,8.301029995663981
O=C(c1sc2ccccc2c1Cl)N1CCC[C@H]1CN1CCCC1,7.920818753952375
CN1CCN(C2=Nc3ccc(Cl)cc3Oc3ccccc32)CC1,5.039999923502186
c1cc2c(cc1OCCCN1CCCCC1)CCN(CC1CCCCC1)CC2,9.275724130399212
CCN1CCc2ccc(OCCCN3CCCCC3)cc2CC1,9.585026652029182
CS(=O)(=O)N1CCCc2cc(OCCCN3CCCCC3)ccc2C1,8.537602002101044
CC(C)NC(=O)N1CCCc2cc(OCCCN3CCCCC3)ccc2C1,7.767003889607846
CCN1CCCc2cc(OCCCN3CCCCC3)ccc2C1,9.468521082957745
CC(=O)N1CCc2ccc(OCCCN3CCCCC3)cc2C1,7.712198270069774
CS(=O)(=O)N1CCc2ccc(OCCCN3CCCCC3)cc2C1,7.623423042943488
CC(C)NC(=O)N1CCc2ccc(OCCCN3CCCCC3)cc2C1,8.309803919971486
CC(C)N1CCc2ccc(OCCCN3CCCCC3)cc2C1,9.769551078621726
O=C(c1cccs1)N1CCCc2ccc(OCCCN3CCCCC3)cc21,7.645891560852599
CCN1CCCc2ccc(OCCCN3CCCCC3)cc21,6.806875401645538
c1cc2c(cc1OCCCN1CCCCC1)NCCC2,6.889410289700751
O=S(=O)(c1ccccc1)N1CCCc2cc(OCCCN3CCCCC3)ccc21,7.744727494896693
CCN1CCCc2cc(OCCCN3CCCCC3)ccc21,7.387216143280264
c1cc2c(cc1OCCCN1CCCCC1)CCCN2,7.267606240177032
c1cc(OCCCN2CCCCC2)c2c(c1)N(CC1CCCCC1)CCC2,6.85078088734462
c1cc2c(c(OCCCN3CCCCC3)c1)CN(CC1CCCCC1)CC2,7.229147988357855
O=C(c1cccs1)N1CCc2ccc(OCCCN3CCCCC3)cc2C1,8.09151498112135
O=S(=O)(c1ccccc1)N1CCc2ccc(OCCCN3CCCCC3)cc2C1,9.275724130399212
c1cc2c(cc1OCCCN1CCCCC1)CN(CC1CCCCC1)CC2,9.455931955649724
CCN1CCc2ccc(OCCCN3CCCCC3)cc2C1,9.468521082957745
O=C(c1cccs1)N1CCc2cc(OCCCN3CCCCC3)ccc2C1,8.67778070526608
O=S(=O)(c1ccccc1)N1CCc2cc(OCCCN3CCCCC3)ccc2C1,8.130768280269024
c1cc2c(cc1OCCCN1CCCCC1)CCN(CC1CCCCC1)C2,8.995678626217357
CN(C)Cc1ccc(-c2ccc(CN(C)C)cc2)cc1,8.799833753636893
CCCCCNCc1ccc(-c2ccc(CNCCCCC)cc2)cc1,6.119998611678231
c1cc(-c2ccc(CN3CCCCC3)cc2)ccc1CN1CCCCC1,9.495665088197535
CC1CCN(Cc2ccc(-c3ccc(CN4CCC(C)CC4)cc3)cc2)CC1,8.20999647960951
CC1CC(C)CN(Cc2ccc(-c3ccc(CN4CC(C)CC(C)C4)cc3)cc2)C1,6.399996913372259
CC(=O)N1CCN(Cc2ccc(-c3ccc(CN4CCN(C(C)=O)CC4)cc3)cc2)CC1,5.849999245077862
c1cc(-c2ccc(CNC3CCCCC3)cc2)ccc1CNC1CCCCC1,6.2500010234416505
O=C1CCCCN1Cc1ccc(-c2ccc(CN3CCCCC3)cc2)cc1,7.330032630091495
c1cc(-c2ccc(CCN3CCCCC3)cc2)ccc1CCN1CCCCC1,8.929962133392245
c1cc(CN2CCCCC2)ccc1CN1CCCCC1,5.910047224708728
NCc1ccc(-c2ccc(CN)cc2)cc1,5.349999603463148
O=C(/C=C/c1ccc(C(F)(F)F)cc1)N1CCC[C@H]1CN1CCCC1,8.232844133917819
O=C(NCc1ccc(-c2ccccc2)cc1)N1CCC[C@H]1CN1CCCC1,7.060480747381382
O=C(NCc1ccc(OC(F)(F)F)cc1)N1CCC[C@H]1CN1CCCC1,6.91721462968355
O=C(NCc1ccc(C(F)(F)F)cc1)N1CCC[C@H]1CN1CCCC1,6.790484985457369
O=C(/C=C/c1ccc(-c2ccccc2)cc1)N1CCC[C@H]1CN1CCCC1,8.431798275933005
O=C(/C=C/c1ccc(OC(F)(F)F)cc1)N1CCC[C@H]1CN1CCCC1,7.872895201635193
O=C(NCc1ccccc1)N1CCC[C@H]1CN1CCCC1,6.707743928643524
O=C(NCCc1ccccc1)N1CCC[C@H]1CN1CCCC1,6.645891560852599
O=C(NCc1ccc(Oc2ccccc2)cc1)N1CCC[C@H]1CN1CCCC1,7.468521082957745
NCc1ccc(CNC(=O)N2CCC[C@H]2CN2CCCC2)cc1,6.962573502059376
NCc1cccc(CNC(=O)N2CCC[C@H]2CN2CCCC2)c1,7.107905397309519
COc1cccc(CNC(=O)N2CCC[C@H]2CN2CCCC2)c1,6.72584215073632
COc1ccc(CNC(=O)N2CCC[C@H]2CN2CCCC2)cc1,6.530177984021837
O=C(NCc1ccc(Oc2ccccc2)cc1)N1CCN(C2CCCC2)CC1,7.42021640338319
CCN1CCN(C(=O)N[C@@H]2C[C@H]2c2ccccc2)CC1,7.397940008672037
CC(C)N1CCN(C(=O)NC2Cc3ccccc3C2)CC1,7.522878745280337
O=C(NCc1ccccc1)N1CCN(C2CCCC2)CC1,7.026872146400302
CC(C)N1CCN(C(=O)N2CC=C(c3ccccc3)CC2)CC1,7.568636235841013
CC(C)N1CCN(C(=O)N2CCC(c3ccccc3)CC2)CC1,7.0655015487564325
CC(C)N1CCN(C(=O)N2CCc3ccccc3C2)CC1,7.136677139879544
CC(C)N1CCN(C(=O)N2CCC(C(C)(C)C)CC2)CC1,7.327902142064283
CC(C)N1CCN(C(=O)N2CCC(Cc3ccccc3)CC2)CC1,7.853871964321762
CC(C)N1CCN(C(=O)N2CCC(C(=O)OC(C)(C)C)CC2)CC1,7.602059991327962
CC(C)N1CCN(C(=O)N2CCC(C(=O)N3CC4CCC(CC4)C3)CC2)CC1,7.853871964321762
O=C(N1CCN(C2CCCC2)CC1)N1Cc2ccccc2C1,7.638272163982407
O=C(N1CCN(C2CC2)CC1)N1Cc2ccccc2C1,7.346787486224656
CC(C)N1CCN(C(=O)N2Cc3ccccc3C2)CC1,7.229147988357855
O=C(N1Cc2ccccc2C1)N1CCC[C@H]1CN1CCCC1,7.026872146400302
CN(C)CCCOc1ccc(Nc2ncnc3ccccc23)c(CN(C)C)c1,7.744727494896693
COc1ccccc1COc1ccc(OCCCN2CCOCC2)cc1C(=O)N(C)C,5.856048883576037
CN(C)C(=O)c1cc(OCCCN2CCOCC2)ccc1OCc1ccccc1Cl,5.958607314841775
CN(C)C(=O)c1cc(OCCCN2CCCCC2)ccc1OCc1ccccc1Cl,7.327902142064283
CN(C)Cc1cc(OCCCN2CCCCC2)ccc1OCc1ccccc1Cl,8.619788758288394
CN(C)CCCOc1ccc(OCc2ccccc2Cl)c(CN(C)C)c1,6.8696662315049934
CC(C)N1CCC(Oc2ccc(OCc3ccccc3Cl)c(CN(C)C)c2)C1,7.055517327849832
CN(C)Cc1cc(OCCCN2CCCCC2)ccc1Nc1ncnc2ccccc12,9.522878745280336
CNCCC(Oc1ccc(C(F)(F)F)cc1)c1ccccc1,5.136677139879544
COc1ccc(C2CN(C)Cc3cc(OCCCN4CCN(C(=O)c5ccncc5)CC4)ccc32)cc1,5.546681659952962
COc1ccc(C2CN(C)Cc3cc(OCCCN4CCN(C(=O)c5cccn5C)CC4)ccc32)cc1,5.584025588623434
COc1ccc(C2CN(C)Cc3cc(OCCCN4CCN(C(=O)C(C)C)CC4)ccc32)cc1,6.293282217663241
COc1ccc(C2CN(C)Cc3cc(OCCCN4CCN(C(C)=O)CC4)ccc32)cc1,6.573488738635425
COc1ccc(C2CN(C)Cc3cc(OCCCN4CCN(c5ccc(C(F)(F)F)cc5)CC4)ccc32)cc1,5.841637507904751
COc1ccc(C2CN(C)Cc3cc(OCCCN4CCN(c5ccncc5)CC4)ccc32)cc1,8.481486060122112
COc1ccc(C2CN(C)Cc3cc(OCCCN4CCN(c5nccs5)CC4)ccc32)cc1,6.571865205971212
COc1ccc(C2CN(C)Cc3cc(OCCCN4CCN(c5ccccc5O)CC4)ccc32)cc1,5.955460239607589
COc1ccc(C2CN(C)Cc3cc(OCCCN4CCN(C5CC5)CC4)ccc32)cc1,7.522878745280337
COc1ccc(C2CN(C)Cc3cc(OCCCN4CCN(C(C)C)CC4)ccc32)cc1,8.013228265733755
CCN1CCN(CCCOc2ccc3c(c2)CN(C)CC3c2ccc(OC)cc2)CC1,7.920818753952375
COc1ccc(C2CN(C)Cc3cc(OCCCN(C4CC4)C4CC4)ccc32)cc1,8.130768280269024
CCN(CC)CCCOc1ccc2c(c1)CN(C)CC2c1ccc(OC)cc1,8.769551078621726
CCNCCCOc1ccc2c(c1)CN(C)CC2c1ccc(OC)cc1,7.327902142064283
COc1ccc(C2CN(C)Cc3cc(OCCCN4CCC(F)(F)C4)ccc32)cc1,8.022276394711152
COc1ccc(C2CN(C)Cc3cc(OCCCN4CCC(C(F)(F)F)CC4)ccc32)cc1,7.397940008672037
COc1ccc(C2CN(C)Cc3cc(OCCCN4CCC(CO)CC4)ccc32)cc1,8.022276394711152
COc1ccc(C2CN(C)Cc3cc(OCCCN4CCCC(F)(F)C4)ccc32)cc1,7.853871964321762
COc1ccc(C2CN(C)Cc3cc(OCCCN4CCC(F)(F)CC4)ccc32)cc1,8.060480747381382
COc1ccc(C2CN(C)Cc3cc(OCCCN4CCCCC4)ccc32)cc1,8.698970004336019
CNCc1cc(C#CCCN2CCCCC2)ccc1Oc1ccc(SC)cc1,8.769551078621726
CNCc1cc(C#CCCN2CCCN(C(C)C)CC2)ccc1Oc1ccc(SC)cc1,7.031517051446065
CNCc1cc(C#CCCNC2CC2)ccc1Oc1ccc(SC)cc1,7.769551078621726
CNCc1cc(C#CCCN2CCN(C3CC3)CC2)ccc1Oc1ccc(SC)cc1,7.2839966563652
CNCc1cc(C#CCCN2CCC(F)CC2)ccc1Oc1ccc(Cl)c(Cl)c1,7.853871964321762
CNCc1cc(C#CCCN2CCC(F)CC2)ccc1Oc1ccc(SC)cc1,8.221848749616356
CNCc1cc(C#CCCN2CCN(C(C)C)CC2)ccc1Oc1ccc(SC)cc1,7.508638306165727
CNCc1cc(C#CCCN2CCSCC2)ccc1Oc1ccc(Cl)c(Cl)c1,7.886056647693163
CNCc1cc(C#CCCN2CCSCC2)ccc1Oc1ccc(SC)cc1,8.267606240177031
CNCc1cc(C#CCCN2CCOCC2)ccc1Oc1ccc(F)cc1Cl,8.221848749616356
CNCc1cc(C#CCCN2CCOCC2)ccc1Oc1cccc(F)c1,8.522878745280337
CNCc1cc(C#CCCN2CCOCC2)ccc1Oc1ccc(Cl)c(C(F)(F)F)c1,7.886056647693163
CNCc1cc(C#CCCN2CCOCC2)ccc1Oc1ccc(C(F)(F)F)cc1,8.136677139879543
CNCc1cc(C#CCCN2CCOCC2)ccc1Oc1ccccc1,8.244125144327509
CNCc1cc(C#CCCN2CCOCC2)ccc1Oc1ccc(Cl)cc1,8.154901959985743
CNCc1cc(C#CCCN2CCOCC2)ccc1Oc1ccc(Cl)c(Cl)c1,7.958607314841775
CNCc1cc(C#CCCN2CCOCC2)ccc1Oc1ccc(SC)cc1,7.958607314841775
CNCc1cc(C#CCCN2CCOCC2)ccc1Oc1cccc(Cl)c1,8.522878745280337
CNCc1cc(CCCCN2CCSCC2)ccc1Oc1ccc(SC)cc1,8.013228265733755
CNCc1cc(Br)ccc1Oc1ccc(SC)cc1,5.045757490560675
Cc1nc2ncccc2cc1-c1ccc2cc(CCN3CCC[C@H]3C)ccc2n1,9.469032318428084
Cc1nn(C)cc1-c1ccc2cc(CCN3CCC[C@H]3C)ccc2n1,9.347584423524092
Cc1nc(N2CCCC2)ncc1-c1ccc2cc(CCN3CCC[C@H]3C)ccc2n1,9.53840143993728
Cc1c(-c2ccc3cc(CCN4CCC[C@H]4C)ccc3n2)cnn1-c1ccccn1,9.585026652029182
CCOc1ccc(-n2ncc(-c3ccc4cc(CCN5CCC[C@H]5C)ccc4n3)c2C)nn1,9.717717843680903
O=C(c1ccc(F)cc1F)N1CCN(c2ccc(OCCCN3CCCC3)cc2)C(=O)C1,8.400007822415901
O=C(c1cc(F)cc(F)c1)N1CCN(c2ccc(OCCCN3CCCC3)cc2)C(=O)C1,8.700057099977233
CS(=O)(=O)c1ccc(C(=O)N2CCN(c3ccc(OCCCN4CCCCC4)cc3)C(=O)C2)cc1,8.599980364934842
O=C(c1ccc(F)cc1)N1CCN(c2ccc(OCCCN3CCCCC3)cc2)C(=O)C1,8.700057099977233
CN1Cc2cc(OCCCN3CCC(F)CC3)ccc2C(c2ccc(OC(F)F)cc2)C1,8.0
CN1Cc2cc(OCCCN3CCC(F)CC3)ccc2C(c2ccc(S(C)(=O)=O)cc2)C1,8.698970004336019
CN1Cc2cc(OCCCN3CCC(F)CC3)ccc2C(c2ccc(SC(F)(F)F)cc2)C1,7.337242168318426
CN1Cc2cc(OCCCN3CCC(F)CC3)ccc2C(c2ccc(C#N)cc2)C1,8.455931955649724
CSc1ccc(C2CN(C)Cc3cc(OCCCN4CCC(F)CC4)ccc32)cc1,7.891660525211162
CN1Cc2cc(OCCCN3CCC(F)CC3)ccc2C(c2cccc(C(F)(F)F)c2)C1,7.958607314841775
CN1Cc2cc(OCCCN3CCC(F)CC3)ccc2C(c2ccc(C(F)(F)F)cc2)C1,7.744727494896693
CN1Cc2cc(OCCCN3CCC(F)CC3)ccc2C(c2ccc(Cl)c(Cl)c2)C1,7.508638306165727
CN1Cc2cc(OCCCN3CCC(F)CC3)ccc2C(c2ccccc2Cl)C1,8.2518119729938
CCOc1ccc(C2CN(C)Cc3cc(OCCCN4CCC(F)CC4)ccc32)cc1,8.136677139879543
C(#Cc1ccc(CN2CCCCC2)cc1)CCN1CCCCC1,8.976151052551987
CC[C@@H]1CCCN1CCc1ccc2cc(-c3ccc(C#N)cc3)ccc2c1,8.062482107982653
N#Cc1ccc(-c2ccc3cc(CCN4CCCC4)ccc3c2)cc1,9.30989256054367
CN(C)[C@@H]1CCN(CCc2ccc3cc(-c4ccc(C#N)cc4)ccc3c2)C1,7.698427475243725
N#Cc1ccc(-c2ccc3cc(CCN4CCC[C@H]4CF)ccc3c2)cc1,9.090764996631693
CC(C)CC1CCCN1CCc1ccc2cc(-c3ccc(C#N)cc3)ccc2c1,6.561916711232764
CNC(O)Cc1ccc2cc(-c3ccc(C#N)cc3)ccc2c1,7.979431565198637
CN(CCc1ccc2cc(-c3ccc(C#N)cc3)ccc2c1)C(C)(C)C,8.961379838050297
CCCN(C)CCc1ccc2cc(-c3ccc(C#N)cc3)ccc2c1,8.679957624520355
CCN(CC)CCc1ccc2cc(-c3ccc(C#N)cc3)ccc2c1,9.07286070612413
CN(C)CCc1ccc2cc(-c3ccc(C#N)cc3)ccc2c1,8.578396073130168
Clc1ccc(C2CNCc3cc(OCCCN4CCCCC4)ncc32)cc1Cl,8.301029995663981
COc1ccc(C2CN(C)Cc3cc(OCC4CCN(C(C)C)CC4)ncc32)cc1,7.886056647693163
COc1ccc(C2CNCc3cc(OCC4CCN(C(C)C)CC4)ncc32)cc1,8.397940008672037
CC(C)N1CCC(COc2cc3c(cn2)C(c2ccc(Cl)c(Cl)c2)CN(C)C3)CC1,7.886056647693163
CC(C)N1CCC(COc2cc3c(cn2)C(c2ccc(Cl)c(Cl)c2)CNC3)CC1,7.886056647693163
c1ccc(C2CNCc3cc(OCCCN4CCOCC4)ncc32)cc1,7.886056647693163
COc1ccc(C2CNCc3cc(OCCCN4CCOCC4)ncc32)cc1,7.366531544420414
CCN(CC)CCCOc1cc2c(cn1)C(c1ccccc1)CN(C)C2,8.397940008672037
CCN(CC)CCCOc1cc2c(cn1)C(c1ccc(OC)cc1)CN(C)C2,7.886056647693163
CCN(CC)CCCOc1cc2c(cn1)C(c1ccc(Cl)c(Cl)c1)CNC2,8.154901959985743
c1ccc(C2CNCc3cc(OCCCN4CCCCC4)ncc32)cc1,9.0
CN1Cc2cc(OCCCN3CCCCC3)ncc2C(c2ccc(F)cc2)C1,8.045757490560675
COc1ccc(C2CN(C)Cc3cc(OCCCN4CCCCC4)ncc32)cc1,7.920818753952375
COc1ccc(C2CNCc3cc(OCCCN4CCCCC4)ncc32)cc1,8.397940008672037
COc1cccc(C2CN(C)Cc3cc(OCCCN4CCCCC4)ncc32)c1,8.096910013008056
CN1Cc2cc(OCCCN3CCCCC3)ncc2C(c2ccc(Cl)c(F)c2)C1,8.154901959985743
CN1Cc2cc(OCCCN3CCCCC3)ncc2C(c2cccc(Cl)c2)C1,8.154901959985743
Clc1ccccc1C1CNCc2cc(OCCCN3CCCCC3)ncc21,9.0
CN1Cc2cc(OCCCN3CCCCC3)ncc2C(c2ccc(Cl)cc2)C1,7.823908740944319
CN1Cc2cc(OCCCN3CCCCC3)ncc2C(c2ccc(Cl)c(Cl)c2)C1,7.744727494896693
c1ccc(C2CN3CCCC3c3cc(OCCCN4CCCCC4)ccc32)cc1,8.610833915635467
CN(C)c1ccc(C2CN3CCCC3c3cc(OCCCN4CCCCC4)ccc32)cc1,8.462180904926726
COc1cccc(C2CN3CCCC3c3cc(OCCCN4CCCCC4)ccc32)c1,8.337242168318426
CSc1ccc(C2CN3CCCC3c3cc(OCCCN4CCCCC4)ccc32)cc1,8.414539270491499
FC(F)(F)Oc1ccc(C2CN3CCCC3c3cc(OCCCN4CCCCC4)ccc32)cc1,8.197226274708024
Clc1ccccc1C1CN2CCCC2c2cc(OCCCN3CCCCC3)ccc21,8.187086643357144
Clc1cccc(C2CN3CCCC3c3cc(OCCCN4CCCCC4)ccc32)c1,8.530177984021837
Clc1ccc(C2CN3CCCC3c3cc(OCCCN4CCCCC4)ccc32)cc1,8.323306390375134
C#Cc1cccc(C2CN3CCCC3c3cc(OCCCN4CCCCC4)ccc32)c1,8.088842391260023
Cc1ccc(C2CN3CCCC3c3cc(OCCCN4CCCCC4)ccc32)cc1,8.474955192963154
CN(C)CCC(Oc1ccc(C(F)(F)F)cc1)c1ccccc1,5.178290002701623
CN(C)CCC(Oc1ccc(OCCCN2CCCCC2)cc1)c1ccccc1,9.0
CN(C)CCC(Oc1ccccc1)c1cccc(OCCCN2CCCCC2)c1,8.481486060122112
CN(C)CCC(Oc1ccccc1)c1ccc(OCCCN2CCCCC2)cc1,9.210771942732665
CN(C)CCC(Oc1ccc(C(F)(F)F)cc1)c1ccc(OCCCN2CCCCC2)cc1,8.568636235841012
CN(C)CCC(Oc1cccc(Br)c1)c1ccc(OCCCN2CCCCC2)cc1,9.0
CN(C)CCC(Oc1ccc(Br)cc1)c1ccc(OCCCN2CCCCC2)cc1,8.769551078621726
CN(C)CCC(Oc1ccc(Cl)c(Cl)c1)c1ccc(OCCCN2CCCCC2)cc1,8.412663265492744
CN(C)CCC(Oc1cccc(Cl)c1)c1ccc(OCCCN2CCCCC2)cc1,9.045757490560677
CN(C)CCC(Oc1ccc(Cl)cc1)c1ccc(OCCCN2CCCCC2)cc1,8.769551078621726
CN(C)CCC(Oc1ccc(F)cc1)c1ccc(OCCCN2CCCCC2)cc1,9.0
COc1ccc(OC(CCN(C)C)c2ccc(OCCCN3CCCCC3)cc2)cc1,9.0
CSc1ccc(OC(CCN(C)C)c2ccc(OCCCN3CCCCC3)cc2)cc1,9.045757490560677
CN(C)CCC(Oc1ccccc1)c1ccc(C#CCCN2CCCCC2)cc1,8.886056647693163
CC(C)N1CCN(C(=O)c2ccc(C(CCN(C)C)Oc3ccccc3)cc2)CC1,9.096910013008056
CC(C)N1CCN(C(=O)c2ccc(C(CCN(C)C)Oc3ccc(C(F)(F)F)cc3)cc2)CC1,8.638272163982407
CC(C)N1CCC(Oc2ccc(C(CCN(C)C)Oc3ccccc3)cc2)CC1,9.096910013008056
c1cnn(-c2ccc([C@@H]3CN4CCC[C@@H]4c4cc(OCCCN5CCOCC5)ccc43)cc2)c1,8.275724130399212
c1ncc([C@@H]2CN3CCC[C@@H]3c3cc(OCCCN4CCOCC4)ccc32)s1,8.431798275933005
c1cc([C@@H]2CN3CCC[C@@H]3c3cc(OCCCN4CCOCC4)ccc32)cs1,8.522878745280337
c1cc([C@@H]2CN3CCC[C@@H]3c3cc(OCCCN4CCCCC4)ccc32)cs1,9.154901959985745
c1csc([C@@H]2CN3CCC[C@@H]3c3cc(OCCCN4CCOCC4)ccc32)c1,8.522878745280337
c1csc([C@@H]2CN3CCC[C@@H]3c3cc(OCCCN4CCCCC4)ccc32)c1,9.0
c1cnc([C@@H]2CN3CCC[C@@H]3c3cc(OCCCN4CCOCC4)ccc32)cn1,8.397940008672037
c1ccc([C@@H]2CN3CCC[C@@H]3c3cc(OCCCN4CCOCC4)ccc32)nc1,8.568636235841012
c1ccc([C@@H]2CN3CCC[C@@H]3c3cc(OCCCN4CCCCC4)ccc32)nc1,9.096910013008056
c1cc([C@@H]2CN3CCC[C@@H]3c3cc(OCCCN4CCCCC4)ccc32)ccn1,9.0
c1cn(-c2ccc([C@@H]3CN4CCC[C@@H]4c4cc(OCCCN5CCOCC5)ccc43)cc2)cn1,8.244125144327509
CC1CCCN1CCN1CCN(CCN2CCCCC2)C1=C(C#N)C#N,9.42021640338319
N#CC(C#N)=C1N(CCN2CCCCC2)CCN1CCN1CCCCC1,7.619788758288394
CCN(CCCN(C)C)CCN1CCN(Cc2cccc3ccccc23)C1=C(C#N)C#N,7.080921907623926
CNCc1cc(C(=O)N2CCCN(C3CC3)CC2)ccc1Oc1ccc(SC(F)(F)F)cc1,8.259637310505756
CNCc1cc(C(=O)N2CCCN(C3CC3)CC2)ccc1Oc1ccccc1OC(F)(F)F,8.67778070526608
CNCc1cc(C(=O)N2CCN(C(C)C)CC2)ccc1Oc1ccc(SC)cc1,8.657577319177793
CNCc1cc(C(=O)N2CCN(C3CC3)CC2)ccc1Oc1ccc(C(F)(F)F)cc1,7.431798275933005
CNCc1cc(C(=O)N2CCN(C3CC3)CC2)ccc1Oc1cccc(F)c1,7.823908740944319
CNCc1cc(C(=O)N2CCN(C3CC3)CC2)ccc1Oc1ccccc1,8.167491087293763
CNCc1cc(C(=O)N2CCN(C3CC3)CC2)ccc1Oc1cccc(Cl)c1,7.853871964321762
CNCc1cc(C(=O)N2CCN(C3CCCC3)CC2)ccc1Oc1ccc(Cl)cc1,8.468521082957745
CNCc1cc(C(=O)N2CCN(C3CCC3)CC2)ccc1Oc1ccc(Cl)cc1,8.619788758288394
CNCc1cc(C(=O)N2CCN(C3CC3)CC2)ccc1Oc1ccc(Cl)cc1,7.958607314841775
CNCc1cc(C(=O)N2CCN(C(C)C)CC2)ccc1Oc1ccc(Cl)cc1,8.958607314841775
CNCc1cc(C(=O)N2CCN(C3CCC3)CC2)ccc1Oc1ccc(Cl)c(Cl)c1,8.113509274827518
CNCc1cc(C(=O)N2CCN(C3CC3)CC2)ccc1Oc1ccc(Cl)c(Cl)c1,7.638272163982407
CNCc1cc(C(=O)N2CCN(C(C)C)CC2)ccc1Oc1ccc(Cl)c(Cl)c1,8.619788758288394
CNCc1cc(C(=O)N2CCN(C3CC3)CC2)ccc1Oc1ccc(SC)c(C)c1,7.67778070526608
CNCc1cc(C(=O)N2CCN(C(C)C)CC2)ccc1Oc1ccc(SC)c(C)c1,8.366531544420413
CNCc1cc(C(=O)N2CCN(C3CC3)CC2)ccc1Oc1ccc(SC)cc1,7.5376020021010435
CNCc1cc(C(=O)N2CCCN(C(C)C)CC2)ccc1Oc1cccc(Cl)c1,9.0
CNCc1cc(C(=O)N2CCCN(C(C)C)CC2)ccc1Oc1ccc(Cl)c(Cl)c1,8.920818753952375
CNCc1cc(C(=O)N2CCCN(C(C)C)CC2)ccc1Oc1ccc(SC)cc1,8.958607314841775
CNCc1cc(C(=O)N2CCCN(C3CC3)CC2)ccc1Oc1ccccc1C#N,9.0
CNCc1cc(C(=O)N2CCCN(C3CC3)CC2)ccc1Oc1ccc(F)c(Cl)c1,8.823908740944319
CNCc1cc(C(=O)N2CCCN(C3CC3)CC2)ccc1Oc1ccc(C(F)(F)F)cc1,8.698970004336019
CNCc1cc(C(=O)N2CCCN(C3CC3)CC2)ccc1Oc1ccccc1C(F)(F)F,8.698970004336019
CNCc1cc(C(=O)N2CCCN(C3CC3)CC2)ccc1Oc1cccc(F)c1,9.0
CNCc1cc(C(=O)N2CCCN(C3CC3)CC2)ccc1Oc1ccccc1F,9.0
CNCc1cc(C(=O)N2CCCN(C3CC3)CC2)ccc1Oc1ccccc1,9.096910013008056
CNCc1cc(C(=O)N2CCCN(C3CC3)CC2)ccc1Oc1cccc(Cl)c1,9.045757490560677
c1ccc2cc(CCN3CCCC3)ccc2c1,7.522878745280337
Cc1oc(-c2ccccc2)nc1CCN1CCCC1,7.585026652029182
COc1ccc2[nH]c(CCN3CCCC3)cc2c1,6.638272163982407
c1ccc2[nH]c(CCN3CCCC3)cc2c1,6.6595558851598815
COc1ccc(CCN2CCCC2)cc1,7.387216143280264
COc1cccc(CCN2CCCC2)c1,6.585026652029182
Cc1ccc(CCN2CCCC2)cc1,7.091514981121351
Cc1cc(C)c(CCN2CCCC2)c(C)c1,6.3979400086720375
Oc1ccccc1CCN1CCCC1,6.568636235841013
CCc1ccc(CCN2CCCC2)nc1,6.638272163982407
c1cc(CCN2CCCC2)ccn1,6.455931955649724
C[C@@H]1CCCN1CCc1cccnc1,6.522878745280337
C[C@H]1[C@H]2CC[C@H]3[C@@H]4CC=C5C[C@@H](N(C)C)CC[C@]5(C)[C@H]4CC[C@]23CN1C,8.275855257961169
CN1C[C@]23CC[C@H]4[C@@H](CC=C5C[C@@H](N(C)C)CC[C@@]54C)[C@@H]2CC[C@@H]3C1=O,6.265200170411153
CN[C@H]1CC[C@@]2(C)C(=CC[C@@H]3[C@@H]2CC[C@]24CN(C)C(=O)[C@H]2CC[C@@H]34)C1,7.420102130396896
CC(=O)N[C@@H](CC(C)C)C(=O)N(C)[C@H]1CC[C@@]2(C)C(=CC[C@@H]3[C@@H]2CC[C@]24CN(C)[C@@H](C)[C@H]2CC[C@@H]34)C1,8.790216985151485
C[C@H]1[C@H]2CC[C@H]3[C@@H]4CC=C5C[C@@H](N(C)S(=O)(=O)c6ccc(C#N)cc6)CC[C@]5(C)[C@H]4CC[C@]23CN1C,7.72067533455739
CCS(=O)(=O)N(C)[C@H]1CC[C@@]2(C)C(=CC[C@@H]3[C@@H]2CC[C@]24CN(C)[C@@H](C)[C@H]2CC[C@@H]34)C1,7.630413109263656
C[C@H]1[C@H]2CC[C@H]3[C@@H]4CC=C5C[C@@H](N(C)c6ccc(C#N)cc6)CC[C@]5(C)[C@H]4CC[C@]23CN1C,8.779891911959945
C[C@H]1[C@H]2CC[C@H]3[C@@H]4CC=C5C[C@@H](N(C)C(=O)Cc6cccs6)CC[C@]5(C)[C@H]4CC[C@]23CN1C,8.480106407782664
C[C@H]1[C@H]2CC[C@H]3[C@@H]4CC=C5C[C@@H](N(C)C(=O)c6ccncc6)CC[C@]5(C)[C@H]4CC[C@]23CN1C,7.790216985151485
C[C@H]1[C@H]2CC[C@H]3[C@@H]4CC=C5C[C@@H](N(C)C(=O)c6ccc(C#N)cc6)CC[C@]5(C)[C@H]4CC[C@]23CN1C,7.400062371744857
C[C@H]1[C@H]2CC[C@H]3[C@@H]4CC=C5C[C@@H](N(C)C(=O)c6ccccc6)CC[C@]5(C)[C@H]4CC[C@]23CN1C,7.910094888560602
C[C@H]1[C@H]2CC[C@H]3[C@@H]4CC=C5C[C@@H](N(C)C(=O)C6CC6)CC[C@]5(C)[C@H]4CC[C@]23CN1C,7.219826756357405
CC(=O)N(C)[C@H]1CC[C@@]2(C)C(=CC[C@@H]3[C@@H]2CC[C@]24CN(C)[C@@H](C)[C@H]2CC[C@@H]34)C1,6.959298788062642
c1cc(OCC2CN(C3CC3)CCO2)ccc1CN1CCOCC1,6.97469413473523
CN1CCOC(COc2ccc(CN3CCOCC3)cc2)C1,5.6777807052660805
CC(C)N1CCOC(COc2ccc(CN3CCOCC3)cc2)C1,7.309803919971486
c1cc(OCC2CN(C3CCC3)CCO2)ccc1CN1CCOCC1,7.744727494896693
c1cc(CN2CCOCC2)cc(OCC2CN(C3CCC3)CCO2)c1,7.431798275933005
CCOc1ccccc1OCC1CN(C(C)C)CCO1,5.045757490560675
CCOc1ccccc1OCC1CN(C2CCC2)CCO1,5.1487416512809245
CCOc1ccccc1OCC1CN(C2CCCC2)CCO1,5.275724130399211
c1cc(OCC2CN(C3CCCC3)CCO2)ccc1CN1CCCC1,8.657577319177793
CC1CC(C)CN(CCCOc2ccc(-n3c(-c4ccccn4)nc4cc(F)ccc43)cc2)C1,7.958607314841775
Fc1ccc2c(c1)nc(-c1ccccn1)n2-c1ccc(OCCCN2CCOCC2)cc1,8.468521082957745
Fc1ccc2c(c1)nc(-c1ccccn1)n2-c1ccc(OCCCN2CCC(Cc3ccccc3)CC2)cc1,8.698970004336019
CN1CCN(CCCOc2ccc(-n3c(-c4ccccn4)nc4cc(F)ccc43)cc2)CC1,7.886056647693163
CC(C)[C@@H]1CCN(CCCOc2ccc(-n3c(-c4ccccn4)nc4cc(F)ccc43)cc2)C1,8.318758762624412
Fc1ccc2c(c1)nc(-c1ccccn1)n2-c1ccc(OCCCN2CCSC2)cc1,7.698970004336019
Fc1ccc2c(c1)nc(-c1ccccn1)n2-c1ccc(OCCCN2CCCCCC2)cc1,8.275724130399212
CN1CCCN(CCCOc2ccc(-n3c(-c4ccccn4)nc4cc(F)ccc43)cc2)CC1,8.443697499232712
OC1CCN(CCCOc2ccc(-n3c(-c4ccccn4)nc4cc(F)ccc43)cc2)CC1,8.744727494896694
NC(=O)C1CCN(CCCOc2ccc(-n3c(-c4ccccn4)nc4cc(F)ccc43)cc2)CC1,7.698970004336019
CNCCCOc1ccc(-n2c(-c3ccccn3)nc3cc(F)ccc32)cc1,6.995678626217358
Fc1ccc2c(c1)[nH]c(=S)n2-c1ccc(OCCCN2CCCCC2)cc1,8.096910013008056
CCSC1Nc2cc(F)ccc2N1c1ccc(OCCCN2CCCCC2)cc1,8.585026652029182
CCOC1Nc2cc(F)ccc2N1c1ccc(OCCCN2CCCCC2)cc1,7.823908740944319
CC1(C)COC(c2cccc(Cc3c[nH]cn3)c2)=N1,8.400007822415901
Nc1ccc(Cc2c[nH]cn2)cc1,6.589999287456538
CC(C)(C)C#Cc1ccc(Cc2c[nH]cn2)cc1,6.270001452716577
N#Cc1ccc(Cc2c[nH]cn2)cc1,6.090000275786018
CC1(C)COC(c2ccc(Cc3c[nH]cn3)cc2)=N1,5.59999938302362
CCCC#Cc1cccc(Cc2c[nH]cn2)c1,8.500038134403809
C(#Cc1cccc2ccccc12)c1cccc(Cc2c[nH]cn2)c1,5.760000207113128
C(#Cc1cccc(Cc2c[nH]cn2)c1)c1ccccc1,8.739928612014925
c1ccc(-c2cccc(Cc3c[nH]cn3)c2)nc1,7.389978975335855
c1ccc(-c2cccc(Cc3c[nH]cn3)c2)cc1,7.4800408192479315
N#Cc1cccc(Cc2c[nH]cn2)c1,6.810004660035681
c1ccc(C[C@@H]2COC(c3cccc(Cc4c[nH]cn4)c3)=N2)cc1,7.0499760934766735
c1cc(Cc2c[nH]cn2)cc(C2=NC(CC3CCCCC3)CO2)c1,6.149997413907539
c1cc(Cc2c[nH]cn2)cc(C2=NCC3(CCCCC3)O2)c1,7.250031916490597
CC1CC(C)(C)N=C(c2cccc(Cc3c[nH]cn3)c2)O1,8.899974269892137
CNC(=O)C(CCN1CCC(O)(c2ccc(Cl)cc2)CC1)(c1ccccc1)c1ccccc1,8.031517051446064
N#Cc1ccc(-c2cc(N3CCNCC3)nc(N)n2)cc1,6.030002001401658
Clc1ccc(CCCOCCCN2CCCCC2)cc1,8.284874483712526
FC1CCN(Cc2ccc(OCCCN3CCCC3)cc2)CC1,9.585026652029182
FC1CCN(CCCOc2ccc(CN3CCCC3)cc2)CC1,9.00436480540245
BrC1CCN(Cc2ccc(OCCCN3CCCCC3)cc2)CC1,9.69897000433602
CS(=O)(=O)OC1CCN(Cc2ccc(OCCCN3CCCCC3)cc2)CC1,9.075720713938118
COc1cccc(OCCOCCCN2CCCCCC2)c1,7.207608310501746
COc1c(OCCF)cccc1C(=O)C1CCN(CCc2ccc(C)cc2)CC1,5.044167989767578
C1=C(c2ccc(CCN3CCCC3)cc2)[C@@H]2CN(CC3CC3)C[C@@H]2C1,9.022276394711152
Cc1nc2cccc(F)c2c(=O)n1-c1ccc(OC2CCN(C3CCC3)CC2)cc1,8.167491087293763
Cc1nc2cccc(C(F)(F)F)c2c(=O)n1-c1ccc(OC2CCN(C3CCC3)CC2)cc1,8.443697499232712
CCCN(CCC)Cc1ccc(-c2ccc(CN(CCC)CCC)cc2)cc1,8.029978734171634
CN(Cc1ccc(-c2ccc(CN3CCCCC3)cc2)cc1)C1CCCCC1,8.560036064079094
CC1CC(C)CN(Cc2ccc(-c3ccc(CN4CCCCC4)cc3)cc2)C1,9.059981844992336
c1cc(-c2ccc(CN3CCOCC3)cc2)ccc1CN1CCCCC1,7.709965388637482
N#Cc1ccc(OCc2ccc(-c3ccc(CN4CCCCC4)cc3)cc2)cc1,7.119987161633229
CN(C)Cc1ccc(-c2ccc(CN3CCCCC3)cc2)cc1,8.659952682338607
CCN(CC)Cc1ccc(-c2ccc(CN3CCCCC3)cc2)cc1,8.709965388637482
CC1CCN(Cc2ccc(-c3ccc(CN4CCCCC4)cc3)cc2)CC1,8.61996975203217
CN(C)CCc1ccc(-c2ccc(CCN(C)C)cc2)cc1,8.289967300934247
CC1CCN(CCc2ccc(-c3ccc(CCN4CCC(C)CC4)cc3)cc2)CC1,7.779891911959945
CCCN(CCC)Cc1ccc(-c2ccc(CC(=O)N3CCCCC3)cc2)cc1,6.599997654072044
CCCN(CCC)C(=O)Cc1ccc(-c2ccc(CN3CCCCC3)cc2)cc1,8.070019409484486
CCCN(CCC)Cc1ccc(-c2ccc(CCN3CCCCC3)cc2)cc1,8.410050398674292
c1cc(Sc2ccc([C@H]3CC[C@H]4CCCCN43)cc2)ccn1,7.920818753952375
CN(C)CCCSc1ncc(C(=O)c2ccc(Cl)cc2)n1C,8.301029995663981
CN(C)CCCSc1ncc(/C(=N\O)c2ccc(Cl)cc2)n1C,8.698970004336019
CN(C)CCCSc1ncc(C(O)c2ccc(Cl)cc2)n1C,7.744727494896693
CN(C)CCCSc1ncc(Cc2ccc(Cl)cc2)n1C,7.698970004336019
CC(C)N1CCC(Sc2ncc(C(=O)c3ccc(Cl)cc3)n2C)CC1,8.698970004336019
Cn1c(C(=O)c2ccc(Cl)cc2)cnc1OCCCN1CCCCC1,7.853871964321762
Cn1c(C(=O)c2ccc(Cl)cc2)cnc1NCCCN1CCCCC1,7.301029995663981
Cn1c(C(=O)c2ccc(Cl)cc2)cnc1CCCCN1CCCCC1,7.619788758288394
CC(C)N1CCC(Oc2ncc(C(=O)c3ccc(Cl)cc3)n2C)CC1,8.0
CC(C)N1CCC(COc2ncc(C(=O)c3ccc(Cl)cc3)n2C)CC1,8.522878745280337
CC(C)N1CCC(CCOc2ncc(C(=O)c3ccc(Cl)cc3)n2C)CC1,7.154901959985743
CC(C)N1CCC(COc2ncc(C(=O)c3ccccc3)n2C)CC1,9.0
CC(C)N1CCC(COc2ncc(C(=O)c3cc(Cl)cc(Cl)c3)n2C)CC1,8.397940008672037
CC(C)N1CCC(COc2ncc(C(=O)c3ccc(Br)cc3)n2C)CC1,8.522878745280337
CC(C)N1CCC(COc2ncc(C(=O)c3ccc([N+](=O)[O-])cc3)n2C)CC1,8.397940008672037
CC(C)N1CCC(COc2ncc(C(=O)c3ccc(F)cc3)n2C)CC1,8.522878745280337
CC(C)c1ccc(C(=O)c2cnc(OCC3CCN(C(C)C)CC3)n2C)cc1,8.045757490560675
CC(C)N1CCC(Oc2ccc3cc(C(=O)NC4CCCCC4)ccc3c2)CC1,7.060480747381382
CC(C)N1CCC(Oc2ccc3cc(C(=O)N4CCCC4)ccc3c2)CC1,7.244125144327507
O=C(c1ccc2cc(OCCCN3CCCCC3)ccc2c1)N1CCCC1,8.397940008672037
CCCC1CCN(CCCOCCCc2ccccc2)CC1,6.603800652904264
c1ccc(CCCOCCCN2CCC3CCCCC3C2)cc1,6.405607449624573
Clc1cccc(OCCN2CCC(N3CCCCC3)CC2)c1,6.628932137728263
COc1cccc(OCCN2CCC(N3CCCCC3)CC2)c1,6.87942606879415
Clc1ccc(OCCN2CCC(N3CCCCC3)CC2)cc1,6.7544873321858505
Clc1ccc(OCCCN2CCC(N3CCCCC3)CC2)cc1,6.782516055786093
CC(C)(C)c1ccc(OCCCN2CCC(N3CCCCC3)CC2)cc1,7.0
CN(CCC=C1c2ccccc2CCc2ccccc21)C(=O)Cc1ccc(OCCCN2CCCCC2)cc1,8.309803919971486
CN(CCC=C1c2ccccc2CCc2ccccc21)C(=O)c1ccc(OCCCN2CCCCC2)cc1,8.455931955649724
CN(CCCC12CCC(c3ccccc31)c1ccccc12)Cc1ccc(OCCCN2CCCCC2)cc1,9.446116973356126
CN(CC/C=C1\c2ccccc2Sc2ccc(Cl)cc21)Cc1ccc(OCCCN2CCCCC2)cc1,8.812479279163536
Clc1ccc2c(c1)N=C(N1CCN(Cc3ccc(OCCCN4CCCCC4)cc3)CC1)c1ccccc1N2,8.485452247339714
CNC(=O)c1ccc(Oc2ccc3c(c2)CCN(C2CCC2)CC3)nc1,9.741402621211442
O=C(c1cc2cc(OCCCN3CCCCC3)ccc2[nH]1)N1CCOCC1,7.1487416512809245
CC(C)(C)N1CCC(Oc2ccc3[nH]c(C(=O)N4CCOCC4)cc3c2)CC1,8.397940008672037
CC(C)N1CCC(Oc2ccc3[nH]c(C(=O)N4CCOCC4)cc3c2)CC1,8.301029995663981
CC(C)N1CCC(Oc2ccc3[nH]c(C(=O)N4CCCCCC4)cc3c2)CC1,8.221848749616356
CC(C)N1CCC(Oc2ccc3[nH]c(C(=O)N4CCC(O)C4)cc3c2)CC1,8.096910013008056
CC(C)N1CCC(Oc2ccc3cc(C(=O)N4CCOCC4)[nH]c3c2)CC1,7.481486060122112
CC(C)N1CCC(Oc2ccc3c(c2)cc(C(=O)N2CCC(F)(F)CC2)n3CC(F)(F)F)CC1,8.522878745280337
CC(C)N1CCC(Oc2ccc3c(c2)cc(C(=O)N2CCC(F)(F)CC2)n3C(C)C)CC1,8.346787486224656
CC(=O)n1c(C(=O)N2CCC(F)(F)CC2)cc2cc(OC3CCN(C(C)C)CC3)ccc21,7.886056647693163
CC(C)N1CCC(Oc2ccc3c(c2)cc(C(=O)N2CCC(F)(F)CC2)n3S(C)(=O)=O)CC1,8.522878745280337
CC(C)N1CCC(Oc2ccc3c(c2)cc(C(=O)N2CCC(F)(F)CC2)n3S(=O)(=O)c2ccc(F)cc2)CC1,8.698970004336019
CC(C)N1CCC(Oc2ccc3c(c2)cc(C(=O)N2CCC(F)(F)CC2)n3-c2ccc(Cl)c(Cl)c2)CC1,9.0
O=C(c1cc2cc(OC3CCN(C4CCC4)CC3)ccc2n1CC(F)(F)F)N1CCOCC1,9.0
O=C(c1cc2cc(OC3CCN(C4COC4)CC3)ccc2n1CC(F)(F)F)N1CCOCC1,7.638272163982407
O=C(c1cc2cc(OC3CCN(C4CC4)CC3)ccc2n1CC(F)(F)F)N1CCOCC1,8.698970004336019
CCOC(=O)c1cc2cc(C(=O)O)ccc2[nH]1,8.698970004336019
O=C(c1ccc2c(c1)cc(C(=O)N1CCOCC1)n2CC(F)(F)F)N1CCN(C2CCC2)CC1,8.154901959985743
Cc1[nH]c2ccc(OC3CCN(C(C)C)CC3)cc2c1C(=O)N1CCOCC1,7.0655015487564325
CN1C[C@H]2CC[C@@H]3c4ccc(-c5ccc(C#N)cc5)cc4CC[C@]23C1,7.839381427600526
N#Cc1ccc(-c2ccc(N3CC[C@@H]4CNC[C@@H]43)cc2)cc1,6.4897298618494
CCN1C[C@H]2CCN(c3ccc(-c4ccc(C#N)cc4)cc3)[C@H]2C1,8.179897105665573
CC(C)N1C[C@H]2CCN(c3ccc(-c4ccc(C#N)cc4)cc3)[C@H]2C1,7.369775589247568
CC(C)CN1C[C@H]2CCN(c3ccc(-c4ccc(C#N)cc4)cc3)[C@H]2C1,6.640079184333699
CCCCN1C[C@H]2CCN(c3ccc(-c4ccc(C#N)cc4)cc3)[C@H]2C1,6.259818962546263
CN1C[C@@H]2CN(c3ccc(-c4ccc(C#N)cc4)cc3)C[C@@H]21,7.050049188567632
CN1C[C@H]2CCN(c3cccc(-c4ccccc4)c3)[C@H]2C1,6.29036545259428
CN1C[C@H]2CCN(c3ccc(Cc4ccccc4)cc3)[C@H]2C1,7.580044251510242
CN1C[C@H]2CCN(c3ccc(Oc4ccccc4)cc3)[C@H]2C1,7.600153287287077
CN1C[C@H]2CCN(c3ccc(-c4ccc(F)cc4)cc3)[C@H]2C1,7.970210529168145
CN1C[C@H]2CCN(c3ccc(-c4ccc(Br)cc4)cc3)[C@H]2C1,7.910094888560602
COc1ccc(-c2ccc(N3CC[C@@H]4CN(C)C[C@@H]43)cc2)cc1,8.820448208834812
CN1C[C@H]2CCN(c3ccc4cc(Br)ccc4c3)[C@H]2C1,6.739964406991269
CN1C[C@H]2CCN(c3ccc4cc(-c5ccc(C#N)cc5)ccc4c3)[C@H]2C1,8.381481236695134
CN1C[C@H]2CCN(c3ccc4cc(-c5ccc(F)cc5)ccc4c3)[C@H]2C1,7.690156995283929
CN(C)CCCOc1ccc(CCNC(=O)c2cc(Br)c[nH]2)cc1Br,5.982966660701219
O=C(NCCc1ccc(OCCN2CCCC2)c(Br)c1)c1cc(Br)c[nH]1,6.721246399047171
O=C(NCCc1ccc(OCCN2CCOCC2)c(Br)c1)c1cc(Br)c[nH]1,4.889410289700751
CN1CCCC(COc2ccc(CCNC(=O)c3cc(Br)c[nH]3)cc2Br)C1,5.876148359032914
CN(C)CCCOc1ccc(CCNC(=O)c2ccc[nH]2)cc1Br,5.866461091629782
CN(C)CCOc1ccc(CCNC(=O)c2ccc[nH]2)cc1Br,5.809668301829708
CN1CCCC(COc2ccc(CCNC(=O)c3ccc[nH]3)cc2Br)C1,5.818156412055227
Cn1cccc1C(=O)NCCc1ccc(OCCN2CCCC2)c(Br)c1,6.886056647693163
Cn1cccc1C(=O)NCCc1ccc(OCCN2CCOCC2)c(Br)c1,4.7544873321858505
CN1CCCC(COc2ccc(CCNC(=O)c3cccn3C)cc2Br)C1,5.782516055786093
CN(C)CCCOc1ccc(CCNC(=O)c2cc(Br)cs2)cc1Br,5.79317412396815
O=C(NCCc1ccc(OCCN2CCOCC2)c(Br)c1)c1cc(Br)cs1,4.8696662315049934
CN(C)CCCOc1ccc(CCNC(=O)c2ccc(Br)o2)cc1Br,5.640164517660112
O=C(NCCc1ccc(OCCN2CCOCC2)c(Br)c1)c1ccc(Br)o1,4.488116639021126
O=C(NCCc1ccc(OCCN2CCCC2)c(Br)c1)c1cccc(C(F)(F)F)n1,6.568636235841013
O=C(NCCc1ccc(OCCN2CCCC2)c(Br)c1)c1cnco1,7.522878745280337
O=C(NCCc1ccc(OCCN2CCCC2)c(Br)c1)c1nnc[nH]1,6.366531544420414
O=C(NCCc1ccc(OCCN2CCCC2)c(Br)c1)c1cccc(Cl)c1,6.6020599913279625
O=C(NCCc1ccc(OCCN2CCCC2)c(Br)c1)c1cccc(Br)c1,6.6777807052660805
N=C(NCCCc1c[nH]cn1)NCc1ccccc1,7.100015437450609
N=C(NCCc1ccc(Br)cc1)SCCCc1c[nH]cn1,8.100015437450608
N=C(N)SCCc1c[nH]cn1,8.977090720535788
Cn1c(-c2ccc(OCCCN3CCCC3)cc2)nc2ccccc2c1=O,8.655725650327534
CCNS(=O)(=O)c1ccc(-c2ccc(CCN3CCC[C@H]3C)cc2)cc1,8.344509404224208
C[C@@H]1CCCN1CCc1ccc(-c2ccc(S(=O)(=O)NC3CCOCC3)cc2)cc1,8.495529137505581
C[C@@H]1CCCN1CCc1ccc(-c2ccc(S(=O)(=O)N3CCOCC3)cc2)cc1,8.730098077268035
CC(C)CN1CCC(Oc2ccc3cc(C(=O)N4CCC(C)CC4)ccc3c2)CC1,7.443697499232712
CC1CCN(C(=O)c2ccc3cc(OC4CCN(C(C)C)C4)ccc3c2)CC1,6.6307841425898575
CC1CCN(C(=O)c2ccc3cc(OC4CCN(C(C)C)CC4)ccc3c2)CC1,7.468521082957745
COC1CCN(C(=O)c2ccc3cc(OCCCN4CCCCC4)ccc3c2)CC1,7.522878745280337
CC(C)N1CCC(Oc2ccc3cc(C(=O)N4CCCC4C)ccc3c2)CC1,7.823908740944319
CC(C)N1CCC(Oc2ccc3cc(C(=O)N4CCC(CO)CC4)ccc3c2)CC1,6.812479279163537
COC1CCN(C(=O)c2ccc3cc(OC4CCN(C(C)C)CC4)ccc3c2)CC1,7.207608310501746
CC(C)N1[C@H]2CCC(Oc3ccc4nc(C(=O)N5CCOCC5)ccc4c3)C[C@@H]1C2,7.522878745280337
C(#Cc1ccccc1)CCN1CCCCC1,7.250031916490597
C(#Cc1ccccc1N1CCCCC1)CCN1CCCCC1,7.079981083971085
NC(=O)C1CCN(Cc2cccc(C#CCCN3CCCCC3)c2)CC1,9.260032303240491
CN1CCN(Cc2cccc(C#CCCN3CCCCC3)c2)CC1,9.14002155835798
C(#Cc1cccc(CN2CCCCC2)c1)CCN1CCCCC1,9.110026361596004
OC1CCN(Cc2ccc(C#CCCN3CCCCC3)cc2)CC1,9.049976093476673
NC(=O)C1CCN(Cc2ccc(C#CCCN3CCCCC3)cc2)CC1,9.119987161633228
C(#Cc1ccc(CN2CCC(Cc3ccccc3)CC2)cc1)CCN1CCCCC1,8.460046158343603
CN1CCN(Cc2ccc(C#CCCN3CCCCC3)cc2)CC1,9.0100165416986
C(#Cc1ccc(CN2CCOCC2)cc1)CCN1CCCCC1,8.759950227887352
CN(C)Cc1ccc(C#CCCN2CCCCC2)cc1,9.040005161671584
C(#Cc1ccc(CN2CCCCC2)cc1)CCN1CCSCC1,8.419987887470576
CCN(CC)CCC#Cc1ccc(CN2CCCCC2)cc1,8.869988050328097
c1cnc2nc(N3CCC(N4CCCCC4)CC3)sc2c1,6.856985199745905
Nc1cnc2nc(N3CCC(N4CCCCC4)CC3)sc2c1,7.102372908709558
c1cc2sc(N3CCC(N4CCCCC4)CC3)nc2cn1,6.892790030352131
Nc1cc2sc(N3CCC(N4CCCCC4)CC3)nc2cn1,7.136677139879544
N#Cc1cc2sc(N3CCC(N4CCCCC4)CC3)nc2cn1,7.455931955649724
CC(=O)Nc1cc2sc(N3CCC(N4CCCCC4)CC3)nc2cn1,7.275724130399211
N#Cc1ccc(-c2cnc3nc(N4CCC(N5CCCCC5)CC4)sc3c2)cc1,7.552841968657781
COc1cccc(-c2cnc3nc(N4CCC(N5CCCCC5)CC4)sc3c2)c1,6.853871964321762
N#Cc1ccc(-c2cc3sc(N4CCC(N5CCCCC5)CC4)nc3cn2)cc1,6.899629454882437
N#Cc1cc(-c2cc3sc(N4CCC(N5CCCCC5)CC4)nc3cn2)ccc1F,7.337242168318426
CC(=O)c1cccc(-c2cc3sc(N4CCC(N5CCCCC5)CC4)nc3cn2)c1,7.096910013008056
COc1cccc(-c2cc3sc(N4CCC(N5CCCCC5)CC4)nc3cn2)c1,6.638272163982407
Oc1ccc(-c2cc3sc(N4CCC(N5CCCCC5)CC4)nc3cn2)cc1,6.671620396561262
Fc1cc(-c2cnc3nc(N4CCC(N5CCCCC5)CC4)sc3c2)ccn1,7.886056647693163
Fc1ncccc1-c1cnc2nc(N3CCC(N4CCCCC4)CC3)sc2c1,7.376750709602099
N#Cc1cncc(-c2cnc3nc(N4CCC(N5CCCCC5)CC4)sc3c2)c1,7.795880017344075
COc1ccc(-c2cnc3nc(N4CCC(N5CCCCC5)CC4)sc3c2)cn1,7.455931955649724
COc1cc(-c2cnc3nc(N4CCC(N5CCCCC5)CC4)sc3c2)ccn1,8.397940008672037
CC(=O)Nc1ccc(-c2cnc3nc(N4CCC(N5CCCCC5)CC4)sc3c2)cn1,8.0
Nc1cnc(-c2cnc3nc(N4CCC(N5CCCCC5)CC4)sc3c2)cn1,7.180456064458132
Fc1cc(-c2cc3sc(N4CCC(N5CCCCC5)CC4)nc3cn2)ccn1,7.356547323513812
Fc1ncccc1-c1cc2sc(N3CCC(N4CCCCC4)CC3)nc2cn1,7.698970004336019
N#Cc1cncc(-c2cc3sc(N4CCC(N5CCCCC5)CC4)nc3cn2)c1,7.657577319177793
COc1ccc(-c2cc3sc(N4CCC(N5CCCCC5)CC4)nc3cn2)cn1,7.031517051446065
Oc1ccc(-c2cc3sc(N4CCC(N5CCCCC5)CC4)nc3cn2)cn1,8.096910013008056
CC(=O)Nc1ccc(-c2cc3sc(N4CCC(N5CCCCC5)CC4)nc3cn2)cn1,7.568636235841013
c1ncc(-c2cc3sc(N4CCC(N5CCCCC5)CC4)nc3cn2)cn1,7.602059991327962
O=C(c1ccc(Cn2c(-c3ccccc3)nc3ccccc32)cc1)N1CCC(N2CCCC2)C1,8.0
CN(CCO)C1CCN(C(=O)c2ccc(Cn3c(-c4ccccc4)nc4ccccc43)cc2)C1,5.920818753952375
CN(C)C1CCN(C(=O)c2ccc(Cn3c(-c4ccccn4)nc4ccccc43)cc2)C1,6.628932137728263
CN(C)C1CCN(C(=O)c2ccc(Cn3cnc4ccccc43)cc2)C1,6.4089353929735005
Cc1nc2ccccc2n1Cc1ccc(C(=O)N2CCC(N(C)C)C2)cc1,7.769551078621726
O=C(c1cccc(Cn2cnc3ccccc32)c1)N1CCC(N2CCCC2)C1,6.3979400086720375
O=C(c1ccccc1Cn1cnc2ccccc21)N1CCC(N2CCCC2)C1,5.3979400086720375
O=C(c1ccc(Cn2ccc3ccccc32)cc1)N1CC[C@H](N2CCCC2)C1,7.823908740944319
O=C(c1ccc(Cn2ccc3cccc(Cl)c32)cc1)N1CC[C@H](N2CCCC2)C1,8.602059991327963
O=C(c1ccc(Cn2ccc3ccc(Cl)cc32)cc1)N1CC[C@H](N2CCCC2)C1,6.823908740944319
O=C(c1ccc(Cn2ccc3cc(Cl)ccc32)cc1)N1CC[C@H](N2CCCC2)C1,6.886056647693163
NCC[C@@H]1C[C@@H]1c1c[nH]cn1,8.886056647693163
Nc1nc2c(c(N3CCNCC3)n1)CCCCC2c1ccccc1,5.650000220873455
CN[C@@H]1CCN(c2nc(N)nc3c2CCCC(c2ccccc2)C3)C1,6.650004100737144
CN[C@@H]1CCN(c2nc(N)nc3c2CCCC32CCCC2)C1,6.980011840408714
CNC1CN(c2nc(N)nc3c2CCCC32CCCC2)C1,7.199970640755866
O=C(O)c1cn(C2CC2)c2cc(N3CCN(Cc4ccc(OCCCN5CCCCC5)cc4)CC3)c(F)cc2c1=O,8.700057099977233
c1cc(C2=NCCN2)ccc1OCCCN1CCCCC1,8.100015437450608
O=C1NC(=S)S/C1=C\c1ccc(OCCCN2CCCCC2)cc1,8.299988937677888
O=C1NC(=O)C(Cc2ccc(OCCCN3CCCCC3)cc2)S1,7.299988937677887
CC[C@H](C)CNC(=O)OCCCc1c[nH]cn1,8.327902142064282
CCCC(C)CNC(=O)OCCCc1c[nH]cn1,8.080921907623926
CC(C)CCCNC(=O)OCCCc1c[nH]cn1,7.886056647693163
CC(C)CCCC(C)NC(=O)OCCCc1c[nH]cn1,7.1249387366083
CCCCC(CC)CNC(=O)OCCCc1c[nH]cn1,7.431798275933005
O=C(NCc1cc(Cl)cc(Cl)c1)N(c1ccc(Br)cc1)C1CCN(C2CCCC2)CC1,7.443697499232712
O=C(NCc1ccc(Cl)c(Cl)c1)N(c1ccc(Br)cc1)C1CCN(C2CCCC2)CC1,6.718966632752273
O=C(NCc1ccccc1)N(c1ccc(Br)cc1)C1CCN(C2CCCC2)CC1,8.0
O=C(NCc1ccc(F)cc1)N(c1ccc(Br)cc1)C1CCN(C2CCCC2)CC1,8.154901959985743
CCN1CCC(N(C(=O)NCc2ccc(Cl)c(Cl)c2)c2ccc(Br)cc2)CC1,7.638272163982407
CCN1CCC(N(C(=O)NCc2ccc(F)cc2)c2ccc(F)cc2)CC1,6.349692476868063
CCN1CCC(N(C(=O)NCc2ccc(F)cc2)c2ccc(CO)cc2)CC1,6.251811972993799
O=C(NCc1ccc(F)cc1)N(c1ccc(Cl)cc1)C1CCN(CCO)CC1,7.0655015487564325
O=C(NCc1ccc(F)cc1)N(c1ccc(Cl)cc1)C1CCN(Cc2ccncc2)CC1,7.795880017344075
O=C(NCc1ccc(F)cc1)N(c1ccc(Cl)cc1)C1CCN(Cc2ccnnc2)CC1,7.309803919971486
O=C(NCc1ccccc1)N(c1ccc(Br)cc1)C1CCN(Cc2ccncc2)CC1,8.698970004336019
O=C(NCc1ccccc1)N(c1ccc(Br)cc1)C1CCN(Cc2ccnnc2)CC1,8.0
Cc1ccccc1O[C@@H]1CN[C@@H](C(=O)N2CCCN(C3CCC3)CC2)C1,8.55284196865778
Cc1ccc(O[C@@H]2CN[C@@H](C(=O)N3CCCN(C4CCC4)CC3)C2)cc1,8.327902142064282
COc1cccc(O[C@@H]2CN[C@@H](C(=O)N3CCCN(C4CCC4)CC3)C2)c1,8.301029995663981
O=C([C@H]1C[C@H](Oc2ccc(C(F)(F)F)cc2)CN1)N1CCCN(C2CCC2)CC1,8.387216143280265
N#Cc1ccc(O[C@@H]2CN[C@@H](C(=O)N3CCCN(C4CC4)CC3)C2)cc1,7.638272163982407
O=C([C@H]1C[C@H](Oc2ccc(F)cc2)CN1C1CCC1)N1CCCN(C2CCC2)CC1,7.769551078621726
CS(=O)(=O)N1C[C@@H](Oc2ccc(F)cc2)C[C@@H]1C(=O)N1CCCN(C2CCC2)CC1,8.920818753952375
CC(=O)N1C[C@@H](Oc2cccc(F)c2)C[C@@H]1C(=O)N1CCCNCC1,5.705533773838407
CC(=O)N1C[C@@H](Oc2cccc(F)c2)C[C@@H]1C(=O)N1CCCN(C(C)C)CC1,7.292429823902063
CC(=O)N1C[C@@H](Oc2cccc(F)c2)C[C@@H]1C(=O)N1CCCN(C2CCCC2)CC1,8.657577319177793
CC(=O)N1C[C@@H](Oc2cccc(F)c2)C[C@@H]1C(=O)N1CCCN(C2CCCCO2)CC1,7.161150909262744
CSc1ccc(O[C@H]2C[C@@H](C(=O)N3CCCN(C4CCC4)CC3)N(C(C)=O)C2)cc1,7.301029995663981
O=C([C@H]1C[C@H](Oc2ccsc2)CN1)N1CCCN(C2CCC2)CC1,8.275724130399212
O=C([C@H]1C[C@H](Oc2ccccn2)CN1)N1CCCN(C2CCC2)CC1,8.337242168318426
CC(=O)N1C[C@@H](Oc2cccs2)C[C@@H]1C(=O)N1CCCN(C2CCC2)CC1,8.431798275933005
CC(=O)N1C[C@@H](Oc2ccsc2)C[C@@H]1C(=O)N1CCCN(C2CCC2)CC1,8.568636235841012
CC(=O)N1C[C@@H](Oc2ccccn2)C[C@@H]1C(=O)N1CCCN(C2CCC2)CC1,8.267606240177031
CC(=O)N1C[C@@H](Oc2cccnc2)C[C@@H]1C(=O)N1CCCN(C2CCC2)CC1,8.221848749616356
O=C(N1CCCN(C2CCC2)CC1)[C@@]1(Cc2ccc(F)cc2)CCCN1,7.795880017344075
O=C(N1CCCN(C2CCC2)CC1)[C@@]1(Cc2cccc(F)c2)CCCN1,7.356547323513812
O=C([C@H]1C[C@H](Cc2ccccc2)CN1)N1CCCN(C2CCC2)CC1,6.585026652029182
COc1ccc(SCCc2c[nH]cn2)cc1,7.619788758288394
FC(F)(F)c1ccc(SCCc2c[nH]cn2)cc1,8.958607314841775
CC(C)(C)c1ccc(SCCc2c[nH]cn2)cc1,9.366531544420411
Cc1ccc(NCCc2c[nH]cn2)cc1,7.853871964321762
c1ccc(NCCc2c[nH]cn2)cc1,7.251811972993799
c1nc(CCNC2CCCCC2)c[nH]1,5.795880017344075
C[C@@H]1CCCN1CCc1ccc2ncccc2c1,8.130768280269024
C[C@@H]1CCCN1CCc1ccc2nc(C(C)(C)C)ccc2c1,7.958607314841775
Cc1nc(C)c(-c2ccc3cc(CCN4CCC[C@H]4C)ccc3n2)s1,9.709965388637482
C[C@@H]1CCCN1CCc1ccc2nc(-c3cccnc3)ccc2c1,9.978810700930062
C[C@@H]1CCCN1CCc1ccc2nc(-c3ccncc3)ccc2c1,9.657577319177792
C[C@@H]1CCCN1CCc1ccc2nc(-c3ccc(Cl)nc3)ccc2c1,9.602059991327964
Cc1ccc(-c2ccc3cc(CCN4CCC[C@H]4C)ccc3n2)c(C)n1,9.443697499232712
C[C@@H]1CCCN1CCc1ccc2nc(-c3cnccn3)ccc2c1,9.958607314841776
C[C@@H]1CCCN1CCc1ccc2nc(-c3csc(-c4cc(Cl)nc(Cl)c4)n3)ccc2c1,7.552841968657781
C[C@@H]1CCCN1CCc1ccc2nc(-c3csc(-c4ccc(OCC(F)(F)F)nc4)n3)ccc2c1,7.602059991327962
Cc1ccc(-c2ccc(-c3ccc4cc(CCN5CCC[C@H]5C)ccc4n3)s2)s1,7.67778070526608
Cc1c(-c2ccc3cc(CCN4CCC[C@H]4C)ccc3n2)cnn1-c1ccc(Cl)c(Cl)c1,9.130768280269024
Cc1c(-c2ccc3cc(CCN4CCC[C@H]4C)ccc3n2)cnn1-c1ccc(N(C)C)nn1,9.709965388637482
Cc1nc(C)c(-c2ccc3cc(CCN4CCC[C@H]4C)ccc3n2)o1,9.2518119729938
C[C@@H]1CCCN1CCc1ccc2nc(-c3ccn[nH]3)ccc2c1,8.494850021680094
Cc1n[nH]cc1-c1ccc2cc(CCN3CCC[C@H]3C)ccc2n1,9.69897000433602
Cc1n[nH]c(C)c1-c1ccc2cc(CCN3CCC[C@H]3C)ccc2n1,9.015472686656208
C[C@@H]1CCCN1CCc1ccc2nc(-c3cncnc3)ccc2c1,9.709965388637482
COc1ncc(-c2ccc3cc(CCN4CCC[C@H]4C)ccc3n2)cn1,9.667561540084394
Cc1cc(-c2ccc3cc(CCN4CCC[C@H]4C)ccc3n2)nc(-c2ccccc2)n1,8.769551078621726
CC1CCN(c2ccc3cc(CCN4CCC[C@H]4C)ccc3n2)CC1,10.30102999566398
C[C@@H]1CCCN1CCc1ccc2nc(-c3ccc(-n4ccc(=O)cc4)cc3)ccc2c1,9.958607314841776
C[C@@H]1CCCN1CCc1ccc2nc(-c3cnc(-c4ccccc4)s3)ccc2c1,8.958607314841775
Cc1nc(-c2cccs2)sc1-c1ccc2cc(CCN3CCC[C@H]3C)ccc2n1,9.010995384301465
Cc1nc(-c2cnccn2)sc1-c1ccc2cc(CCN3CCC[C@H]3C)ccc2n1,9.455931955649724
Cc1nc(N2CCOCC2)sc1-c1ccc2cc(CCN3CCC[C@H]3C)ccc2n1,9.2518119729938
Cc1nc(-c2ccccn2)sc1-c1ccc2cc(CCN3CCC[C@H]3C)ccc2n1,9.468521082957745
Cc1nc(-c2cccnc2)sc1-c1ccc2cc(CCN3CCC[C@H]3C)ccc2n1,9.455931955649724
Cc1c(-c2ccc(Cl)cc2)noc1-c1ccc2cc(CCN3CCC[C@H]3C)ccc2n1,8.10790539730952
Cc1onc(-c2ccc(Cl)cc2)c1-c1ccc2cc(CCN3CCC[C@H]3C)ccc2n1,9.795880017344077
Cc1onc(-c2ccccc2)c1-c1ccc2cc(CCN3CCC[C@H]3C)ccc2n1,10.0
C[C@@H]1CCCN1CCc1ccc2nc(-c3nc4ccccc4s3)ccc2c1,8.530177984021837
Cc1c(-c2ccc3cc(CCN4CCC[C@H]4C)ccc3n2)sc2nc3ccccc3n12,9.42021640338319
Cc1c(-c2ccc3cc(CCN4CCC[C@H]4C)ccc3n2)sc2ncnn12,10.0
C[C@@H]1CCCN1CCc1ccc2nc(-c3cn4c(n3)SCC4)ccc2c1,9.057991946977689
C[C@@H]1CCCN1CCc1ccc2nc(-c3ccc(C#N)s3)ccc2c1,9.508638306165729
CCOC(=N)c1ccc(-c2ccc3cc(CCN4CCC[C@H]4C)ccc3n2)s1,9.204119982655923
C[C@@H]1CCCN1CCc1ccc2nc(-c3ccccn3)ccc2c1,9.10790539730952
Cc1cc(-c2nc(-c3ccc4cc(CCN5CCC[C@H]5C)ccc4n3)cs2)no1,9.048176964684089
C[C@@H]1CCCN1CCc1ccc2nc(-c3cnc4c(c3)OCO4)ccc2c1,9.088842391260023
C[C@@H]1CCCN1CCc1ccc2nc(-c3ccn4ncnc4n3)ccc2c1,9.158015195409886
O=C(c1cc(Oc2ccccc2)ccn1)N1CCCN(C2CCC2)CC1,7.387216143280264
O=C(c1cncc(Oc2ccc(F)cc2)c1)N1CCCN(C2CCC2)CC1,7.769551078621726
O=C(c1cccc(Oc2ccc(Cl)c(Cl)c2)n1)N1CCCN(C2CC2)CC1,5.982966660701219
CC(C)N1CCCN(C(=O)c2cccc(Oc3ccc(Cl)c(Cl)c3)n2)CC1,6.366531544420414
O=C(c1ccc(Sc2ccccc2)nc1)N1CCCN(C2CCC2)CC1,8.638272163982407
O=C(c1ccc(Sc2ccc(F)cc2)cn1)N1CCCN(C2CCC2)CC1,8.337242168318426
O=C(c1ccc(Sc2ccccc2)cn1)N1CCCN(C2CCC2)CC1,8.431798275933005
O=C(c1ccc(Oc2ccccc2F)cn1)N1CCCN(C2CCC2)CC1,8.366531544420413
O=C(c1ccc(Oc2ccc(F)cc2)cn1)N1CCCN(C2CCC2)CC1,8.537602002101044
O=C(c1ccc(Oc2cccc(Cl)c2)cn1)N1CCCN(C2CCC2)CC1,8.327902142064282
O=C(c1ccc(Oc2ccc(Cl)cc2)cn1)N1CCCN(C2CCC2)CC1,8.259637310505756
O=C(c1ccc(Oc2ccc(Cl)c(Cl)c2)cn1)N1CCCN(C2CC2)CC1,8.0
CC(C)N1CCCN(C(=O)c2ccc(Oc3ccc(Cl)c(Cl)c3)cn2)CC1,8.823908740944319
O=C(c1ccc(Oc2ccccc2Cl)nc1)N1CCCN(C2CCC2)CC1,7.769551078621726
O=C(c1ccc(Oc2ccc(Cl)cc2)nc1)N1CCCN(C2CC2)CC1,7.886056647693163
O=C(c1ccc(Oc2cccc(Cl)c2)nc1)N1CCCN(C2CCC2)CC1,9.0
O=C(c1ccc(Oc2cccc(Cl)c2)nc1)N1CCCN(C2CC2)CC1,7.769551078621726
O=C(c1ccc(Oc2ccc(Cl)c(Cl)c2)nc1)N1CCCN(C2CCC2)CC1,8.119186407719209
CC(C)N1CCCN(C(=O)c2ccc(Oc3ccc(Cl)c(Cl)c3)nc2)CC1,7.744727494896693
O=C(c1ccc(Oc2ccccc2)nc1)N1CCCN(C2CC2)CC1,8.0
N#Cc1cccc(Oc2ccc(C(=O)N3CCCN(C4CCC4)CC3)cn2)c1,8.744727494896694
O=C(c1ccc(Oc2cccc(F)c2)nc1)N1CCCN(C2CCC2)CC1,8.387216143280265
O=C(c1ccc(Oc2cccc(F)c2)nc1)N1CCCN(C2CC2)CC1,7.795880017344075
O=C(c1ccc(Oc2ccc(F)cc2)nc1)N1CCCN(C2CC2)CC1,7.602059991327962
CCN1CCCN(C(=O)c2ccc(Oc3ccc(F)cc3)nc2)CC1,7.468521082957745
O=C(c1ccc(Oc2ccc(F)cc2)nc1)N1CCCNCC1,5.045757490560675
CC(C)N1CCN(C(=O)c2ccc(Oc3ccccc3Cl)nc2)CC1,7.508638306165727
O=C(c1ccc(Oc2ccc(F)cc2)nc1)N1CCN(C2CC2)CC1,6.366531544420414
CC(C)N1CCN(C(=O)c2ccc(Oc3cccc(C#N)c3)nc2)CC1,6.958607314841775
CC(C)N1CCN(C(=O)c2ccc(Oc3ccccc3)nc2)CC1,6.585026652029182
CSc1ccc(Oc2ccc(C(=O)N3CCN(C(C)C)CC3)cn2)cc1,6.638272163982407
CC(C)N1CCN(C(=O)c2ccc(Oc3ccc(Cl)c(Cl)c3)nc2)CC1,7.107905397309519
c1ccc(N2CCC(Cc3c[nH]cn3)CC2)cc1,7.522878745280337
Fc1ccc(N2CCC(Cc3c[nH]cn3)CC2)cc1,7.920818753952375
O=[N+]([O-])c1ccc(N2CCC(Cc3c[nH]cn3)CC2)cc1,7.698970004336019
FC(F)(F)c1ccc(N2CCC(Cc3c[nH]cn3)CC2)cc1,8.744727494896694
FC(F)(F)c1cccc(N2CCC(Cc3c[nH]cn3)CC2)c1,9.0
CC(C)c1cccc(N2CCC(Cc3c[nH]cn3)CC2)c1,9.0
COc1ccc(N2CCC(Cc3c[nH]cn3)CC2)cc1,8.267606240177031
CC(C)(C)c1ccc(N2CCC(Cc3c[nH]cn3)CC2)cc1,7.853871964321762
CN(C)c1ccc(N2CCC(Cc3c[nH]cn3)CC2)cc1,8.853871964321762
c1ccc2cc(N3CCC(Cc4c[nH]cn4)CC3)ccc2c1,7.795880017344075
c1cncc(N2CCC(Cc3c[nH]cn3)CC2)c1,6.896196279044043
CC(C)(C)c1ccc(SCC(c2c[nH]cn2)C2CCNCC2)cc1,6.275724130399211
CC(C)(C)c1ccc(SCC(c2cccnc2)c2c[nH]cn2)cc1,7.1938200260161125
FC(F)(F)c1ccc(SCC(c2ccncc2)c2c[nH]cn2)cc1,6.698970004336019
CN1CCc2sc(OCCCN3CCCCC3)nc2C1,7.619788758288394
CCN1CCc2sc(OCCCN3CCCCC3)nc2C1,7.853871964321762
C1CCN(CCCOc2nc3c(s2)CCCC3)CC1,6.447331783887806
C1CCN(CCCOc2nc3c(s2)CCOC3)CC1,6.46344155742847
Brc1nc(OCCCN2CCCCC2)sc1-c1ccccc1,7.031517051446065
Cc1nc(OCCCN2CCCCC2)sc1-c1ccccc1,7.387216143280264
c1ccc(-c2nc(OCCCN3CCCCC3)sc2-c2ccccc2)cc1,7.950781977329818
CC(=O)c1nc(OCCCN2CCCCC2)sc1C,6.809668301829708
CC(C)N1CCC(Oc2ccc3c(c2)cc2n3CCN(Cc3cccnc3)C2=O)CC1,8.301029995663981
CC(C)N1CCC(Oc2ccc3c(c2)cc2n3CCN(Cc3ccncc3)C2=O)CC1,8.301029995663981
CC(C)N1CCC(Oc2ccc3c(c2)cc2n3CCN(Cc3ccccn3)C2=O)CC1,8.221848749616356
CC(C)N1CCC(Oc2ccc3c(c2)cc2n3CCN(CC3CC3)C2=O)CC1,8.045757490560675
C[C@H]1CC[C@H](C)N1CCCOc1ccc2c(c1)cc1n2CCNC1=O,7.958607314841775
CC(C)N1CCC(Oc2ccc3c(c2)cc2n3CCCN(CC3CC3)C2=O)CC1,7.769551078621726
O=C1NCCn2c1cc1cc(OCCCN3CCCCC3)ccc12,7.744727494896693
CC(C)N1CCC(Oc2ccc3c(c2)cc2n3CCNC2=O)CC1,7.602059991327962
CC(C)N1CCC(Oc2ccc3c(c2)cc2n3CCN(C(C)C)C2=O)CC1,7.568636235841013
CC(C)N1CCC(Oc2ccc3c(c2)cc2n3CCN(CC(F)(F)F)C2=O)CC1,7.468521082957745
CC(C)N1CCC(Oc2ccc3c(c2)cc2n3CCN(CCO)C2=O)CC1,7.337242168318426
O=C1NCCn2c1cc1cc(OC3CCN(CC4CC4)CC3)ccc12,6.889410289700751
c1cncc(-c2noc(CCCCN3CCCCC3)n2)c1,6.958607314841775
c1ccc(-c2nc(SCCCN3CCCCC3)oc2-c2ccccc2)cc1,7.494850021680094
c1cc(-c2nnc(SCCCN3CCCCC3)o2)ccn1,6.728158393463501
CC(C)N1CCN(C(=O)c2cccc3[nH]cc(CN4CCOCC4)c23)CC1,5.309803919971486
CC(C)N1CCN(C(=O)c2ccc3[nH]cc(CN4CCCCC4)c3c2)CC1,7.055517327849832
CC(C)N1CCN(C(=O)c2ccc3c(CN4CCCCC4)c[nH]c3c2)CC1,8.55284196865778
CC(C)N1CCN(C(=O)c2cccc3c(CN4CCOCC4)c[nH]c23)CC1,7.920818753952375
CC(C)N1CCN(C(=O)c2ccc3c(CN4CCCCC4)cn(S(C)(=O)=O)c3c2)CC1,8.721246399047171
O=C(c1ccc2c(CN3CCN(C4CCC4)CC3)c[nH]c2c1)N1CCOCC1,7.366531544420414
O=C(c1ccc2c(CN3CCOCC3)c[nH]c2c1)N1CCN(C2CC2)CC1,8.698970004336019
O=C(c1ccc2c(CN3CCOCC3)c[nH]c2c1)N1CCN(C2CCC2)CC1,8.853871964321762
CC(C)N1CCCN(C(=O)c2ccc3c(CN4CCOCC4)cn(C)c3c2)CC1,9.045757490560677
CC(C)N1CCN(C(=O)c2ccc3c(CN4CCOCC4)cn(C)c3c2)CC1,7.823908740944319
O=C(c1cccc2c(CN3CCCCC3)c[nH]c12)N1CCN(C2CCC2)CC1,8.795880017344075
O=C(c1cccc2c(CN3CCOCC3)c[nH]c12)N1CCN(C2CCC2)CC1,8.309803919971486
O=C(c1cccc2c(CN3CCOCC3)c[nH]c12)N1CCNCC1,5.671620396561262
CC(C)N1CCN(C(=O)c2ccc3scc(CN4CCCCC4)c3c2)CC1,7.301029995663981
O=C(c1ccc2scc(CN3CCCCC3)c2c1)N1CCN(C2CCC2)CC1,7.823908740944319
O=C(c1ccc2scc(C(=O)N3CCCCC3)c2c1)N1CCN(C2CCC2)CC1,6.2839966563652006
Cc1ccc(CN2CCC(NC(=O)N(CC(=O)C(C)(C)O)Cc3ccc(-c4ccc(F)cc4)cc3)CC2)cc1,5.847711655616943
COc1ccc(-c2ccc(CN(CC(=O)C(C)(C)O)C(=O)NC3CCN(Cc4ccc(C)cc4)CC3)cc2)cc1,6.235823867609669
COc1ccccc1-c1ccc(CN(CC(=O)C(C)(C)O)C(=O)NC2CCN(Cc3ccc(C)cc3)CC2)cc1,5.000434511774017
COc1ccc(-c2ccc(CN(CCC3CCN(Cc4ccc(C)cc4)CC3)C(=O)NC(C)C)cc2)cc1,5.186419011431808
Cc1ccc(CN2CCC(CCN(Cc3ccc(-c4cccc(C#N)c4)cc3)C(=O)NC(C)C)CC2)cc1,6.069050968832477
CC(=O)OCC(C)(C)NC(=O)N(CCC1CCN(Cc2ccc(C)cc2)CC1)Cc1ccc(-c2ccc(F)cc2)cc1,5.681936665037238
COc1ccc(-c2ccc(CN(CCC3CCN(Cc4ccc(C)cc4)CC3)C(=O)NC(C)(C)COC(C)=O)cc2)cc1,5.995678626217358
COc1ccccc1-c1ccc(CN(CCC2CCN(Cc3ccc(C)cc3)CC2)C(=O)NC(C)(C)COC(C)=O)cc1,5.978810700930062
CC(=O)OCC(C)(C)NC(=O)N(CCC1CCN(Cc2ccc(C)cc2)CC1)Cc1ccc(-c2cccc(C#N)c2)cc1,5.787812395596042
CC(=O)OCC(C)(C)NC(=O)N(CCC1CCN(Cc2ccc(C)cc2)CC1)Cc1ccc(-c2ccccc2)cc1,5.94692155651658
CCC(COC(C)=O)(COC(C)=O)NC(=O)N(CCC1CCN(Cc2ccc(C)cc2)CC1)Cc1ccc(-c2ccc(F)cc2)cc1,6.261219441515631
CCC(COC(C)=O)(COC(C)=O)NC(=O)N(CCC1CCN(Cc2ccc(C)cc2)CC1)Cc1ccc(-c2ccccc2OC)cc1,6.201349354554731
CCC(COC(C)=O)(COC(C)=O)NC(=O)N(CCC1CCN(Cc2ccc(C)cc2)CC1)Cc1ccc(-c2cccc(C#N)c2)cc1,5.882728704344236
CCC(COC(C)=O)(COC(C)=O)NC(=O)N(CCC1CCN(Cc2ccc(C)cc2)CC1)Cc1ccc(-c2ccccc2)cc1,6.09312646527793
COc1ccc(-c2ccc(CN(CCC3CCN(Cc4ccc(C)cc4)CC3)C(=O)NC(C)(C)CO)cc2)cc1,5.033389013318065
COc1ccccc1-c1ccc(CN(CCC2CCN(Cc3ccc(C)cc3)CC2)C(=O)NC(C)(C)CO)cc1,5.175223537524454
Cc1ccc(CN2CCC(CCN(Cc3ccc(-c4cccc(C#N)c4)cc3)C(=O)NC(C)(C)CO)CC2)cc1,5.935542010773082
CCC(CO)(CO)NC(=O)N(CCC1CCN(Cc2ccc(C)cc2)CC1)Cc1ccc(-c2ccc(OC)cc2)cc1,6.046240308266771
CNCCC(c1ccccc1)c1ccc(O)c2ccc(OCCN3CCCC3)cc12,8.130768280269024
CNCCN(c1ccccc1)c1ccc(OCCN2CCCC2)cc1,8.795880017344075
CNCCC(c1ccccc1)c1ccc(OCCN2CCCC2)cc1,8.853871964321762
Cc1nc[nH]c1CCN,5.200000237109354
O=C(Nc1nnc(N2CCC(N3CCCCC3)CC2)s1)NC1CCCC1,7.311580177997289
COc1cccc(-c2nnc(N3CCC(N4CCCCC4)CC3)s2)c1,7.496209316942819
N#Cc1cccc(-c2nnc(N3CCC(N4CCCCC4)CC3)s2)c1,7.370590400897281
Fc1cccc(-c2nnc(N3CCC(N4CCCCC4)CC3)s2)c1,7.207608310501746
Clc1cccc(-c2nnc(N3CCC(N4CCCCC4)CC3)s2)c1,7.309803919971486
Cc1cccc(-c2nnc(N3CCC(N4CCCCC4)CC3)s2)c1,7.221848749616356
CC(=O)c1cccc(-c2nnc(N3CCC(N4CCCCC4)CC3)s2)c1,8.397940008672037
COc1cc(OC)cc(-c2nnc(N3CCC(N4CCCCC4)CC3)s2)c1,7.823908740944319
N#Cc1cc(C#N)cc(-c2nnc(N3CCC(N4CCCCC4)CC3)s2)c1,7.638272163982407
c1ccc(-c2nnc(N3CCC(N4CCCCC4)CC3)s2)nc1,7.522878745280337
Cc1cccc(-c2nnc(N3CCC(N4CCCCC4)CC3)s2)n1,8.214670164989233
c1n[nH]cc1-c1nnc(N2CCC(N3CCCCC3)CC2)s1,6.716698771296451
COc1ncc(-c2nnc(N3CCC(N4CCCCC4)CC3)s2)s1,7.552841968657781
COc1ccc(-c2nnc(N3CCC(N4CCCCC4)CC3)s2)cc1,7.396855627379818
CCN1CCN(c2nnc(-c3ccc(OC)cc3)s2)CC1,6.791021482723746
COc1ccc(-c2nnc(N3CCC(N4CCCC4)CC3)s2)cc1,6.221197795986761
COc1ccccc1-c1nnc(N2CCC(N3CCCCC3)CC2)s1,7.397940008672037
Fc1ccccc1-c1nnc(N2CCC(N3CCCCC3)CC2)s1,7.443697499232712
Clc1ccccc1-c1nnc(N2CCC(N3CCCCC3)CC2)s1,7.161150909262744
N#Cc1ccc(-c2nnc(N3CCC(N4CCCCC4)CC3)s2)cc1,7.438898616350944
Fc1ccc(-c2nnc(N3CCC(N4CCCCC4)CC3)s2)cc1,7.4089353929735005
Clc1ccc(-c2nnc(N3CCC(N4CCCCC4)CC3)s2)cc1,6.79317412396815
Cc1ccc(-c2nnc(N3CCC(N4CCCCC4)CC3)s2)cc1,6.787812395596042
CC(=O)c1ccc(-c2nnc(N3CCC(N4CCCCC4)CC3)s2)cc1,7.187086643357144
c1ccc(Cc2cn(CCc3c[nH]cn3)nn2)cc1,6.41999931041096
c1ccc(Cc2cn(CCCc3c[nH]cn3)nn2)cc1,7.090016305060156
c1ccc(Cc2cn(CCCCc3c[nH]cn3)nn2)cc1,6.23000269597146
CN1CCN(Cc2cn(CCCc3c[nH]cn3)nn2)CC1,5.570000775141681
CC(C)(C)c1cn(CCCc2c[nH]cn2)nn1,6.719991046891814
CCCCCc1cn(CCCc2c[nH]cn2)nn1,6.980011840408714
c1nc(CCCn2cc(CC3CCCCC3)nn2)c[nH]1,6.900008766455316
c1nc(CCn2cc(CC3CCCCC3)nn2)c[nH]1,7.119987161633229
c1nc(CCCn2cc(C3CCCCC3)nn2)c[nH]1,7.15002808767115
c1nc(CCCn2cc(CCC3CCCCC3)nn2)c[nH]1,7.439973751087107
CCCCCCCc1cn(CCCc2c[nH]cn2)nn1,7.010016541698601
CC(c1cn(CCCc2c[nH]cn2)nn1)C1CCCCC1,7.219970872662661
c1nc(CCCn2cc(CC3CCCC3)nn2)c[nH]1,7.040005161671584
CC(c1cn(CCc2c[nH]cn2)nn1)C1CCCCC1,7.119987161633229
CN1CCN(CCCn2cc(CC3CCCCC3)nn2)CC1,6.0999990348465305
CN1CCC[C@@H]1Cn1nc(Cc2ccc(O)cc2)c2ccccc2c1=O,6.599997654072044
CN1CCC[C@@H]1Cn1nc(Cc2cccc(F)c2)c2ccccc2c1=O,6.699991797446187
CN1CCC(n2nc(Cc3ccc(Cl)cc3)c3ccccc3c2=O)CC1,6.900008766455316
CN(C)CCCn1nc(Cc2ccc(Cl)cc2)c2ccccc2c1=O,6.900008766455316
CN1CCCC1CCn1nc(Cc2ccc(Cl)cc2)c2ccccc2c1=O,7.100015437450609
COc1ccc(Cc2nn(C[C@H]3CCCN3C)c(=O)c3ccccc23)cc1,7.100015437450609
O=c1c2ccccc2c(Cc2ccc(Cl)cc2)nn1C1CCCN(CCc2ccc(OCCCN3CCCCCC3)cc2)CC1,8.400007822415901
CN(CCCCc1ccc(OCCCN2CCCCCC2)cc1)CCn1nc(Cc2ccc(Cl)cc2)c2ccccc2c1=O,8.100015437450608
O=c1c2ccccc2c(Cc2ccc(Cl)cc2)nn1C1CCCN(Cc2ccc(OCCCN3CCCCCC3)cc2)CC1,9.299988937677888
O=c1c2ccccc2c(Cc2ccc(Cl)cc2)nn1C1CCCN(CCCCc2ccc(OCCCN3CCCCCC3)cc2)CC1,8.700057099977233
O=c1c2ccccc2c(Cc2ccc(Cl)cc2)nn1C1CCCN(CCCc2ccc(OCCCN3CCCCCC3)cc2)CC1,9.599980364934842
CC(C)N1CCN(C(=O)c2ccc(CN3CCOCC3)s2)CC1,7.585026652029182
COCCNCc1ccc(C(=O)N2CCN(C(C)C)CC2)o1,7.455931955649724
CC(C)N1CCN(C(=O)c2ccc(CN3CCOCC3)o2)CC1,7.267606240177032
CC(C)N1CCN(C(=O)c2ccc(CN3CCCCC3)o2)CC1,8.468521082957745
CC(C)N1CCN(C(=O)c2csc(CN3CCOCC3)c2)CC1,7.431798275933005
CC(C)N1CCN(C(=O)c2csc(CN3CCCCC3)c2)CC1,8.494850021680094
CC(C)N1CCN(C(=O)c2csc(CN3CCOCC3)n2)CC1,6.168130225719498
CC(C)N1CCN(C(=O)c2csc(CN3CCCCC3)n2)CC1,6.958607314841775
COCCNCc1nc(C(=O)N2CCN(C(C)C)CC2)co1,6.33913452199613
CC(C)N1CCN(C(=O)c2coc(CN3CCOCC3)n2)CC1,6.1598939055432425
CC(C)N1CCN(C(=O)c2coc(CN3CCCCC3)n2)CC1,6.698970004336019
CC(C)N1CCN(C(=O)c2ccc(CN3CCCCC3)cn2)CC1,8.823908740944319
CC(C)N1CCN(C(=S)c2ccc(CN3CCCCC3)nc2)CC1,8.236572006437063
CC(C)N1CCN(C(=O)c2cnc(CN3CCCCC3)cn2)CC1,8.958607314841775
CC(C)N1CCN(C(=O)c2ccc(CN3CCOCC3)nc2)CC1,7.823908740944319
CC(C)N1CCN(C(=O)c2ccc(CN3CCCCC3)nc2)CC1,8.958607314841775
COCCNCc1cc(OCCCN2CCCCC2)no1,7.102372908709558
c1c(OCCCN2CCCCC2)noc1CN1CCOCC1,7.070581074285707
c1c(OCCCN2CCCCC2)noc1CN1CCCCC1,8.387216143280265
c1cc(OCCCN2CCCCC2)ncc1CN1CCCCC1,9.154901959985745
CC(C)N1CCN(C(=O)c2ccc(CN3CCCCC3)cc2)CC1,8.978810700930062
O=C(CCC(=O)N1CCN(C2CCCC2)CC1)c1ccc(Cl)cc1,8.920818753952375
O=c1ccc(-c2ccc(OCCCN3CCCC3)cc2)n[nH]1,7.795880017344075
C[C@@H]1CCCN1CCCOc1ccc(-c2ccc(=O)n(C)n2)cc1,8.853871964321762
CCn1nc(-c2ccc(OCCCN3CCC[C@H]3C)cc2)ccc1=O,8.4089353929735
C[C@@H]1CCCN1CCCOc1ccc(-c2ccc(=O)n(Cc3ccccc3)n2)cc1,8.161150909262744
C[C@@H]1CCCN1CCCOc1ccc(-c2cn[nH]c(=O)c2)cc1,8.537602002101044
C[C@@H]1CCCN1CCCOc1ccc(-n2ncccc2=O)cc1,7.086186147616283
Cn1nc(-c2ccc(N3CCN(C4CCCC4)CC3)cc2)ccc1=O,7.031517051446065
CC(C)N1CCN(C(=O)c2ccc(-c3ccc(=O)n(C)n3)cc2)CC1,6.777283528852417
O=C(c1ccc(-c2ccc(=O)n(-c3ccc(F)cc3)n2)cc1)N1CCC[C@H]1CN1CCCC1,7.795880017344075
C=C(N(C)Cc1ccc(-c2ccccc2)cc1)N1CCN(C(C)C)CC1,7.431798275933005
Cn1c(-c2ccc(OC3CCN(C4CCC4)CC3)cc2)nc2c(C(F)(F)F)cccc2c1=O,9.659952682338607
Cn1c(-c2ccc(OC3CCN(C4CCC4)CC3)cc2)nc2c(Cl)cccc2c1=O,10.204119982655923
Cc1cccc2c(=O)n(C)c(-c3ccc(OC4CCN(C5CCC5)CC4)cc3)nc12,10.505149978319906
COc1cccc2nc(-c3ccc(OC4CCN(C5CCC5)CC4)cc3)n(C)c(=O)c12,9.80631897045872
Cn1c(-c2ccc(OC3CCN(C4CCCC4)CC3)cc2)nc2ccccc2c1=O,9.63582436722938
Cn1c(-c2ccc(OC3CCN(C4CCC4)CC3)cc2)nc2ccccc2c1=O,10.1627272974977
O=c1c2ccccc2nc(-c2ccc(OCCCN3CCCCC3)cc2)n1Cc1ccccc1,10.013765869865004
CCCn1c(-c2ccc(OCCCN3CCCCC3)cc2)nc2ccccc2c1=O,9.80631897045872
Cc1nc2c(C(F)(F)F)cccc2c(=O)n1-c1ccc(OCCCN2CCCC2)cc1,9.1627272974977
Cc1nc2cc(C(F)(F)F)ccc2c(=O)n1-c1ccc(OCCCN2CCCC2)cc1,9.505149978319906
Cc1nc2cccc(Cl)c2c(=O)n1-c1ccc(OCCCN2CCCC2)cc1,9.391260080931213
Cc1nc2c(F)cccc2c(=O)n1-c1ccc(OCCCN2CCCC2)cc1,9.329012396989963
Cc1nc2ccc(F)cc2c(=O)n1-c1ccc(OCCCN2CCCC2)cc1,9.30102999566398
COc1cccc2nc(C)n(-c3ccc(OCCCN4CCCC4)cc3)c(=O)c12,9.391260080931213
COc1ccc2nc(C)n(-c3ccc(OCCCN4CCCC4)cc3)c(=O)c2c1,9.505149978319906
Cc1ccc2c(=O)n(-c3ccc(OCCCN4CCCC4)cc3)c(C)nc2c1,9.505149978319906
Cc1ccc2nc(C)n(-c3ccc(OCCCN4CCCC4)cc3)c(=O)c2c1,8.903089986991944
O=c1c2ccccc2nc(-c2ccccc2)n1-c1ccc(OCCCN2CCCC2)cc1,9.659952682338607
CC(C)c1nc2ccccc2c(=O)n1-c1ccc(OCCCN2CCCC2)cc1,9.602059991327964
CCCc1nc2ccccc2c(=O)n1-c1ccc(OCCCN2CCCC2)cc1,9.659952682338607
CCc1nc2ccccc2c(=O)n1-c1ccc(OCCCN2CCCC2)cc1,9.30102999566398
O=c1c2ccccc2ncn1-c1ccc(OCCCN2CCCC2)cc1,8.960982678002589
COc1cccc2c1OC(c1ccc(OCCCN3CCCCC3)cc1)C(C)S2(=O)=O,9.468521082957745
COc1ccc2c(c1)OC(c1ccc(OCCCN3CCCC3)cc1)C(C)S2(=O)=O,9.522878745280336
COc1ccc2c(c1)S(=O)(=O)C(C)C(c1ccc(OCCCN3CCCC3)cc1)O2,9.397940008672036
COc1cccc2c1S(=O)(=O)C(C)C(c1ccc(OCCCN3CCCC3)cc1)O2,9.30102999566398
C[C@H]1[C@H](c2ccc(OCCCN3CCCC3)cc2)Oc2ccccc2S1(=O)=O,8.397940008672037
COC1CCN(S(=O)(=O)c2ccc(-c3ccc(CCN4CCC[C@H]4C)cc3)cc2)CC1,9.199970640755865
C[C@@H]1CCCN1CCc1ccc(-c2ccc(S(=O)(=O)N3CCS(=O)(=O)CC3)cc2)cc1,9.0
CC1COCC(C)N1S(=O)(=O)c1ccc(-c2ccc(CCN3CCC[C@H]3C)cc2)cc1,8.199970640755867
C[C@@H]1CCCN1CCc1ccc(-c2ccc(S(=O)(=O)NCc3ccccc3)cc2)cc1,9.500038134403807
C[C@@H]1CCCN1CCc1ccc(-c2ccc(S(=O)(=O)Nc3ccccc3)cc2)cc1,8.700057099977233
COCCNS(=O)(=O)c1ccc(-c2ccc(CCN3CCC[C@H]3C)cc2)cc1,8.500038134403809
C[C@@H]1CCCN1CCc1ccc(-c2ccc(S(N)(=O)=O)cc2)cc1,8.299988937677888
C[C@@H]1CCCN1CCc1ccc(-c2ccc(S(=O)(=O)N3CCCCC3)cc2)cc1,8.79997073344623
COC(=O)N1CC(Oc2ccc(F)cc2)CC1C(=O)N1CCCN(C2CCC2)CC1,8.823908740944319
COC(=O)N1CC(Oc2cccc(F)c2)CC1C(=O)N1CCCN(C2CCC2)CC1,8.795880017344075
COC(=O)c1cc(-c2ccc3cc(CCN4CCC[C@H]4C)ccc3n2)on1,8.455931955649724
COC(=O)c1c(C)noc1-c1ccc2cc(CCN3CCC[C@H]3C)ccc2n1,9.154901959985745
CCOC(=O)c1ccc(-c2ccc(OCCCN3CCCCC3)cc2)cc1,7.982966660701219
c1cc(-c2ccc3c(c2)OCO3)ccc1OCCCN1CCCCC1,8.443697499232712
c1cc(C2CCOCC2)ccc1OCCCN1CCCCC1,8.080921907623926
c1cc(N2CCCCC2)ccc1OCCCN1CCCCC1,8.309803919971486
c1cc(C2CCCCC2)ccc1OCCCN1CCCCC1,8.55284196865778
c1ncc(-c2ccc(OCCCN3CCCCC3)cc2)o1,8.602059991327963
Cn1nccc1-c1ccc(OCCCN2CCCCC2)cc1,8.744727494896694
c1cc(C2CCCO2)ccc1OCCCN1CCCCC1,8.045757490560675
c1csc(-c2ccc(OCCCN3CCCCC3)cc2)c1,8.853871964321762
CN[C@H]1CC[C@H](c2ccc(OCCCN3CCCCC3)cc2)CC1,8.494850021680094
c1cc([C@H]2CC[C@H](N3CCCCC3)CC2)ccc1OCCCN1CCCCC1,9.193820026016112
C[C@@H]1CCCN1CCCOc1ccc(-c2cc(-c3ccccn3)c(=O)[nH]n2)cc1,8.508638306165727
C[C@@H]1CCCN1CCCOc1ccc(-c2ccc(=O)n(CCO)n2)cc1,8.522878745280337
Cc1cc(-c2ccc(OCCCN3CCC[C@H]3C)cc2)n[nH]c1=O,8.468521082957745
C[C@@H]1CCCN1CCCOc1ccc(-c2ccc(=O)n(CCF)n2)cc1,8.468521082957745
C[C@@H]1CCCN1CCCOc1ccc(-c2ccc(=O)n(C)n2)cc1Cl,8.356547323513812
C[C@@H]1CCCN1CCCOc1ccc(-c2ccc(=O)n(CC(F)(F)F)n2)cc1,8.244125144327509
C[C@@H]1CCCN1CCCOc1ccc(-c2n[nH]c(=O)cc2-c2ccccn2)cc1,7.920818753952375
C[C@@H]1CCCN1CCCOc1ccc(-c2ccc(=O)n(C)n2)cc1F,8.236572006437063
C[C@@H]1CCCN1CCCOc1c(F)cc(-c2ccc(=O)[nH]n2)cc1F,8.148741651280925
C[C@@H]1CCCN1CCCOc1ccc(-c2ccc(=O)n(-c3ccccn3)n2)cc1,8.0
C[C@@H]1CCCN1CCCOc1ccc(-c2ccc(=O)[nH]n2)c(F)c1,7.795880017344075
C[C@@H]1CCCN1CCCOc1ccc(-c2ccc(=O)[nH]n2)cc1C#N,7.42021640338319
C[C@@H]1CCCN1CCCOc1ccc(-c2ccc(=O)[nH]n2)cn1,7.455931955649724
COc1cc(OCCCN2CCC[C@H]2C)ccc1-c1ccc(=O)[nH]n1,6.818156412055227
CCCN1CC[C@@H](N(C)C(=O)c2ccc(-n3c(C)nc4ccccc43)cc2)C1,7.769551078621726
Cc1nc2ccccc2n1-c1ccc(C(=O)N(C)[C@@H]2CCN(C3CCCCCC3)C2)cc1,7.494850021680094
Cc1nc2ccccc2n1-c1ccc(C(=O)N[C@@H]2CCN(C(C)C)C2)cc1,6.761953896871205
CCN(C(=O)c1ccc(-n2c(C)nc3ccccc32)cc1)[C@@H]1CCN(C2CCC2)C1,7.823908740944319
Cc1nc2ccccc2n1Cc1ccc(C(=O)N(C)[C@@H]2CCN(C3CCC3)C2)cc1,8.568636235841012
CC(C)N1CC[C@@H](N(C)C(=O)c2ccc(Cn3cnc4ccccc43)cc2)C1,8.397940008672037
CN(C(=O)c1ccc(Cn2cnc3ccccc32)cc1)[C@@H]1CCN(C2CCC2)C1,8.136677139879543
CN(C(=O)c1ccc(Cn2cnc3ccccc32)cc1)[C@@H]1CCN(C2CCCC2)C1,7.823908740944319
CC(C)N1CC[C@@H](N(C)C(=O)c2ccc(-n3cccn3)cc2)C1,8.154901959985743
CN(C(=O)c1ccc(-n2cccn2)cc1)[C@@H]1CCN(C2CCC2)C1,8.744727494896694
CC(C)N1CC[C@@H](N(C)C(=O)c2ccc(Cn3cccn3)cc2)C1,6.735182176990463
Cn1nc(-c2ccc(OCCCN3CCCCC3)cc2)c2c(c1=O)CCCC2,8.823908740944319
CN1N=C(c2ccc(OCCCN3CCCCC3)cc2)C2CCCC2C1=O,8.638272163982407
C[C@@H]1CCCN1CCCOc1ccc(C2=NN(C)C(=O)C3CCCC23)cc1,8.795880017344075
Cn1nc(-c2ccc(OCCCN3CCCCC3)cc2)c2c(c1=O)CCC2,9.30102999566398
C[C@@H]1CCCN1CCCOc1ccc(-c2nn(C)c(=O)c3c2CCC3)cc1,9.397940008672036
C[C@@H]1CCCN1CCCOc1ccc(-c2nn(Cc3ccc(Cl)cc3)c(=O)c3ccsc23)cc1,8.619788758288394
CCCn1nc(-c2ccc(OCCCN3CCC[C@H]3C)cc2)c2sccc2c1=O,8.823908740944319
CC(C)n1nc(-c2ccc(OCCCN3CCCC3)cc2)c2sccc2c1=O,8.397940008672037
CCN(CC)CCCOc1ccc(-c2nn(C(C)C)c(=O)c3ccsc23)cc1,7.638272163982407
CC(C)n1nc(-c2ccc(OCCCN3CCCCC3)cc2)c2sccc2c1=O,8.721246399047171
Cn1nc(-c2ccc(OCCCN3CCCCCC3)cc2)c2ccccc2c1=O,8.853871964321762
Cn1nc(-c2ccc(OCCCN3CCCC3)cc2)c2ccccc2c1=O,8.769551078621726
Cn1nc(-c2ccc(OCCCN3CCCCC3)cc2)c2ccccc2c1=O,9.096910013008056
C[C@@H]1CCCN1CCCOc1ccc(-c2nn(C)c(=O)c3ccccc23)cc1,9.096910013008056
CN1CCN(c2cc(NCC(C)(C)C)ncn2)CC1,6.0835460514500745
CN1CCN(c2cc(NCCC(C)(C)C)ncn2)CC1,6.189767482004916
C[C@@H]1CCCN1CCc1ccc(-c2ccc(=O)[nH]n2)cc1,7.508638306165727
Cn1nc(-c2ccc(CCN3CCCC3)cc2)ccc1=O,7.080921907623926
C[C@@H]1CCCN1CCc1ccc(-c2ccc(=O)n(-c3ccccc3)n2)cc1,7.468521082957745
C[C@@H]1CCCN1CCc1ccc(-c2ccc(=O)n(-c3ccc(Cl)cc3)n2)cc1,8.096910013008056
C[C@@H]1CCCN1CCc1ccc(-c2ccc(=O)n(Cc3ccccc3)n2)cc1,8.301029995663981
C[C@@H]1CCCN1CCc1ccc(-c2ccc(=O)n(-c3ccccn3)n2)cc1,7.327902142064283
c1ccc2c(c1)nc1n(CCN3CCCCC3)cnn21,6.221848749616356
c1ccc2c(N3CCN(C4CCCC4)CC3)ncnc2c1,7.0
C[C@@H]1CCCN1CCCOc1ccc(-c2ccc(=O)[nH]c2)cc1,8.113509274827518
C[C@@H]1CCCN1CCCOc1ccc(-c2ccn(C)c(=O)c2)cc1,8.494850021680094
C[C@@H]1CCCN1CCCOc1ccc(-c2ccc(=O)n(-c3ccc(F)cc3)c2)cc1,8.327902142064282
C[C@@H]1CCCN1CCCOc1ccc(-c2ccc(=O)n(Cc3ccccc3)c2)cc1,8.698970004336019
C[C@@H]1CCCN1CCCOc1ccc(-c2cc(C#N)c(=O)n(C)c2)cc1,8.468521082957745
C[C@@H]1CCCN1CCCOc1ccc(-c2cc(-c3ccccc3)c(=O)n(C)c2)cc1,8.455931955649724
C[C@@H]1CCCN1CCCOc1ccc(-c2cn(C)c(=O)c3ccccc23)cc1,9.045757490560677
OCCOc1ccc2c(c1)CCC1(CCN(C3CCC3)CC1)O2,6.899629454882437
CC(O)COc1ccc2c(c1)CCC1(CCN(C3CCC3)CC1)O2,7.602059991327962
CC(C)(O)COc1ccc2c(c1)CCC1(CCN(C3CCC3)CC1)O2,7.744727494896693
COCCOc1ccc2c(c1)CCC1(CCN(C3CCC3)CC1)O2,7.376750709602099
CSCCOc1ccc2c(c1)CCC1(CCN(C3CCC3)CC1)O2,7.42021640338319
CS(=O)(=O)CCCOc1ccc2c(c1)CCC1(CCN(C3CCC3)CC1)O2,8.0
c1cc2c(cc1OCC1CCOC1)CCC1(CCN(C3CCC3)CC1)O2,7.744727494896693
c1cc2c(cc1OCC1CCCO1)CCC1(CCN(C3CCC3)CC1)O2,7.795880017344075
c1cc2c(cc1OC1CCOCC1)CCC1(CCN(C3CCC3)CC1)O2,7.823908740944319
O=S1(=O)CCC(Oc2ccc3c(c2)CCC2(CCN(C4CCC4)CC2)O3)CC1,8.154901959985743
O=S1(=O)CCC(COc2ccc3c(c2)CCC2(CCN(C4CCC4)CC2)O3)CC1,8.397940008672037
CN1CCN(c2nc(N)nc3cc(-c4ccsc4)ccc23)CC1,7.200659450546418
Nc1nc(N2CCNCC2)c2ccc(-c3ccco3)cc2n1,5.468748508429546
CCCCC(c1ccc(-c2ccc(C)cc2)cc1)N1CCCCC1,4.869999962200743
CCCCCc1ccc(-c2ccc(CN3CCCCC3)cc2)cc1,4.889999848866887
C[C@@H]1CCCN1Cc1ccc(-c2ccc(C(Cc3ccccc3)N3CCCCC3)cc2)cc1,8.250031916490597
CN(C)C(Cc1ccccc1)c1ccc(-c2ccc(CN3CCCCC3)cc2)cc1,7.779891911959945
c1ccc(CC(c2ccc(-c3ccc(CN4CCCCC4)cc3)cc2)N2CCCCC2)cc1,7.720105019988362
C[C@@H]1CCCN1CCCOc1ccc(C2=NN(CC(F)(F)F)C(=O)CC2)cc1,8.301029995663981
O=C1CCC(c2ccc(OCCCN3CCCCC3)cc2)=NN1CC(F)(F)F,7.42021640338319
CC1CC(=O)NN=C1c1ccc(OCCCN2CCC[C@H]2C)cc1,8.244125144327509
CC1CC(=O)NN=C1c1ccc(OCCCN2CCCC2)cc1,7.080921907623926
CC1CC(=O)NN=C1c1ccc(OCCCN2CCCCC2)cc1,7.67778070526608
C[C@@H]1CCCN1CCCOc1ccc(C2=NNC(=O)CC2c2ccccn2)cc1,8.00436480540245
CN1CCN(C(=O)c2cn3cc(Cl)ccc3n2)CC1,4.543633966870957
CN1CCN(C(=O)c2cc3cccnc3[nH]2)CC1,4.436518914605589
CN1C[C@H]2CN(C(=O)c3cc4cc(Cl)ccc4[nH]3)C[C@H]2C1,5.057991946977687
CN1C[C@H]2CN(C(=O)c3nc4cc(F)ccc4[nH]3)C[C@H]2C1,4.809668301829708
CN1C[C@H]2CN(C(=O)c3nc4cc(F)c(F)cc4[nH]3)C[C@H]2C1,4.747146969020107
CN1C[C@H]2CN(C(=N)c3nc4cc(F)ccc4[nH]3)C[C@H]2C1,5.924453038607469
CN1C[C@H]2CN(C(=N)c3nc4ccccc4[nH]3)C[C@H]2C1,5.419075024324381
O=c1cc(-c2ccc(OC3CCN(C4CCC4)CC3)nc2)cn[nH]1,7.853871964321762
Cc1nn(-c2ccsc2)c(=O)cc1-c1ccc(OC2CCN(C3CCC3)CC2)cc1,8.522878745280337
Cc1cccnc1-n1nc(C)c(-c2ccc(OC3CCN(C4CCC4)CC3)cc2)cc1=O,8.221848749616356
Cc1cccc(-n2nc(C)c(-c3ccc(OC4CCN(C5CCC5)CC4)cc3)cc2=O)n1,8.397940008672037
Cc1nn(-c2ccccn2)c(=O)cc1-c1ccc(OC2CCN(C3CCC3)CC2)cc1,8.522878745280337
Cc1nn(C)c(=O)cc1-c1ccc(OC2CCN(C3CCC3)CC2)cc1,8.397940008672037
CC1=NNC(=O)CC1c1ccc(OC2CCN(C3CCC3)CC2)cc1,7.823908740944319
Cc1cc(=O)[nH]nc1-c1ccc(OC2CCN(C3CCC3)CC2)cc1,8.356547323513812
O=c1ccc(-c2ccc(OC3CCN(C4CCC4)CC3)cc2)nn1-c1ccccn1,8.008773924307505
O=c1ccc(-c2ccc(OC3CCN(C4CCC4)CC3)cc2)n[nH]1,8.721246399047171
CC1(C)CC(c2ccc(OC3CCN(C4CCC4)CC3)c(F)c2)=NNC1=O,8.148741651280925
CC1(C)CC(c2ccc(OC3CCN(C4CCC4)CC3)nc2)=NNC1=O,7.920818753952375
O=C1CCC(c2ccc(OC3CCN(C4CCC4)CC3)cc2)=NN1,8.431798275933005
O=c1ccc(-c2ccc(OC3CCN(C4CCC4)CC3)nc2)nn1-c1ccccn1,7.468521082957745
CC(C)n1nc(-c2ccc(OC3CCN(C4CCC4)CC3)nc2)ccc1=O,8.187086643357144
O=C(CN1CCOCC1)c1ccc(OCCCN2CCCC2)cc1,6.97469413473523
O=C(CN1CCOCC1)c1ccc(OCCCN2CCCCC2)cc1,7.180456064458132
COC[C@H]1CCCN1CCCOc1ccc(C(=O)CN2CCOCC2)cc1,5.931814138253839
CC(C(=O)c1ccc(OCCCN2CCC[C@H]2C)cc1)N1CCOCC1,8.096910013008056
C[C@@H]1CCCN1CCCOc1ccc(C(=O)C(C)(C)N2CCOCC2)cc1,8.045757490560675
C[C@H]1CN(CC(=O)c2ccc(OCCCN3CCC[C@H]3C)cc2)C[C@@H](C)O1,8.0
Cc1cc(OCCCN2CCC[C@H]2C)ccc1C(=O)CN1CCOCC1,7.721246399047171
C=Cc1cnc2nc(N3CCC(N4CCCCC4)CC3)oc2c1,6.431798275933005
c1ccc2c(c1)CN(c1cnc3nc(N4CCC(N5CCCCC5)CC4)oc3c1)C2,6.585026652029182
c1cnc(N2CCC(c3cnc4nc(N5CCC(N6CCCCC6)CC5)oc4c3)CC2)nc1,6.447331783887806
OCc1cccc(-c2cnc3nc(N4CCC(N5CCCCC5)CC4)oc3c2)c1,6.603800652904264
CC(C)C(O)c1cccc(-c2cnc3nc(N4CCC(N5CCCCC5)CC4)oc3c2)c1,6.421360790031928
CC(=O)Nc1ccc(-c2cnc3nc(N4CCC(N5CCCCC5)CC4)oc3c2)cc1,6.632644078973981
CC(=O)Nc1ccccc1-c1cnc2nc(N3CCC(N4CCCCC4)CC3)oc2c1,5.816445466381138
NC(=O)c1ccc(-c2cnc3nc(N4CCC(N5CCCCC5)CC4)oc3c2)cc1,6.540607512240769
FC(F)(F)c1ccc(-c2cnc3nc(N4CCC(N5CCCCC5)CC4)oc3c2)cc1,6.623423042943488
O=Cc1cccc(-c2cnc3nc(N4CCC(N5CCCCC5)CC4)oc3c2)c1,7.236572006437063
N#Cc1cc(-c2cnc3nc(N4CCC(N5CCCCC5)CC4)oc3c2)ccc1F,7.443697499232712
c1cncc(-c2cnc3nc(N4CCC(N5CCCCC5)CC4)oc3c2)c1,7.022276394711152
c1cc(-c2cnc3nc(N4CCC(N5CCCCC5)CC4)oc3c2)ccn1,7.431798275933005
c1ccc(-c2cnc3nc(N4CCC(N5CCCCC5)CC4)oc3c2)nc1,7.327902142064283
N#Cc1cncc(-c2cnc3nc(N4CCC(N5CCCCC5)CC4)oc3c2)c1,6.596879478824183
Fc1ccc(-c2cnc3nc(N4CCC(N5CCCCC5)CC4)oc3c2)cn1,7.154901959985743
Cc1cc(-c2cnc3nc(N4CCC(N5CCCCC5)CC4)oc3c2)ccn1,6.707743928643524
COc1cccc(-c2cnc3nc(N4CCC(N5CCCCC5)CC4)oc3c2)n1,7.638272163982407
Cc1cccc(-c2cnc3nc(N4CCC(N5CCCCC5)CC4)oc3c2)n1,7.823908740944319
Cc1cccnc1-c1cnc2nc(N3CCC(N4CCCCC4)CC3)oc2c1,7.823908740944319
c1cc2c(c(-c3cnc4nc(N5CCC(N6CCCCC6)CC5)oc4c3)c1)OCCO2,6.931814138253839
O=C1Cc2cc(-c3cnc4nc(N5CCC(N6CCCCC6)CC5)oc4c3)ccc2N1,6.962573502059376
O=c1nc[nH]c2cc(-c3cnc4nc(N5CCC(N6CCCCC6)CC5)oc4c3)ccc12,6.815308569182402
c1cnc2c(-c3cnc4nc(N5CCC(N6CCCCC6)CC5)oc4c3)cccc2c1,7.455931955649724
Cc1nnc2ccc(-c3cnc4nc(N5CCC(N6CCCCC6)CC5)oc4c3)cn12,7.481486060122112
O=c1ccnc2ccc(-c3cnc4nc(N5CCC(N6CCCCC6)CC5)oc4c3)cn12,6.924453038607469
O=c1ccnc2c(-c3cnc4nc(N5CCC(N6CCCCC6)CC5)oc4c3)cccn12,7.602059991327962
c1cc(-c2cnc3nc(N4CCC(N5CCCCC5)CC4)oc3c2)n2nccc2c1,8.397940008672037
c1cn2c(-c3cnc4nc(N5CCC(N6CCCCC6)CC5)oc4c3)cnc2cn1,7.744727494896693
c1cnc2nc(N3CCC(N4CCCCC4)CC3)oc2c1,5.920818753952375
Brc1cnc2nc(N3CCC(N4CCCCC4)CC3)oc2c1,5.3979400086720375
CS(=O)(=O)N1CCC(Oc2ccc3c(c2)CCC2(CCN(C4CCC4)CC2)O3)CC1,8.154901959985743
CCS(=O)(=O)N1CCC(Oc2ccc3c(c2)CCC2(CCN(C4CCC4)CC2)O3)CC1,8.154901959985743
CC(C)S(=O)(=O)N1CCC(Oc2ccc3c(c2)CCC2(CCN(C4CCC4)CC2)O3)CC1,8.154901959985743
CC(=O)N1CCC(Oc2ccc3c(c2)CCC2(CCN(C4CCC4)CC2)O3)CC1,8.397940008672037
O=C(C1CC1)N1CCC(Oc2ccc3c(c2)CCC2(CCN(C4CCC4)CC2)O3)CC1,8.221848749616356
CC(O)c1cccc(-c2nnc(N3CCC(N4CCCCC4)CC3)s2)c1,7.5376020021010435
Cc1nnc(-c2cccc(-c3nnc(N4CCC(N5CCCCC5)CC4)s3)c2)o1,7.642065152999546
c1cc(-c2nnc(N3CCC(N4CCCCC4)CC3)s2)c2ccncc2c1,7.749579997691106
Cc1nc2cc(-c3nnc(N4CCC(N5CCCCC5)CC4)s3)ccc2o1,7.610833915635467
c1cnc2c(-c3nnc(N4CCC(N5CCCCC5)CC4)s3)cccc2c1,8.337242168318426
CN(C)C(=O)c1cccc(-c2nnc(N3CCC(N4CCCCC4)CC3)s2)c1,6.715794932298206
O=C(c1cccc(-c2nnc(N3CCC(N4CCCCC4)CC3)s2)c1)N1CCC1,7.102922996790579
O=C(c1cccc(-c2nnc(N3CCC(N4CCCCC4)CC3)s2)n1)N1CCC1,8.356547323513812
CC(=O)Nc1cccc(-c2nnc(N3CCC(N4CCCCC4)CC3)s2)c1,7.782516055786093
O=C1Cc2cc(-c3nnc(N4CCC(N5CCCCC5)CC4)s3)ccc2N1,7.191114132640188
O=c1ccc2cc(-c3nnc(N4CCC(N5CCCCC5)CC4)s3)ccc2[nH]1,8.0
O=c1ccc2c(-c3nnc(N4CCC(N5CCCCC5)CC4)s3)cccc2[nH]1,7.698970004336019
O=c1ccnc2ccc(-c3nnc(N4CCC(N5CCCCC5)CC4)s3)cn12,7.886056647693163
O=c1ccnc2c(-c3nnc(N4CCC(N5CCCCC5)CC4)s3)cccn12,8.67778070526608
C[C@@H]1CCCN1CCc1cc2cc(C(=O)c3ccc([N+](=O)[O-])cc3)ccc2o1,9.397940008672036
O=C1c2ccc(-c3ccccc3F)cc2CCN1CCN1CCCC1,7.85078088734462
O=C1c2ccc(-c3cccc(F)c3)cc2CCN1CCN1CCCC1,7.935542010773082
N#Cc1cccc(-c2ccc3c(c2)CCN(CCN2CCCC2)C3=O)c1,8.468521082957745
O=C1c2ccc(-c3cccc(C(F)(F)F)c3)cc2CCN1CCN1CCCC1,8.193820026016112
O=C1c2ccc(-c3ccc(C(F)(F)F)cc3)cc2CCN1CCN1CCCC1,8.031517051446064
O=C1c2ccc(-c3cccc(OC(F)(F)F)c3)cc2CCN1CCN1CCCC1,7.546681659952962
O=C1c2ccc(-c3ccc(F)c(F)c3)cc2CCN1CCN1CCCC1,8.113509274827518
O=C1c2ccc(-c3cc(F)cc(F)c3)cc2CCN1CCN1CCCC1,8.045757490560675
N#Cc1ccc(-c2ccc3c(c2)CCN(CCCN2CCCC2)C3=O)cc1,8.161150909262744
O=C1c2ccc(-c3ccc(F)cc3)cc2CCN1CCN1CCCCCC1,8.244125144327509
C[C@@H]1CCCN1CCN1CCc2c(cccc2-c2ccc(C#N)cc2)C1=O,7.663540266151471
C[C@@H]1CCCN1CCN1CCc2ccc(-c3ccc(C#N)cc3)cc2C1=O,8.619788758288394
C[C@@H]1CCCN1CCN1CCc2cc(Oc3ccc(C#N)cc3)ccc2C1=O,9.221848749616356
O=C1c2ccc(-c3ccncc3)cc2CCN1CCN1CCCC1,8.10790539730952
NC(=O)c1ccc(-c2ccc3c(c2)CCN(CCN2CCCC2)C3=O)cc1,8.221848749616356
CCNC(=O)c1ccc(-c2ccc3c(c2)CCN(CCN2CCCC2)C3=O)cc1,8.920818753952375
CC(C)NC(=O)c1ccc(-c2ccc3c(c2)CCN(CCN2CCCC2)C3=O)cc1,8.721246399047171
O=C(NC1CC1)c1ccc(-c2ccc3c(c2)CCN(CCN2CCCC2)C3=O)cc1,8.568636235841012
O=C(NC1CCC1)c1ccc(-c2ccc3c(c2)CCN(CCN2CCCC2)C3=O)cc1,8.67778070526608
CN(C)C(=O)c1ccc(-c2ccc3c(c2)CCN(CCN2CCCC2)C3=O)cc1,9.045757490560677
O=C(c1ccc(-c2ccc3c(c2)CCN(CCN2CCCC2)C3=O)cc1)N1CCCC1,8.619788758288394
CNC(=O)c1ccc(-c2ccc3c(c2)CCN(CCN2CCC[C@H]2C)C3=O)cc1,9.0
CCNC(=O)c1ccc(-c2ccc3c(c2)CCN(CCN2CCC[C@H]2C)C3=O)cc1,9.0
O=C1c2ccc(-n3cnc4ccccc43)cc2CCN1CCN1CCCC1,9.096910013008056
C[C@@H]1CCCN1CCCOc1ccc2c(c1)CCc1cc(=O)n(C)nc1-2,8.443697499232712
C[C@@H]1CCCN1CCCOc1ccc2c(c1)CCc1cc(=O)n(-c3ccccc3)nc1-2,7.795880017344075
C[C@@H]1CCCN1CCCOc1ccc2c(c1)CCC1CC(=O)NN=C21,7.823908740944319
C[C@@H]1CCCN1CCCOc1ccc2c(c1)CCc1n[nH]c(=O)cc1-2,8.207608310501746
O=C1CC2CCc3cc(OC4CCN(C5CCC5)CC4)ccc3C2=NN1,7.769551078621726
C[C@@H]1CCCN1CCCOc1ccc(C(=O)CN2CCC(C#N)CC2)cc1,8.200659450546418
C[C@@H]1CCCN1CCCOc1ccc(C(=O)CN2CCC(F)(F)C2)cc1,8.468521082957745
C[C@@H]1CCCN1CCCOc1ccc(C(=O)CN2CCN(C(=O)C(F)(F)F)CC2)cc1,8.67778070526608
C[C@@H]1CCCN1CCCOc1ccc(C(=O)CN2CCN(S(C)(=O)=O)CC2)cc1,8.468521082957745
C[C@@H]1CCCN1CCCOc1ccc(C(=O)CN2CCN(C(=O)c3ccc(F)cc3)CC2)cc1,9.221848749616356
C[C@@H]1CCCN1CCCOc1ccc(C(=O)CN2CCN(C(=O)c3cccs3)CC2)cc1,8.3767507096021
C[C@@H]1CCCN1CCCOc1ccc(C(=O)CN2CCN(C(=O)c3ccco3)CC2)cc1,8.698970004336019
COC(=O)N1CCN(CC(=O)c2ccc(OCCCN3CCC[C@H]3C)cc2)CC1,8.494850021680094
CCOC(=O)N1CCN(CC(=O)c2ccc(OCCCN3CCC[C@H]3C)cc2)CC1,8.397940008672037
CC(C)COC(=O)N1CCN(CC(=O)c2ccc(OCCCN3CCC[C@H]3C)cc2)CC1,8.337242168318426
C[C@@H]1CCCN1CCCOc1ccc(C(=O)CN2CCN(C(=O)Oc3ccc(F)cc3)CC2)cc1,8.522878745280337
COCn1ncc(-c2ccc(OCCCN3CCC[C@H]3C)cc2)cc1=O,8.397940008672037
COCn1ncc(OC)c(-c2ccc(OCCCN3CCC[C@H]3C)cc2)c1=O,8.0
COc1cn[nH]c(=O)c1-c1ccc(OCCCN2CCC[C@H]2C)cc1,7.698970004336019
c1cnc(C2CN(c3nnc(N4CCC(N5CCCCC5)CC4)s3)CCO2)cn1,8.096910013008056
OC1(c2ncccn2)CCCN(c2nnc(N3CCC(N4CCCCC4)CC3)s2)C1,7.173925197299173
FC1(c2ccccn2)CCCN(c2nnc(N3CCC(N4CCCCC4)CC3)s2)C1,8.397940008672037
OC1(c2ccccn2)CCCN(c2nnc(N3CCC(N4CCCCC4)CC3)s2)C1,7.275724130399211
COC1(c2ccccn2)CCCN(c2nnc(N3CCC(N4CCCCC4)CC3)s2)C1,7.958607314841775
C1=C(c2ncccn2)CN(c2nnc(N3CCC(N4CCCCC4)CC3)s2)CC1,7.853871964321762
C1=C(c2ccccn2)CN(c2nnc(N3CCC(N4CCCCC4)CC3)s2)CC1,7.920818753952375
CC1CN(c2nnc(N3CCC(N4CCCCC4)CC3)s2)CC(C)O1,7.275724130399211
OC1CCCN(c2nnc(N3CCC(N4CCCCC4)CC3)s2)C1,7.337242168318426
COC1CCCN(c2nnc(N3CCC(N4CCCCC4)CC3)s2)C1,7.431798275933005
c1ccc(C2CCCN(c3nnc(N4CCC(N5CCCCC5)CC4)s3)C2)cc1,7.1249387366083
FC1(F)CCN(c2nnc(N3CCC(N4CCCCC4)CC3)s2)CC1,7.823908740944319
FC1(F)CCN(c2nnc(N3CCC(N4CCCCC4)CC3)s2)C1,7.214670164989233
O=C1N(c2nnc(N3CCC(N4CCCCC4)CC3)s2)CCN1C1CCCC1,7.468521082957745
CCCCN1CCC[C@@H]1Cn1nc(Cc2ccc(Cl)cc2)c2ncccc2c1=O,6.199998172182031
CN1CCC[C@@H]1Cn1nc(Cc2ccc(Cl)cc2)c2nccnc2c1=O,6.199998172182031
O=c1c2ccncc2c(Cc2ccc(Cl)cc2)nn1C[C@H]1CCCN1CCCCc1ccc(OCCCN2CCCCCC2)cc1,9.250031916490595
CCCCN1CCC[C@@H]1Cn1nc(Cc2ccc(Cl)cc2)c2ccccc2c1=O,6.359995853468939
COCCN1CCC[C@@H]1Cn1nc(Cc2ccc(Cl)cc2)c2ccccc2c1=O,6.399996913372259
CN1CCC[C@@H]1Cn1nc(Cc2ccc(Cl)cc2)c2ccncc2c1=O,6.399996913372259
CCCCN1CCC[C@@H]1Cn1nc(Cc2ccc(Cl)cc2)c2cnccc2c1=O,6.199998172182031
COCCN1CCC[C@@H]1Cn1nc(Cc2ccc(Cl)cc2)c2cnccc2c1=O,6.199998172182031
CN1CCC[C@@H]1Cn1nc(Cc2ccc(Cl)cc2)c2cccnc2c1=O,6.599997654072044
C[C@@H]1CCCN1CCc1cc2cc(-c3cn[nH]c3)ccc2o1,9.299988937677888
C[C@@H]1CCCN1CCc1ccc2cc(-n3ncccc3=O)ccc2c1,9.096910013008056
CS(=O)(=O)c1ccc(C(=O)N2CCN(c3ccc(OC4CCN(C5CCC5)CC4)cc3)CC2)cc1,9.500038134403807
CC1(C)CCCN(CCCOc2ccc(C3CCN(C(=O)c4ccc(CCC(=O)O)c5ccccc45)CC3)cc2)C1,7.299988937677887
CC(C)N1CCCN(C(=O)C2CCN(c3ccc(C(F)(F)F)nc3)CC2)CC1,9.655509480758107
CC(C)CNC(=O)[C@H]1C[C@@](F)(c2ccc(CN3CCCC3)c(F)c2)C1,8.895171596346344
CCNC(=O)[C@H]1C[C@@](F)(c2ccc(CN3CCCC3)c(F)c2)C1,8.699567570169359
CCN(C)C(=O)[C@H]1C[C@@H](c2ccc(CN3CCCC3)c(F)c2)C1,8.562249437179611
CC(=O)N(C)C[C@H]1C[C@H](c2ccc(CN3CCCC3)c(Cl)c2)C1,8.077131876096304
COc1ccccc1N1CCN(Cc2cc(CN3CCN(C)CC3)c3cccccc2-3)CC1,5.259637310505756
CN1CCN(c2cc(N)nc(N)n2)CC1,5.966576244513051
CN[C@@H]1CCN(c2nc(N)nc3cc(C(C)C)cnc23)C1,6.840011949618013
CN[C@@H]1CCN(c2nc(N)nc3cc(C4CC4)cnc23)C1,6.0
CNC1CN(c2nc(N)nc3cc(C(C)C)cnc23)C1,6.080001969035981
CNC1CN(c2nc(N)nc3cc(C4CCCC4)cnc23)C1,6.819988880942282
CCc1cnc2c(N3CC[C@@H](NC)C3)nc(N)nc2c1,5.820000358220839
CCc1cnc2c(N3CC(NC)C3)nc(N)nc2c1,6.109998386815364
CN[C@@H]1CCN(c2nc(N)nc3cc(C4CC4)ccc23)C1,6.749994971513104
CCc1ccc2c(N3CC[C@@H](NC)C3)nc(N)nc2c1,6.219999701663429
CNC1CN(c2nc(N)nc3cc(C4CC4)ccc23)C1,6.160000609491408
CNC1CN(c2nc(N)nc3cc(C(C)(C)C)ccc23)C1,6.309998953116936
CNC1CN(c2nc(N)nc3cc(C4CCCC4)ccc23)C1,6.799998134593398
Nc1nc(N2CCNCC2)c2ccc(C3CCCC3)cc2n1,6.480001470881152
OCCc1ccc(OCCCN2CCCCC2)cc1,7.494850021680094
OCCC#Cc1ccc(OCCCN2CCCCC2)cc1,7.721246399047171
OC1(c2ccc(OCCCN3CCCCC3)cc2)CCC1,7.744727494896693
OC(c1ccc(OCCCN2CCCCC2)cc1)C1CCOCC1,7.886056647693163
C=CC(O)c1ccc(OCCCN2CCCCC2)cc1,8.065501548756432
C=CCC(O)c1ccc(OCCCN2CCCCC2)cc1,8.161150909262744
CC(C)(O)c1ccc(OCCCN2CCCCC2)cc1,8.167491087293763
OC1(c2ccc(OCCCN3CCCCC3)cc2)CCOCC1,8.387216143280265
CC(C)(O)CCc1ccc(OCCCN2CCCCC2)cc1,8.397940008672037
OC1(c2ccc(OCCCN3CCCCC3)cc2)CCCCC1,8.4089353929735
CC(O)CCc1ccc(OCCCN2CCCCC2)cc1,8.481486060122112
OC(c1ccc(OCCCN2CCCCC2)cc1)C1CCCCC1,8.537602002101044
OC1(c2ccc(OCCCN3CCCCC3)cc2)CCCC1,9.086186147616283
C=CCC(O)(CC=C)c1ccc(OCCCN2CCCCC2)cc1,9.267606240177033
CCN(CC)CCOc1ccc(NC(=S)Nc2ccc(OCC(C)C)cc2)cc1,7.774690718274137
O=C(Nc1ccc(OCCCN2CCCCC2)cc1)Nc1ccc(F)cc1F,7.2839966563652
Cc1c(Cl)cc(NC(=O)Nc2ccc(OCCCN3CCCCC3)cc2)cc1Cl,6.949620243738543
O=C(OCCN1CCCC1)N1c2ccccc2Sc2ccccc21,5.221848749616356
CCN(CC)CCCOC(=O)N1c2ccccc2Sc2ccccc21,6.017728766960431
c1cc(OCCCN2CCCCC2)ccc1CCCc1ccc(OCCCN2CCCCC2)cc1,9.045757490560677
O=C(CCc1ccc(OCCCN2CCCCC2)cc1)c1ccc(OCCCN2CCCCC2)cc1,9.193820026016112
c1cc(CN2CCCCC2)cc(-c2ccc(OCCCN3CCCCC3)cc2)c1,9.260427655549908
c1cc(-c2ccc(OCCCN3CCCCC3)cc2)ccc1CCCN1CCCCC1,9.769551078621726
C(#Cc1ccc(-c2ccc(OCCCN3CCCCC3)cc2)cc1)CN1CCCCC1,9.173925197299171
CN1CCN(c2ccc(-c3ccc(OCCCN4CCCCC4)cc3)cc2)CC1,9.638272163982409
c1cc(-c2ccc(OCCCN3CCCCC3)cc2)ccc1CN1CCCCC1,8.785156151952302
FC1(F)CCN(CCCOc2ccc(-c3ccc(OCCCN4CCCCC4)cc3)cc2)CC1,8.031050319018657
c1cc(-c2ccc(OCCN3CCCCC3)cc2)ccc1OCCCN1CCCCC1,9.309803919971486
c1cc(-c2ccc(OCCCN3CCCCC3)cc2)ccc1OCCCCN1CCCCC1,9.886056647693165
CCN1CCCc2cccc(OCCCN3CCCCC3)c21,6.0
CCN1CCCc2c(OCCCN3CCCCC3)cccc21,6.0
N#CC(C#N)=C1N(CCCCN2CCCCC2)CCN1CCCN1CCCCC1,7.214670164989233
O=C(NCCCCOc1ccccc1)OCCCc1c[nH]cn1,5.979999397807417
O=C(NCCCOc1ccccc1)OCCCc1c[nH]cn1,5.889999848866887
O=C(NCCCCC1CCCCC1)OCCCc1c[nH]cn1,5.710001024518514
O=C(NCCC1CCCCC1)OCCCc1c[nH]cn1,6.599997654072044
CC/C=C/CCNC(=O)OCCCc1c[nH]cn1,6.589999287456538
c1ccc2c(CCNc3ccc(CN4CCOCC4)cc3)c[nH]c2c1,8.370590400897282
Nc1cc(CN2CCC(F)(C(=O)N3CCC(N4Cc5ccccc5C4)CC3)CC2)ccn1,8.698970004336019
Nc1cc(CN2CCC(F)(C(=O)N3CCC(N4Cc5ccc(F)cc5C4)CC3)CC2)ccn1,8.698970004336019
Nc1cc(CN2CCC(F)(C(=O)N3CCC(N4Cc5cccnc5C4)CC3)CC2)ccn1,8.154901959985743
Cn1c2c(c3ccccc31)CCN(C1CCN(C(=O)C3(F)CCN(Cc4ccnc(N)c4)CC3)CC1)CC2,7.823908740944319
Nc1cc(CN2CCC(F)(C(=O)N3CCC(N4CCCc5ccccc5C4)CC3)CC2)ccn1,7.443697499232712
COc1ccc2c(c1)CN(C1CCN(C(=O)C3(F)CCN(Cc4ccnc(N)c4)CC3)CC1)CCC2,8.698970004336019
Nc1cc(CN2CCC(F)(C(=O)N3CCC(N4CCc5ccccc5C4)CC3)CC2)ccn1,8.698970004336019
N#Cc1ccc2c(c1)CN(C1CCN(C(=O)C3(F)CCN(Cc4ccnc(N)c4)CC3)CC1)CC2,8.698970004336019
Nc1cc(CN2CCC(F)(C(=O)N3CCC(N4Cc5ccccc5Cc5ccccc54)CC3)CC2)ccn1,8.397940008672037
Cc1nnc2n1-c1sccc1CN(C1CCN(C(=O)C3(F)CCN(Cc4ccnc(N)c4)CC3)CC1)C2,9.0
Nc1cc(CN2CCC(F)(C(=O)N3CCC(N4CCc5ccccc5CC4)CC3)CC2)ccn1,9.0
Nc1cc(CN2CCC(F)(C(=O)N3CCC(N4Cc5ccccc5-c5ccccc5C4)CC3)CC2)ccn1,8.698970004336019
COc1cc2c(NC3CCN(C(C)C)CC3)nc(N3CCC(F)(F)CC3)nc2cc1OCCCN1CCCC1,7.346787486224656
Cc1cc(N2CC[C@H](N3CCC[C@@H]3C)C2)ccc1NC(=O)C1CCOCC1,9.0
Cc1cc(N2CC[C@H](N3CCC[C@@H]3C)C2)ccc1NC(=O)c1c(C)noc1C,10.0
Cc1cc(C(=O)N2CCC(Oc3ccc4c(c3)CCN(C3CCC3)CC4)CC2)no1,8.79997073344623
O=C(N1CCOCC1)N1CCC(Oc2ccc3c(c2)CCN(C2CCC2)CC3)CC1,9.0
c1cc2c(cc1OC1CCNCC1)CCN(C1CCC1)CC2,9.500038134403807
Cn1c(=O)ccc2cc(COc3ccc4c(c3)CCN(C3CCC3)CC4)ccc21,9.4000078224159
c1ccc(COc2ccc3c(c2)CCN(C2CCCCC2)CC3)cc1,8.0
c1ccc(COc2ccc3c(c2)CCN(C2CCC2)CC3)cc1,9.599980364934842
c1ccc(COc2ccc3c(c2)CCN(C2CC2)CC3)cc1,8.299988937677888
CC(C)CN1CCc2ccc(OCc3ccccc3)cc2CC1,7.599980364934842
CN1CCc2ccc(OCc3ccccc3)cc2CC1,6.499996931948306
c1ccc(COc2ccc3c(c2)CCN(CC2CC2)CC3)cc1,8.0
c1cc2c(cc1OCCN1CCCCC1)CCN(CC1CC1)CC2,9.100015437450608
c1cc2c(cc1OCCCN1CCCCC1)CCN(CC1CCCO1)CC2,9.299988937677888
c1cc2c(cc1OCCCN1CCCCC1)CCN(CC1CC1)CC2,9.299988937677888
c1ccc(N2CCc3ccc(OCCCN4CCCCC4)cc3CC2)cc1,8.0
CC(C)N1CCC(Oc2ccc3c(c2)CCNCC3)CC1,8.599980364934842
c1cc2c(cc1OCCN1CCCCC1)CCNCC2,6.799998134593398
c1cc2c(cc1OCCCN1CCCCC1)CCNCC2,8.400007822415901
c1cc2c(cc1OCCCN1CCCCC1)CCNC2,8.599980364934842
c1cc2c(cc1OCCCN1CCCCC1)CCN2,7.79997073344623
c1cnc(Oc2ccc3c(c2)CCN(C2CCC2)CC3)cn1,8.79997073344623
c1cncc(Oc2ccc3c(c2)CCN(C2CCC2)CC3)c1,8.599980364934842
c1ccc(Oc2ccc3c(c2)CCN(C2CCC2)CC3)cc1,8.500038134403809
O=C1CCCN1c1ccc(Oc2ccc3c(c2)CCN(C2CCCC2)CC3)nc1,9.899974269892136
O=C1CCCCN1c1ccc(Oc2ccc3c(c2)CCN(C2CCC2)CC3)nc1,9.500038134403807
CC1CCC(=O)N1c1ccc(Oc2ccc3c(c2)CCN(C2CCC2)CC3)nc1,9.500038134403807
O=C1C[C@@H](O)CN1c1ccc(Oc2ccc3c(c2)CCN(C2CCC2)CC3)nc1,9.700057099977233
O=C1OCCN1c1ccc(Oc2ccc3c(c2)CCN(C2CCC2)CC3)nc1,9.79997073344623
c1cc(-c2ccc(Oc3ccc4c(c3)CCN(C3CCC3)CC4)nc2)[nH]n1,9.599980364934842
c1cnn(-c2ccc(Oc3ccc4c(c3)CCN(C3CCC3)CC4)nc2)c1,9.299988937677888
Cc1noc(C)c1-c1ccc(Oc2ccc3c(c2)CCN(C2CCC2)CC3)nc1,9.299988937677888
Cc1nnc(-c2ccc(Oc3ccc4c(c3)CCN(C3CCC3)CC4)nc2)o1,9.79997073344623
CNC(=O)c1ccc(Oc2ccc3c(c2)CCN(C2CCCC2)CC3)nc1,9.299988937677888
CNC(=O)c1ccc(Oc2ccc3c(c2)CCN(C2CCC2)CC3)cn1,9.299988937677888
CNC(=O)c1ccc(Oc2ccc3c(c2)CCN(C2CCC2)CC3)nn1,8.899974269892137
CNC(=O)c1ccc(Oc2ccc3c(c2)CCN(C2CCC2)CC3)cc1,9.299988937677888
CC(=O)c1ccc(Oc2ccc3c(c2)CCN(C2CCC2)CC3)cn1,10.0
CC(=O)Nc1ccc(Oc2ccc3c(c2)CCN(C2CCC2)CC3)nc1,9.700057099977233
CC(C)NC(=O)c1ccc(Oc2ccc3c(c2)CCN(C2CCC2)CC3)nc1,9.899974269892136
CCN(C)C(=O)c1ccc(Oc2ccc3c(c2)CCN(C2CCC2)CC3)nc1,9.199970640755865
O=C(c1ccc(Oc2ccc3c(c2)CCN(C2CCC2)CC3)nc1)N1CCCC1,9.599980364934842
NC(=O)c1ccc(Oc2ccc3c(c2)CCN(C2CCC2)CC3)nc1,9.299988937677888
c1ccc(Oc2ccc3c(c2)CCN(C2CCC2)CC3)nc1,9.100015437450608
CN1N=C(c2ccc(OC3CCN(C4CCCC4)CC3)cc2)C2CC2C1=O,8.443697499232712
CC(C)N1CCC(Oc2ccc(C3=NN(C)C(=O)C4CC34)cc2)CC1,8.397940008672037
CC(C)N1CCC(Oc2ccc(C3=NNC(=O)C4CC34)cc2)CC1,8.040958607678906
CCN1CCC(Oc2ccc(C3=NNC(=O)C4CC34)cc2)CC1,6.761953896871205
O=C1C2CC2C(c2ccc(OC3CCN(C4CCC4)CC3)cc2)=NN1c1ccc(F)cc1,8.455931955649724
CC(C)N1N=C(c2ccc(OC3CCN(C4CCC4)CC3)cc2)C2CC2C1=O,8.161150909262744
CCN1N=C(c2ccc(OC3CCN(C4CCC4)CC3)cc2)C2CC2C1=O,8.346787486224656
CN1N=C(c2ccc(OC3CCN(C4CCC4)CC3)cc2)C2CC2C1=O,8.397940008672037
CC(C)N1CCN(C(=O)N2CC3(CCN(C4CCOCC4)CC3)C2)CC1,7.013228265733755
CC(C)N1CCN(C(=O)C2CC3(CCN(C4CCOCC4)CC3)C2)CC1,9.522878745280336
O=C(C1CC12CCN(c1ccncc1)CC2)N1CCN(C2CCCCC2)CC1,7.259637310505756
O=C(C1CC12CCN(Cc1ccccc1)CC2)N1CCN(C2CCCCC2)CC1,6.987162775294828
O=C(C1CC12CCN(c1ccccc1)CC2)N1CCN(C2CCCCC2)CC1,5.777283528852417
O=C(C1CC12CCN(C1CCCCC1)CC2)N1CCN(C2CCCCC2)CC1,7.721246399047171
O=C(C1CC12CCNCC2)N1CCN(C2CCCCC2)CC1,6.357535479757878
O=C(C1CC12CCN(C1CCC1)CC2)N1CCN(C2CCOCC2)CC1,7.173925197299173
O=C(C1CC12CCN(C1CCOCC1)CC2)N1CCN(c2ccncc2)CC1,8.075720713938118
O=C(C1CC12CCN(C1CCOCC1)CC2)N1CCN(C2CCCCCC2)CC1,7.187086643357144
O=C(C1CC12CCN(C1CCOCC1)CC2)N1CCN(C2CCCCC2)CC1,7.585026652029182
O=C(C1CC12CCN(C1CCOCC1)CC2)N1CCN(C2CCCC2)CC1,8.853871964321762
O=C(C1CC12CCN(C1CCOCC1)CC2)N1CCN(C2CCC2)CC1,8.886056647693163
O=C(C1CC12CCN(C1CCOCC1)CC2)N1CCN(C2CC2)CC1,7.958607314841775
CN1CCN(C(=O)C2CC23CCN(C2CCOCC2)CC3)CC1,5.886056647693163
CC1(C)COC(c2ccc(OCCCN3CCCCC3)cc2)=N1,6.799998134593398
CC1(C)COC(c2ccc(O[C@H]3C[C@H](N4CCCCC4)C3)cc2)=N1,8.100015437450608
c1cc(C2=NC3(CCCCC3)CO2)ccc1OCCCN1CCCCC1,7.100015437450609
c1cc(-c2nc(CN3CCCCC3)co2)ccc1OCCCN1CCCCC1,8.199970640755867
c1cc(-c2nc(CN3CCCCC3)co2)ccc1O[C@H]1C[C@H](N2CCCCC2)C1,8.899974269892137
COC(=O)c1oc(-c2ccc(O[C@H]3C[C@H](N4CCCCC4)C3)cc2)nc1C,8.700057099977233
Cc1nnc(C)n1-c1ccc(OCCCN2CCCCC2)cc1,9.029978734171634
Cc1nnc(-c2cccnc2)n1-c1ccc(OCCCN2CCCCC2)cc1,9.61996975203217
O=C1NC(c2ccccc2)(c2ccccc2)C(=O)N1CCCN1CCCCC1,6.2500010234416505
O=C1NC(c2ccccc2)(c2ccccc2)C(=O)N1Cc1ccc(OCCCN2CCCCC2)cc1,7.119987161633229
CCNC(=O)C1CCN(Cc2ccc(OCCCN3CCCCC3)cc2)CC1,8.53003079050004
C#CCNC(=O)C1CCN(Cc2ccc(OCCCN3CCCCC3)cc2)CC1,7.96018944585165
O=C(O)C1CCN(Cc2ccc(OCCCN3CCCCC3)cc2)CC1,7.890084136976206
CCOC(=O)C1CCN(Cc2ccc(OCCCN3CCCCC3)cc2)CC1,9.639974910810604
c1cc(OCCCN2CCCCC2)ccc1CN1CCC2(CC1)OCCO2,8.689944262249108
OCC1CCN(Cc2ccc(OCCCN3CCCCC3)cc2)CC1,9.169989064063882
O=C1CCN(Cc2ccc(OCCCN3CCCCC3)cc2)CC1,8.599980364934842
CN1CCN(c2nc(N)nc(-c3ccc(Br)cc3)n2)CC1,4.823908740944319
c1cc2c(cc1OCCCN1CCCCC1)CN1CCCC1=N2,7.1180450286604
Cc1c[nH]c(=O)n(Cc2ccc(OCCCN3CCCCC3)cc2)c1=O,7.199970640755866
Cc1c(C)n(Cc2ccc(OCCCN3CCCCC3)cc2)c(=O)[nH]c1=O,7.750068243365805
Cc1cn(Cc2ccc(OCCCN3CCCCC3)cc2)c(=O)[nH]c1=O,8.15002808767115
O=c1ccn(CCCN2CCCCC2)c(=O)[nH]1,5.149999867728904
Cc1cn(C(=O)OC(C)(C)C)c(=O)n(Cc2ccc(OCCCN3CCCCC3)cc2)c1=O,7.330032630091495
CC(C)(C)OC(=O)n1ccc(=O)n(Cc2ccc(OCCCN3CCCCC3)cc2)c1=O,7.299988937677887
Cc1cn(Cc2ccc(OCCCN3CCCCC3)cc2)c(=O)n(C(=O)c2ccccc2)c1=O,7.50003813440381
O=C(c1ccccc1)n1c(=O)ccn(Cc2ccc(OCCCN3CCCCC3)cc2)c1=O,8.14002155835798
O=C(c1ccccc1)n1c(=O)ccn(CCCN2CCCCC2)c1=O,5.940001369850308
Cc1cc(OCCCN2CCCCC2)ccc1C1=NNC(=O)C2CC12,7.4089353929735005
C[C@H](COc1ccc(C2=NNC(=O)C3CC23)cc1)CN1CCC[C@H]1C,8.638272163982407
O=C(c1ccc(CN2CCC(F)CC2)cc1)N1CCN(C2CC2)CC1,8.698970004336019
O=C(c1ccc(CN2CCC(F)CC2)cc1)N1CCN(C2CCC2)CC1,9.154901959985745
CC(C)N1CCN(C(=O)c2ccc(CN3CCC(F)CC3)cc2)CC1,8.823908740944319
O=C(c1ccc(CN2CCOCC2)cc1)N1CCN(C2CCC2)CC1,8.886056647693163
CC(C)N1CCN(C(=O)c2ccc(CN3CCCCCC3)cc2)CC1,9.0
CC(C)N1CCN(C(=O)c2ccc(CN3CCCC3)cc2)CC1,9.0
CN1CCN(C(=O)c2ccc(CN3CCOCC3)cc2)CC1,7.657577319177793
Nc1nccc(N2CCC3(CC2)CNC3)n1,7.1700533040583645
CCC(N)CCNc1ccnc(N)n1,6.749579997691106
CN(C)CCN(C)c1ccnc(N)n1,6.590066876668706
CN(C)CCNc1ccnc(N)n1,7.270025714300444
CN1CCN(c2ccnc(N)n2)CC1,7.860120913598763
Nc1nccc(N2CCCN(Cc3ccccc3)CCC2)n1,6.790484985457369
Nc1nccc(N2CCNCC2)n1,7.619788758288394
CN1CCN(c2nc(NCc3ccccc3)nc3c2CCc2ccccc2-3)CC1,5.219999701663429
CN1CCN(c2cc(-c3ccccc3)nc(NCc3ccccc3)n2)CC1,5.59999938302362
CC(C)N1CCC(Oc2ccc(C(=O)NC3CCN(C4CCC4)C3)cc2)CC1,8.602059991327963
CC(C)N1CCC(NC(=O)c2ccc(OC3CCN(C(C)C)CC3)cc2)CC1,8.080921907623926
CC(C)N1CCC(NC(=O)c2ccc(OC3CCN(C4CCC4)CC3)cc2)CC1,8.795880017344075
CC(C)N1CCC(Oc2ccc(C(=O)NC3CCN(C4CCC4)C3)cc2F)CC1,8.136677139879543
CC(C)N1CCC(Oc2ccc(C(=O)NC3CCN(C4CCC4)CC3)c(F)c2)CC1,7.978810700930062
CC(C)N1CCC(Oc2ccc(C(=O)NC3CCN(C4CCC4)C3)c(Cl)c2)CC1,7.735182176990463
O=C(NC1CCN(C2CCC2)CC1)c1ccc(OC2CCN(C3CCC3)CC2)cc1Cl,8.173925197299173
CC(C)N1CCC(Oc2ccc(C(=O)NC3CCN(C4CCC4)C3)c(F)c2)CC1,8.244125144327509
Cc1cc(C(=O)NC2CCN(C(C)C)C2)ccc1OC1CCN(C(C)C)CC1,5.867420152340263
Cc1cc(C(=O)NC2CCN(C3CCC3)C2)ccc1OC1CCN(C(C)C)CC1,6.415329615535652
CC(C)N1CCC(Oc2ccc3c(c2)CCN(C2CCN(C4CCC4)C2)C3=O)CC1,8.920818753952375
CC(C)N1CCC(Oc2ccc3c(c2)CCN(C2CCN(C4CCC4)CC2)C3=O)CC1,8.744727494896694
O=C1c2ccc(OC3CCN(C4CCC4)CC3)cc2CCN1C1CCN(C2CCC2)CC1,9.381951903287908
CC(C)N1CCC(NC(=O)c2ccc(OC3CCN(C4CCC4)CC3)cc2)C1,7.570247719997592
CC(C)CN1CCC(NC(=O)c2ccc(OC3CCN(C(C)C)CC3)cc2)C1,8.958607314841775
O=C(c1ccc(CN2CCOCC2)cc1)N1CCN(C2CC2)CC1,8.267606240177031
C=CCN(CC=C)CCc1c[nH]c2ccc(OC)cc12,5.770000934050708
C=CCN(CC=C)CCc1c[nH]c2ccc(Cl)cc12,5.800000874803203
C=CCN(CC=C)CCc1c[nH]c2ccc(Br)cc12,5.829999526735649
Cn1cnc(CCN)c1,4.698970004336019
c1ccc(C(OCCCc2c[nH]cn2)c2ccccc2)cc1,7.769551078621726
CN1CC[C@H]2CC(=O)[C@H](Cc3ccccc3)[C@H]3CCC[C@@H]1[C@H]23,6.089375595110798
c1cnc2c(N3CCN(CCc4ccc(OCCCN5CCCCCC5)cc4)CC3)cccc2c1,9.299988937677888
c1cnc2c(N3CCN(CCCc4ccc(OCCCN5CCCCCC5)cc4)CC3)cccc2c1,9.4000078224159
c1cnc2c(N3CCN(CCCCc4ccc(OCCCN5CCCCCC5)cc4)CC3)cccc2c1,9.199970640755865
O=C(O)c1ccc2cccc(N3CCN(CCc4ccc(OCCCN5CCCCCC5)cc4)CC3)c2n1,9.299988937677888
O=C(O)c1cnc2c(N3CCN(CCc4ccc(OCCCN5CCCCCC5)cc4)CC3)cccc2c1,8.79997073344623
N#Cc1ccc(N2CCN(CCc3ccc(OCCCN4CCCCCC4)cc3)CC2)c2ncccc12,8.500038134403809
O=C(O)c1cc(N2CCN(CCc3ccc(OCCCN4CCCCCC4)cc3)CC2)c2ncccc2c1,8.700057099977233
O=C(O)/C=C/c1ccc2cccc(N3CCN(CCc4ccc(OCCCN5CCCCCC5)cc4)CC3)c2n1,8.79997073344623
O=C(O)CCc1ccc2cccc(N3CCN(CCc4ccc(OCCCN5CCCCCC5)cc4)CC3)c2n1,8.79997073344623
O=C(O)CCc1cnc2c(N3CCN(CCc4ccc(OCCCN5CCCCCC5)cc4)CC3)cccc2c1,8.899974269892137
CC(C)N1CCN(C(=O)OC2CCN(c3ccc(=O)[nH]n3)CC2)CC1,8.2518119729938
CC(C)N1CCN(C(=O)OC2CCN(c3cc[nH]c(=O)c3)CC2)CC1,8.190440285364732
CC(C)N1CCN(C(=O)OC2CCN(c3ccc(=O)[nH]c3)CC2)CC1,8.853871964321762
CC(C)N1CCN(C(=O)OC2CCN(c3ccc(C(F)(F)F)cn3)CC2)CC1,7.756961951313706
O=C(OC1CCN(c2ccccn2)CC1)N1CCN(C2CCC2)CC1,9.397940008672036
COC(=O)c1cccnc1N1CCC(OC(=O)N2CCN(C(C)C)CC2)CC1,8.078313524516398
CC(C)N1CCN(C(=O)OC2CCN(c3cc(F)ccn3)CC2)CC1,8.296708621881338
O=C(OC1CCN(c2ccc(F)cn2)CC1)N1CCN(C2CCC2)CC1,9.397940008672036
COC(=O)c1ccc(N2CCC(OC(=O)N3CCN(C4CCC4)CC3)CC2)nc1,8.105130343254748
COc1ccc(N2CCC(OC(=O)N3CCN(C(C)C)CC3)CC2)nc1,8.40340290437354
COc1ccc(N2CCC(OC(=O)N3CCN(C4CCC4)CC3)CC2)nc1,9.522878745280336
CC(CO)N1CCN(C(=O)OC2CCN(c3ccc(C(N)=O)cn3)CC2)CC1,7.031517051446065
CC(C)N1CCN(C(=O)OC2CCN(c3cccc(C(F)(F)F)n3)CC2)CC1,8.096910013008056
COC(=O)c1cccc(N2CCC(OC(=O)N3CCN(C(C)C)CC3)CC2)n1,8.314258261397736
CC(C)N1CCN(C(=O)OC2CCN(c3cccc(CO)n3)CC2)CC1,8.080921907623926
[C-]#[N+]c1cccc(N2CCC(OC(=O)N3CCN(C(C)C)CC3)CC2)n1,8.443697499232712
COC(=O)c1ccc(N2CCC(OC(=O)N3CCN(C(C)C)CC3)CC2)cn1,8.869666231504993
CC(C)N1CCN(C(=O)OC2CCN(c3ccc(CO)nc3)CC2)CC1,9.397940008672036
O=C(OC1CCN(c2ccc(CO)nc2)CC1)N1CCN(C2CCC2)CC1,9.69897000433602
COCc1ccc(N2CCC(OC(=O)N3CCN(C4CCC4)CC3)CC2)cn1,9.69897000433602
COCc1ccc(N2CCC(OC(=O)N3CCN(C(C)C)CC3)CC2)cn1,9.522878745280336
NC(=O)c1ccc(N2CCC(OC(=O)N3CCN(C4CCC4)CC3)CC2)cn1,6.91721462968355
CC(C)N1CCN(C(=O)OC2CCN(c3ccncc3)CC2)CC1,8.323306390375134
O=C(OC1CCN(c2ccncc2)CC1)N1CCN(C2CCC2)CC1,8.756961951313706
COc1ccc(N2CCC(OC(=O)N3CCN(C4CCC4)CC3)CC2)nn1,7.997833938243493
CC(C)N1CCN(C(=O)OC2CCN(c3ccn4ccnc4c3)CC2)CC1,8.133712660915805
O=C(OC1CCN(c2ccn3ccnc3c2)CC1)N1CCN(C2CCC2)CC1,8.809668301829708
Cc1cn2ccc(N3CCC(OC(=O)N4CCN(C(C)C)CC4)CC3)cc2n1,8.958607314841775
NC(=O)c1ccc(N2CCC(OC(=O)N3CCN(C4CCC4)CC3)CC2)cc1,7.026872146400302
CC(C)N1CCN(C(=O)OC2CCN(c3nccs3)CC2)CC1,8.024568191490737
Cc1csc(N2CCC(OC(=O)N3CCN(C(C)C)CC3)CC2)n1,7.954677021213342
CC(C)N1CCN(C(=O)OC2CCN(c3ccc(C(N)=O)nc3)C2)CC1,8.267606240177031
C[C@H]1CCCN1C1CC[C@H](c2ccc(N3CCC4(CCOCC4)C3=O)cc2)C1,7.924453038607469
C[C@H]1CCCN1C1CC[C@H](c2ccc(N3CCC4(CCCCC4)C3=O)cc2)C1,7.892790030352131
CC1CCCN1C1CC[C@H](c2ccc(N3CCCC4(CCN(C(=O)OC(C)(C)C)CC4)C3=O)cc2)C1,7.747146969020107
CC1CCCN1C1CC[C@H](c2ccc(N3CCC4(CCC(O)CC4)C3=O)cc2)C1,7.123782159408358
COC(=O)C1CCC2(CC1)CCN(c1ccc([C@H]3CCC(N4CCCC4C)C3)cc1)C2=O,7.355561410532162
CC1CCCN1C1CC[C@H](c2ccc(N3CCCC4(CCCC4)C3=O)cc2)C1,7.560667306169737
O=C1N(c2ccc([C@H]3CC[C@H](N4CCCC4)CC3)cc2)CCC12CCOCC2,6.950781977329818
O=C1N(c2ccc([C@H]3CC[C@H](N4CCC4)CC3)cc2F)CCC12CCNCC2,7.0851281824599495
O=C1N(c2ccc([C@H]3CC[C@H](N4CCCC4)CC3)cc2F)CCC12CCNCC2,6.863279432843593
C[C@H]1CCCN1C1CC=C(c2ccc(NC(=O)OCc3ccccc3)c(F)c2)CC1,8.162411561764488
C[C@H]1CCCN1C1CC[C@H](c2ccc(NC(=O)c3cccs3)cc2)C1,7.3325470471100465
C[C@H]1CCCN1C1CC[C@H](c2ccc(NS(=O)(=O)C3CC3)cc2)C1,7.468521082957745
C[C@H]1CCCN1C1CC[C@H](c2ccc(NC(=O)C3CCOCC3)cc2)C1,7.472370099128661
C[C@H]1CCCN1C1CC[C@H](c2ccc(NC(=O)c3ccccc3)cc2)C1,7.123205023799299
C[C@H]1CCCN1C1CC[C@H](c2ccc(NC(=O)c3ccc(Cl)cc3)cc2)C1,7.183758700008217
C[C@H]1CCCN1C1CC[C@H](c2ccc(NC(=O)c3ccccc3OC(F)(F)F)cc2)C1,6.866461091629782
C[C@H]1CCCN1C1CC[C@H](c2ccc(NC(=O)Cc3ccccc3)cc2)C1,7.146301788223826
CCN1CCN(c2cc(C)c3cc(NC(=O)/C=C/c4ccc(OC)cc4)ccc3n2)CC1,7.97469413473523
COc1cc(-n2cnc3cc(-c4ccc(Cl)cc4)sc3c2=O)ccc1OCCN1CCCC1,6.681936665037238
O=c1cc(OCc2ccc(F)cc2)ccn1-c1ccc(OCCN2CCCC2)cc1,6.286761538454338
O=[N+]([O-])c1cccc(C(OCCCc2c[nH]cn2)c2ccccc2)c1,8.017728766960431
Ic1ccc(C(OCCCc2c[nH]cn2)c2ccccc2)cc1,7.853871964321762
Brc1ccc(C(OCCCc2c[nH]cn2)c2ccc3ccccc3c2)cc1,7.327902142064283
CC(=O)c1ccc(OCc2ccc(CN3CCCC(C)C3)cc2)cc1,7.657577319177793
c1ccc2c(OCCCCCN3CCCCCC3)cccc2c1,7.6595558851598815
c1ccc2c(OCCCCCN3CCCCC3)cccc2c1,7.268411234813262
CC1CCN(CCCCCCOc2ccc3ccccc3c2)CC1,7.035740369803151
c1ccc2cc(OCCCCCN3CCCCCC3)ccc2c1,7.24184537803261
c1ccc2cc(OCCCCCN3CCCCC3)ccc2c1,7.2716462179787715
CC1CCN(CCCCCOc2ccc3ccccc3c2)CC1,7.022276394711152
C#CCN(C)Cc1cc2cc(OCCCN3CCCCC3)ccc2n1C,7.966576244513051
CN1CCN(c2ccc3c(c2)CN(C(=O)OCc2ccccc2)C3)CC1,6.322119418488409
C=C(C)CN1CCN(c2ccc3c(c2)CN(C(=O)OCc2ccccc2)CC3)CC1,5.554240163511369
O=C(OCc1ccccc1)N1Cc2ccc(N3CCN(C4CCCC4)CC3)cc2C1,6.782516055786093
CC(C)(C)c1ccc(OCCCN2CCN(c3ncccn3)CC2)cc1,5.417141537775501
CC(C)(C)c1ccc(OCCCN2CCN(c3ccncc3)CC2)cc1,7.795880017344075
CC(C)(C)c1ccc(OCCCN2CCN(c3cnccn3)CC2)cc1,5.058488567365597
CC(C)(C)c1ccc(OCCCCN2CCN(c3ccccn3)CC2)cc1,5.529148675473882
CC(C)(C)c1ccc(OCCCCN2CCN(c3cccnc3)CC2)cc1,5.465973893943865
CC(C)(C)c1ccc(OCCCCN2CCN(c3ccncc3)CC2)cc1,7.422508200162775
CC(C)(C)c1ccc(OCCCCN2CCN(c3cnccn3)CC2)cc1,5.261457259071215
CCC(C)(C)c1ccc(OCCCN2CCN(c3cccnc3)CC2)cc1,5.437231456983481
CCC(C)(C)c1ccc(OCCCN2CCN(c3ncccn3)CC2)cc1,5.267204301710671
CCC(C)(C)c1ccc(OCCCN2CCN(c3cnccn3)CC2)cc1,5.206768552943479
CCC(C)(C)c1ccc(OCCCCN2CCN(c3ccccn3)CC2)cc1,6.31695296176115
CCC(C)(C)c1ccc(OCCCCN2CCN(c3ncccn3)CC2)cc1,5.645123577483767
CCC(C)(C)c1ccc(OCCCCN2CCN(c3cnccn3)CC2)cc1,6.165579296318468
O=C1/C(=C/c2ccc(OCCCN3CCCCC3)cc2)Cc2cc(OCc3ccc(Br)cc3)ccc21,8.187086643357144
COc1ccc2c(c1)C(=O)/C(=C/c1ccc(OCCCN3CCCCC3)cc1)C2,7.958607314841775
O=C1/C(=C/c2ccc(OCCCN3CCCCC3)cc2)Cc2ccccc21,8.67778070526608
O=C1/C(=C/c2ccccc2)Cc2ccc(OCCCN3CCCCC3)cc21,7.4089353929735005
O=C1/C(=C/c2ccccc2)Cc2ccc(OCCN3CCCCC3)cc21,6.157390760389438
O=C1CCc2cc(OCCCN3CCCCC3)ccc21,6.798602875679548
O=C(c1ccc(OCCCN2CCCCC2)cc1)C1CC1,8.200659450546418
c1ccc(Nc2nnc(CCCN3CCCCC3)o2)cc1,5.886056647693163
Clc1ccc(Nc2nnc(CCN3CCCCC3)o2)cc1,5.795880017344075
FC(F)(F)Oc1ccc(Nc2nnc(CCN3CCCCC3)o2)cc1,5.886056647693163
Cc1sc(-c2ccccc2)nc1OCCCN(C)C,5.3872161432802645
Cc1sc(-c2ccccc2)nc1OCCN1CCCC1,7.327902142064283
Cc1sc(-c2ccccc2)nc1OCCN1CCCCC1,6.698970004336019
Cc1sc(-c2ccccc2)nc1OCCCN1CCCCC1,6.060480747381382
Cc1sc(-c2ccccc2)nc1OCC1CCN(C)CC1,6.657577319177793
Cc1sc(-c2ccccc2)nc1OC(=O)N1CCN(C)CC1,5.236572006437063
Cc1sc(-c2ccccc2)nc1OC(=O)N1CCC(N2CCCCC2)CC1,8.267606240177031
Cc1sc(-c2ccc(Cl)cc2)nc1OCCCN(C)C,6.552841968657781
Cc1sc(-c2ccc(Cl)cc2)nc1OCCN1CCCC1,7.657577319177793
Cc1sc(-c2ccc(Cl)cc2)nc1OCCN1CCCCC1,7.356547323513812
Cc1sc(-c2ccc(Cl)cc2)nc1OC(=O)N1CCC(N2CCCCC2)CC1,7.267606240177032
Cc1sc(-c2ccc(C#N)cc2)nc1OCCN1CCCC1,8.3767507096021
Cc1sc(-c2ccc(C#N)cc2)nc1OC(=O)N1CCC(N2CCCCC2)CC1,7.376750709602099
Cc1sc(-c2cccc(Cl)c2)nc1OCCN1CCCCC1,6.221848749616356
Cc1sc(-c2cccc(Cl)c2)nc1OCCCN1CCCC1,6.366531544420414
Cc1sc(-c2cccc(Cl)c2)nc1OCCCN1CCCCC1,6.522878745280337
Cc1sc(-c2ccncc2)nc1OCCN1CCCC1,7.0
Cc1sc(-c2ccncc2)nc1OCCN1CCCCC1,7.244125144327507
Cc1sc(-c2ccncc2)nc1OCCCN1CCCC1,6.3872161432802645
Cc1sc(-c2ccncc2)nc1OCCCN1CCCCC1,6.886056647693163
Cc1sc(-c2cnccn2)nc1OCCCN(C)C,5.229147988357856
Cc1sc(-c2cnccn2)nc1OCCCN1CCCCC1,5.958607314841775
Cc1sc(-c2ccc3c(c2)COC3=O)nc1OCCCN1CCCCC1,7.060480747381382
Cc1sc(-c2ccc(C#N)cc2)nc1OCc1ccc(CN2CCCCC2)cc1,6.346787486224656
Cc1sc(-c2ccc(C#N)cc2)nc1OCc1ccc(CN2CCCC2)cc1,6.721246399047171
CCc1sc(-c2ccccc2)nc1OCCCN1CCCCC1,6.42021640338319
CCc1sc(-c2ccc(Cl)cc2)nc1OCCCN1CCCC1,6.769551078621726
Cc1nc(-c2ccc(OCCCN3CCC[C@H]3C)cc2)sc1C(=O)N1CCOCC1,8.602059991327963
CC[C@H]1c2ccccc2N(c2ccccc2)C[C@@]1(C)N,5.40000018605658
Cc1nn(CCOCCOCCN)cc1-c1ccc2cc(CCN3CCC[C@H]3C)ccc2n1,9.154901959985745
Cc1nn(CCOCCOCCNC(=O)CCCCCC2(C)C(/C=C/C=C/C=C3/N(CCCS(=O)(=O)O)c4ccc(S(=O)(=O)O)cc4C3(C)C)=[N+](CCCS(=O)(=O)O)c3ccc(S(=O)(=O)O)cc32)cc1-c1ccc2cc(CCN3CCC[C@H]3C)ccc2n1,8.721246399047171
Cc1nn(CCOCCOCCNC(=O)CS(=O)(=O)O)cc1-c1ccc2cc(CCN3CCC[C@H]3C)ccc2n1,8.2518119729938
Cc1nn(CCOCCOCCNC(=O)C2C(C(=O)O)C(C(=O)O)C2C(=O)O)cc1-c1ccc2cc(CCN3CCC[C@H]3C)ccc2n1,7.595166283380062
c1ccc2[nH]c(C[C@@H]3C[C@H]3c3c[nH]cn3)nc2c1,6.730487055782084
CCC(C)(C)c1ccc(OCCCN2CC(C)CC(C)C2)cc1,6.123205023799299
CCC(C)(C)c1ccc(OCCCN2CCC(C)CC2)cc1,6.832682665251824
CCC(C)(C)c1ccc(OCCCN2CCCCCC2)cc1,6.525783735923745
Clc1ccc(OCCCCCCCN2CCCCC2)cc1,6.892790030352131
Clc1nc(N2CCC(N3CCOCC3)CC2)c2ccn(CCN3CCOCC3)c2n1,6.498940737782249
c1nc(N2CCC(N3CCOCC3)CC2)c2ccn(CCN3CCOCC3)c2n1,6.42712839779952
Clc1nc(N2CCC(N3CCCCC3)CC2)c2ccn(CCN3CCOCC3)c2n1,7.657577319177793
Clc1ccc(Cn2ccc3c(N4CCC(N5CCCCC5)CC4)nc(Cl)nc32)cc1,7.376750709602099
Fc1ccc(Cn2ccc3c(N4CCC(N5CCCCC5)CC4)ncnc32)cc1,7.455931955649724
N#Cc1ccc(Cn2ccc3c(N4CCC(N5CCCCC5)CC4)nc(Cl)nc32)cc1,7.744727494896693
N#Cc1ccc(Cn2ccc3c(N4CCC(N5CCCCC5)CC4)ncnc32)cc1,8.154901959985743
Clc1nc(N2CCC(N3CCCCC3)CC2)c2ccn(Cc3c(Cl)cccc3Cl)c2n1,7.267606240177032
Clc1cccc(Cl)c1Cn1ccc2c(N3CCC(N4CCCCC4)CC3)ncnc21,8.221848749616356
Cc1cc(N2CC(N(C)C)C2)nc(N)n1,6.499996931948306
CCNC1CN(c2cc(C)nc(N)n2)C1,7.100015437450609
Cc1cc(N2CC(N)C2)nc(N)n1,7.299988937677887
CCc1cc(N2CC(N(C)C)C2)nc(N)n1,6.599997654072044
CCc1cc(N2CC(NC)C2)nc(N)n1,7.299988937677887
CCc1cc(N2CC(N)C2)nc(N)n1,7.100015437450609
CNC1CN(c2cc(C(C)C)nc(N)n2)C1,7.0
CC(C)c1cc(N2CC(N)C2)nc(N)n1,6.699991797446187
O=C(NCCN1CCCC1)c1ccc(OC2CCN(C3CCCC3)CC2)cc1,8.619788758288394
CC(C)N1CCC(Oc2ccc(C(=O)NCCN3CCCCC3)cc2)CC1,8.022276394711152
O=C(NCCN1CCCC1)c1ccc(OC2CCN(C3CCC3)CC2)cc1,8.537602002101044
CC(C)N1CCC(Oc2ccc(C(=O)NCCN3CCCC3)cc2)CC1,7.982966660701219
CN(C)CC(=O)Nc1ccc(OC2CCN(C3CCC3)CC2)cc1,8.221848749616356
CCN(CC)CC(=O)Nc1ccc(OC2CCN(C3CCC3)CC2)cc1,7.931814138253839
C[C@@H]1CCCN1CC(=O)Nc1ccc(OC2CCN(C3CCC3)CC2)cc1,8.585026652029182
O=C(CN1CCC(F)(F)CC1)Nc1ccc(OC2CCN(C3CCC3)CC2)cc1,7.627087997029894
O=C(CN1CCCC1)Nc1ccc(OC2CCN(C3CCCC3)CC2)cc1,8.42021640338319
Cc1cc(OC2CCN(C3CCC3)CC2)ccc1NC(=O)CN1CCC[C@H]1C,8.619788758288394
O=C(CN1CCCCC1)Nc1ccc(OC2CCN(C3CCC3)CC2)cc1C(F)(F)F,7.829738284605042
CC(C)N1CCCN(CC(=O)Nc2ccc(OC3CCN(C4CCC4)CC3)cc2C(F)(F)F)CC1,9.017728766960431
O=C(Cc1cccnc1)Nc1ccc(OC2CCN(C3CCC3)CC2)cc1,7.801342913045577
O=C(CN1CCOC(CO)C1)Nc1ccc(OC2CCN(C3CCC3)CC2)cc1,8.39254497678533
O=C(CN1CCOCC1)Nc1ccc(OC2CCN(C3CCC3)CC2)cc1C(F)(F)F,7.120330794367947
COc1cc(OC2CCN(C3CCC3)CC2)ccc1NC(=O)CN1CCOCC1,7.04215336629185
C[C@@H]1CCCN1CC(=O)Nc1ccc(CN2CCOCC2)cc1,6.038578905933552
C[C@@H]1CCCN1Cc1ccc(NC(=O)CN2CCOCC2)cc1,5.447088549783492
O=C(CN1CCOCC1)Nc1ccc(N2CCN(C3CCC3)CC2)cc1,6.274006741075278
CN(C(=O)CN1CCOCC1)c1ccc(OC2CCN(C3CCC3)CC2)cc1,8.31069114087638
CCN(C(=O)CN1CCOCC1)c1ccc(OC2CCN(C3CCC3)CC2)cc1,7.966576244513051
Cc1ccc2oc(-c3ccc(OCCCCCCN4CCCC(C)C4)cc3)cc(=O)c2c1,7.221848749616356
CC1CCCN(CCCCCCOc2ccc3c(c2)C(=O)CC(c2ccccc2)O3)C1,6.281664421091493
Cc1ccc2oc(-c3ccc(OCCCCCCN4CCCCC4)cc3)cc(=O)c2c1,6.641684359917805
CCc1ccc(OCCCCCCN2CCCCCC2)cc1,7.074172425375258
CCc1ccc(OCCCCCCN2CCC(C)CC2)cc1,6.741123370627869
C(=C/c1ccccc1)\CN1CCN(CCCOCCCc2ccccc2)CC1,6.161150909262744
O=C(c1ccc(OCCCN2CCN(c3ccccc3)CC2)cc1)C1CC1,6.954677021213342
CCOC(=O)C1=C(C)NC(C)=C(C(=O)OCC)C1c1ccc(OCCCN2CCCCC2)cc1,7.397940008672037
CCOC(=O)C1=C(C)NC(C)=C(C(=O)OCC)C1c1ccc(OCCCCN2CCCC2)cc1,7.221848749616356
CCOC(=O)C1=C(C)NC(C)=C(C(=O)OCC)C1c1ccc(OCCCCCN2CCCC2)cc1,6.371611069949688
COc1ccc2[nH]cc(CCNC(C)=O)c2c1,9.30102999566398
CCC(=O)c1ccc(OCCCCN2CCN(c3ncccn3)CC2)cc1,5.393618634889395
CCC(=O)c1ccc(OCCCCN2CCN(c3ccncc3)CC2)cc1,7.812479279163536
CCC(=O)c1ccc(OCCCCN2CCN(c3ccccn3)CC2)cc1,5.84043280676638
CCC(=O)c1ccc(OCCCN2CCN(c3cnccn3)CC2)cc1,5.764471553092451
CCC(=O)c1ccc(OCCCN2CCN(c3ccccn3)CC2)cc1,6.423658649794207
CC(=O)c1ccc(OCCCCN2CCN(c3cnccn3)CC2)cc1,5.786747947803604
CC(=O)c1ccc(OCCCCN2CCN(c3ncccn3)CC2)cc1,5.910094888560602
CC(=O)c1ccc(OCCCCN2CCN(c3cccnc3)CC2)cc1,6.041914151478915
CC(=O)c1ccc(OCCCN2CCN(c3cnccn3)CC2)cc1,5.610302451793614
CC(=O)c1ccc(OCCCN2CCN(c3ncccn3)CC2)cc1,5.635261444944601
CC(=O)c1ccc(OCCCN2CCN(c3ccncc3)CC2)cc1,7.991399828238082
CC(=O)c1ccc(OCCCN2CCN(c3cccnc3)CC2)cc1,6.30189945437661
Cc1ccc(C2(O)CCN(c3nc(C)nc4ccsc34)CC2)nc1,8.216811308924742
COc1ccccc1N1CCC2(CCN(CCCSc3nnc(-c4ccccc4)n3C)CC2)CC1,6.293282217663241
C#CCNC1CCc2ccc(OCCCN3CCCCC3)cc21,8.173925197299173
C[C@]12CC[C@@H]3c4ccc(OCCCN5CCCC5)cc4CC[C@H]3[C@@H]1CC[C@@H]2N1CCCC1,9.221848749616356
CC(=O)N[C@@H]1CC(=O)[C@@]2(C)CC[C@@H]3c4ccc(OCCCN5CCC[C@H]5C)cc4CC[C@H]3[C@H]12,8.0
CCNC(=O)[C@H]1CC[C@@]2(C)CC[C@@H]3c4ccc(OCCCN5CCC[C@H]5C)cc4CC[C@H]3[C@H]12,8.045757490560675
CCNC(=O)[C@H]1C[C@H](OC)[C@@]2(C)CC[C@@H]3c4ccc(OCCCN5CCC[C@H]5C)cc4CC[C@H]3[C@H]12,8.045757490560675
CCNC(=O)[C@H]1CC(=O)[C@@]2(C)CC[C@@H]3c4ccc(OCCCN5CCC(F)(F)CC5)cc4CC[C@H]3[C@H]12,5.862962545210487
C[C@H]1CCCN1CCCOc1ccc2c(c1)CC[C@@H]1[C@@H]2CC[C@]2(C)C(=O)C[C@@H](C(=O)N3CCCC3)[C@@H]12,7.522878745280337
CCCN(CC[C@]1(O)C[C@H](NC(=O)c2ccc3ccccc3c2)C1)[C@H]1CCc2nc(N)sc2C1,6.049148541111453
Cc1ccn2cc(-c3ccc(OCCCN4CCCCCC4)cc3C)nc2c1,9.30102999566398
c1cc(-c2cn3c(n2)CCCC3)ccc1OCCCN1CCCCC1,9.1249387366083
Clc1ccc(OCCCCCN2CCCCC2)cc1,6.369572124974976
Clc1ccc(OCCCCCCN2CCCCC2)cc1,6.576754126063192
CC1CCCN(CCCCCOc2ccc(Cl)cc2)C1,6.876148359032914
CC1CCCN(CCCCCCCOc2ccc(Cl)cc2)C1,6.7447274948966935
CC1CCN(CCCCCOc2ccc(Cl)cc2)CC1,6.096910013008056
CC1CCN(CCCCCCCOc2ccc(Cl)cc2)CC1,6.330683119433888
Clc1ccc(OCCCCCN2CCCCCC2)cc1,6.430626090384954
Clc1ccc(OCCCCCCN2CCCCCC2)cc1,6.6252516539898965
Clc1cccc(OCCCCCCN2CCCCC2)c1,6.5934598195660445
Clc1cccc(OCCCCCCCN2CCCCC2)c1,6.47755576649368
CC1CCCN(CCCCCCOc2cccc(Cl)c2)C1,6.7594507517174005
CC1CCCN(CCCCCCCOc2cccc(Cl)c2)C1,6.350665141287858
Clc1cccc(OCCCCCCN2CCCCCC2)c1,6.533132379645891
CN1C[C@H]2CCN(c3ccc(-c4ccc(-n5ncccc5=O)cc4)cc3)[C@H]2C1,8.721246399047171
CCN1CCC(c2cccc3c2CCN3S(=O)(=O)c2ccccc2)CC1,6.498940737782249
CCN1CCN(c2cccc3c2CCN3S(=O)(=O)c2ccccc2)CC1,6.46344155742847
O=S(=O)(c1ccccc1)N1CCc2c(N3CCN(C4CCC4)CC3)cccc21,6.236572006437063
CN1CCC(c2ccc3c(c2)CCN3S(=O)(=O)c2ccccc2)CC1,6.52432881167557
N=C(N)N(CCCCN1CCN(CCCCCCCOc2ccccc2)CC1)Cc1ccc(Cl)cc1,6.560004526046192
N=C(N)N(CCCCN1CCN(CCCCCCCOc2ccccc2)CC1)Cc1ccccc1,6.799998134593398
CC(C)(C)CNc1nccc(N2CCc3nc[nH]c3C2)n1,8.732945664348588
Cc1cc(OCCCNC(=O)CCCCCN2/C(=C\C=C\C=C\C3=[N+](CCCCS(=O)(=O)O)c4ccccc4C3(C)C)C(C)(C)c3ccccc32)ccc1-c1nc2c(C)c(F)ccc2[nH]1,5.620000528471499
Cc1cc(OCCCNC(=O)CCCCCNC(=O)COc2ccc(/C=C/C3=[N+]4C(=Cc5ccc(-c6ccc[nH]6)n5[B-]4(F)F)C=C3)cc2)ccc1-c1nc2c(C)c(F)ccc2[nH]1,6.299997602857746
Fc1ccc(OCCCCCCN2CCCCCC2)cc1,6.863279432843593
O=C(c1ccccc1)c1cccc(OCCCCCCN2CCCCCC2)c1,7.387216143280264
CC(C)(C)c1ccc(OCCCCCCN2CCCCCC2)cc1,6.081445469449727
c1ccc(COCCCc2c[nH]cn2)cc1,8.584025588623435
c1ccc(OCCCc2c[nH]cn2)cc1,7.568636235841013
CC(=O)c1ccc(OCCc2c[nH]cn2)cc1,7.376750709602099
NCCCCc1c[nH]cn1,8.389126999619949
CCOC(=O)N1CCN(CCCOc2ccc(-c3ccc(C#N)cc3)cc2)CC1,6.0
CCCCN(CCCC)CCCOc1c(OC)cc(-c2cn3cccc(C)c3n2)cc1OC,5.481486060122113
CCCCN(CCCC)CCCOc1ccc(-c2nc3c(C)cccn3c2C)cc1,6.060480747381382
COc1cc(-c2cn3ccc(C)cc3n2)ccc1OCCCN1CCCCC1,7.161150909262744
N#Cc1ccc(-c2ccc(OCCCN3CCCNCC3)cc2)cc1,8.079981083971084
Cc1cccn2cc(-c3ccc(OCCCn4ccnc4)cc3)nc12,6.0
N#Cc1ccc(-c2ccc(OCCCN3CCC(N)CC3)cc2)cc1,6.699991797446187
CCCCN(CCCC)CCCOc1ccc(-c2cn3cccc(OCc4ccccc4)c3n2)cc1,5.619788758288394
CCCCN(CCCC)CCCOc1ccc(-c2cn3cccc(C)c3n2)cc1C,5.096910013008056
c1ccc(NCc2ccc(OCCCN3CCCCC3)cc2)cc1,8.079981083971084
c1ccc2c(c1)CCN(Cc1ccc(OCCCN3CCCCC3)cc1)C2,8.770062314092065
CC(C)c1nc(-c2ccc(OCCCN3CCCN(C(=O)[C@@H](C)NC(=O)c4ccco4)CC3)cc2F)no1,7.337242168318426
CC(=O)N[C@H](C)C(=O)N1CCCN(CCCOc2ccc(-c3noc(CC4CCCC4)n3)c(F)c2)CC1,7.397940008672037
C[C@@H](NC(=O)c1ccc(Cl)cc1)C(=O)N1CCCN(CCCOc2ccc(-c3noc(CC4CCCC4)n3)c(F)c2)CC1,7.508638306165727
CCCCC(=O)N[C@H](C)C(=O)N1CCN(CCCOc2ccc(-c3noc(CC4CCCC4)n3)c(F)c2)CC1,7.102372908709558
CCC(=O)N[C@H](C)C(=O)N1CCN(CCCOc2ccc(-c3noc(CC4CCCC4)n3)c(F)c2)CC1,6.769551078621726
C[C@@H](NC(=O)c1ccc(C#N)cc1)C(=O)N1CCN(CCCOc2ccc(-c3noc(-c4ccccc4)n3)c(F)c2)CC1,7.698970004336019
C[C@@H](NC(=O)c1ccco1)C(=O)N1CCN(CCCOc2ccc(-c3noc(C4CC4)n3)c(F)c2)CC1,7.1938200260161125
CCC(CC)c1nc(-c2ccc(OCCCN3CCCN(C(=O)[C@@H](C)NC(=O)c4ccco4)CC3)cc2F)no1,7.468521082957745
C[C@@H](NC(=O)c1ccco1)C(=O)N1CCCN(CCCOc2ccc(-c3noc(-c4ccncc4)n3)c(F)c2)CC1,6.2839966563652006
C[C@@H](NC(=O)c1ccccc1F)C(=O)N1CCN(CCCOc2ccc(-c3noc(CC4CCCC4)n3)c(F)c2)CC1,7.795880017344075
CCC(=O)N[C@H](C)C(=O)N1CCCN(CCCOc2ccc(-c3noc(CC4CCCC4)n3)c(F)c2)CC1,7.585026652029182
C[C@@H](NC(=O)CCN1CCOCC1)C(=O)N1CCCN(CCCOc2ccc(-c3noc(CC4CCCC4)n3)c(F)c2)CC1,7.886056647693163
CC(=O)c1ccc(COCCCc2c[nH]cn2)cc1,7.060480747381382
CC(CC(C)(C)C)OCCCc1c[nH]cn1,6.924453038607469
O=C(NC(C1CC1)C1CC1)OCCCc1c[nH]cn1,8.086186147616283
CCN(CC)C(=O)c1ccc(-c2ccc(OCCCN3[C@@H](C)CC[C@@H]3C)cc2)cc1,9.110026361596004
CC1CCN(CCCOc2ccc(-c3ccc(C(=O)N4CCCC4C)cc3)cc2)CC1,8.430041181903405
CN(C)[C@@H]1CCN(CCCOc2ccc(-c3ccc(C(=O)N4CCCC4)cc3)cc2)C1,8.54000474395261
C[C@H]1CC[C@H](C)N1C(=O)c1ccc(-c2ccc(OCCCN3CCOCC3)cc2)cc1,7.430041181903406
CC1CCN(CCCOc2ccc(-c3ccc(C(=O)N4CCCC4)cc3)cc2)CC1,8.439973751087107
CC1CCCN1C(=O)c1ccc(-c2ccc(OCCCN3CC[C@H](O)C3)cc2)cc1,8.079981083971084
CC1CCN(CCCOc2ccc(-c3ccc(C(=O)NC(C)C)cc3)cc2)CC1,8.680061560019691
CC1CCCN1C(=O)c1ccc(-c2ccc(OCCCN3[C@@H](C)CC[C@@H]3C)cc2)cc1,9.110026361596004
O=C(c1ccc(-c2ccc(OCCCN3CCOCC3)cc2)cc1)N1CCOCC1,7.739928612014925
CC1CCCCN1CCc1cc2cc(-c3ccc(C(=O)N4CCOCC4)cc3)ccc2o1,8.521433504406156
N#Cc1ccc(-c2ccc3oc(CCN4CC=CCC4)cc3c2)cc1,7.995034112893176
N#Cc1ccc(-c2ccc3oc(CCn4ccnc4)cc3c2)cc1,6.220923241579569
N#Cc1ccc(-c2ccc3oc(CCN4CCC[C@@H]4CC(=O)O)cc3c2)cc1,6.497415852226683
N#Cc1ccc(-c2ccc3oc(CCN4CCCC4)cc3c2)cc1,8.37335173152599
CN(C)CCCNc1c2c(nc3c1CCCC3)CCCCC2,6.799998134593398
O=C(c1ccc(-c2ccc3oc(CCN4CCC(O)C4)cc3c2)nc1)N1CCOCC1,7.925366381703096
CN1CCN(CCC#Cc2c3c(nc4ccccc24)CCCCC3)CC1,6.139997578098902
Cc1c(-c2ccc(OCCCN3CCCCC3)cc2)cc2ccccn12,8.698970004336019
c1cc(OCCCN2CCCCC2)cc(-c2cc3ccccn3c2)c1,6.511449283499556
CCc1c(-c2ccc(OCCCN3CCCCC3)cc2)cn2ccccc12,7.721246399047171
CN(C)CCOc1ccc2c(c1)/C(=N/O)c1ccccc1-2,7.397940008672037
CN1CCCC(COc2ccc3c(c2)/C(=N/O)c2ccccc2-3)C1,6.036212172654444
CN(C)C1c2ccccc2-c2ccc(OCCN3CCCCC3)cc21,6.187086643357144
Clc1ccc2c(NCCCCCCCN3CCCCC3)ccnc2c1,8.00436480540245
c1ccc2c(NCCCc3ccc(OCCCN4CCCCC4)cc3)ccnc2c1,9.112298324218235
c1ccc2c(NCCN3CCCCC3)c3c(nc2c1)CCCC3,7.721246399047171
c1ccc2c(Nc3ccc(OCCCN4CCCCC4)cc3)ccnc2c1,10.019996628416251
C(=C1CCN(CCc2ccccc2)CC1)c1c[nH]cn1,7.199970640755866
c1ccc(CCCN2CCC(Cc3c[nH]cn3)CC2)cc1,7.400007822415902
c1nc(CC2CCN(C3CCCCC3)CC2)c[nH]1,7.79997073344623
Cc1cc(C(=O)c2ccc3oc(CCN4CCC[C@H]4C)cc3c2)ccc1F,9.683819901106547
c1ccc2nc(N3CCN(C4CC4)CC3)ccc2c1,7.886056647693163
c1ccc2nc(N3CCN(C4CCCC4)CC3)ccc2c1,7.552841968657781
O=C(c1ccc2nc(N3CCN(C4CC4)CC3)ccc2c1)C1CC1,8.744727494896694
CCC(CC)N1CCN(C(=O)CCC(=O)c2ccc(OC)c(OC)c2)CC1,9.42021640338319
C[C@@H]1CCCN1CCc1cc2cc(-c3cccc(C(=O)C4CC4)c3)ccc2o1,9.683819901106547
CN1CCN(C(=O)c2cc3cc(Br)ccc3[nH]2)CC1,5.499999678657065
CN1CCN(C(=O)c2cc3cc(I)ccc3[nH]2)CC1,5.59999938302362
N#Cc1ccc(OCCCCCN2CCCC2)cc1,7.720105019988362
CCN1CCC(Oc2ccc(C#N)cc2)CC1,7.090016305060156
N#Cc1ccc(OC2CCN(C3CCCCC3)CC2)cc1,7.489991487059766
N#Cc1ccc(OC2CCN(Cc3ccccc3)CC2)cc1,5.269999835325842
CCN(CC)Cc1ccc(OC2CCN(C(C)C)CC2)cc1,8.910094888560602
CC(C)N1CCC(Oc2ccc(CNc3ccccn3)cc2)CC1,8.64994590642097
CC(C)N1CCC(Oc2ccc(CN3CCN(c4ccccc4)CC3)cc2)CC1,8.700057099977233
CC(C)N1CCC(Oc2ccc(CN3CCCN(C)CC3)cc2)CC1,9.0
C[C@@H]1CCCN1CCc1cc2cc(CNc3cncnc3)ccc2o1,9.161150909262744
C[C@@H]1CCCN1CCc1cc2cc(CNc3ncccc3C#N)ccc2o1,9.130768280269024
O=C(CCN1CCC(Cc2c[nH]cn2)CC1)Nc1cccc(F)c1,8.721246399047171
CN(C)CCCOc1ccc(CN2CCCCC2)cc1,8.522878745280337
CN(C)CCCOc1c(Br)cc(CN(C)C)cc1Br,7.443697499232712
CN(C)CCc1ccc(OCCCN2CCCCC2)cc1,9.30102999566398
c1nc(CCCCNC2CCCC2)c[nH]1,7.400007822415902
CC(C)CNCCCCc1c[nH]cn1,8.500038134403809
c1nc(CCCCCN2CCCC2)c[nH]1,7.50003813440381
CC(C)CNCCCCCc1c[nH]cn1,8.79997073344623
Clc1ccc(CNCCCCCc2c[nH]cn2)cc1,8.599980364934842
c1nc(CCCCCNC2CCCCCC2)c[nH]1,8.500038134403809
O=[N+]([O-])c1ccc(NCCCCCN2CCCCC2)c2nonc12,7.958607314841775
N#Cc1c2ccccc2cn1CCCCCN1CCCCC1,7.508638306165727
O=C(c1cc2ccccc2s1)N1CCC[C@H]1CN1CCCC1,8.397940008672037
CC(C)N1CCc2ccc(OCCCN3CCCCC3)cc2CC1,9.142667503568733
c1cc2c(cc1OCCCN1CCCCC1)CCCN2CC1CCCCC1,7.508638306165727
CCN1CCc2cccc(OCCCN3CCCCC3)c2C1,7.021819483062586
c1cc2c(cc1OCCCN1CCCCC1)CNCC2,9.221848749616356
CCN1CCc2cc(OCCCN3CCCCC3)ccc2C1,9.267606240177033
CCN1CCc2c(cccc2OCCCN2CCCCC2)C1,7.075204004202088
c1cc(-c2ccc(CN3CCOCC3)cc2)ccc1CN1CCOCC1,7.910094888560602
c1cc(-c2ccc(CN3CCCCC3)cc2)ccc1CNC1CCCCC1,8.770062314092065
O=C(NCc1ccc(Cl)cc1)N1CCC[C@H]1CN1CCCC1,6.782516055786093
O=C(NC1Cc2ccccc2C1)N1CCC[C@H]1CN1CCCC1,7.2839966563652
O=C(NCC1CCCCC1)N1CCC[C@H]1CN1CCCC1,6.33913452199613
CC(C)N1CCN(C(=O)NCc2ccc(Oc3ccccc3)cc2)CC1,7.468521082957745
CCN1CCN(C(=O)NC2Cc3ccccc3C2)CC1,7.356547323513812
O=C(NC1Cc2ccccc2C1)N1CCN(C2CCCC2)CC1,7.5376020021010435
COc1cc2c(cc1OC)CN(C(=O)N1CCN(C(C)C)CC1)CC2,7.795880017344075
CC(C)N1CCN(C(=O)N(C)Cc2ccc(-c3ccccc3)cc2)CC1,7.431798275933005
COc1ccc(C2CN(C)Cc3cc(OCCCNC4CC4)ccc32)cc1,7.42021640338319
COc1ccc(C2CN(C)Cc3cc(OCCCN4CC(F)(F)C4)ccc32)cc1,7.161150909262744
COc1ccc(C2CN(C)Cc3cc(OCCCN4CCC(C#N)CC4)ccc32)cc1,8.130768280269024
COc1ccc(C2CN(C)Cc3cc(OCCCN4CCC(O)CC4)ccc32)cc1,7.958607314841775
COc1ccc(C2CN(C)Cc3cc(OCCCN4CCOCC4)ccc32)cc1,8.42021640338319
CNCc1cc(C#CCCN2CCNC(=O)C2)ccc1Oc1ccc(SC)cc1,6.063486257521107
CNCc1cc(C#CCCN(C)C2CC2)ccc1Oc1ccc(SC)cc1,8.214670164989233
CNCc1cc(CCCCN2CCN(C3CC3)CC2)ccc1Oc1ccc(SC)cc1,8.327902142064282
CNCc1cc(CCCCN2CCN(C(C)C)CC2)ccc1Oc1ccc(SC)cc1,8.2839966563652
Cc1cc2ncc(-c3ccc4cc(CCN5CCC[C@H]5C)ccc4n3)c(C)n2n1,9.619788758288394
CN1Cc2cc(OCCCN3CCC(F)CC3)ccc2C(c2ccccc2)C1,8.481486060122112
CN1Cc2cc(OCCCN3CCC(F)CC3)ccc2C(c2cccc(Cl)c2)C1,8.522878745280337
CN1Cc2cc(OCCCN3CCC(F)CC3)ccc2C(c2ccc(Cl)cc2)C1,8.080921907623926
COc1ccc(C2CN(C)Cc3cc(OCCCN4CCC(F)CC4)ccc32)cc1Cl,8.013228265733755
COc1cccc(C2CN(C)Cc3cc(OCCCN4CCC(F)CC4)ccc32)c1,8.698970004336019
C[C@@H]1CCCN1CCCOc1ccc(-c2ccc(C#N)cc2)cc1,9.657577319177792
C[C@@H]1CCCCN1CCc1ccc2cc(-c3ccc(C#N)cc3)ccc2c1,8.059981844992336
COc1ccc(C2CN(C)Cc3cc(OCCCN4CCOCC4)ncc32)cc1,7.045757490560675
CCN(CC)CCCOc1cc2c(cn1)C(c1ccc(OC)cc1)CNC2,7.638272163982407
CN1Cc2cc(OCCCN3CCCCC3)ncc2C(c2ccccc2F)C1,8.698970004336019
CN1Cc2cc(OCCCN3CCCCC3)ncc2C(c2ccccc2)C1,8.301029995663981
Clc1ccc(C2CNCc3cc(OCCCN4CCCCC4)ncc32)cc1,8.698970004336019
Oc1cccc(C2CN3CCCC3c3cc(OCCCN4CCCCC4)ccc32)c1,8.522878745280337
CN(C)CCC(Oc1ccc([N+](=O)[O-])cc1)c1ccc(OCCCN2CCCCC2)cc1,9.045757490560677
COc1cccc(OC(CCN(C)C)c2ccc(OCCCN3CCCCC3)cc2)c1,9.154901959985745
Cc1ccc(OC(CCN(C)C)c2ccc(OCCCN3CCCCC3)cc2)cc1,9.154901959985745
c1cncc([C@@H]2CN3CCC[C@@H]3c3cc(OCCCN4CCOCC4)ccc32)c1,8.795880017344075
N#CC(C#N)=C1N(CCCCN2CCCCC2)CCN1CCN1CCCCC1,7.795880017344075
CNCc1cc(C(=O)N2CCN(C(C)C)CC2)ccc1Oc1cccc(OC)c1,8.958607314841775
CNCc1cc(C(=O)N2CCN(C3CCCC3)CC2)ccc1Oc1ccc(Cl)c(Cl)c1,7.698970004336019
CNCc1cc(C(=O)N2CCCN(C3CC3)CC2)ccc1Oc1ccc(SC)c(C)c1,8.387216143280265
CNCc1cc(C(=O)N2CCCN(C3CC3)CC2)ccc1Oc1ccc(SC)cc1,8.853871964321762
CNCc1cc(C(=O)N2CCCN(C3CC3)CC2)ccc1Oc1ccc(Cl)cc1F,8.853871964321762
CNCc1cc(C(=O)N2CCCN(C3CC3)CC2)ccc1Oc1ccc(F)cc1,9.096910013008056
CNCc1cc(C(=O)N2CCCN(C3CC3)CC2)ccc1Oc1cccc(C#N)c1,9.154901959985745
c1ccc(COc2ccc(CCN3CCCC3)cc2)cc1,8.301029995663981
CC(=O)N[C@@H](Cc1ccccc1)C(=O)N(C)[C@H]1CC[C@@]2(C)C(=CC[C@@H]3[C@@H]2CC[C@]24CN(C)[C@@H](C)[C@H]2CC[C@@H]34)C1,8.939679971311715
C[C@H]1[C@H]2CC[C@H]3[C@@H]4CC=C5C[C@@H](N(C)S(=O)(=O)N(C)C)CC[C@]5(C)[C@H]4CC[C@]23CN1C,7.510041520575165
C[C@H]1[C@H]2CC[C@H]3[C@@H]4CC=C5C[C@@H](N(C)C(=O)N(C)C)CC[C@]5(C)[C@H]4CC[C@]23CN1C,7.300075597257523
c1cc(CN2CCOCC2)cc(OCC2CN(C3CC3)CCO2)c1,6.247183568811728
CC(C)N1CCOC(COc2ccccc2)C1,5.318758762624412
C[C@@H]1CC[C@@H](C)N1CCCOc1ccc(-n2c(-c3ccccn3)nc3cc(F)ccc32)cc1,8.292429823902063
Fc1ccc2c(c1)nc(-c1ccccn1)n2-c1ccc(OCCCN2Cc3cccc4cccc(c34)C2)cc1,6.146910470148135
COC(=O)C1CCN(CCCOc2ccc(-n3c(-c4ccccn4)nc4cc(F)ccc43)cc2)CC1,7.795880017344075
NC(=O)C1CCCN(CCCOc2ccc(-n3c(-c4ccccn4)nc4cc(F)ccc43)cc2)C1,7.958607314841775
O=c1[nH]c2cc(F)ccc2n1-c1ccc(OCCCN2CCCCC2)cc1,8.060480747381382
CCCCc1c[nH]cn1,7.599980364934842
Brc1ccc(Cc2c[nH]cn2)cc1,6.3799993576999325
CC(C)(C)C#Cc1cccc(Cc2c[nH]cn2)c1,8.349984047528162
CC(C)(C)CC(=O)c1cccc(Cc2c[nH]cn2)c1,7.489991487059766
c1ccc(Cc2c[nH]cn2)cc1,6.790002703917631
CC1(C)CN=C(c2cccc(Cc3c[nH]cn3)c2)OC1,5.59999938302362
Nc1nc2c(c(N3CCNCC3)n1)CCC1=C2[C@@H]2CCCC[C@@H]2O1,6.030002001401658
FCc1ccc(OCCCN2CCCCC2)cc1,7.761953896871205
FCCc1ccc(OCCCN2CCCCC2)cc1,7.366531544420414
ClC1CCN(Cc2ccc(OCCCN3CCCCC3)cc2)CC1,10.167491087293763
Cc1cccc2nc(C)n(-c3ccc(OC4CCN(C5CCC5)CC4)cc3)c(=O)c12,8.769551078621726
CCCN(CCC)Cc1ccc(-c2ccc(CN3CCCCC3)cc2)cc1,8.759950227887352
c1cc(-c2ccc(CN3CCCCC3)cc2)ccc1CCN1CCCCC1,8.69951321201397
C(CCCCN1CCCCC1)CCCCN1CCCCC1,8.349984047528162
CN(C)CCSc1ncc(Cc2ccc(Cl)cc2)n1C,7.1487416512809245
Cn1c(C(=O)c2ccc(Cl)cc2)cnc1SCCCCN1CCCCC1,7.301029995663981
CC(C)N1CCC(COc2ncc(C(=O)c3ccccc3Cl)n2C)CC1,9.0
CC(C)N1CCC(COc2ncc(C(=O)c3ccc(C(F)(F)F)cc3)n2C)CC1,8.397940008672037
Cc1nc2cccc(C(F)(F)F)c2c(=O)n1-c1ccc(OCCCN2CCCC2)cc1,8.482482130688531
CCCCC1CCN(CCCOCCCc2ccccc2)CC1,6.562249437179612
c1ccc(CCCOCCCN2CCC(Cc3ccccc3)CC2)cc1,6.486782399932061
c1ccc(CCCOCCCN2CCc3ccccc3C2)cc1,6.251811972993799
CN(CCCN1c2ccccc2Sc2ccc(Cl)cc21)Cc1ccc(OCCCN2CCCCC2)cc1,8.91721462968355
O=C(OCCN1CCN(CCCN2c3ccccc3Sc3ccc(C(F)(F)F)cc32)CC1)c1ccc(OCCCN2CCCCC2)cc1,10.3767507096021
COC1CCN(C(=O)c2cc3cc(OC4CCN(C(C)C)CC4)ccc3[nH]2)CC1,8.045757490560675
CC(C)N1CCC(Oc2ccc3c(c2)cc(C(=O)N2CCOCC2)n3CC(F)(F)F)CC1,8.522878745280337
CC(C)N1CCC(Oc2ccc3c(c2)cc(C(=O)N2CCC(F)(F)CC2)n3CC#N)CC1,8.522878745280337
N#Cc1ccc(-c2ccc(N3CC[C@@H]4CN(CC5CC5)C[C@@H]43)cc2)cc1,7.259834761967172
CN1C[C@H]2CCN(c3ccc(Br)cc3)[C@H]2C1,7.0
CN(C)CCOc1ccc(CCNC(=O)c2cccn2C)cc1Br,5.671620396561262
O=C(NCCc1ccc(OCCN2CCCC2)c(Br)c1)c1cc(Br)cs1,7.096910013008056
O=C(NCCc1ccc(OCCN2CCCC2)c(Br)c1)c1ccc(Br)o1,6.769551078621726
N=C(NCCCCc1ccccc1)SCCCc1c[nH]cn1,7.700057099977233
CC1CCN(C(=O)c2ccc3cc(OCCC4CCCN4C)ccc3c2)CC1,6.243363891754152
CC(C)N1CCC(Oc2ccc3cc(C(=O)N4CCOCC4)ccc3c2)CC1,7.397940008672037
CC1CCN(C(=O)c2ccc3cc(OCCCN4CCCCC4)ccc3n2)CC1,6.522878745280337
O=C(c1ccc2cc(OCCCN3CCCCC3)ccc2n1)N1CCC1,6.924453038607469
CC(C)N1CCC(Oc2ccc3nc(C(=O)N4CCC4)ccc3c2)CC1,7.207608310501746
CC(C)N1CCC(Oc2ccc3nc(C(=O)N4CCC[C@H]4C#N)ccc3c2)CC1,7.060480747381382
C(#Cc1ccc(CN2CCN(Cc3ccccc3)CC2)cc1)CCN1CCCCC1,8.720105019988361
CC(C)N1CCN(Cc2ccc(C#CCCN3CCCCC3)cc2)CC1,9.059981844992336
CCN(CC)Cc1ccc(C#CCCN2CCCCC2)cc1,8.96018944585165
CN1CCN(CCC#Cc2ccc(CN3CCCCC3)cc2)CC1,8.280006173632396
C(#Cc1ccc(CN2CCCCC2)cc1)CCN1CCOCC1,8.299988937677888
Clc1ccc2nc(N3CCC(N4CCCCC4)CC3)sc2n1,5.769551078621726
Clc1cnc2nc(N3CCC(N4CCCCC4)CC3)sc2c1,6.903089986991944
CC(=O)Nc1cnc2nc(N3CCC(N4CCCCC4)CC3)sc2c1,7.508638306165727
Clc1cc2sc(N3CCC(N4CCCCC4)CC3)nc2cn1,8.0
N#Cc1cc(-c2cnc3nc(N4CCC(N5CCCCC5)CC4)sc3c2)ccc1F,7.638272163982407
CC(=O)c1cccc(-c2cnc3nc(N4CCC(N5CCCCC5)CC4)sc3c2)c1,7.481486060122112
Fc1ccc(-c2cc3sc(N4CCC(N5CCCCC5)CC4)nc3cn2)cn1,7.455931955649724
Cc1ccc(-c2cc3sc(N4CCC(N5CCCCC5)CC4)nc3cn2)cn1,6.982966660701219
Nc1cnc(-c2cc3sc(N4CCC(N5CCCCC5)CC4)nc3cn2)cn1,7.769551078621726
Brc1cnc2nc(N3CCC(N4CCCCC4)CC3)sc2c1,6.85078088734462
CN1CCN(c2cc(NCc3ccc(F)cc3)nc(N)n2)CC1,6.490004907986601
Cc1[nH]cnc1[C@@H]1C[C@H]1CCNCc1ccc(Cl)cc1,7.412289034981089
O=C(O)C1CSC(c2ccc(OCCCN3CCCCC3)cc2)N1,8.0
N#C/N=C(/NCCCCc1c[nH]cn1)NCCSc1ccccc1,6.279997898282849
CC(C)CCC(C)NC(=O)OCCCc1c[nH]cn1,7.522878745280337
O=C(Nc1ccccc1)N(c1ccc(Br)cc1)C1CCN(C2CCCC2)CC1,7.853871964321762
O=C(NCc1ccc(F)cc1)N(c1ccc(Cl)cc1)C1CCN(Cc2ccnc(O)c2)CC1,6.204815410317576
Nc1cc(CN2CCC(N(C(=O)NCc3ccc(F)cc3)c3ccc(Cl)cc3)CC2)ccn1,8.522878745280337
O=C([C@H]1C[C@H](Oc2ccccc2)CN1)N1CCCN(C2CCC2)CC1,8.275724130399212
Cc1cccc(O[C@@H]2CN[C@@H](C(=O)N3CCCN(C4CCC4)CC3)C2)c1,8.2839966563652
CN1C[C@@H](Oc2ccc(F)cc2)C[C@@H]1C(=O)N1CCCN(C2CCC2)CC1,8.744727494896694
CC(C)N1C[C@@H](Oc2ccc(F)cc2)C[C@@H]1C(=O)N1CCCN(C2CCC2)CC1,7.920818753952375
CCOC(=O)N1C[C@@H](Oc2cccc(F)c2)C[C@@H]1C(=O)N1CCCN(C2CCC2)CC1,7.795880017344075
O=C(N1CCCN(C2CCC2)CC1)[C@@]1(Cc2ccc(C(F)(F)F)cc2)CCCN1,6.698970004336019
O=C([C@H]1C[C@H](Cc2ccc(F)cc2)CN1)N1CCCN(C2CCC2)CC1,6.522878745280337
c1nc(CCNc2ccc(C3CCCCC3)cc2)c[nH]1,8.387216143280265
CC(C)(C)c1cccc(NCCc2c[nH]cn2)c1,8.657577319177793
C[C@@H]1CCCN1CCc1ccc2nc(-c3ccc(C#N)cc3)ccc2c1,9.158015195409886
Cc1ccc2cc(CCN3CCC[C@H]3C)ccc2n1,7.920818753952375
C[C@@H]1CCCN1CCc1ccc2nc(C3=NCCS3)ccc2c1,8.42021640338319
Cc1ccc(-c2ccc3cc(CCN4CCC[C@H]4C)ccc3n2)cn1,9.82390874094432
C[C@@H]1CCCN1CCc1ccc2nc(-c3c(O)ccnc3C(F)(F)F)ccc2c1,6.638272163982407
C[C@@H]1CCCN1CCc1ccc2nc(-c3csc(-c4ccccc4)n3)ccc2c1,8.167491087293763
Cc1cc(C(F)(F)F)cc(-n2ncc(-c3ccc4cc(CCN5CCC[C@H]5C)ccc4n3)c2C)n1,8.958607314841775
C[C@@H]1CCCN1CCc1ccc2nc(-c3cc(Br)no3)ccc2c1,8.744727494896694
CCOC(=O)c1c(C)noc1-c1ccc2cc(CCN3CCC[C@H]3C)ccc2n1,9.148741651280924
CCOC(=O)c1cc(-c2ccc3cc(CCN4CCC[C@H]4C)ccc3n2)on1,8.455931955649724
C[C@@H]1CCCN1CCc1ccc2nc(-c3ccc(N4CCCCC4)cc3)ccc2c1,9.0
C[C@@H]1CCCN1CCc1ccc2nc(-c3ccc4nccnc4c3)ccc2c1,9.4145392704915
C[C@@H]1CCCN1CCc1ccc2nc(-c3ccc4c(c3)COCO4)ccc2c1,9.397940008672036
Cc1nc(-c2nc(-c3ccc4cc(CCN5CCC[C@H]5C)ccc4n3)cs2)cs1,8.769551078621726
O=C(c1ccc(Oc2ccc(Cl)cc2)nc1)N1CCCN(C2CCC2)CC1,7.229147988357855
O=C(c1ccc(Oc2ccc(F)cc2)nc1)N1CCCN(C2CCC2)CC1,8.853871964321762
CN1CCCN(C(=O)c2ccc(Oc3ccc(F)cc3)nc2)CC1,6.0655015487564325
CC(C)N1CCN(C(=O)c2ccc(Oc3cccc(Cl)c3)nc2)CC1,7.0
CC(C)c1ccc(N2CCC(Cc3c[nH]cn3)CC2)cc1,7.853871964321762
CNc1ccc(N2CCC(Cc3c[nH]cn3)CC2)cc1,8.795880017344075
CC(C)(C)c1ccc(SCC(c2ccncc2)c2c[nH]cn2)cc1,6.886056647693163
CN(C)CCCOc1nc2c(s1)CCCC2=O,6.815308569182402
CC(C)N1CCC(Oc2ccc3c(c2)cc2n3CCN(Cc3ccccc3F)C2=O)CC1,8.221848749616356
CC(C)N1CCC(Oc2ccc3c(c2)cc2n3CCN(Cc3cccc(F)c3)C2=O)CC1,7.853871964321762
COCCN1CCn2c(cc3cc(OC4CCN(C(C)C)CC4)ccc32)C1=O,7.721246399047171
CC(C)N1CCC(Oc2ccc3c(c2)cc2n3CCN(C)C2=O)CC1,7.508638306165727
c1ccc(-c2cnc(CCCCN3CCCCC3)o2)cc1,7.200659450546418
c1ccc(-c2nc(SCCCN3CCCCC3)sc2-c2ccccc2)cc1,8.130768280269024
C1CCN(CCCOc2nc3c(s2)CN(CCCN2CCCCC2)CC3)CC1,7.698970004336019
CC(C)N1CCN(C(=O)c2cccc3c(CN4CCCCC4)c[nH]c23)CC1,7.568636235841013
CCC(COC(C)=O)(COC(C)=O)NC(=O)N(CCC1CCN(Cc2ccc(C)cc2)CC1)Cc1ccc(-c2ccc(OC)cc2)cc1,6.108462542327436
Clc1cc(Cl)cc(-c2nnc(N3CCC(N4CCCCC4)CC3)s2)c1,7.142667503568732
COc1cc(F)cc(-c2nnc(N3CCC(N4CCCCC4)CC3)s2)c1,7.795880017344075
COc1cccc(-c2nnc(N3CCC(N4CCCCC4)CC3)s2)n1,8.455931955649724
c1cnc(-c2nnc(N3CCC(N4CCCCC4)CC3)s2)nc1,6.987162775294828
Cc1ccccc1-c1nnc(N2CCC(N3CCCCC3)CC2)s1,7.443697499232712
c1nc(CCCCn2cc(CC3CCCCC3)nn2)c[nH]1,6.490004907986601
c1nc(CCn2cc(CC3CCCC3)nn2)c[nH]1,6.9399824574684
c1c(CC2CCCCC2)nnn1CCCN1CCCCC1,6.309998953116936
CN1CCC[C@@H]1Cn1nc(CC2CCCCC2)c2ccccc2c1=O,6.699991797446187
CN1CCCC(n2nc(Cc3ccc(Cl)cc3)c3ccccc3c2=O)CC1,6.83000246293343
O=c1c2ccccc2c(Cc2ccc(Cl)cc2)nn1C[C@H]1CCCN1CCCCCc1ccc(OCCCN2CCCCCC2)cc1,9.4000078224159
O=c1c2ccccc2c(Cc2ccc(Cl)cc2)nn1CCNCCCCc1ccc(OCCCN2CCCCCC2)cc1,9.4000078224159
O=c1c2ccccc2c(Cc2ccc(O)cc2)nn1C[C@H]1CCCN1CCCCc1ccc(OCCCN2CCCCCC2)cc1,9.4000078224159
CC(C)N1CCN(C(=O)c2cc(CN3CCCCC3)cn2C)CC1,7.494850021680094
COCCNCc1ccc(C(=O)N2CCN(C(C)C)CC2)s1,8.356547323513812
COCCNCc1nc(C(=O)N2CCN(C(C)C)CC2)cs1,6.448550002027125
c1cc(CN2CCOCC2)ncc1OCCCN1CCCCC1,8.161150909262744
c1cc(CN2CCCCC2)ncc1OCCCN1CCCCC1,9.045757490560677
CNC(=O)c1cnc(Oc2ccc3c(c2)CCN(C2CCC2)CC3)cn1,9.693231961684594
O=c1ccc(-c2ccc(OCCCN3CCCCC3)cc2)n[nH]1,8.060480747381382
C[C@@H]1CCCN1CCCOc1ccc(-c2ccc(=O)n(-c3ccccc3)n2)cc1,8.602059991327963
Cn1nc(-c2ccc(OC3CCN(C4CCC4)CC3)cc2)ccc1=O,8.568636235841012
Cn1nc(-c2ccc(OC3CCN(C4CCCC4)CC3)cc2)ccc1=O,8.54515513999149
CC(C)N1CCN(c2ccc(-c3ccc(=O)n(C)n3)cc2)CC1,6.958607314841775
Cn1nc(-c2ccc(C(=O)N3CCN(C4CCCC4)CC3)cc2)ccc1=O,6.872895201635193
O=C(c1ccc(-c2ccc(=O)[nH]n2)cc1)N1CCC[C@H]1CN1CCCC1,7.769551078621726
COc1ccc2c(=O)n(C)c(-c3ccc(OC4CCN(C5CCC5)CC4)cc3)nc2c1,10.028028723600244
CCn1c(-c2ccc(OCCCN3CCCCC3)cc2)nc2ccccc2c1=O,9.550984683652214
COc1ccc2c(=O)n(-c3ccc(OCCCN4CCCC4)cc3)c(C)nc2c1,9.143391931563064
Cc1cccc2c(=O)n(-c3ccc(OCCCN4CCCC4)cc3)c(C)nc12,9.204119982655923
Cc1cccc2nc(C)n(-c3ccc(OCCCN4CCCC4)cc3)c(=O)c12,9.505149978319906
COc1cccc2c1OC(c1ccc(OC3CCN(C4CCC4)CC3)cc1)C(C)S2(=O)=O,9.79317412396815
CC1=C(c2ccc(OCCCN3CCCC3)cc2)Oc2ccccc2S1(=O)=O,9.045757490560677
c1ccc([C@@H]2Sc3ccccc3O[C@@H]2c2ccc(OCCCN3CCCC3)cc2)cc1,8.522878745280337
COCC1CCCN1S(=O)(=O)c1ccc(-c2ccc(CCN3CCC[C@H]3C)cc2)cc1,8.299988937677888
C[C@@H]1CCCN1CCc1ccc(-c2ccc(S(=O)(=O)N3CCC(O)C3)cc2)cc1,8.599980364934842
O=C(c1ccccc1-c1ccc(OCCCN2CCCCC2)cc1)N1CCCCC1,8.795880017344075
COc1ccccc1-c1ccc(OCCCN2CCCCC2)cc1,8.657577319177793
C1=C(c2ccc(OCCCN3CCCCC3)cc2)CCC1,8.795880017344075
c1coc(-c2ccc(OCCCN3CCCCC3)cc2)c1,8.301029995663981
C[C@@H]1CCCN1CCCOc1ccc(-c2ccc(=O)n(-c3ncccn3)n2)cc1,8.853871964321762
Cc1cc(=O)[nH]nc1-c1ccc(OCCCN2CCC[C@H]2C)cc1,8.537602002101044
C[C@@H]1CCCN1CCCOc1c(F)cc(-c2ccc(=O)n(C)n2)cc1F,7.958607314841775
Cc1nc2ccccc2n1-c1ccc(C(=O)N(C)[C@@H]2CCN(C)C2)cc1,6.598599459218456
CCN1CC[C@@H](N(C)C(=O)c2ccc(-n3c(C)nc4ccccc43)cc2)C1,7.823908740944319
CCN(C(=O)c1ccc(-n2c(C)nc3ccccc32)cc1)[C@@H]1CCN(C(C)C)C1,7.721246399047171
Cc1nc2ccccc2n1Cc1ccc(C(=O)N(C)[C@@H]2CCN(C(C)C)C2)cc1,8.795880017344075
CN(C(=O)c1ccc(-n2cccn2)cc1)[C@@H]1CCN(C2CCCC2)C1,8.443697499232712
CN(C(=O)c1ccc(Cn2cccn2)cc1)[C@@H]1CCN(C2CCCC2)C1,6.6777807052660805
CC(C)n1nc(-c2ccc(OCCCN3CCC[C@H]3C)cc2)c2sccc2c1=O,8.585026652029182
O=c1c2ccccc2c(-c2ccc(OCCCN3CCCCC3)cc2)nn1Cc1ccc(Cl)cc1,7.958607314841775
Cn1nc(-c2ccc(OCCN3CCCCC3)cc2)c2ccccc2c1=O,7.075720713938118
C[C@@H]1CCCN1CCc1ccc(-c2ccc(=O)n(C)n2)cc1,8.154901959985743
C[C@@H]1CCCN1CCc1ccc(-c2ccc(=O)n(-c3ccc(F)cc3)n2)cc1,7.886056647693163
C[C@@H]1CCCN1CCCOc1ccc(-c2ccc(=O)n(C)c2)cc1,9.154901959985745
CSCCCOc1ccc2c(c1)CCC1(CCN(C3CCC3)CC1)O2,7.823908740944319
CCCCC(c1ccc(-c2ccc(CN3CCCCC3)cc2)cc1)N1CCCCC1,8.890084136976206
O=C1CCC(c2ccc(OCCCN3CCCC3)cc2)=NN1,7.130768280269024
CC(C)N1N=C(c2ccc(OCCCN3CCC[C@H]3C)cc2)CCC1=O,8.045757490560675
C[C@@H]1CCCN1CCCOc1ccc(C2=NN(c3ccccc3)C(=O)CC2)cc1,8.0
C[C@@H]1CCCN1CCCOc1ccc(C2=NN(Cc3ccccc3)C(=O)CC2)cc1,8.698970004336019
C[C@@H]1CCCN1CCCOc1ccc(C2=NNC(=O)C(C)(C)C2)cc1,8.366531544420413
C[C@@H]1CCCN1CCCOc1ccc(C2=NNC(=O)C(c3ccccn3)C2)cc1,8.05551732784983
CC(C)N1CCC(Oc2ccc(-c3ccc(=O)n(C)n3)cc2)CC1,8.036212172654444
Cn1nc(-c2ccc(OC3CCNCC3)cc2)ccc1=O,6.158015195409886
O=c1ccc(-c2ccc(OC3CCN(C4CCCC4)CC3)cc2)n[nH]1,8.292429823902063
Cn1nc(-c2ccc(OC3CCN(C4CCCC4)CC3)nc2)ccc1=O,8.229147988357855
O=c1ccc(-c2ccc(OC3CCN(C4CCC4)CC3)nc2)n[nH]1,8.200659450546418
CC(C)N1CCC(Oc2ccc(-c3ccc(=O)[nH]n3)cn2)CC1,7.823908740944319
Clc1cccc(-c2cnc3nc(N4CCC(N5CCCCC5)CC4)oc3c2)n1,7.431798275933005
COc1ccnc2c(-c3cnc4nc(N5CCC(N6CCCCC6)CC5)oc4c3)cccc12,7.102372908709558
CC(C)(C)OC(=O)N1CCC(Oc2ccc3c(c2)CCC2(CCN(C4CCC4)CC2)O3)CC1,7.327902142064283
O=S(=O)(C1CC1)N1CCC(Oc2ccc3c(c2)CCC2(CCN(C4CCC4)CC2)O3)CC1,8.045757490560675
Cc1nnc2ccc(-c3nnc(N4CCC(N5CCCCC5)CC4)s3)cn12,8.468521082957745
O=C1COc2ccc(-c3nnc(N4CCC(N5CCCCC5)CC4)s3)cc2N1,7.655607726314889
O=c1ccc2ccc(-c3nnc(N4CCC(N5CCCCC5)CC4)s3)cc2[nH]1,7.444905551421681
N#Cc1ccc(-c2ccc3c(c2)CCN(CCN2CCCC2)C3=O)cc1,8.4089353929735
O=C1c2ccc(-c3ccc(F)cc3F)cc2CCN1CCN1CCCC1,8.09151498112135
N#Cc1ccc(-c2ccc3c(c2)CCN(CCCN2CCCCC2)C3=O)cc1,7.744727494896693
O=C1c2ccc(-c3ccc(F)cc3)cc2CCN1CCN1CCCCC1,8.10790539730952
C[C@@H]1CCCN1CCN1Cc2c(cccc2-c2ccc(C#N)cc2)C1=O,7.623423042943488
C[C@@H]1CCCN1CCN1CCc2cc(Oc3ccc(C#N)cn3)ccc2C1=O,8.920818753952375
C[C@@H]1CCCN1CCN1CCc2cc(Oc3ccc(C#N)nc3)ccc2C1=O,9.522878745280336
CNC(=O)c1ccc(-c2ccc3c(c2)CCN(CCN2CCCC2)C3=O)cc1,8.886056647693163
O=C(c1ccc(-c2ccc3c(c2)CCN(CCN2CCCC2)C3=O)cc1F)N1CCCC1,8.886056647693163
O=C(c1ccc(-c2ccc3c(c2)CCN(CCN2CCCC2)C3=O)cc1Cl)N1CCCC1,8.795880017344075
CN(C)C(=O)c1ccc(-c2ccc3c(c2)CCN(CCN2CCCC2)C3=O)c(F)c1,8.508638306165727
C[C@@H]1CCCN1CCN1CCc2cc(-c3ccc(C(=O)N4CCCC4)cc3)ccc2C1=O,9.69897000433602
c1ccc(CCN2C3CCC2CC3)cc1,5.109634878551876
C[C@@H]1CCCN1CCCOc1ccc(C(=O)CN2CCC(C(F)(F)F)CC2)cc1,8.602059991327963
C[C@@H]1CCCN1CCCOc1ccc(C(=O)CN2CCC(F)(F)CC2)cc1,7.958607314841775
C[C@@H]1CCCN1CCCOc1ccc(C(=O)CN2CCCC(F)(F)C2)cc1,8.045757490560675
C1=C(c2ccccn2)CCCN1c1nnc(N2CCC(N3CCCCC3)CC2)s1,8.522878745280337
FC1CCCN(c2nnc(N3CCC(N4CCCCC4)CC3)s2)C1,7.180456064458132
O=C1CCCCN1c1nnc(N2CCC(N3CCCCC3)CC2)s1,6.920818753952375
CN1CCC[C@@H]1Cn1nc(Cc2ccc(Cl)cc2)c2cnccc2c1=O,6.399996913372259
COCCN1CCC[C@@H]1Cn1nc(Cc2ccc(Cl)cc2)c2cccnc2c1=O,6.199998172182031
c1cc([C@H]2C[C@@H](CN3CCOCC3)C2)ccc1CN1CCCC1,8.811824101749131
Nc1nc(N2CCNCC2)c2cc(-c3ccc(F)cc3)[nH]c2n1,4.072321735862008
CC1=CC(C)=[N+]2C1=C(c1ccc(OCCCN3CCCCC3)cc1)c1c(C)cc(C)n1[B-]2(F)F,8.186419011431807
CNC1CN(c2nc(N)nc3cc(C#N)cnc23)C1,5.019999811738259
CCc1cnc2c(N3CCN(C)CC3)nc(N)nc2c1,6.669992299127241
CC(C)(C)c1ccc2c(N3CCNCC3)nc(N)nc2c1,6.069998998990925
OCc1ccc(OCCCN2CCCCC2)cc1,7.643974142806877
OCC#Cc1ccc(OCCCN2CCCCC2)cc1,7.823908740944319
O[C@H]1CC[C@H](c2ccc(OCCCN3CCCCC3)cc2)CC1,8.585026652029182
OC1CCC(Cc2ccc(OCCCN3CCCCC3)cc2)CC1,8.721246399047171
Cc1cc(N2CCC(N3CCCC3C)C2)ccc1NC(=O)c1ccccc1F,7.860120913598763
c1ccc(-c2ccc(OCCCN3CCCCC3)cc2)c(CN2CCCCC2)c1,10.346787486224656
c1cc(OCCCN2CCCCC2)ccc1CCc1ccc(OCCCN2CCCCC2)cc1,8.916497380169732
c1cc(OCCCN2CCCCC2)ccc1Cc1ccc(OCCCN2CCCCC2)cc1,9.292429823902063
c1cc(-c2ccc(OCCCN3CCCCC3)cc2)ccc1OCCCN1CCCCC1,10.0
N#CC(C#N)=C1N(CCCCN2CCCCC2)CCN1CCCCN1CCCCC1,7.251811972993799
O=C(NCCCC1CCCCC1)OCCCc1c[nH]cn1,6.069998998990925
CCC/C=C/CNC(=O)OCCCc1c[nH]cn1,6.620005959834258
O=C(NCCC1CC1)OCCCc1c[nH]cn1,6.770011163455189
Nc1cc(CN2CCC(F)(C(=O)N3CCC(N4c5ccccc5Sc5ccccc54)CC3)CC2)ccn1,8.154901959985743
Nc1cc(CN2CCC(F)(C(=O)N3CCC(N4c5ccccc5Sc5cccnc54)CC3)CC2)ccn1,8.154901959985743
Cc1nnc2n1-c1sccc1C(=O)N(C1CCN(C(=O)C3(F)CCN(Cc4ccnc(N)c4)CC3)CC1)C2,7.568636235841013
CS(=O)(=O)N1CCC(Oc2ccc3c(c2)CCN(C2CCC2)CC3)CC1,9.100015437450608
c1cc2c(cc1OCC1CCNCC1)CCN(C1CCC1)CC2,9.299988937677888
c1ccc(COc2ccc3c(c2)CCN(C2CCCC2)CC3)cc1,9.100015437450608
CC(C)N1CCc2ccc(OCc3ccccc3)cc2CC1,7.700057099977233
c1cc2c(cc1OCCCN1CCOCC1)CCNCC2,7.0
CN(C)CCCOc1ccc2c(c1)CCNCC2,7.0
O=C1CCCN1c1ccc(Oc2ccc3c(c2)CCN(C2CCC2)CC3)nc1,9.84934587949036
O=C(C1CC12CCN(CCc1ccccc1)CC2)N1CCN(C2CCCCC2)CC1,7.67778070526608
CC(C)N1CCC2(CC1)CC2C(=O)N1CCN(C2CCCCC2)CC1,7.327902142064283
O=C(C1CC12CCN(C1CCOCC1)CC2)N1CCCN(C2CCC2)CC1,8.522878745280337
Cc1nnc(C2CCN(Cc3ccc(OCCCN4CCCCC4)cc3)CC2)o1,9.32002730572258
Cc1c(C)n(C(=O)OC(C)(C)C)c(=O)n(Cc2ccc(OCCCN3CCCCC3)cc2)c1=O,7.419987887470576
O=C1NN=C(c2ccc(OCCCN3CCCCC3)cc2)C2CC12,7.721246399047171
CCN(CC)Cc1ccc(C(=O)N2CCN(C(C)C)CC2)cc1,8.221848749616356
Nc1nccc(NC2CCNCC2)n1,6.489454989793388
CN(CCCN)c1ccnc(N)n1,6.5003129173815966
CNCCCNc1ccnc(N)n1,7.549750891680639
NCCCNc1ccnc(N)n1,7.209714835966758
CN1CCN(c2nc(N)nc3c2CCc2ccccc2-3)CC1,5.010000098195094
CC(C)N1CCC(NC(=O)c2ccc(OC3CCN(C(C)C)CC3)cc2F)CC1,7.943095148663527
C=CCN(CC=C)CCc1c[nH]c2ccc(F)cc12,5.679999195735272
O=C(O)c1ccnc2c(N3CCN(CCc4ccc(OCCCN5CCCCCC5)cc4)CC3)cccc12,8.79997073344623
O=C(O)CCc1ccc2cc(Cc3ccccc3)cc(N3CCN(CCc4ccc(OCCCN5CCCCCC5)cc4)CC3)c2n1,9.500038134403807
c1cc2nc(N3CCN(C4CC4)CC3)sc2cc1CN1CCCC1,8.744727494896694
CC(C)N1CCN(C(=O)OC2CCN(c3ccn(C)c(=O)c3)CC2)CC1,7.937418015771837
CC(C)N1CCN(C(=O)OC2CCN(c3ccc(C(C)(C)O)cn3)CC2)CC1,8.197226274708024
O=C(OC1CCN(c2ccc(N3CCCC3=O)cn2)CC1)N1CCN(C2CCC2)CC1,9.154901959985745
COc1cccc(N2CCC(OC(=O)N3CCN(C(C)C)CC3)CC2)n1,8.698970004336019
CC(C)N1CCN(C(=O)OC2CCN(c3ccc(C(N)=O)nc3)CC2)CC1,8.732828271596986
CC(C)N1CCN(C(=O)OC2CCN(c3cscn3)CC2)CC1,8.043351420794796
O=C(OC1CCN(c2cncs2)CC1)N1CCN(C2CCC2)CC1,9.522878745280336
CC(=O)N1CCC(C(=O)Nc2ccc([C@H]3CCC(N4CCC[C@@H]4C)C3)cc2)CC1,6.928117992693875
C[C@H]1CCCN1C1CC[C@H](c2ccc(NS(=O)(=O)c3ccc(F)cc3)cc2)C1,7.906578314837765
Cc1noc(C)c1C(=O)Nc1ccc([C@H]2CCC(N3CCC[C@@H]3C)C2)cc1,8.22112552799726
C[C@H]1CCCN1C1CC[C@H](c2ccc(NS(=O)(=O)c3ccc(F)c(F)c3)cc2)C1,7.562249437179612
O=C(/C=C/c1ccccc1)c1ccc(OCCCc2c[nH]cn2)cc1,8.080921907623926
c1ccc(-c2ccc(CCCOCCCc3c[nH]cn3)cc2)cc1,6.928117992693875
c1ccc2c(OCCCCCCN3CCCCCC3)cccc2c1,7.160207815554671
CC1CCN(CCCCCCOc2cccc3ccccc23)CC1,6.899629454882437
CC1CCCN(CCCCCOc2cccc3ccccc23)C1,7.484126156288321
c1ccc2cc(OCCCCCCN3CCCCC3)ccc2c1,7.209011524911184
CC1CCCN(CCCCCOc2ccc3ccccc3c2)C1,7.373659632624958
O=C(OCc1ccccc1)N1CCc2ccc(N3CCN(C4CCCC4)CC3)cc2C1,6.522878745280337
CCOC(=O)CCN1CCN(c2ccc3c(c2)CN(C(=O)OCc2ccccc2)C3)CC1,6.447331783887806
CC(C)(C)c1ccc(OCCCN2CCN(c3cccnc3)CC2)cc1,5.0885227828938975
CC(C)(C)c1ccc(OCCCCN2CCN(c3ncccn3)CC2)cc1,6.054039296422431
CC(C)(C)OC(=O)NCCCCCCn1cc(CCCCN2CCC(c3ccc(-c4cc(C(=O)O)cc5cc(-c6ccc(C(F)(F)F)cc6)ccc45)cc3)CC2)nn1,5.557520230935552
O=C1/C(=C/c2ccc(OCCCN3CCCCC3)cc2)Cc2ccc(OCc3ccc(Br)cc3)cc21,7.494850021680094
O=C1/C(=C/c2ccccc2)Cc2cc(OCCCN3CCCCC3)ccc21,8.4089353929735
O=C1CCc2cc(OCCN3CCCCC3)ccc21,6.688246138944246
COc1ccc(Nc2nnc(CCN3CCCCC3)o2)cc1,5.795880017344075
COc1cc(Nc2nnc(CCN3CCCCC3)o2)cc(OC)c1,5.958607314841775
Cc1sc(-c2ccc(Cl)cc2)nc1OCCCN1CCCC1,6.346787486224656
Cc1sc(-c2ccc(Cl)cc2)nc1OCCCN1CCCCC1,6.031517051446065
Cc1sc(-c2cnccn2)nc1OCc1ccc(CN2CCCCC2)cc1,8.154901959985743
Cc1sc(-c2cnccn2)nc1OCc1ccc(CN2CCCC2)cc1,7.142667503568732
Clc1nc(N2CCC(N3CCCCC3)CC2)c2ccn(Cc3cccc4ccccc34)c2n1,6.83000246293343
Clc1nc(N2CCC(N3CCOCC3)CC2)c2ccn(Cc3ccccc3)c2n1,5.969999718407896
Cc1nn(CCOCCOCCNC(=O)OC(C)(C)C)cc1-c1ccc2cc(CCN3CCC[C@H]3C)ccc2n1,8.823908740944319
c1ccc2[nH]c(CNCC[C@@H]3C[C@H]3c3c[nH]cn3)nc2c1,7.2839966563652
O=c1c2cc(OCCCN3CCCCC3)ccc2nc2n1CCC2,5.6020599913279625
C#CCN(C)Cc1cc2cc(OCCCC3CCN(Cc4ccccc4)CC3)ccc2n1C,7.074687908500351
Nc1nc(N2CCC(N3CCCCC3)CC2)c2ccn(CCN3CCOCC3)c2n1,6.91721462968355
CC(C)c1cc(N2CC(N(C)C)C2)nc(N)n1,6.900008766455316
CCNC1CN(c2cc(C(C)C)nc(N)n2)C1,7.0
COC(=O)c1ncn([C@H]2[C@H](O)[C@H](O)[C@]3(CO)C[C@H]23)n1,5.3448615651886175
O=C(NCCN1CCOCC1)c1ccc(OC2CCN(C3CCC3)CC2)cc1,8.55284196865778
O=C(CN1CCCN(C2CCC2)CC1)Nc1ccc(OC2CCN(C3CCC3)CC2)cc1C(F)(F)F,8.79317412396815
O=C(CN1CCOCC1)Nc1ccc(OC2CCN(C3CCCC3)CC2)cc1,7.5241835869686815
C[C@@H]1CCCN1CC(=O)Nc1ccc(N2CCOCC2)cc1,5.837137006678074
O=C(CN1CCOCC1)Nc1cccc(OC2CCN(C3CCC3)CC2)c1,6.673459331483438
O=C(c1ccc(OCCCN2CCN(C/C=C/c3ccccc3)CC2)cc1)C1CC1,7.080921907623926
CCOC(=O)C1=C(C)NC(C)=C(C(=O)OCC)C1c1ccc(OCCCN2CCCCC2)c(OCC)c1,5.790753151246626
CCC(=O)c1ccc(OCCCN2CCN(c3ncccn3)CC2)cc1,5.4698003017969175
CC(=O)c1ccc(OCCCCN2CCN(c3ccccn3)CC2)cc1,5.432150549426893
CC(=O)c1ccc(OCCCN2CCN(c3ccccn3)CC2)cc1,6.501689446210399
c1ccc(CNc2ccnc(Nc3ccc(OCCN4CCCCC4)cc3)n2)cc1,8.347753658996677
C[C@@H]1CCCN1CCCOc1ccc2c(c1)CC[C@@H]1[C@@H]2CC[C@]2(C)[C@@H](C(=O)N3CCCC3)CC[C@@H]12,8.698970004336019
C[C@@H]1CCCN1CCCOc1ccc2c(c1)CC[C@@H]1[C@@H]2CC[C@]2(C)CC[C@H](C(=O)NCC3CCC3)[C@@H]12,8.301029995663981
CCNC(=O)[C@H]1CC(=O)[C@@]2(C)CC[C@@H]3c4ccc(OCCCN5CC[C@@H](F)C5)cc4CC[C@H]3[C@H]12,6.638272163982407
CCNC(=O)[C@@H]1CC(=O)[C@@]2(C)CC[C@@H]3c4ccc(OCCCCN5CCC[C@@H]5C)cc4CC[C@H]3[C@H]12,6.6307841425898575
Clc1ccc(OCCCCCCCN2CCCCCC2)cc1,6.692503962086787
CC1CCN(CCCCCCCOc2cccc(Cl)c2)CC1,6.094204119632131
CCN1CCN(c2ccc3c(c2)CN(S(=O)(=O)c2ccccc2)C3)CC1,6.531652669587842
